model,legacy_field,formal_field,formal_field_type,currency_field,view_id,view_type,source_location,product_route,role_context,usage_kind,display_usage,search_usage,sort_usage,filter_usage,group_usage,export_usage,readonly_editable,legacy_value_source,formal_value_source,current_resolution,proposed_resolution,runtime_reachable,risk,verification_case,status,evidence
construction.contract,p1_visible_06fa8c6f628f,state,char,,,product runtime,addons/smart_construction_core/models/support/p1_daily_business_visible_alias_fields.py:832-853,,,FORMAL_PRODUCT_REFERENCE,true,true,true,true,false,true,readonly_nonstored,state;state_text,state,A_MAPPED_TO_FORMAL_PRODUCT_FIELD,MAP_TO_EXISTING_FORMAL_FIELD,true,HIGH_GLOBAL_DEFINITION,FORMAL_CONTRACT_ALIAS_COUNT_ZERO,REMOVED_FROM_PRODUCT_PUBLICATION,runtime:construction.contract.p1_visible_06fa8c6f628f;global_ir_model_fields;dynamic_get_view_injection;formal_runtime_field_resolved;literal_view_reference
construction.contract,p1_visible_0965a7d1e74c,engineering_category_text,char,,,product runtime,addons/smart_construction_core/models/support/p1_daily_business_visible_alias_fields.py:832-853,,,FORMAL_PRODUCT_REFERENCE,true,true,true,true,false,true,readonly_nonstored,engineering_category_text,engineering_category_text,A_MAPPED_TO_FORMAL_PRODUCT_FIELD,MAP_TO_EXISTING_FORMAL_FIELD,true,HIGH_GLOBAL_DEFINITION,FORMAL_CONTRACT_ALIAS_COUNT_ZERO,REMOVED_FROM_PRODUCT_PUBLICATION,runtime:construction.contract.p1_visible_0965a7d1e74c;global_ir_model_fields;dynamic_get_view_injection;formal_runtime_field_resolved;literal_view_reference
construction.contract,p1_visible_0cf26c325f34,engineering_address,char,,,product runtime,addons/smart_construction_core/models/support/p1_daily_business_visible_alias_fields.py:832-853,,,FORMAL_PRODUCT_REFERENCE,true,true,true,true,false,true,readonly_nonstored,engineering_address,engineering_address,A_MAPPED_TO_FORMAL_PRODUCT_FIELD,MAP_TO_EXISTING_FORMAL_FIELD,true,HIGH_GLOBAL_DEFINITION,FORMAL_CONTRACT_ALIAS_COUNT_ZERO,REMOVED_FROM_PRODUCT_PUBLICATION,runtime:construction.contract.p1_visible_0cf26c325f34;global_ir_model_fields;dynamic_get_view_injection;formal_runtime_field_resolved;literal_view_reference
construction.contract,p1_visible_17b341733b7b,name,char,,,product runtime,addons/smart_construction_core/models/support/p1_daily_business_visible_alias_fields.py:832-853,,,FORMAL_PRODUCT_REFERENCE,true,true,true,true,false,true,readonly_nonstored,contract_no;contract_id;name;document_no,name,A_MAPPED_TO_FORMAL_PRODUCT_FIELD,MAP_TO_EXISTING_FORMAL_FIELD,true,HIGH_GLOBAL_DEFINITION,FORMAL_CONTRACT_ALIAS_COUNT_ZERO,REMOVED_FROM_PRODUCT_PUBLICATION,runtime:construction.contract.p1_visible_17b341733b7b;global_ir_model_fields;dynamic_get_view_injection;formal_runtime_field_resolved;literal_view_reference
construction.contract,p1_visible_202b429f79ca,archived,char,,,product runtime,addons/smart_construction_core/models/support/p1_daily_business_visible_alias_fields.py:832-853,,,FORMAL_PRODUCT_REFERENCE,true,true,true,true,false,true,readonly_nonstored,archived,archived,A_MAPPED_TO_FORMAL_PRODUCT_FIELD,MAP_TO_EXISTING_FORMAL_FIELD,true,HIGH_GLOBAL_DEFINITION,FORMAL_CONTRACT_ALIAS_COUNT_ZERO,REMOVED_FROM_PRODUCT_PUBLICATION,runtime:construction.contract.p1_visible_202b429f79ca;global_ir_model_fields;dynamic_get_view_injection;formal_runtime_field_resolved;literal_view_reference
construction.contract,p1_visible_2585b4ab16bd,date_contract,char,,,product runtime,addons/smart_construction_core/models/support/p1_daily_business_visible_alias_fields.py:832-853,,,FORMAL_PRODUCT_REFERENCE,true,true,true,true,false,true,readonly_nonstored,date_contract,date_contract,A_MAPPED_TO_FORMAL_PRODUCT_FIELD,MAP_TO_EXISTING_FORMAL_FIELD,true,HIGH_GLOBAL_DEFINITION,FORMAL_CONTRACT_ALIAS_COUNT_ZERO,REMOVED_FROM_PRODUCT_PUBLICATION,runtime:construction.contract.p1_visible_2585b4ab16bd;global_ir_model_fields;dynamic_get_view_injection;formal_runtime_field_resolved;literal_view_reference
construction.contract,p1_visible_3e7255522b33,project_id,char,,,product runtime,addons/smart_construction_core/models/support/p1_daily_business_visible_alias_fields.py:832-853,,,FORMAL_PRODUCT_REFERENCE,true,true,true,true,false,true,readonly_nonstored,project_id,project_id,A_MAPPED_TO_FORMAL_PRODUCT_FIELD,MAP_TO_EXISTING_FORMAL_FIELD,true,HIGH_GLOBAL_DEFINITION,FORMAL_CONTRACT_ALIAS_COUNT_ZERO,REMOVED_FROM_PRODUCT_PUBLICATION,runtime:construction.contract.p1_visible_3e7255522b33;global_ir_model_fields;dynamic_get_view_injection;formal_runtime_field_resolved;literal_view_reference
construction.contract,p1_visible_3ec01dd569e2,name,char,,,product runtime,addons/smart_construction_core/models/support/p1_daily_business_visible_alias_fields.py:832-853,,,FORMAL_PRODUCT_REFERENCE,true,true,true,true,false,true,readonly_nonstored,title;name,name,A_MAPPED_TO_FORMAL_PRODUCT_FIELD,MAP_TO_EXISTING_FORMAL_FIELD,true,HIGH_GLOBAL_DEFINITION,FORMAL_CONTRACT_ALIAS_COUNT_ZERO,REMOVED_FROM_PRODUCT_PUBLICATION,runtime:construction.contract.p1_visible_3ec01dd569e2;global_ir_model_fields;dynamic_get_view_injection;formal_runtime_field_resolved;literal_view_reference
construction.contract,p1_visible_5839c15a34a4,affiliated_person,char,,,product runtime,addons/smart_construction_core/models/support/p1_daily_business_visible_alias_fields.py:832-853,,,FORMAL_PRODUCT_REFERENCE,true,true,true,true,false,true,readonly_nonstored,affiliated_person,affiliated_person,A_MAPPED_TO_FORMAL_PRODUCT_FIELD,MAP_TO_EXISTING_FORMAL_FIELD,true,HIGH_GLOBAL_DEFINITION,FORMAL_CONTRACT_ALIAS_COUNT_ZERO,REMOVED_FROM_PRODUCT_PUBLICATION,runtime:construction.contract.p1_visible_5839c15a34a4;global_ir_model_fields;dynamic_get_view_injection;formal_runtime_field_resolved;literal_view_reference
construction.contract,p1_visible_58a2eb3301c1,amount_total,char,,,product runtime,addons/smart_construction_core/models/support/p1_daily_business_visible_alias_fields.py:832-853,,,FORMAL_PRODUCT_REFERENCE,true,true,true,true,false,true,readonly_nonstored,amount_total,amount_total,A_MAPPED_TO_FORMAL_PRODUCT_FIELD,MAP_TO_EXISTING_FORMAL_FIELD,true,HIGH_GLOBAL_DEFINITION,FORMAL_CONTRACT_ALIAS_COUNT_ZERO,REMOVED_FROM_PRODUCT_PUBLICATION,runtime:construction.contract.p1_visible_58a2eb3301c1;global_ir_model_fields;dynamic_get_view_injection;formal_runtime_field_resolved;literal_view_reference
construction.contract,p1_visible_75b438b16f10,visible_unreceived_amount,char,,,product runtime,addons/smart_construction_core/models/support/p1_daily_business_visible_alias_fields.py:832-853,,,FORMAL_PRODUCT_REFERENCE,true,true,true,true,false,true,readonly_nonstored,visible_unreceived_amount,visible_unreceived_amount,A_MAPPED_TO_FORMAL_PRODUCT_FIELD,MAP_TO_EXISTING_FORMAL_FIELD,true,HIGH_GLOBAL_DEFINITION,FORMAL_CONTRACT_ALIAS_COUNT_ZERO,REMOVED_FROM_PRODUCT_PUBLICATION,runtime:construction.contract.p1_visible_75b438b16f10;global_ir_model_fields;dynamic_get_view_injection;formal_runtime_field_resolved;literal_view_reference
construction.contract,p1_visible_75e856a13c7c,amount_total,char,,,product runtime,addons/smart_construction_core/models/support/p1_daily_business_visible_alias_fields.py:832-853,,,FORMAL_PRODUCT_REFERENCE,true,true,true,true,false,true,readonly_nonstored,contract_amount_total;amount_total;amount,amount_total,A_MAPPED_TO_FORMAL_PRODUCT_FIELD,MAP_TO_EXISTING_FORMAL_FIELD,true,HIGH_GLOBAL_DEFINITION,FORMAL_CONTRACT_ALIAS_COUNT_ZERO,REMOVED_FROM_PRODUCT_PUBLICATION,runtime:construction.contract.p1_visible_75e856a13c7c;global_ir_model_fields;dynamic_get_view_injection;formal_runtime_field_resolved;literal_view_reference
construction.contract,p1_visible_7b9f4bb3e3ea,engineering_content,char,,,product runtime,addons/smart_construction_core/models/support/p1_daily_business_visible_alias_fields.py:832-853,,,FORMAL_PRODUCT_REFERENCE,true,true,true,true,false,true,readonly_nonstored,engineering_content,engineering_content,A_MAPPED_TO_FORMAL_PRODUCT_FIELD,MAP_TO_EXISTING_FORMAL_FIELD,true,HIGH_GLOBAL_DEFINITION,FORMAL_CONTRACT_ALIAS_COUNT_ZERO,REMOVED_FROM_PRODUCT_PUBLICATION,runtime:construction.contract.p1_visible_7b9f4bb3e3ea;global_ir_model_fields;dynamic_get_view_injection;formal_runtime_field_resolved;literal_view_reference
construction.contract,p1_visible_8fa8662ad38f,name,char,,,product runtime,addons/smart_construction_core/models/support/p1_daily_business_visible_alias_fields.py:832-853,,,FORMAL_PRODUCT_REFERENCE,true,true,true,true,false,true,readonly_nonstored,document_no;name,name,A_MAPPED_TO_FORMAL_PRODUCT_FIELD,MAP_TO_EXISTING_FORMAL_FIELD,true,HIGH_GLOBAL_DEFINITION,FORMAL_CONTRACT_ALIAS_COUNT_ZERO,REMOVED_FROM_PRODUCT_PUBLICATION,runtime:construction.contract.p1_visible_8fa8662ad38f;global_ir_model_fields;dynamic_get_view_injection;formal_runtime_field_resolved;literal_view_reference
construction.contract,p1_visible_99f6fe6c41ad,attachment_ids;message_attachment_count,char,,,product runtime,addons/smart_construction_core/models/support/p1_daily_business_visible_alias_fields.py:832-853,,,FORMAL_PRODUCT_REFERENCE,true,true,true,true,false,true,readonly_nonstored,attachment_ids;biz_attachment_ids;tech_attachment_ids;message_attachment_count,attachment_ids;message_attachment_count,A_MAPPED_TO_FORMAL_PRODUCT_FIELD,MAP_TO_EXISTING_FORMAL_FIELD,true,HIGH_GLOBAL_DEFINITION,FORMAL_CONTRACT_ALIAS_COUNT_ZERO,REMOVED_FROM_PRODUCT_PUBLICATION,runtime:construction.contract.p1_visible_99f6fe6c41ad;global_ir_model_fields;dynamic_get_view_injection;formal_runtime_field_resolved;literal_view_reference
construction.contract,p1_visible_affba7961481,visible_invoice_amount,char,,,product runtime,addons/smart_construction_core/models/support/p1_daily_business_visible_alias_fields.py:832-853,,,FORMAL_PRODUCT_REFERENCE,true,true,true,true,false,true,readonly_nonstored,visible_invoice_amount,visible_invoice_amount,A_MAPPED_TO_FORMAL_PRODUCT_FIELD,MAP_TO_EXISTING_FORMAL_FIELD,true,HIGH_GLOBAL_DEFINITION,FORMAL_CONTRACT_ALIAS_COUNT_ZERO,REMOVED_FROM_PRODUCT_PUBLICATION,runtime:construction.contract.p1_visible_affba7961481;global_ir_model_fields;dynamic_get_view_injection;formal_runtime_field_resolved;literal_view_reference
construction.contract,p1_visible_bf0c9e684289,visible_unreceived_rate,char,,,product runtime,addons/smart_construction_core/models/support/p1_daily_business_visible_alias_fields.py:832-853,,,FORMAL_PRODUCT_REFERENCE,true,true,true,true,false,true,readonly_nonstored,visible_unreceived_rate,visible_unreceived_rate,A_MAPPED_TO_FORMAL_PRODUCT_FIELD,MAP_TO_EXISTING_FORMAL_FIELD,true,HIGH_GLOBAL_DEFINITION,FORMAL_CONTRACT_ALIAS_COUNT_ZERO,REMOVED_FROM_PRODUCT_PUBLICATION,runtime:construction.contract.p1_visible_bf0c9e684289;global_ir_model_fields;dynamic_get_view_injection;formal_runtime_field_resolved;literal_view_reference
construction.contract,p1_visible_da9d3c637407,visible_received_amount,char,,,product runtime,addons/smart_construction_core/models/support/p1_daily_business_visible_alias_fields.py:832-853,,,FORMAL_PRODUCT_REFERENCE,true,true,true,true,false,true,readonly_nonstored,visible_received_amount,visible_received_amount,A_MAPPED_TO_FORMAL_PRODUCT_FIELD,MAP_TO_EXISTING_FORMAL_FIELD,true,HIGH_GLOBAL_DEFINITION,FORMAL_CONTRACT_ALIAS_COUNT_ZERO,REMOVED_FROM_PRODUCT_PUBLICATION,runtime:construction.contract.p1_visible_da9d3c637407;global_ir_model_fields;dynamic_get_view_injection;formal_runtime_field_resolved;literal_view_reference
construction.contract,p1_visible_dfc25d77dc39,source_created_at,char,,,product runtime,addons/smart_construction_core/models/support/p1_daily_business_visible_alias_fields.py:832-853,,,FORMAL_PRODUCT_REFERENCE,true,true,true,true,false,true,readonly_nonstored,source_created_at;created_time,source_created_at,A_MAPPED_TO_FORMAL_PRODUCT_FIELD,MAP_TO_EXISTING_FORMAL_FIELD,true,HIGH_GLOBAL_DEFINITION,FORMAL_CONTRACT_ALIAS_COUNT_ZERO,REMOVED_FROM_PRODUCT_PUBLICATION,runtime:construction.contract.p1_visible_dfc25d77dc39;global_ir_model_fields;dynamic_get_view_injection;formal_runtime_field_resolved;literal_view_reference
construction.contract,p1_visible_ee6a4d9e2956,source_created_by,char,,,product runtime,addons/smart_construction_core/models/support/p1_daily_business_visible_alias_fields.py:832-853,,,FORMAL_PRODUCT_REFERENCE,true,true,true,true,false,true,readonly_nonstored,source_created_by;creator_name;requester_id;owner_id;handler_name,source_created_by,A_MAPPED_TO_FORMAL_PRODUCT_FIELD,MAP_TO_EXISTING_FORMAL_FIELD,true,HIGH_GLOBAL_DEFINITION,FORMAL_CONTRACT_ALIAS_COUNT_ZERO,REMOVED_FROM_PRODUCT_PUBLICATION,runtime:construction.contract.p1_visible_ee6a4d9e2956;global_ir_model_fields;dynamic_get_view_injection;formal_runtime_field_resolved;literal_view_reference
construction.contract,p1_visible_fadf1135d6a4,partner_id,char,,,product runtime,addons/smart_construction_core/models/support/p1_daily_business_visible_alias_fields.py:832-853,,,FORMAL_PRODUCT_REFERENCE,true,true,true,true,false,true,readonly_nonstored,partner_id,partner_id,A_MAPPED_TO_FORMAL_PRODUCT_FIELD,MAP_TO_EXISTING_FORMAL_FIELD,true,HIGH_GLOBAL_DEFINITION,FORMAL_CONTRACT_ALIAS_COUNT_ZERO,REMOVED_FROM_PRODUCT_PUBLICATION,runtime:construction.contract.p1_visible_fadf1135d6a4;global_ir_model_fields;dynamic_get_view_injection;formal_runtime_field_resolved;literal_view_reference
construction.contract.expense,p1_visible_06fa8c6f628f,,,,,product runtime,addons/smart_construction_core/core_extension.py;addons/smart_construction_core/views/support/p1_daily_business_visible_alias_views.xml;addons/smart_core/tests/test_action_dispatcher_server_mapping.py;scripts/ops/partner_payment_visible_contract_sync.py;scripts/ops/engineering_progress_income_visible_contract_sync.py;scripts/ops/output_invoice_registration_visible_contract_sync.py;scripts/ops/direct_general_contract_input_tax_to_output_invoice_registration_sync.py,,,METADATA_ONLY,false,false,false,false,false,false,readonly_nonstored,,,E_STALE_ALIAS_CANDIDATE_DEPRECATION,UNPUBLISH_FROM_PRODUCT_UI,false,HIGH_STALE_GLOBAL_METADATA,FORMAL_CONTRACT_ALIAS_COUNT_ZERO,REMOVED_FROM_PRODUCT_PUBLICATION,runtime:construction.contract.expense.p1_visible_06fa8c6f628f;global_ir_model_fields
construction.contract.expense,p1_visible_0965a7d1e74c,,,,,product runtime,,,,METADATA_ONLY,false,false,false,false,false,false,readonly_nonstored,,,E_STALE_ALIAS_CANDIDATE_DEPRECATION,UNPUBLISH_FROM_PRODUCT_UI,false,HIGH_STALE_GLOBAL_METADATA,FORMAL_CONTRACT_ALIAS_COUNT_ZERO,REMOVED_FROM_PRODUCT_PUBLICATION,runtime:construction.contract.expense.p1_visible_0965a7d1e74c;global_ir_model_fields
construction.contract.expense,p1_visible_0cf26c325f34,,,,,product runtime,,,,METADATA_ONLY,false,false,false,false,false,false,readonly_nonstored,,,E_STALE_ALIAS_CANDIDATE_DEPRECATION,UNPUBLISH_FROM_PRODUCT_UI,false,HIGH_STALE_GLOBAL_METADATA,FORMAL_CONTRACT_ALIAS_COUNT_ZERO,REMOVED_FROM_PRODUCT_PUBLICATION,runtime:construction.contract.expense.p1_visible_0cf26c325f34;global_ir_model_fields
construction.contract.expense,p1_visible_17b341733b7b,,,,,product runtime,addons/smart_construction_core/views/support/p1_daily_business_visible_alias_views.xml;scripts/ops/output_invoice_application_visible_contract_sync.py,,,METADATA_ONLY,false,false,false,false,false,false,readonly_nonstored,,,E_STALE_ALIAS_CANDIDATE_DEPRECATION,UNPUBLISH_FROM_PRODUCT_UI,false,HIGH_STALE_GLOBAL_METADATA,FORMAL_CONTRACT_ALIAS_COUNT_ZERO,REMOVED_FROM_PRODUCT_PUBLICATION,runtime:construction.contract.expense.p1_visible_17b341733b7b;global_ir_model_fields
construction.contract.expense,p1_visible_202b429f79ca,,,,,product runtime,,,,METADATA_ONLY,false,false,false,false,false,false,readonly_nonstored,,,E_STALE_ALIAS_CANDIDATE_DEPRECATION,UNPUBLISH_FROM_PRODUCT_UI,false,HIGH_STALE_GLOBAL_METADATA,FORMAL_CONTRACT_ALIAS_COUNT_ZERO,REMOVED_FROM_PRODUCT_PUBLICATION,runtime:construction.contract.expense.p1_visible_202b429f79ca;global_ir_model_fields
construction.contract.expense,p1_visible_2585b4ab16bd,,,,,product runtime,,,,METADATA_ONLY,false,false,false,false,false,false,readonly_nonstored,,,E_STALE_ALIAS_CANDIDATE_DEPRECATION,UNPUBLISH_FROM_PRODUCT_UI,false,HIGH_STALE_GLOBAL_METADATA,FORMAL_CONTRACT_ALIAS_COUNT_ZERO,REMOVED_FROM_PRODUCT_PUBLICATION,runtime:construction.contract.expense.p1_visible_2585b4ab16bd;global_ir_model_fields
construction.contract.expense,p1_visible_3e7255522b33,,,,,product runtime,addons/smart_construction_core/core_extension.py;addons/smart_construction_core/views/support/p1_daily_business_visible_alias_views.xml;addons/smart_core/tests/test_ui_contract_v2_boundaries.py;addons/smart_core/tests/test_action_dispatcher_server_mapping.py;scripts/ops/output_invoice_application_visible_contract_sync.py;scripts/ops/engineering_progress_income_visible_contract_sync.py;scripts/ops/output_invoice_registration_visible_contract_sync.py;scripts/ops/direct_general_contract_input_tax_to_output_invoice_registration_sync.py,,,METADATA_ONLY,false,false,false,false,false,false,readonly_nonstored,,,E_STALE_ALIAS_CANDIDATE_DEPRECATION,UNPUBLISH_FROM_PRODUCT_UI,false,HIGH_STALE_GLOBAL_METADATA,FORMAL_CONTRACT_ALIAS_COUNT_ZERO,REMOVED_FROM_PRODUCT_PUBLICATION,runtime:construction.contract.expense.p1_visible_3e7255522b33;global_ir_model_fields
construction.contract.expense,p1_visible_3ec01dd569e2,,,,,product runtime,addons/smart_construction_core/views/support/p1_daily_business_visible_alias_views.xml,,,METADATA_ONLY,false,false,false,false,false,false,readonly_nonstored,,,E_STALE_ALIAS_CANDIDATE_DEPRECATION,UNPUBLISH_FROM_PRODUCT_UI,false,HIGH_STALE_GLOBAL_METADATA,FORMAL_CONTRACT_ALIAS_COUNT_ZERO,REMOVED_FROM_PRODUCT_PUBLICATION,runtime:construction.contract.expense.p1_visible_3ec01dd569e2;global_ir_model_fields
construction.contract.expense,p1_visible_5839c15a34a4,,,,,product runtime,,,,METADATA_ONLY,false,false,false,false,false,false,readonly_nonstored,,,E_STALE_ALIAS_CANDIDATE_DEPRECATION,UNPUBLISH_FROM_PRODUCT_UI,false,HIGH_STALE_GLOBAL_METADATA,FORMAL_CONTRACT_ALIAS_COUNT_ZERO,REMOVED_FROM_PRODUCT_PUBLICATION,runtime:construction.contract.expense.p1_visible_5839c15a34a4;global_ir_model_fields
construction.contract.expense,p1_visible_58a2eb3301c1,,,,,product runtime,,,,METADATA_ONLY,false,false,false,false,false,false,readonly_nonstored,,,E_STALE_ALIAS_CANDIDATE_DEPRECATION,UNPUBLISH_FROM_PRODUCT_UI,false,HIGH_STALE_GLOBAL_METADATA,FORMAL_CONTRACT_ALIAS_COUNT_ZERO,REMOVED_FROM_PRODUCT_PUBLICATION,runtime:construction.contract.expense.p1_visible_58a2eb3301c1;global_ir_model_fields
construction.contract.expense,p1_visible_75b438b16f10,,,,,product runtime,,,,METADATA_ONLY,false,false,false,false,false,false,readonly_nonstored,,,E_STALE_ALIAS_CANDIDATE_DEPRECATION,UNPUBLISH_FROM_PRODUCT_UI,false,HIGH_STALE_GLOBAL_METADATA,FORMAL_CONTRACT_ALIAS_COUNT_ZERO,REMOVED_FROM_PRODUCT_PUBLICATION,runtime:construction.contract.expense.p1_visible_75b438b16f10;global_ir_model_fields
construction.contract.expense,p1_visible_75e856a13c7c,,,,,product runtime,addons/smart_construction_core/views/support/p1_daily_business_visible_alias_views.xml,,,METADATA_ONLY,false,false,false,false,false,false,readonly_nonstored,,,E_STALE_ALIAS_CANDIDATE_DEPRECATION,UNPUBLISH_FROM_PRODUCT_UI,false,HIGH_STALE_GLOBAL_METADATA,FORMAL_CONTRACT_ALIAS_COUNT_ZERO,REMOVED_FROM_PRODUCT_PUBLICATION,runtime:construction.contract.expense.p1_visible_75e856a13c7c;global_ir_model_fields
construction.contract.expense,p1_visible_7b9f4bb3e3ea,,,,,product runtime,,,,METADATA_ONLY,false,false,false,false,false,false,readonly_nonstored,,,E_STALE_ALIAS_CANDIDATE_DEPRECATION,UNPUBLISH_FROM_PRODUCT_UI,false,HIGH_STALE_GLOBAL_METADATA,FORMAL_CONTRACT_ALIAS_COUNT_ZERO,REMOVED_FROM_PRODUCT_PUBLICATION,runtime:construction.contract.expense.p1_visible_7b9f4bb3e3ea;global_ir_model_fields
construction.contract.expense,p1_visible_8fa8662ad38f,,,,,product runtime,addons/smart_construction_core/core_extension.py;addons/smart_construction_core/views/support/p1_daily_business_visible_alias_views.xml;addons/smart_core/tests/test_ui_contract_v2_boundaries.py;addons/smart_core/tests/test_action_dispatcher_server_mapping.py;scripts/ops/partner_payment_visible_contract_sync.py;scripts/ops/output_invoice_application_visible_contract_sync.py;scripts/ops/engineering_progress_income_visible_contract_sync.py;scripts/ops/output_invoice_registration_visible_contract_sync.py;scripts/ops/direct_general_contract_input_tax_to_output_invoice_registration_sync.py,,,METADATA_ONLY,false,false,false,false,false,false,readonly_nonstored,,,E_STALE_ALIAS_CANDIDATE_DEPRECATION,UNPUBLISH_FROM_PRODUCT_UI,false,HIGH_STALE_GLOBAL_METADATA,FORMAL_CONTRACT_ALIAS_COUNT_ZERO,REMOVED_FROM_PRODUCT_PUBLICATION,runtime:construction.contract.expense.p1_visible_8fa8662ad38f;global_ir_model_fields
construction.contract.expense,p1_visible_99f6fe6c41ad,,,,,product runtime,addons/smart_construction_core/views/support/p1_daily_business_visible_alias_views.xml;scripts/ops/partner_payment_visible_contract_sync.py;scripts/ops/output_invoice_application_visible_contract_sync.py;scripts/ops/engineering_progress_income_visible_contract_sync.py;scripts/ops/output_invoice_registration_visible_contract_sync.py;scripts/ops/direct_general_contract_input_tax_to_output_invoice_registration_sync.py,,,METADATA_ONLY,false,false,false,false,false,false,readonly_nonstored,,,E_STALE_ALIAS_CANDIDATE_DEPRECATION,UNPUBLISH_FROM_PRODUCT_UI,false,HIGH_STALE_GLOBAL_METADATA,FORMAL_CONTRACT_ALIAS_COUNT_ZERO,REMOVED_FROM_PRODUCT_PUBLICATION,runtime:construction.contract.expense.p1_visible_99f6fe6c41ad;global_ir_model_fields
construction.contract.expense,p1_visible_affba7961481,,,,,product runtime,,,,METADATA_ONLY,false,false,false,false,false,false,readonly_nonstored,,,E_STALE_ALIAS_CANDIDATE_DEPRECATION,UNPUBLISH_FROM_PRODUCT_UI,false,HIGH_STALE_GLOBAL_METADATA,FORMAL_CONTRACT_ALIAS_COUNT_ZERO,REMOVED_FROM_PRODUCT_PUBLICATION,runtime:construction.contract.expense.p1_visible_affba7961481;global_ir_model_fields
construction.contract.expense,p1_visible_bf0c9e684289,,,,,product runtime,,,,METADATA_ONLY,false,false,false,false,false,false,readonly_nonstored,,,E_STALE_ALIAS_CANDIDATE_DEPRECATION,UNPUBLISH_FROM_PRODUCT_UI,false,HIGH_STALE_GLOBAL_METADATA,FORMAL_CONTRACT_ALIAS_COUNT_ZERO,REMOVED_FROM_PRODUCT_PUBLICATION,runtime:construction.contract.expense.p1_visible_bf0c9e684289;global_ir_model_fields
construction.contract.expense,p1_visible_da9d3c637407,,,,,product runtime,,,,METADATA_ONLY,false,false,false,false,false,false,readonly_nonstored,,,E_STALE_ALIAS_CANDIDATE_DEPRECATION,UNPUBLISH_FROM_PRODUCT_UI,false,HIGH_STALE_GLOBAL_METADATA,FORMAL_CONTRACT_ALIAS_COUNT_ZERO,REMOVED_FROM_PRODUCT_PUBLICATION,runtime:construction.contract.expense.p1_visible_da9d3c637407;global_ir_model_fields
construction.contract.expense,p1_visible_dfc25d77dc39,,,,,product runtime,addons/smart_construction_core/core_extension.py;addons/smart_construction_core/views/support/p1_daily_business_visible_alias_views.xml;addons/smart_core/tests/test_action_dispatcher_server_mapping.py;scripts/ops/output_invoice_application_visible_contract_sync.py;scripts/ops/engineering_progress_income_visible_contract_sync.py;scripts/ops/output_invoice_registration_visible_contract_sync.py;scripts/ops/direct_general_contract_input_tax_to_output_invoice_registration_sync.py,,,METADATA_ONLY,false,false,false,false,false,false,readonly_nonstored,,,E_STALE_ALIAS_CANDIDATE_DEPRECATION,UNPUBLISH_FROM_PRODUCT_UI,false,HIGH_STALE_GLOBAL_METADATA,FORMAL_CONTRACT_ALIAS_COUNT_ZERO,REMOVED_FROM_PRODUCT_PUBLICATION,runtime:construction.contract.expense.p1_visible_dfc25d77dc39;global_ir_model_fields
construction.contract.expense,p1_visible_ee6a4d9e2956,,,,,product runtime,addons/smart_construction_core/core_extension.py;addons/smart_construction_core/views/support/p1_daily_business_visible_alias_views.xml;scripts/ops/output_invoice_application_visible_contract_sync.py;scripts/ops/engineering_progress_income_visible_contract_sync.py;scripts/ops/output_invoice_registration_visible_contract_sync.py;scripts/ops/direct_general_contract_input_tax_to_output_invoice_registration_sync.py,,,METADATA_ONLY,false,false,false,false,false,false,readonly_nonstored,,,E_STALE_ALIAS_CANDIDATE_DEPRECATION,UNPUBLISH_FROM_PRODUCT_UI,false,HIGH_STALE_GLOBAL_METADATA,FORMAL_CONTRACT_ALIAS_COUNT_ZERO,REMOVED_FROM_PRODUCT_PUBLICATION,runtime:construction.contract.expense.p1_visible_ee6a4d9e2956;global_ir_model_fields
construction.contract.expense,p1_visible_fadf1135d6a4,,,,,product runtime,,,,METADATA_ONLY,false,false,false,false,false,false,readonly_nonstored,,,E_STALE_ALIAS_CANDIDATE_DEPRECATION,UNPUBLISH_FROM_PRODUCT_UI,false,HIGH_STALE_GLOBAL_METADATA,FORMAL_CONTRACT_ALIAS_COUNT_ZERO,REMOVED_FROM_PRODUCT_PUBLICATION,runtime:construction.contract.expense.p1_visible_fadf1135d6a4;global_ir_model_fields
construction.contract.income,p1_visible_06fa8c6f628f,,,,,product runtime,addons/smart_construction_core/core_extension.py;addons/smart_construction_core/views/support/p1_daily_business_visible_alias_views.xml;addons/smart_core/tests/test_action_dispatcher_server_mapping.py;scripts/ops/partner_payment_visible_contract_sync.py;scripts/ops/engineering_progress_income_visible_contract_sync.py;scripts/ops/output_invoice_registration_visible_contract_sync.py;scripts/ops/direct_general_contract_input_tax_to_output_invoice_registration_sync.py,,,METADATA_ONLY,false,false,false,false,false,false,readonly_nonstored,,,E_STALE_ALIAS_CANDIDATE_DEPRECATION,UNPUBLISH_FROM_PRODUCT_UI,false,HIGH_STALE_GLOBAL_METADATA,FORMAL_CONTRACT_ALIAS_COUNT_ZERO,REMOVED_FROM_PRODUCT_PUBLICATION,runtime:construction.contract.income.p1_visible_06fa8c6f628f;global_ir_model_fields
construction.contract.income,p1_visible_0965a7d1e74c,,,,,product runtime,,,,METADATA_ONLY,false,false,false,false,false,false,readonly_nonstored,,,E_STALE_ALIAS_CANDIDATE_DEPRECATION,UNPUBLISH_FROM_PRODUCT_UI,false,HIGH_STALE_GLOBAL_METADATA,FORMAL_CONTRACT_ALIAS_COUNT_ZERO,REMOVED_FROM_PRODUCT_PUBLICATION,runtime:construction.contract.income.p1_visible_0965a7d1e74c;global_ir_model_fields
construction.contract.income,p1_visible_0cf26c325f34,,,,,product runtime,,,,METADATA_ONLY,false,false,false,false,false,false,readonly_nonstored,,,E_STALE_ALIAS_CANDIDATE_DEPRECATION,UNPUBLISH_FROM_PRODUCT_UI,false,HIGH_STALE_GLOBAL_METADATA,FORMAL_CONTRACT_ALIAS_COUNT_ZERO,REMOVED_FROM_PRODUCT_PUBLICATION,runtime:construction.contract.income.p1_visible_0cf26c325f34;global_ir_model_fields
construction.contract.income,p1_visible_17b341733b7b,,,,,product runtime,addons/smart_construction_core/views/support/p1_daily_business_visible_alias_views.xml;scripts/ops/output_invoice_application_visible_contract_sync.py,,,METADATA_ONLY,false,false,false,false,false,false,readonly_nonstored,,,E_STALE_ALIAS_CANDIDATE_DEPRECATION,UNPUBLISH_FROM_PRODUCT_UI,false,HIGH_STALE_GLOBAL_METADATA,FORMAL_CONTRACT_ALIAS_COUNT_ZERO,REMOVED_FROM_PRODUCT_PUBLICATION,runtime:construction.contract.income.p1_visible_17b341733b7b;global_ir_model_fields
construction.contract.income,p1_visible_202b429f79ca,,,,,product runtime,,,,METADATA_ONLY,false,false,false,false,false,false,readonly_nonstored,,,E_STALE_ALIAS_CANDIDATE_DEPRECATION,UNPUBLISH_FROM_PRODUCT_UI,false,HIGH_STALE_GLOBAL_METADATA,FORMAL_CONTRACT_ALIAS_COUNT_ZERO,REMOVED_FROM_PRODUCT_PUBLICATION,runtime:construction.contract.income.p1_visible_202b429f79ca;global_ir_model_fields
construction.contract.income,p1_visible_2585b4ab16bd,,,,,product runtime,,,,METADATA_ONLY,false,false,false,false,false,false,readonly_nonstored,,,E_STALE_ALIAS_CANDIDATE_DEPRECATION,UNPUBLISH_FROM_PRODUCT_UI,false,HIGH_STALE_GLOBAL_METADATA,FORMAL_CONTRACT_ALIAS_COUNT_ZERO,REMOVED_FROM_PRODUCT_PUBLICATION,runtime:construction.contract.income.p1_visible_2585b4ab16bd;global_ir_model_fields
construction.contract.income,p1_visible_3e7255522b33,,,,,product runtime,addons/smart_construction_core/core_extension.py;addons/smart_construction_core/views/support/p1_daily_business_visible_alias_views.xml;addons/smart_core/tests/test_ui_contract_v2_boundaries.py;addons/smart_core/tests/test_action_dispatcher_server_mapping.py;scripts/ops/output_invoice_application_visible_contract_sync.py;scripts/ops/engineering_progress_income_visible_contract_sync.py;scripts/ops/output_invoice_registration_visible_contract_sync.py;scripts/ops/direct_general_contract_input_tax_to_output_invoice_registration_sync.py,,,METADATA_ONLY,false,false,false,false,false,false,readonly_nonstored,,,E_STALE_ALIAS_CANDIDATE_DEPRECATION,UNPUBLISH_FROM_PRODUCT_UI,false,HIGH_STALE_GLOBAL_METADATA,FORMAL_CONTRACT_ALIAS_COUNT_ZERO,REMOVED_FROM_PRODUCT_PUBLICATION,runtime:construction.contract.income.p1_visible_3e7255522b33;global_ir_model_fields
construction.contract.income,p1_visible_3ec01dd569e2,,,,,product runtime,addons/smart_construction_core/views/support/p1_daily_business_visible_alias_views.xml,,,METADATA_ONLY,false,false,false,false,false,false,readonly_nonstored,,,E_STALE_ALIAS_CANDIDATE_DEPRECATION,UNPUBLISH_FROM_PRODUCT_UI,false,HIGH_STALE_GLOBAL_METADATA,FORMAL_CONTRACT_ALIAS_COUNT_ZERO,REMOVED_FROM_PRODUCT_PUBLICATION,runtime:construction.contract.income.p1_visible_3ec01dd569e2;global_ir_model_fields
construction.contract.income,p1_visible_5839c15a34a4,,,,,product runtime,,,,METADATA_ONLY,false,false,false,false,false,false,readonly_nonstored,,,E_STALE_ALIAS_CANDIDATE_DEPRECATION,UNPUBLISH_FROM_PRODUCT_UI,false,HIGH_STALE_GLOBAL_METADATA,FORMAL_CONTRACT_ALIAS_COUNT_ZERO,REMOVED_FROM_PRODUCT_PUBLICATION,runtime:construction.contract.income.p1_visible_5839c15a34a4;global_ir_model_fields
construction.contract.income,p1_visible_58a2eb3301c1,,,,,product runtime,,,,METADATA_ONLY,false,false,false,false,false,false,readonly_nonstored,,,E_STALE_ALIAS_CANDIDATE_DEPRECATION,UNPUBLISH_FROM_PRODUCT_UI,false,HIGH_STALE_GLOBAL_METADATA,FORMAL_CONTRACT_ALIAS_COUNT_ZERO,REMOVED_FROM_PRODUCT_PUBLICATION,runtime:construction.contract.income.p1_visible_58a2eb3301c1;global_ir_model_fields
construction.contract.income,p1_visible_75b438b16f10,,,,,product runtime,,,,METADATA_ONLY,false,false,false,false,false,false,readonly_nonstored,,,E_STALE_ALIAS_CANDIDATE_DEPRECATION,UNPUBLISH_FROM_PRODUCT_UI,false,HIGH_STALE_GLOBAL_METADATA,FORMAL_CONTRACT_ALIAS_COUNT_ZERO,REMOVED_FROM_PRODUCT_PUBLICATION,runtime:construction.contract.income.p1_visible_75b438b16f10;global_ir_model_fields
construction.contract.income,p1_visible_75e856a13c7c,,,,,product runtime,addons/smart_construction_core/views/support/p1_daily_business_visible_alias_views.xml,,,METADATA_ONLY,false,false,false,false,false,false,readonly_nonstored,,,E_STALE_ALIAS_CANDIDATE_DEPRECATION,UNPUBLISH_FROM_PRODUCT_UI,false,HIGH_STALE_GLOBAL_METADATA,FORMAL_CONTRACT_ALIAS_COUNT_ZERO,REMOVED_FROM_PRODUCT_PUBLICATION,runtime:construction.contract.income.p1_visible_75e856a13c7c;global_ir_model_fields
construction.contract.income,p1_visible_7b9f4bb3e3ea,,,,,product runtime,,,,METADATA_ONLY,false,false,false,false,false,false,readonly_nonstored,,,E_STALE_ALIAS_CANDIDATE_DEPRECATION,UNPUBLISH_FROM_PRODUCT_UI,false,HIGH_STALE_GLOBAL_METADATA,FORMAL_CONTRACT_ALIAS_COUNT_ZERO,REMOVED_FROM_PRODUCT_PUBLICATION,runtime:construction.contract.income.p1_visible_7b9f4bb3e3ea;global_ir_model_fields
construction.contract.income,p1_visible_8fa8662ad38f,,,,,product runtime,addons/smart_construction_core/core_extension.py;addons/smart_construction_core/views/support/p1_daily_business_visible_alias_views.xml;addons/smart_core/tests/test_ui_contract_v2_boundaries.py;addons/smart_core/tests/test_action_dispatcher_server_mapping.py;scripts/ops/partner_payment_visible_contract_sync.py;scripts/ops/output_invoice_application_visible_contract_sync.py;scripts/ops/engineering_progress_income_visible_contract_sync.py;scripts/ops/output_invoice_registration_visible_contract_sync.py;scripts/ops/direct_general_contract_input_tax_to_output_invoice_registration_sync.py,,,METADATA_ONLY,false,false,false,false,false,false,readonly_nonstored,,,E_STALE_ALIAS_CANDIDATE_DEPRECATION,UNPUBLISH_FROM_PRODUCT_UI,false,HIGH_STALE_GLOBAL_METADATA,FORMAL_CONTRACT_ALIAS_COUNT_ZERO,REMOVED_FROM_PRODUCT_PUBLICATION,runtime:construction.contract.income.p1_visible_8fa8662ad38f;global_ir_model_fields
construction.contract.income,p1_visible_99f6fe6c41ad,,,,,product runtime,addons/smart_construction_core/views/support/p1_daily_business_visible_alias_views.xml;scripts/ops/partner_payment_visible_contract_sync.py;scripts/ops/output_invoice_application_visible_contract_sync.py;scripts/ops/engineering_progress_income_visible_contract_sync.py;scripts/ops/output_invoice_registration_visible_contract_sync.py;scripts/ops/direct_general_contract_input_tax_to_output_invoice_registration_sync.py,,,METADATA_ONLY,false,false,false,false,false,false,readonly_nonstored,,,E_STALE_ALIAS_CANDIDATE_DEPRECATION,UNPUBLISH_FROM_PRODUCT_UI,false,HIGH_STALE_GLOBAL_METADATA,FORMAL_CONTRACT_ALIAS_COUNT_ZERO,REMOVED_FROM_PRODUCT_PUBLICATION,runtime:construction.contract.income.p1_visible_99f6fe6c41ad;global_ir_model_fields
construction.contract.income,p1_visible_affba7961481,,,,,product runtime,,,,METADATA_ONLY,false,false,false,false,false,false,readonly_nonstored,,,E_STALE_ALIAS_CANDIDATE_DEPRECATION,UNPUBLISH_FROM_PRODUCT_UI,false,HIGH_STALE_GLOBAL_METADATA,FORMAL_CONTRACT_ALIAS_COUNT_ZERO,REMOVED_FROM_PRODUCT_PUBLICATION,runtime:construction.contract.income.p1_visible_affba7961481;global_ir_model_fields
construction.contract.income,p1_visible_bf0c9e684289,,,,,product runtime,,,,METADATA_ONLY,false,false,false,false,false,false,readonly_nonstored,,,E_STALE_ALIAS_CANDIDATE_DEPRECATION,UNPUBLISH_FROM_PRODUCT_UI,false,HIGH_STALE_GLOBAL_METADATA,FORMAL_CONTRACT_ALIAS_COUNT_ZERO,REMOVED_FROM_PRODUCT_PUBLICATION,runtime:construction.contract.income.p1_visible_bf0c9e684289;global_ir_model_fields
construction.contract.income,p1_visible_da9d3c637407,,,,,product runtime,,,,METADATA_ONLY,false,false,false,false,false,false,readonly_nonstored,,,E_STALE_ALIAS_CANDIDATE_DEPRECATION,UNPUBLISH_FROM_PRODUCT_UI,false,HIGH_STALE_GLOBAL_METADATA,FORMAL_CONTRACT_ALIAS_COUNT_ZERO,REMOVED_FROM_PRODUCT_PUBLICATION,runtime:construction.contract.income.p1_visible_da9d3c637407;global_ir_model_fields
construction.contract.income,p1_visible_dfc25d77dc39,,,,,product runtime,addons/smart_construction_core/core_extension.py;addons/smart_construction_core/views/support/p1_daily_business_visible_alias_views.xml;addons/smart_core/tests/test_action_dispatcher_server_mapping.py;scripts/ops/output_invoice_application_visible_contract_sync.py;scripts/ops/engineering_progress_income_visible_contract_sync.py;scripts/ops/output_invoice_registration_visible_contract_sync.py;scripts/ops/direct_general_contract_input_tax_to_output_invoice_registration_sync.py,,,METADATA_ONLY,false,false,false,false,false,false,readonly_nonstored,,,E_STALE_ALIAS_CANDIDATE_DEPRECATION,UNPUBLISH_FROM_PRODUCT_UI,false,HIGH_STALE_GLOBAL_METADATA,FORMAL_CONTRACT_ALIAS_COUNT_ZERO,REMOVED_FROM_PRODUCT_PUBLICATION,runtime:construction.contract.income.p1_visible_dfc25d77dc39;global_ir_model_fields
construction.contract.income,p1_visible_ee6a4d9e2956,,,,,product runtime,addons/smart_construction_core/core_extension.py;addons/smart_construction_core/views/support/p1_daily_business_visible_alias_views.xml;scripts/ops/output_invoice_application_visible_contract_sync.py;scripts/ops/engineering_progress_income_visible_contract_sync.py;scripts/ops/output_invoice_registration_visible_contract_sync.py;scripts/ops/direct_general_contract_input_tax_to_output_invoice_registration_sync.py,,,METADATA_ONLY,false,false,false,false,false,false,readonly_nonstored,,,E_STALE_ALIAS_CANDIDATE_DEPRECATION,UNPUBLISH_FROM_PRODUCT_UI,false,HIGH_STALE_GLOBAL_METADATA,FORMAL_CONTRACT_ALIAS_COUNT_ZERO,REMOVED_FROM_PRODUCT_PUBLICATION,runtime:construction.contract.income.p1_visible_ee6a4d9e2956;global_ir_model_fields
construction.contract.income,p1_visible_fadf1135d6a4,,,,,product runtime,,,,METADATA_ONLY,false,false,false,false,false,false,readonly_nonstored,,,E_STALE_ALIAS_CANDIDATE_DEPRECATION,UNPUBLISH_FROM_PRODUCT_UI,false,HIGH_STALE_GLOBAL_METADATA,FORMAL_CONTRACT_ALIAS_COUNT_ZERO,REMOVED_FROM_PRODUCT_PUBLICATION,runtime:construction.contract.income.p1_visible_fadf1135d6a4;global_ir_model_fields
payment.request,p1_visible_06fa8c6f628f,document_status_display;state,char,,,product runtime,addons/smart_construction_core/models/support/p1_daily_business_visible_alias_fields.py:832-853,,,FORMAL_PRODUCT_REFERENCE,true,true,true,true,false,true,readonly_nonstored,document_status_display;state;state_text,document_status_display;state,A_MAPPED_TO_FORMAL_PRODUCT_FIELD,MAP_TO_EXISTING_FORMAL_FIELD,true,HIGH_GLOBAL_DEFINITION,FORMAL_CONTRACT_ALIAS_COUNT_ZERO,REMOVED_FROM_PRODUCT_PUBLICATION,runtime:payment.request.p1_visible_06fa8c6f628f;global_ir_model_fields;dynamic_get_view_injection;formal_runtime_field_resolved;literal_view_reference
payment.request,p1_visible_1874b0ce5103,related_document_text;settlement_id;line_settlement_summary;material_settlement_id;contract_id,char,,,product runtime,addons/smart_construction_core/models/support/p1_daily_business_visible_alias_fields.py:832-853,,,FORMAL_PRODUCT_REFERENCE,true,true,true,true,false,true,readonly_nonstored,related_document_text;settlement_id;line_settlement_summary;material_settlement_id;contract_id,related_document_text;settlement_id;line_settlement_summary;material_settlement_id;contract_id,A_MAPPED_TO_FORMAL_PRODUCT_FIELD,MAP_TO_EXISTING_FORMAL_FIELD,true,HIGH_GLOBAL_DEFINITION,FORMAL_CONTRACT_ALIAS_COUNT_ZERO,REMOVED_FROM_PRODUCT_PUBLICATION,runtime:payment.request.p1_visible_1874b0ce5103;global_ir_model_fields;dynamic_get_view_injection;formal_runtime_field_resolved;literal_view_reference
payment.request,p1_visible_2c346345746e,date_request;create_date,char,,,product runtime,addons/smart_construction_core/models/support/p1_daily_business_visible_alias_fields.py:832-853,,,FORMAL_PRODUCT_REFERENCE,true,true,true,true,false,true,readonly_nonstored,date_request;request_date;document_date;create_date,date_request;create_date,A_MAPPED_TO_FORMAL_PRODUCT_FIELD,MAP_TO_EXISTING_FORMAL_FIELD,true,HIGH_GLOBAL_DEFINITION,FORMAL_CONTRACT_ALIAS_COUNT_ZERO,REMOVED_FROM_PRODUCT_PUBLICATION,runtime:payment.request.p1_visible_2c346345746e;global_ir_model_fields;dynamic_get_view_injection;formal_runtime_field_resolved;literal_view_reference
payment.request,p1_visible_34943c40c9af,amount,char,,,product runtime,addons/smart_construction_core/models/support/p1_daily_business_visible_alias_fields.py:832-853,,,FORMAL_PRODUCT_REFERENCE,true,true,true,true,false,true,readonly_nonstored,amount;amount_total;paid_amount;invoice_amount_total,amount,A_MAPPED_TO_FORMAL_PRODUCT_FIELD,MAP_TO_EXISTING_FORMAL_FIELD,true,HIGH_GLOBAL_DEFINITION,FORMAL_CONTRACT_ALIAS_COUNT_ZERO,REMOVED_FROM_PRODUCT_PUBLICATION,runtime:payment.request.p1_visible_34943c40c9af;global_ir_model_fields;dynamic_get_view_injection;formal_runtime_field_resolved;literal_view_reference
payment.request,p1_visible_3759fcfc297a,payment_account_no_display;payment_account_no;partner_bank_account,char,,,product runtime,addons/smart_construction_core/models/support/p1_daily_business_visible_alias_fields.py:832-853,,,FORMAL_PRODUCT_REFERENCE,true,true,true,true,false,true,readonly_nonstored,payment_account_no_display;payment_account_no;partner_bank_account;bank_account;bank_account_id,payment_account_no_display;payment_account_no;partner_bank_account,A_MAPPED_TO_FORMAL_PRODUCT_FIELD,MAP_TO_EXISTING_FORMAL_FIELD,true,HIGH_GLOBAL_DEFINITION,FORMAL_CONTRACT_ALIAS_COUNT_ZERO,REMOVED_FROM_PRODUCT_PUBLICATION,runtime:payment.request.p1_visible_3759fcfc297a;global_ir_model_fields;dynamic_get_view_injection;formal_runtime_field_resolved;literal_view_reference
payment.request,p1_visible_3e5fd432c9df,payment_account_no,char,,,product runtime,addons/smart_construction_core/models/support/p1_daily_business_visible_alias_fields.py:832-853,,,FORMAL_PRODUCT_REFERENCE,true,true,true,true,false,true,readonly_nonstored,payment_account_no;receipt_account_no;receipt_bank_account;bank_account_id,payment_account_no,A_MAPPED_TO_FORMAL_PRODUCT_FIELD,MAP_TO_EXISTING_FORMAL_FIELD,true,HIGH_GLOBAL_DEFINITION,FORMAL_CONTRACT_ALIAS_COUNT_ZERO,REMOVED_FROM_PRODUCT_PUBLICATION,runtime:payment.request.p1_visible_3e5fd432c9df;global_ir_model_fields;dynamic_get_view_injection;formal_runtime_field_resolved;literal_view_reference
payment.request,p1_visible_3e7255522b33,project_name_display;project_id,char,,,product runtime,addons/smart_construction_core/models/support/p1_daily_business_visible_alias_fields.py:832-853,,,FORMAL_PRODUCT_REFERENCE,true,true,true,true,false,true,readonly_nonstored,project_name_display;project_id,project_name_display;project_id,A_MAPPED_TO_FORMAL_PRODUCT_FIELD,MAP_TO_EXISTING_FORMAL_FIELD,true,HIGH_GLOBAL_DEFINITION,FORMAL_CONTRACT_ALIAS_COUNT_ZERO,REMOVED_FROM_PRODUCT_PUBLICATION,runtime:payment.request.p1_visible_3e7255522b33;global_ir_model_fields;dynamic_get_view_injection;formal_runtime_field_resolved;literal_view_reference
payment.request,p1_visible_3f91cf4fc953,payer_unit_display;payer_unit,char,,,product runtime,addons/smart_construction_core/models/support/p1_daily_business_visible_alias_fields.py:832-853,,,FORMAL_PRODUCT_REFERENCE,true,true,true,true,false,true,readonly_nonstored,payer_unit_display;payer_unit,payer_unit_display;payer_unit,A_MAPPED_TO_FORMAL_PRODUCT_FIELD,MAP_TO_EXISTING_FORMAL_FIELD,true,HIGH_GLOBAL_DEFINITION,FORMAL_CONTRACT_ALIAS_COUNT_ZERO,REMOVED_FROM_PRODUCT_PUBLICATION,runtime:payment.request.p1_visible_3f91cf4fc953;global_ir_model_fields;dynamic_get_view_injection;formal_runtime_field_resolved
payment.request,p1_visible_48a64eb40c71,payee_bank_name_display;payment_bank_name;partner_bank_name,char,,,product runtime,addons/smart_construction_core/models/support/p1_daily_business_visible_alias_fields.py:832-853,,,FORMAL_PRODUCT_REFERENCE,true,true,true,true,false,true,readonly_nonstored,payee_bank_name_display;payment_bank_name;partner_bank_name;bank_name;receipt_bank_name,payee_bank_name_display;payment_bank_name;partner_bank_name,A_MAPPED_TO_FORMAL_PRODUCT_FIELD,MAP_TO_EXISTING_FORMAL_FIELD,true,HIGH_GLOBAL_DEFINITION,FORMAL_CONTRACT_ALIAS_COUNT_ZERO,REMOVED_FROM_PRODUCT_PUBLICATION,runtime:payment.request.p1_visible_48a64eb40c71;global_ir_model_fields;dynamic_get_view_injection;formal_runtime_field_resolved;literal_view_reference
payment.request,p1_visible_63c5facb9f66,cost_type_display;cost_category_name,char,,,product runtime,addons/smart_construction_core/models/support/p1_daily_business_visible_alias_fields.py:832-853,,,FORMAL_PRODUCT_REFERENCE,true,true,true,true,false,true,readonly_nonstored,cost_type_display;cost_category_id;cost_type_id;cost_category_name,cost_type_display;cost_category_name,A_MAPPED_TO_FORMAL_PRODUCT_FIELD,MAP_TO_EXISTING_FORMAL_FIELD,true,HIGH_GLOBAL_DEFINITION,FORMAL_CONTRACT_ALIAS_COUNT_ZERO,REMOVED_FROM_PRODUCT_PUBLICATION,runtime:payment.request.p1_visible_63c5facb9f66;global_ir_model_fields;dynamic_get_view_injection;formal_runtime_field_resolved;literal_view_reference
payment.request,p1_visible_6cf6e39bece9,amount_uppercase_display;accepted_amount_uppercase;amount_uppercase,char,,,product runtime,addons/smart_construction_core/models/support/p1_daily_business_visible_alias_fields.py:832-853,,,FORMAL_PRODUCT_REFERENCE,true,true,true,true,false,true,readonly_nonstored,amount_uppercase_display;accepted_amount_uppercase;amount_uppercase,amount_uppercase_display;accepted_amount_uppercase;amount_uppercase,A_MAPPED_TO_FORMAL_PRODUCT_FIELD,MAP_TO_EXISTING_FORMAL_FIELD,true,HIGH_GLOBAL_DEFINITION,FORMAL_CONTRACT_ALIAS_COUNT_ZERO,REMOVED_FROM_PRODUCT_PUBLICATION,runtime:payment.request.p1_visible_6cf6e39bece9;global_ir_model_fields;dynamic_get_view_injection;formal_runtime_field_resolved;literal_view_reference
payment.request,p1_visible_71e47f617269,creator_name;source_created_by,char,,,product runtime,addons/smart_construction_core/models/support/p1_daily_business_visible_alias_fields.py:832-853,,,FORMAL_PRODUCT_REFERENCE,true,true,true,true,false,true,readonly_nonstored,creator_name;source_created_by;requester_id;owner_id;handler_name,creator_name;source_created_by,A_MAPPED_TO_FORMAL_PRODUCT_FIELD,MAP_TO_EXISTING_FORMAL_FIELD,true,HIGH_GLOBAL_DEFINITION,FORMAL_CONTRACT_ALIAS_COUNT_ZERO,REMOVED_FROM_PRODUCT_PUBLICATION,runtime:payment.request.p1_visible_71e47f617269;global_ir_model_fields;dynamic_get_view_injection;formal_runtime_field_resolved;literal_view_reference
payment.request,p1_visible_880ab989a872,source_created_by;creator_name,char,,,product runtime,addons/smart_construction_core/models/support/p1_daily_business_visible_alias_fields.py:832-853,,,FORMAL_PRODUCT_REFERENCE,true,true,true,true,false,true,readonly_nonstored,requester_id;source_created_by;creator_name,source_created_by;creator_name,A_MAPPED_TO_FORMAL_PRODUCT_FIELD,MAP_TO_EXISTING_FORMAL_FIELD,true,HIGH_GLOBAL_DEFINITION,FORMAL_CONTRACT_ALIAS_COUNT_ZERO,REMOVED_FROM_PRODUCT_PUBLICATION,runtime:payment.request.p1_visible_880ab989a872;global_ir_model_fields;dynamic_get_view_injection;formal_runtime_field_resolved;literal_view_reference
payment.request,p1_visible_8fa8662ad38f,name,char,,,product runtime,addons/smart_construction_core/models/support/p1_daily_business_visible_alias_fields.py:832-853,,,FORMAL_PRODUCT_REFERENCE,true,true,true,true,false,true,readonly_nonstored,name;document_no,name,A_MAPPED_TO_FORMAL_PRODUCT_FIELD,MAP_TO_EXISTING_FORMAL_FIELD,true,HIGH_GLOBAL_DEFINITION,FORMAL_CONTRACT_ALIAS_COUNT_ZERO,REMOVED_FROM_PRODUCT_PUBLICATION,runtime:payment.request.p1_visible_8fa8662ad38f;global_ir_model_fields;dynamic_get_view_injection;formal_runtime_field_resolved;literal_view_reference
payment.request,p1_visible_901384917949,payee_account_no_display;payment_account_no;partner_bank_account,char,,,product runtime,addons/smart_construction_core/models/support/p1_daily_business_visible_alias_fields.py:832-853,,,FORMAL_PRODUCT_REFERENCE,true,true,true,true,false,true,readonly_nonstored,payee_account_no_display;payment_account_no;account_no;partner_bank_account;receipt_account_no,payee_account_no_display;payment_account_no;partner_bank_account,A_MAPPED_TO_FORMAL_PRODUCT_FIELD,MAP_TO_EXISTING_FORMAL_FIELD,true,HIGH_GLOBAL_DEFINITION,FORMAL_CONTRACT_ALIAS_COUNT_ZERO,REMOVED_FROM_PRODUCT_PUBLICATION,runtime:payment.request.p1_visible_901384917949;global_ir_model_fields;dynamic_get_view_injection;formal_runtime_field_resolved;literal_view_reference
payment.request,p1_visible_9469a2ad32f8,actual_paid_amount_display;paid_amount_total;amount,char,,,product runtime,addons/smart_construction_core/models/support/p1_daily_business_visible_alias_fields.py:832-853,,,FORMAL_PRODUCT_REFERENCE,true,true,true,true,false,true,readonly_nonstored,actual_paid_amount_display;paid_amount_total;paid_amount;amount,actual_paid_amount_display;paid_amount_total;amount,A_MAPPED_TO_FORMAL_PRODUCT_FIELD,MAP_TO_EXISTING_FORMAL_FIELD,true,HIGH_GLOBAL_DEFINITION,FORMAL_CONTRACT_ALIAS_COUNT_ZERO,REMOVED_FROM_PRODUCT_PUBLICATION,runtime:payment.request.p1_visible_9469a2ad32f8;global_ir_model_fields;dynamic_get_view_injection;formal_runtime_field_resolved;literal_view_reference
payment.request,p1_visible_99f6fe6c41ad,attachment_ids;message_attachment_count,char,,,product runtime,addons/smart_construction_core/models/support/p1_daily_business_visible_alias_fields.py:832-853,,,FORMAL_PRODUCT_REFERENCE,true,true,true,true,false,true,readonly_nonstored,attachment_ids;biz_attachment_ids;tech_attachment_ids;message_attachment_count,attachment_ids;message_attachment_count,A_MAPPED_TO_FORMAL_PRODUCT_FIELD,MAP_TO_EXISTING_FORMAL_FIELD,true,HIGH_GLOBAL_DEFINITION,FORMAL_CONTRACT_ALIAS_COUNT_ZERO,REMOVED_FROM_PRODUCT_PUBLICATION,runtime:payment.request.p1_visible_99f6fe6c41ad;global_ir_model_fields;dynamic_get_view_injection;formal_runtime_field_resolved;literal_view_reference
payment.request,p1_visible_a103d7cee046,payee_account_name_display;payment_account_name;partner_account_name,char,,,product runtime,addons/smart_construction_core/models/support/p1_daily_business_visible_alias_fields.py:832-853,,,FORMAL_PRODUCT_REFERENCE,true,true,true,true,false,true,readonly_nonstored,payee_account_name_display;payment_account_name;partner_account_name;receipt_account_name,payee_account_name_display;payment_account_name;partner_account_name,A_MAPPED_TO_FORMAL_PRODUCT_FIELD,MAP_TO_EXISTING_FORMAL_FIELD,true,HIGH_GLOBAL_DEFINITION,FORMAL_CONTRACT_ALIAS_COUNT_ZERO,REMOVED_FROM_PRODUCT_PUBLICATION,runtime:payment.request.p1_visible_a103d7cee046;global_ir_model_fields;dynamic_get_view_injection;formal_runtime_field_resolved;literal_view_reference
payment.request,p1_visible_ae1abe750af6,settlement_amount_payable;settlement_remaining_amount,char,,,product runtime,addons/smart_construction_core/models/support/p1_daily_business_visible_alias_fields.py:832-853,,,FORMAL_PRODUCT_REFERENCE,true,true,true,true,false,true,readonly_nonstored,settlement_amount_payable;settlement_remaining_amount,settlement_amount_payable;settlement_remaining_amount,A_MAPPED_TO_FORMAL_PRODUCT_FIELD,MAP_TO_EXISTING_FORMAL_FIELD,true,HIGH_GLOBAL_DEFINITION,FORMAL_CONTRACT_ALIAS_COUNT_ZERO,REMOVED_FROM_PRODUCT_PUBLICATION,runtime:payment.request.p1_visible_ae1abe750af6;global_ir_model_fields;dynamic_get_view_injection;formal_runtime_field_resolved;literal_view_reference
payment.request,p1_visible_bb7c7aeff3e4,partner_id,char,,,product runtime,addons/smart_construction_core/models/support/p1_daily_business_visible_alias_fields.py:832-853,,,FORMAL_PRODUCT_REFERENCE,true,true,true,true,false,true,readonly_nonstored,receipt_partner_name;partner_id,partner_id,A_MAPPED_TO_FORMAL_PRODUCT_FIELD,MAP_TO_EXISTING_FORMAL_FIELD,true,HIGH_GLOBAL_DEFINITION,FORMAL_CONTRACT_ALIAS_COUNT_ZERO,REMOVED_FROM_PRODUCT_PUBLICATION,runtime:payment.request.p1_visible_bb7c7aeff3e4;global_ir_model_fields;dynamic_get_view_injection;formal_runtime_field_resolved;literal_view_reference
payment.request,p1_visible_c00fc55a25b8,request_amount_display;amount,char,,,product runtime,addons/smart_construction_core/models/support/p1_daily_business_visible_alias_fields.py:832-853,,,FORMAL_PRODUCT_REFERENCE,true,true,true,true,false,true,readonly_nonstored,request_amount_display;amount,request_amount_display;amount,A_MAPPED_TO_FORMAL_PRODUCT_FIELD,MAP_TO_EXISTING_FORMAL_FIELD,true,HIGH_GLOBAL_DEFINITION,FORMAL_CONTRACT_ALIAS_COUNT_ZERO,REMOVED_FROM_PRODUCT_PUBLICATION,runtime:payment.request.p1_visible_c00fc55a25b8;global_ir_model_fields;dynamic_get_view_injection;formal_runtime_field_resolved;literal_view_reference
payment.request,p1_visible_c6b9a8cfdb21,receipt_type;type,char,,,product runtime,addons/smart_construction_core/models/support/p1_daily_business_visible_alias_fields.py:832-853,,,FORMAL_PRODUCT_REFERENCE,true,true,true,true,false,true,readonly_nonstored,payment_method;receipt_type;type,receipt_type;type,A_MAPPED_TO_FORMAL_PRODUCT_FIELD,MAP_TO_EXISTING_FORMAL_FIELD,true,HIGH_GLOBAL_DEFINITION,FORMAL_CONTRACT_ALIAS_COUNT_ZERO,REMOVED_FROM_PRODUCT_PUBLICATION,runtime:payment.request.p1_visible_c6b9a8cfdb21;global_ir_model_fields;dynamic_get_view_injection;formal_runtime_field_resolved;literal_view_reference
payment.request,p1_visible_ccfa1326c88f,payee_unit_display;partner_id,char,,,product runtime,addons/smart_construction_core/models/support/p1_daily_business_visible_alias_fields.py:832-853,,,FORMAL_PRODUCT_REFERENCE,true,true,true,true,false,true,readonly_nonstored,payee_unit_display;partner_id;receipt_partner_name;owner_id,payee_unit_display;partner_id,A_MAPPED_TO_FORMAL_PRODUCT_FIELD,MAP_TO_EXISTING_FORMAL_FIELD,true,HIGH_GLOBAL_DEFINITION,FORMAL_CONTRACT_ALIAS_COUNT_ZERO,REMOVED_FROM_PRODUCT_PUBLICATION,runtime:payment.request.p1_visible_ccfa1326c88f;global_ir_model_fields;dynamic_get_view_injection;formal_runtime_field_resolved;literal_view_reference
payment.request,p1_visible_cdac00d3097d,cost_type_display;cost_category_name,char,,,product runtime,addons/smart_construction_core/models/support/p1_daily_business_visible_alias_fields.py:832-853,,,FORMAL_PRODUCT_REFERENCE,true,true,true,true,false,true,readonly_nonstored,cost_type_display;cost_category_name,cost_type_display;cost_category_name,A_MAPPED_TO_FORMAL_PRODUCT_FIELD,MAP_TO_EXISTING_FORMAL_FIELD,true,HIGH_GLOBAL_DEFINITION,FORMAL_CONTRACT_ALIAS_COUNT_ZERO,REMOVED_FROM_PRODUCT_PUBLICATION,runtime:payment.request.p1_visible_cdac00d3097d;global_ir_model_fields;dynamic_get_view_injection;formal_runtime_field_resolved
payment.request,p1_visible_cf2988988f42,actual_payee_unit_display;actual_payee_unit;partner_id;payment_account_name,char,,,product runtime,addons/smart_construction_core/models/support/p1_daily_business_visible_alias_fields.py:832-853,,,FORMAL_PRODUCT_REFERENCE,true,true,true,true,false,true,readonly_nonstored,actual_payee_unit_display;actual_payee_unit;partner_id;receipt_partner_name;owner_id;payment_account_name,actual_payee_unit_display;actual_payee_unit;partner_id;payment_account_name,A_MAPPED_TO_FORMAL_PRODUCT_FIELD,MAP_TO_EXISTING_FORMAL_FIELD,true,HIGH_GLOBAL_DEFINITION,FORMAL_CONTRACT_ALIAS_COUNT_ZERO,REMOVED_FROM_PRODUCT_PUBLICATION,runtime:payment.request.p1_visible_cf2988988f42;global_ir_model_fields;dynamic_get_view_injection;formal_runtime_field_resolved
payment.request,p1_visible_dfc25d77dc39,source_created_at;created_time,char,,,product runtime,addons/smart_construction_core/models/support/p1_daily_business_visible_alias_fields.py:832-853,,,FORMAL_PRODUCT_REFERENCE,true,true,true,true,false,true,readonly_nonstored,source_created_at;created_time,source_created_at;created_time,A_MAPPED_TO_FORMAL_PRODUCT_FIELD,MAP_TO_EXISTING_FORMAL_FIELD,true,HIGH_GLOBAL_DEFINITION,FORMAL_CONTRACT_ALIAS_COUNT_ZERO,REMOVED_FROM_PRODUCT_PUBLICATION,runtime:payment.request.p1_visible_dfc25d77dc39;global_ir_model_fields;dynamic_get_view_injection;formal_runtime_field_resolved;literal_view_reference
payment.request,p1_visible_e0361480e3a5,note_display;note,char,,,product runtime,addons/smart_construction_core/models/support/p1_daily_business_visible_alias_fields.py:832-853,,,FORMAL_PRODUCT_REFERENCE,true,true,true,true,false,true,readonly_nonstored,note_display;note;purpose;description;remark,note_display;note,A_MAPPED_TO_FORMAL_PRODUCT_FIELD,MAP_TO_EXISTING_FORMAL_FIELD,true,HIGH_GLOBAL_DEFINITION,FORMAL_CONTRACT_ALIAS_COUNT_ZERO,REMOVED_FROM_PRODUCT_PUBLICATION,runtime:payment.request.p1_visible_e0361480e3a5;global_ir_model_fields;dynamic_get_view_injection;formal_runtime_field_resolved;literal_view_reference
payment.request,p1_visible_ee6a4d9e2956,source_created_by;creator_name,char,,,product runtime,addons/smart_construction_core/models/support/p1_daily_business_visible_alias_fields.py:832-853,,,FORMAL_PRODUCT_REFERENCE,true,true,true,true,false,true,readonly_nonstored,source_created_by;creator_name;requester_id;owner_id;handler_name,source_created_by;creator_name,A_MAPPED_TO_FORMAL_PRODUCT_FIELD,MAP_TO_EXISTING_FORMAL_FIELD,true,HIGH_GLOBAL_DEFINITION,FORMAL_CONTRACT_ALIAS_COUNT_ZERO,REMOVED_FROM_PRODUCT_PUBLICATION,runtime:payment.request.p1_visible_ee6a4d9e2956;global_ir_model_fields;dynamic_get_view_injection;formal_runtime_field_resolved;literal_view_reference
sc.business.entity,p1_visible_06fa8c6f628f,document_state_text;mapping_state,char,,,product runtime,addons/smart_construction_core/models/support/p1_daily_business_visible_alias_fields.py:832-853,,,FORMAL_PRODUCT_REFERENCE,true,true,true,true,false,true,readonly_nonstored,document_state_text;mapping_state;state;state_text,document_state_text;mapping_state,A_MAPPED_TO_FORMAL_PRODUCT_FIELD,MAP_TO_EXISTING_FORMAL_FIELD,true,HIGH_GLOBAL_DEFINITION,FORMAL_CONTRACT_ALIAS_COUNT_ZERO,REMOVED_FROM_PRODUCT_PUBLICATION,runtime:sc.business.entity.p1_visible_06fa8c6f628f;global_ir_model_fields;dynamic_get_view_injection;formal_runtime_field_resolved;literal_view_reference
sc.business.entity,p1_visible_0b959af0bd69,bank_account_no,char,,,product runtime,addons/smart_construction_core/models/support/p1_daily_business_visible_alias_fields.py:832-853,,,FORMAL_PRODUCT_REFERENCE,true,true,true,true,false,true,readonly_nonstored,bank_account_no;account_no;bank_account;payment_account_no;receipt_account_no,bank_account_no,A_MAPPED_TO_FORMAL_PRODUCT_FIELD,MAP_TO_EXISTING_FORMAL_FIELD,true,HIGH_GLOBAL_DEFINITION,FORMAL_CONTRACT_ALIAS_COUNT_ZERO,REMOVED_FROM_PRODUCT_PUBLICATION,runtime:sc.business.entity.p1_visible_0b959af0bd69;global_ir_model_fields;dynamic_get_view_injection;formal_runtime_field_resolved;literal_view_reference
sc.business.entity,p1_visible_0d083785a541,social_credit_code,char,,,product runtime,addons/smart_construction_core/models/support/p1_daily_business_visible_alias_fields.py:832-853,,,FORMAL_PRODUCT_REFERENCE,true,true,true,true,false,true,readonly_nonstored,social_credit_code,social_credit_code,A_MAPPED_TO_FORMAL_PRODUCT_FIELD,MAP_TO_EXISTING_FORMAL_FIELD,true,HIGH_GLOBAL_DEFINITION,FORMAL_CONTRACT_ALIAS_COUNT_ZERO,REMOVED_FROM_PRODUCT_PUBLICATION,runtime:sc.business.entity.p1_visible_0d083785a541;global_ir_model_fields;dynamic_get_view_injection;formal_runtime_field_resolved;literal_view_reference
sc.business.entity,p1_visible_0faf3e63f1f4,cooperation_type,char,,,product runtime,addons/smart_construction_core/models/support/p1_daily_business_visible_alias_fields.py:832-853,,,FORMAL_PRODUCT_REFERENCE,true,true,true,true,false,true,readonly_nonstored,cooperation_type,cooperation_type,A_MAPPED_TO_FORMAL_PRODUCT_FIELD,MAP_TO_EXISTING_FORMAL_FIELD,true,HIGH_GLOBAL_DEFINITION,FORMAL_CONTRACT_ALIAS_COUNT_ZERO,REMOVED_FROM_PRODUCT_PUBLICATION,runtime:sc.business.entity.p1_visible_0faf3e63f1f4;global_ir_model_fields;dynamic_get_view_injection;formal_runtime_field_resolved;literal_view_reference
sc.business.entity,p1_visible_25b047589d9e,bank_name,char,,,product runtime,addons/smart_construction_core/models/support/p1_daily_business_visible_alias_fields.py:832-853,,,FORMAL_PRODUCT_REFERENCE,true,true,true,true,false,true,readonly_nonstored,bank_name,bank_name,A_MAPPED_TO_FORMAL_PRODUCT_FIELD,MAP_TO_EXISTING_FORMAL_FIELD,true,HIGH_GLOBAL_DEFINITION,FORMAL_CONTRACT_ALIAS_COUNT_ZERO,REMOVED_FROM_PRODUCT_PUBLICATION,runtime:sc.business.entity.p1_visible_25b047589d9e;global_ir_model_fields;dynamic_get_view_injection;formal_runtime_field_resolved;literal_view_reference
sc.business.entity,p1_visible_3e0225610e0b,name;partner_id,char,,,product runtime,addons/smart_construction_core/models/support/p1_daily_business_visible_alias_fields.py:832-853,,,FORMAL_PRODUCT_REFERENCE,true,true,true,true,false,true,readonly_nonstored,name;partner_id,name;partner_id,A_MAPPED_TO_FORMAL_PRODUCT_FIELD,MAP_TO_EXISTING_FORMAL_FIELD,true,HIGH_GLOBAL_DEFINITION,FORMAL_CONTRACT_ALIAS_COUNT_ZERO,REMOVED_FROM_PRODUCT_PUBLICATION,runtime:sc.business.entity.p1_visible_3e0225610e0b;global_ir_model_fields;dynamic_get_view_injection;formal_runtime_field_resolved;literal_view_reference
sc.business.entity,p1_visible_3e7255522b33,project_name,char,,,product runtime,addons/smart_construction_core/models/support/p1_daily_business_visible_alias_fields.py:832-853,,,FORMAL_PRODUCT_REFERENCE,true,true,true,true,false,true,readonly_nonstored,project_name;project_id,project_name,A_MAPPED_TO_FORMAL_PRODUCT_FIELD,MAP_TO_EXISTING_FORMAL_FIELD,true,HIGH_GLOBAL_DEFINITION,FORMAL_CONTRACT_ALIAS_COUNT_ZERO,REMOVED_FROM_PRODUCT_PUBLICATION,runtime:sc.business.entity.p1_visible_3e7255522b33;global_ir_model_fields;dynamic_get_view_injection;formal_runtime_field_resolved;literal_view_reference
sc.business.entity,p1_visible_53178a0b4360,receipt_amount,char,,,product runtime,addons/smart_construction_core/models/support/p1_daily_business_visible_alias_fields.py:832-853,,,FORMAL_PRODUCT_REFERENCE,true,true,true,true,false,true,readonly_nonstored,receipt_amount,receipt_amount,A_MAPPED_TO_FORMAL_PRODUCT_FIELD,MAP_TO_EXISTING_FORMAL_FIELD,true,HIGH_GLOBAL_DEFINITION,FORMAL_CONTRACT_ALIAS_COUNT_ZERO,REMOVED_FROM_PRODUCT_PUBLICATION,runtime:sc.business.entity.p1_visible_53178a0b4360;global_ir_model_fields;dynamic_get_view_injection;formal_runtime_field_resolved;literal_view_reference
sc.business.entity,p1_visible_7b434f7160f0,bank_account_holder,char,,,product runtime,addons/smart_construction_core/models/support/p1_daily_business_visible_alias_fields.py:832-853,,,FORMAL_PRODUCT_REFERENCE,true,true,true,true,false,true,readonly_nonstored,bank_account_holder,bank_account_holder,A_MAPPED_TO_FORMAL_PRODUCT_FIELD,MAP_TO_EXISTING_FORMAL_FIELD,true,HIGH_GLOBAL_DEFINITION,FORMAL_CONTRACT_ALIAS_COUNT_ZERO,REMOVED_FROM_PRODUCT_PUBLICATION,runtime:sc.business.entity.p1_visible_7b434f7160f0;global_ir_model_fields;dynamic_get_view_injection;formal_runtime_field_resolved;literal_view_reference
sc.business.entity,p1_visible_901384917949,bank_account_no,char,,,product runtime,addons/smart_construction_core/models/support/p1_daily_business_visible_alias_fields.py:832-853,,,FORMAL_PRODUCT_REFERENCE,true,true,true,true,false,true,readonly_nonstored,bank_account_no;account_no;payment_account_no;receipt_account_no;partner_bank_account,bank_account_no,A_MAPPED_TO_FORMAL_PRODUCT_FIELD,MAP_TO_EXISTING_FORMAL_FIELD,true,HIGH_GLOBAL_DEFINITION,FORMAL_CONTRACT_ALIAS_COUNT_ZERO,REMOVED_FROM_PRODUCT_PUBLICATION,runtime:sc.business.entity.p1_visible_901384917949;global_ir_model_fields;dynamic_get_view_injection;formal_runtime_field_resolved;literal_view_reference
sc.business.entity,p1_visible_cf4210e06be7,name,char,,,product runtime,addons/smart_construction_core/models/support/p1_daily_business_visible_alias_fields.py:832-853,,,FORMAL_PRODUCT_REFERENCE,true,true,true,true,false,true,readonly_nonstored,name,name,A_MAPPED_TO_FORMAL_PRODUCT_FIELD,MAP_TO_EXISTING_FORMAL_FIELD,true,HIGH_GLOBAL_DEFINITION,FORMAL_CONTRACT_ALIAS_COUNT_ZERO,REMOVED_FROM_PRODUCT_PUBLICATION,runtime:sc.business.entity.p1_visible_cf4210e06be7;global_ir_model_fields;dynamic_get_view_injection;formal_runtime_field_resolved;literal_view_reference
sc.business.entity,p1_visible_d890d302f7f7,payment_amount,char,,,product runtime,addons/smart_construction_core/models/support/p1_daily_business_visible_alias_fields.py:832-853,,,FORMAL_PRODUCT_REFERENCE,true,true,true,true,false,true,readonly_nonstored,payment_amount;paid_amount;amount,payment_amount,A_MAPPED_TO_FORMAL_PRODUCT_FIELD,MAP_TO_EXISTING_FORMAL_FIELD,true,HIGH_GLOBAL_DEFINITION,FORMAL_CONTRACT_ALIAS_COUNT_ZERO,REMOVED_FROM_PRODUCT_PUBLICATION,runtime:sc.business.entity.p1_visible_d890d302f7f7;global_ir_model_fields;dynamic_get_view_injection;formal_runtime_field_resolved;literal_view_reference
sc.business.entity,p1_visible_dfc25d77dc39,entry_time;source_created_at,char,,,product runtime,addons/smart_construction_core/models/support/p1_daily_business_visible_alias_fields.py:832-853,,,FORMAL_PRODUCT_REFERENCE,true,true,true,true,false,true,readonly_nonstored,entry_time;source_created_at;created_time,entry_time;source_created_at,A_MAPPED_TO_FORMAL_PRODUCT_FIELD,MAP_TO_EXISTING_FORMAL_FIELD,true,HIGH_GLOBAL_DEFINITION,FORMAL_CONTRACT_ALIAS_COUNT_ZERO,REMOVED_FROM_PRODUCT_PUBLICATION,runtime:sc.business.entity.p1_visible_dfc25d77dc39;global_ir_model_fields;dynamic_get_view_injection;formal_runtime_field_resolved;literal_view_reference
sc.business.entity,p1_visible_ecaf440fd399,bank_account_no,char,,,product runtime,addons/smart_construction_core/models/support/p1_daily_business_visible_alias_fields.py:832-853,,,FORMAL_PRODUCT_REFERENCE,true,true,true,true,false,true,readonly_nonstored,bank_account_no;account_no;bank_account,bank_account_no,A_MAPPED_TO_FORMAL_PRODUCT_FIELD,MAP_TO_EXISTING_FORMAL_FIELD,true,HIGH_GLOBAL_DEFINITION,FORMAL_CONTRACT_ALIAS_COUNT_ZERO,REMOVED_FROM_PRODUCT_PUBLICATION,runtime:sc.business.entity.p1_visible_ecaf440fd399;global_ir_model_fields;dynamic_get_view_injection;formal_runtime_field_resolved;literal_view_reference
sc.business.entity,p1_visible_ee6a4d9e2956,entry_user_name;source_created_by,char,,,product runtime,addons/smart_construction_core/models/support/p1_daily_business_visible_alias_fields.py:832-853,,,FORMAL_PRODUCT_REFERENCE,true,true,true,true,false,true,readonly_nonstored,entry_user_name;source_created_by;creator_name;requester_id;owner_id;handler_name,entry_user_name;source_created_by,A_MAPPED_TO_FORMAL_PRODUCT_FIELD,MAP_TO_EXISTING_FORMAL_FIELD,true,HIGH_GLOBAL_DEFINITION,FORMAL_CONTRACT_ALIAS_COUNT_ZERO,REMOVED_FROM_PRODUCT_PUBLICATION,runtime:sc.business.entity.p1_visible_ee6a4d9e2956;global_ir_model_fields;dynamic_get_view_injection;formal_runtime_field_resolved;literal_view_reference
sc.business.entity,p1_visible_f22832ce4781,push_result,char,,,product runtime,addons/smart_construction_core/models/support/p1_daily_business_visible_alias_fields.py:832-853,,,FORMAL_PRODUCT_REFERENCE,true,true,true,true,false,true,readonly_nonstored,push_result;sync_state;state,push_result,A_MAPPED_TO_FORMAL_PRODUCT_FIELD,MAP_TO_EXISTING_FORMAL_FIELD,true,HIGH_GLOBAL_DEFINITION,FORMAL_CONTRACT_ALIAS_COUNT_ZERO,REMOVED_FROM_PRODUCT_PUBLICATION,runtime:sc.business.entity.p1_visible_f22832ce4781;global_ir_model_fields;dynamic_get_view_injection;formal_runtime_field_resolved;literal_view_reference
sc.business.entity,p1_visible_ff13e7689bd2,main_tax_rate,char,,,product runtime,addons/smart_construction_core/models/support/p1_daily_business_visible_alias_fields.py:832-853,,,FORMAL_PRODUCT_REFERENCE,true,true,true,true,false,true,readonly_nonstored,main_tax_rate,main_tax_rate,A_MAPPED_TO_FORMAL_PRODUCT_FIELD,MAP_TO_EXISTING_FORMAL_FIELD,true,HIGH_GLOBAL_DEFINITION,FORMAL_CONTRACT_ALIAS_COUNT_ZERO,REMOVED_FROM_PRODUCT_PUBLICATION,runtime:sc.business.entity.p1_visible_ff13e7689bd2;global_ir_model_fields;dynamic_get_view_injection;formal_runtime_field_resolved;literal_view_reference
sc.construction.diary,p1_visible_06fa8c6f628f,state,char,,,product runtime,addons/smart_construction_core/models/support/p1_daily_business_visible_alias_fields.py:832-853,,,FORMAL_PRODUCT_REFERENCE,true,true,true,true,false,true,readonly_nonstored,state;state_text,state,A_MAPPED_TO_FORMAL_PRODUCT_FIELD,MAP_TO_EXISTING_FORMAL_FIELD,true,HIGH_GLOBAL_DEFINITION,FORMAL_CONTRACT_ALIAS_COUNT_ZERO,REMOVED_FROM_PRODUCT_PUBLICATION,runtime:sc.construction.diary.p1_visible_06fa8c6f628f;global_ir_model_fields;dynamic_get_view_injection;formal_runtime_field_resolved;literal_view_reference
sc.construction.diary,p1_visible_364d38fc2b37,weather,char,,,product runtime,addons/smart_construction_core/models/support/p1_daily_business_visible_alias_fields.py:832-853,,,FORMAL_PRODUCT_REFERENCE,true,true,true,true,false,true,readonly_nonstored,morning_weather;weather,weather,A_MAPPED_TO_FORMAL_PRODUCT_FIELD,MAP_TO_EXISTING_FORMAL_FIELD,true,HIGH_GLOBAL_DEFINITION,FORMAL_CONTRACT_ALIAS_COUNT_ZERO,REMOVED_FROM_PRODUCT_PUBLICATION,runtime:sc.construction.diary.p1_visible_364d38fc2b37;global_ir_model_fields;dynamic_get_view_injection;formal_runtime_field_resolved;literal_view_reference
sc.construction.diary,p1_visible_3e7255522b33,project_id,char,,,product runtime,addons/smart_construction_core/models/support/p1_daily_business_visible_alias_fields.py:832-853,,,FORMAL_PRODUCT_REFERENCE,true,true,true,true,false,true,readonly_nonstored,project_id,project_id,A_MAPPED_TO_FORMAL_PRODUCT_FIELD,MAP_TO_EXISTING_FORMAL_FIELD,true,HIGH_GLOBAL_DEFINITION,FORMAL_CONTRACT_ALIAS_COUNT_ZERO,REMOVED_FROM_PRODUCT_PUBLICATION,runtime:sc.construction.diary.p1_visible_3e7255522b33;global_ir_model_fields;dynamic_get_view_injection;formal_runtime_field_resolved;literal_view_reference
sc.construction.diary,p1_visible_73bf794d61b3,attendance_equipment,char,,,product runtime,addons/smart_construction_core/models/support/p1_daily_business_visible_alias_fields.py:832-853,,,FORMAL_PRODUCT_REFERENCE,true,true,true,true,false,true,readonly_nonstored,attendance_equipment,attendance_equipment,A_MAPPED_TO_FORMAL_PRODUCT_FIELD,MAP_TO_EXISTING_FORMAL_FIELD,true,HIGH_GLOBAL_DEFINITION,FORMAL_CONTRACT_ALIAS_COUNT_ZERO,REMOVED_FROM_PRODUCT_PUBLICATION,runtime:sc.construction.diary.p1_visible_73bf794d61b3;global_ir_model_fields;dynamic_get_view_injection;formal_runtime_field_resolved;literal_view_reference
sc.construction.diary,p1_visible_853e6ba25fc5,weather,char,,,product runtime,addons/smart_construction_core/models/support/p1_daily_business_visible_alias_fields.py:832-853,,,FORMAL_PRODUCT_REFERENCE,true,true,true,true,false,true,readonly_nonstored,afternoon_weather;weather,weather,A_MAPPED_TO_FORMAL_PRODUCT_FIELD,MAP_TO_EXISTING_FORMAL_FIELD,true,HIGH_GLOBAL_DEFINITION,FORMAL_CONTRACT_ALIAS_COUNT_ZERO,REMOVED_FROM_PRODUCT_PUBLICATION,runtime:sc.construction.diary.p1_visible_853e6ba25fc5;global_ir_model_fields;dynamic_get_view_injection;formal_runtime_field_resolved;literal_view_reference
sc.construction.diary,p1_visible_8fa8662ad38f,document_no;name,char,,,product runtime,addons/smart_construction_core/models/support/p1_daily_business_visible_alias_fields.py:832-853,,,FORMAL_PRODUCT_REFERENCE,true,true,true,true,false,true,readonly_nonstored,document_no;name,document_no;name,A_MAPPED_TO_FORMAL_PRODUCT_FIELD,MAP_TO_EXISTING_FORMAL_FIELD,true,HIGH_GLOBAL_DEFINITION,FORMAL_CONTRACT_ALIAS_COUNT_ZERO,REMOVED_FROM_PRODUCT_PUBLICATION,runtime:sc.construction.diary.p1_visible_8fa8662ad38f;global_ir_model_fields;dynamic_get_view_injection;formal_runtime_field_resolved;literal_view_reference
sc.construction.diary,p1_visible_99f6fe6c41ad,attachment_ids;message_attachment_count,char,,,product runtime,addons/smart_construction_core/models/support/p1_daily_business_visible_alias_fields.py:832-853,,,FORMAL_PRODUCT_REFERENCE,true,true,true,true,false,true,readonly_nonstored,attachment_ids;biz_attachment_ids;tech_attachment_ids;message_attachment_count,attachment_ids;message_attachment_count,A_MAPPED_TO_FORMAL_PRODUCT_FIELD,MAP_TO_EXISTING_FORMAL_FIELD,true,HIGH_GLOBAL_DEFINITION,FORMAL_CONTRACT_ALIAS_COUNT_ZERO,REMOVED_FROM_PRODUCT_PUBLICATION,runtime:sc.construction.diary.p1_visible_99f6fe6c41ad;global_ir_model_fields;dynamic_get_view_injection;formal_runtime_field_resolved;literal_view_reference
sc.construction.diary,p1_visible_ae8c5d45f392,description,char,,,product runtime,addons/smart_construction_core/models/support/p1_daily_business_visible_alias_fields.py:832-853,,,FORMAL_PRODUCT_REFERENCE,true,true,true,true,false,true,readonly_nonstored,construction_part;usage_location;description,description,A_MAPPED_TO_FORMAL_PRODUCT_FIELD,MAP_TO_EXISTING_FORMAL_FIELD,true,HIGH_GLOBAL_DEFINITION,FORMAL_CONTRACT_ALIAS_COUNT_ZERO,REMOVED_FROM_PRODUCT_PUBLICATION,runtime:sc.construction.diary.p1_visible_ae8c5d45f392;global_ir_model_fields;dynamic_get_view_injection;formal_runtime_field_resolved;literal_view_reference
sc.construction.diary,p1_visible_b18125817eb9,handler_name;project_manager,char,,,product runtime,addons/smart_construction_core/models/support/p1_daily_business_visible_alias_fields.py:832-853,,,FORMAL_PRODUCT_REFERENCE,true,true,true,true,false,true,readonly_nonstored,handler_name;project_manager;owner_id,handler_name;project_manager,A_MAPPED_TO_FORMAL_PRODUCT_FIELD,MAP_TO_EXISTING_FORMAL_FIELD,true,HIGH_GLOBAL_DEFINITION,FORMAL_CONTRACT_ALIAS_COUNT_ZERO,REMOVED_FROM_PRODUCT_PUBLICATION,runtime:sc.construction.diary.p1_visible_b18125817eb9;global_ir_model_fields;dynamic_get_view_injection;formal_runtime_field_resolved;literal_view_reference
sc.construction.diary,p1_visible_b6fed9af8313,date_diary;report_period_start,char,,,product runtime,addons/smart_construction_core/models/support/p1_daily_business_visible_alias_fields.py:832-853,,,FORMAL_PRODUCT_REFERENCE,true,true,true,true,false,true,readonly_nonstored,date_diary;document_date;report_period_start,date_diary;report_period_start,A_MAPPED_TO_FORMAL_PRODUCT_FIELD,MAP_TO_EXISTING_FORMAL_FIELD,true,HIGH_GLOBAL_DEFINITION,FORMAL_CONTRACT_ALIAS_COUNT_ZERO,REMOVED_FROM_PRODUCT_PUBLICATION,runtime:sc.construction.diary.p1_visible_b6fed9af8313;global_ir_model_fields;dynamic_get_view_injection;formal_runtime_field_resolved;literal_view_reference
sc.construction.diary,p1_visible_bd3c202b3612,description;header_description,char,,,product runtime,addons/smart_construction_core/models/support/p1_daily_business_visible_alias_fields.py:832-853,,,FORMAL_PRODUCT_REFERENCE,true,true,true,true,false,true,readonly_nonstored,description;header_description,description;header_description,A_MAPPED_TO_FORMAL_PRODUCT_FIELD,MAP_TO_EXISTING_FORMAL_FIELD,true,HIGH_GLOBAL_DEFINITION,FORMAL_CONTRACT_ALIAS_COUNT_ZERO,REMOVED_FROM_PRODUCT_PUBLICATION,runtime:sc.construction.diary.p1_visible_bd3c202b3612;global_ir_model_fields;dynamic_get_view_injection;formal_runtime_field_resolved;literal_view_reference
sc.construction.diary,p1_visible_c27cdbf90458,manpower_count,char,,,product runtime,addons/smart_construction_core/models/support/p1_daily_business_visible_alias_fields.py:832-853,,,FORMAL_PRODUCT_REFERENCE,true,true,true,true,false,true,readonly_nonstored,manpower_count,manpower_count,A_MAPPED_TO_FORMAL_PRODUCT_FIELD,MAP_TO_EXISTING_FORMAL_FIELD,true,HIGH_GLOBAL_DEFINITION,FORMAL_CONTRACT_ALIAS_COUNT_ZERO,REMOVED_FROM_PRODUCT_PUBLICATION,runtime:sc.construction.diary.p1_visible_c27cdbf90458;global_ir_model_fields;dynamic_get_view_injection;formal_runtime_field_resolved;literal_view_reference
sc.construction.diary,p1_visible_d3bea9efb1b9,weather,char,,,product runtime,addons/smart_construction_core/models/support/p1_daily_business_visible_alias_fields.py:832-853,,,FORMAL_PRODUCT_REFERENCE,true,true,true,true,false,true,readonly_nonstored,temperature;weather,weather,A_MAPPED_TO_FORMAL_PRODUCT_FIELD,MAP_TO_EXISTING_FORMAL_FIELD,true,HIGH_GLOBAL_DEFINITION,FORMAL_CONTRACT_ALIAS_COUNT_ZERO,REMOVED_FROM_PRODUCT_PUBLICATION,runtime:sc.construction.diary.p1_visible_d3bea9efb1b9;global_ir_model_fields;dynamic_get_view_injection;formal_runtime_field_resolved;literal_view_reference
sc.construction.diary,p1_visible_df39195d3c5c,quality_name,char,,,product runtime,addons/smart_construction_core/models/support/p1_daily_business_visible_alias_fields.py:832-853,,,FORMAL_PRODUCT_REFERENCE,true,true,true,true,false,true,readonly_nonstored,quality_name,quality_name,A_MAPPED_TO_FORMAL_PRODUCT_FIELD,MAP_TO_EXISTING_FORMAL_FIELD,true,HIGH_GLOBAL_DEFINITION,FORMAL_CONTRACT_ALIAS_COUNT_ZERO,REMOVED_FROM_PRODUCT_PUBLICATION,runtime:sc.construction.diary.p1_visible_df39195d3c5c;global_ir_model_fields;dynamic_get_view_injection;formal_runtime_field_resolved;literal_view_reference
sc.construction.diary,p1_visible_dfc25d77dc39,source_created_at,char,,,product runtime,addons/smart_construction_core/models/support/p1_daily_business_visible_alias_fields.py:832-853,,,FORMAL_PRODUCT_REFERENCE,true,true,true,true,false,true,readonly_nonstored,source_created_at;created_time,source_created_at,A_MAPPED_TO_FORMAL_PRODUCT_FIELD,MAP_TO_EXISTING_FORMAL_FIELD,true,HIGH_GLOBAL_DEFINITION,FORMAL_CONTRACT_ALIAS_COUNT_ZERO,REMOVED_FROM_PRODUCT_PUBLICATION,runtime:sc.construction.diary.p1_visible_dfc25d77dc39;global_ir_model_fields;dynamic_get_view_injection;formal_runtime_field_resolved;literal_view_reference
sc.construction.diary,p1_visible_e0361480e3a5,note;description,char,,,product runtime,addons/smart_construction_core/models/support/p1_daily_business_visible_alias_fields.py:832-853,,,FORMAL_PRODUCT_REFERENCE,true,true,true,true,false,true,readonly_nonstored,note;purpose;description;remark,note;description,A_MAPPED_TO_FORMAL_PRODUCT_FIELD,MAP_TO_EXISTING_FORMAL_FIELD,true,HIGH_GLOBAL_DEFINITION,FORMAL_CONTRACT_ALIAS_COUNT_ZERO,REMOVED_FROM_PRODUCT_PUBLICATION,runtime:sc.construction.diary.p1_visible_e0361480e3a5;global_ir_model_fields;dynamic_get_view_injection;formal_runtime_field_resolved;literal_view_reference
sc.construction.diary,p1_visible_ee6a4d9e2956,source_created_by;handler_name,char,,,product runtime,addons/smart_construction_core/models/support/p1_daily_business_visible_alias_fields.py:832-853,,,FORMAL_PRODUCT_REFERENCE,true,true,true,true,false,true,readonly_nonstored,source_created_by;creator_name;requester_id;owner_id;handler_name,source_created_by;handler_name,A_MAPPED_TO_FORMAL_PRODUCT_FIELD,MAP_TO_EXISTING_FORMAL_FIELD,true,HIGH_GLOBAL_DEFINITION,FORMAL_CONTRACT_ALIAS_COUNT_ZERO,REMOVED_FROM_PRODUCT_PUBLICATION,runtime:sc.construction.diary.p1_visible_ee6a4d9e2956;global_ir_model_fields;dynamic_get_view_injection;formal_runtime_field_resolved;literal_view_reference
sc.construction.diary,p1_visible_f11e4f6f4dbe,handler_name;source_created_by,char,,,product runtime,addons/smart_construction_core/models/support/p1_daily_business_visible_alias_fields.py:832-853,,,FORMAL_PRODUCT_REFERENCE,true,true,true,true,false,true,readonly_nonstored,handler_name;source_created_by;creator_name,handler_name;source_created_by,A_MAPPED_TO_FORMAL_PRODUCT_FIELD,MAP_TO_EXISTING_FORMAL_FIELD,true,HIGH_GLOBAL_DEFINITION,FORMAL_CONTRACT_ALIAS_COUNT_ZERO,REMOVED_FROM_PRODUCT_PUBLICATION,runtime:sc.construction.diary.p1_visible_f11e4f6f4dbe;global_ir_model_fields;dynamic_get_view_injection;formal_runtime_field_resolved;literal_view_reference
sc.document.admin.document,p1_visible_000378f72584,borrow_department_name,char,,,product runtime,addons/smart_construction_core/models/support/p1_daily_business_visible_alias_fields.py:832-853,,,FORMAL_PRODUCT_REFERENCE,true,true,true,true,false,true,readonly_nonstored,borrow_department_name,borrow_department_name,A_MAPPED_TO_FORMAL_PRODUCT_FIELD,MAP_TO_EXISTING_FORMAL_FIELD,true,HIGH_GLOBAL_DEFINITION,FORMAL_CONTRACT_ALIAS_COUNT_ZERO,REMOVED_FROM_PRODUCT_PUBLICATION,runtime:sc.document.admin.document.p1_visible_000378f72584;global_ir_model_fields;dynamic_get_view_injection;formal_runtime_field_resolved;literal_view_reference
sc.document.admin.document,p1_visible_06fa8c6f628f,state,char,,,product runtime,addons/smart_construction_core/models/support/p1_daily_business_visible_alias_fields.py:832-853,,,FORMAL_PRODUCT_REFERENCE,true,true,true,true,false,true,readonly_nonstored,state;state_text,state,A_MAPPED_TO_FORMAL_PRODUCT_FIELD,MAP_TO_EXISTING_FORMAL_FIELD,true,HIGH_GLOBAL_DEFINITION,FORMAL_CONTRACT_ALIAS_COUNT_ZERO,REMOVED_FROM_PRODUCT_PUBLICATION,runtime:sc.document.admin.document.p1_visible_06fa8c6f628f;global_ir_model_fields;dynamic_get_view_injection;formal_runtime_field_resolved;literal_view_reference
sc.document.admin.document,p1_visible_0791e483b4d2,document_admin_description_display,char,,,product runtime,addons/smart_construction_core/models/support/p1_daily_business_visible_alias_fields.py:832-853,,,FORMAL_PRODUCT_REFERENCE,true,true,true,true,false,true,readonly_nonstored,document_admin_description_display,document_admin_description_display,A_MAPPED_TO_FORMAL_PRODUCT_FIELD,MAP_TO_EXISTING_FORMAL_FIELD,true,HIGH_GLOBAL_DEFINITION,FORMAL_CONTRACT_ALIAS_COUNT_ZERO,REMOVED_FROM_PRODUCT_PUBLICATION,runtime:sc.document.admin.document.p1_visible_0791e483b4d2;global_ir_model_fields;dynamic_get_view_injection;formal_runtime_field_resolved;literal_view_reference
sc.document.admin.document,p1_visible_0f851fd0b341,review_time,char,,,product runtime,addons/smart_construction_core/models/support/p1_daily_business_visible_alias_fields.py:832-853,,,FORMAL_PRODUCT_REFERENCE,true,true,true,true,false,true,readonly_nonstored,review_time,review_time,A_MAPPED_TO_FORMAL_PRODUCT_FIELD,MAP_TO_EXISTING_FORMAL_FIELD,true,HIGH_GLOBAL_DEFINITION,FORMAL_CONTRACT_ALIAS_COUNT_ZERO,REMOVED_FROM_PRODUCT_PUBLICATION,runtime:sc.document.admin.document.p1_visible_0f851fd0b341;global_ir_model_fields;dynamic_get_view_injection;formal_runtime_field_resolved;literal_view_reference
sc.document.admin.document,p1_visible_175a9b118cfb,return_request_date,char,,,product runtime,addons/smart_construction_core/models/support/p1_daily_business_visible_alias_fields.py:832-853,,,FORMAL_PRODUCT_REFERENCE,true,true,true,true,false,true,readonly_nonstored,return_request_date,return_request_date,A_MAPPED_TO_FORMAL_PRODUCT_FIELD,MAP_TO_EXISTING_FORMAL_FIELD,true,HIGH_GLOBAL_DEFINITION,FORMAL_CONTRACT_ALIAS_COUNT_ZERO,REMOVED_FROM_PRODUCT_PUBLICATION,runtime:sc.document.admin.document.p1_visible_175a9b118cfb;global_ir_model_fields;dynamic_get_view_injection;formal_runtime_field_resolved;literal_view_reference
sc.document.admin.document,p1_visible_17a5ebcb2d04,document_title;certificate_name,char,,,product runtime,addons/smart_construction_core/models/support/p1_daily_business_visible_alias_fields.py:832-853,,,FORMAL_PRODUCT_REFERENCE,true,true,true,true,false,true,readonly_nonstored,document_title;certificate_name,document_title;certificate_name,A_MAPPED_TO_FORMAL_PRODUCT_FIELD,MAP_TO_EXISTING_FORMAL_FIELD,true,HIGH_GLOBAL_DEFINITION,FORMAL_CONTRACT_ALIAS_COUNT_ZERO,REMOVED_FROM_PRODUCT_PUBLICATION,runtime:sc.document.admin.document.p1_visible_17a5ebcb2d04;global_ir_model_fields;dynamic_get_view_injection;formal_runtime_field_resolved;literal_view_reference
sc.document.admin.document,p1_visible_1a3669b6d0b3,actual_return_date,char,,,product runtime,addons/smart_construction_core/models/support/p1_daily_business_visible_alias_fields.py:832-853,,,FORMAL_PRODUCT_REFERENCE,true,true,true,true,false,true,readonly_nonstored,actual_return_date,actual_return_date,A_MAPPED_TO_FORMAL_PRODUCT_FIELD,MAP_TO_EXISTING_FORMAL_FIELD,true,HIGH_GLOBAL_DEFINITION,FORMAL_CONTRACT_ALIAS_COUNT_ZERO,REMOVED_FROM_PRODUCT_PUBLICATION,runtime:sc.document.admin.document.p1_visible_1a3669b6d0b3;global_ir_model_fields;dynamic_get_view_injection;formal_runtime_field_resolved;literal_view_reference
sc.document.admin.document,p1_visible_222460c095e3,valid_until,char,,,product runtime,addons/smart_construction_core/models/support/p1_daily_business_visible_alias_fields.py:832-853,,,FORMAL_PRODUCT_REFERENCE,true,true,true,true,false,true,readonly_nonstored,valid_until,valid_until,A_MAPPED_TO_FORMAL_PRODUCT_FIELD,MAP_TO_EXISTING_FORMAL_FIELD,true,HIGH_GLOBAL_DEFINITION,FORMAL_CONTRACT_ALIAS_COUNT_ZERO,REMOVED_FROM_PRODUCT_PUBLICATION,runtime:sc.document.admin.document.p1_visible_222460c095e3;global_ir_model_fields;dynamic_get_view_injection;formal_runtime_field_resolved;literal_view_reference
sc.document.admin.document,p1_visible_28507194f2ef,returned_flag,char,,,product runtime,addons/smart_construction_core/models/support/p1_daily_business_visible_alias_fields.py:832-853,,,FORMAL_PRODUCT_REFERENCE,true,true,true,true,false,true,readonly_nonstored,returned_flag,returned_flag,A_MAPPED_TO_FORMAL_PRODUCT_FIELD,MAP_TO_EXISTING_FORMAL_FIELD,true,HIGH_GLOBAL_DEFINITION,FORMAL_CONTRACT_ALIAS_COUNT_ZERO,REMOVED_FROM_PRODUCT_PUBLICATION,runtime:sc.document.admin.document.p1_visible_28507194f2ef;global_ir_model_fields;dynamic_get_view_injection;formal_runtime_field_resolved;literal_view_reference
sc.document.admin.document,p1_visible_2c346345746e,application_date;create_date,char,,,product runtime,addons/smart_construction_core/models/support/p1_daily_business_visible_alias_fields.py:832-853,,,FORMAL_PRODUCT_REFERENCE,true,true,true,true,false,true,readonly_nonstored,application_date;create_date;request_date;date_request;document_date,application_date;create_date,A_MAPPED_TO_FORMAL_PRODUCT_FIELD,MAP_TO_EXISTING_FORMAL_FIELD,true,HIGH_GLOBAL_DEFINITION,FORMAL_CONTRACT_ALIAS_COUNT_ZERO,REMOVED_FROM_PRODUCT_PUBLICATION,runtime:sc.document.admin.document.p1_visible_2c346345746e;global_ir_model_fields;dynamic_get_view_injection;formal_runtime_field_resolved;literal_view_reference
sc.document.admin.document,p1_visible_30187403acc2,borrow_date,char,,,product runtime,addons/smart_construction_core/models/support/p1_daily_business_visible_alias_fields.py:832-853,,,FORMAL_PRODUCT_REFERENCE,true,true,true,true,false,true,readonly_nonstored,borrow_date,borrow_date,A_MAPPED_TO_FORMAL_PRODUCT_FIELD,MAP_TO_EXISTING_FORMAL_FIELD,true,HIGH_GLOBAL_DEFINITION,FORMAL_CONTRACT_ALIAS_COUNT_ZERO,REMOVED_FROM_PRODUCT_PUBLICATION,runtime:sc.document.admin.document.p1_visible_30187403acc2;global_ir_model_fields;dynamic_get_view_injection;formal_runtime_field_resolved;literal_view_reference
sc.document.admin.document,p1_visible_3e7255522b33,borrow_project_name;project_id,char,,,product runtime,addons/smart_construction_core/models/support/p1_daily_business_visible_alias_fields.py:832-853,,,FORMAL_PRODUCT_REFERENCE,true,true,true,true,false,true,readonly_nonstored,borrow_project_name;project_id,borrow_project_name;project_id,A_MAPPED_TO_FORMAL_PRODUCT_FIELD,MAP_TO_EXISTING_FORMAL_FIELD,true,HIGH_GLOBAL_DEFINITION,FORMAL_CONTRACT_ALIAS_COUNT_ZERO,REMOVED_FROM_PRODUCT_PUBLICATION,runtime:sc.document.admin.document.p1_visible_3e7255522b33;global_ir_model_fields;dynamic_get_view_injection;formal_runtime_field_resolved;literal_view_reference
sc.document.admin.document,p1_visible_5b4aca8845f1,return_apply_time,char,,,product runtime,addons/smart_construction_core/models/support/p1_daily_business_visible_alias_fields.py:832-853,,,FORMAL_PRODUCT_REFERENCE,true,true,true,true,false,true,readonly_nonstored,return_apply_time,return_apply_time,A_MAPPED_TO_FORMAL_PRODUCT_FIELD,MAP_TO_EXISTING_FORMAL_FIELD,true,HIGH_GLOBAL_DEFINITION,FORMAL_CONTRACT_ALIAS_COUNT_ZERO,REMOVED_FROM_PRODUCT_PUBLICATION,runtime:sc.document.admin.document.p1_visible_5b4aca8845f1;global_ir_model_fields;dynamic_get_view_injection;formal_runtime_field_resolved;literal_view_reference
sc.document.admin.document,p1_visible_60beedc8f22b,borrower_contact,char,,,product runtime,addons/smart_construction_core/models/support/p1_daily_business_visible_alias_fields.py:832-853,,,FORMAL_PRODUCT_REFERENCE,true,true,true,true,false,true,readonly_nonstored,borrower_contact,borrower_contact,A_MAPPED_TO_FORMAL_PRODUCT_FIELD,MAP_TO_EXISTING_FORMAL_FIELD,true,HIGH_GLOBAL_DEFINITION,FORMAL_CONTRACT_ALIAS_COUNT_ZERO,REMOVED_FROM_PRODUCT_PUBLICATION,runtime:sc.document.admin.document.p1_visible_60beedc8f22b;global_ir_model_fields;dynamic_get_view_injection;formal_runtime_field_resolved;literal_view_reference
sc.document.admin.document,p1_visible_6f9a8c4e1834,modify_note,char,,,product runtime,addons/smart_construction_core/models/support/p1_daily_business_visible_alias_fields.py:832-853,,,FORMAL_PRODUCT_REFERENCE,true,true,true,true,false,true,readonly_nonstored,modify_note,modify_note,A_MAPPED_TO_FORMAL_PRODUCT_FIELD,MAP_TO_EXISTING_FORMAL_FIELD,true,HIGH_GLOBAL_DEFINITION,FORMAL_CONTRACT_ALIAS_COUNT_ZERO,REMOVED_FROM_PRODUCT_PUBLICATION,runtime:sc.document.admin.document.p1_visible_6f9a8c4e1834;global_ir_model_fields;dynamic_get_view_injection;formal_runtime_field_resolved;literal_view_reference
sc.document.admin.document,p1_visible_7200f83d9ede,modifier_name,char,,,product runtime,addons/smart_construction_core/models/support/p1_daily_business_visible_alias_fields.py:832-853,,,FORMAL_PRODUCT_REFERENCE,true,true,true,true,false,true,readonly_nonstored,modifier_name,modifier_name,A_MAPPED_TO_FORMAL_PRODUCT_FIELD,MAP_TO_EXISTING_FORMAL_FIELD,true,HIGH_GLOBAL_DEFINITION,FORMAL_CONTRACT_ALIAS_COUNT_ZERO,REMOVED_FROM_PRODUCT_PUBLICATION,runtime:sc.document.admin.document.p1_visible_7200f83d9ede;global_ir_model_fields;dynamic_get_view_injection;formal_runtime_field_resolved;literal_view_reference
sc.document.admin.document,p1_visible_809c55b63d56,review_opinion,char,,,product runtime,addons/smart_construction_core/models/support/p1_daily_business_visible_alias_fields.py:832-853,,,FORMAL_PRODUCT_REFERENCE,true,true,true,true,false,true,readonly_nonstored,review_opinion,review_opinion,A_MAPPED_TO_FORMAL_PRODUCT_FIELD,MAP_TO_EXISTING_FORMAL_FIELD,true,HIGH_GLOBAL_DEFINITION,FORMAL_CONTRACT_ALIAS_COUNT_ZERO,REMOVED_FROM_PRODUCT_PUBLICATION,runtime:sc.document.admin.document.p1_visible_809c55b63d56;global_ir_model_fields;dynamic_get_view_injection;formal_runtime_field_resolved;literal_view_reference
sc.document.admin.document,p1_visible_845e1a2e43a8,holder_name,char,,,product runtime,addons/smart_construction_core/models/support/p1_daily_business_visible_alias_fields.py:832-853,,,FORMAL_PRODUCT_REFERENCE,true,true,true,true,false,true,readonly_nonstored,holder_name,holder_name,A_MAPPED_TO_FORMAL_PRODUCT_FIELD,MAP_TO_EXISTING_FORMAL_FIELD,true,HIGH_GLOBAL_DEFINITION,FORMAL_CONTRACT_ALIAS_COUNT_ZERO,REMOVED_FROM_PRODUCT_PUBLICATION,runtime:sc.document.admin.document.p1_visible_845e1a2e43a8;global_ir_model_fields;dynamic_get_view_injection;formal_runtime_field_resolved;literal_view_reference
sc.document.admin.document,p1_visible_8fa8662ad38f,name;document_no,char,,,product runtime,addons/smart_construction_core/models/support/p1_daily_business_visible_alias_fields.py:832-853,,,FORMAL_PRODUCT_REFERENCE,true,true,true,true,false,true,readonly_nonstored,name;document_no,name;document_no,A_MAPPED_TO_FORMAL_PRODUCT_FIELD,MAP_TO_EXISTING_FORMAL_FIELD,true,HIGH_GLOBAL_DEFINITION,FORMAL_CONTRACT_ALIAS_COUNT_ZERO,REMOVED_FROM_PRODUCT_PUBLICATION,runtime:sc.document.admin.document.p1_visible_8fa8662ad38f;global_ir_model_fields;dynamic_get_view_injection;formal_runtime_field_resolved;literal_view_reference
sc.document.admin.document,p1_visible_8fdc4ab6f3dc,document_admin_type_display,char,,,product runtime,addons/smart_construction_core/models/support/p1_daily_business_visible_alias_fields.py:832-853,,,FORMAL_PRODUCT_REFERENCE,true,true,true,true,false,true,readonly_nonstored,document_admin_type_display,document_admin_type_display,A_MAPPED_TO_FORMAL_PRODUCT_FIELD,MAP_TO_EXISTING_FORMAL_FIELD,true,HIGH_GLOBAL_DEFINITION,FORMAL_CONTRACT_ALIAS_COUNT_ZERO,REMOVED_FROM_PRODUCT_PUBLICATION,runtime:sc.document.admin.document.p1_visible_8fdc4ab6f3dc;global_ir_model_fields;dynamic_get_view_injection;formal_runtime_field_resolved;literal_view_reference
sc.document.admin.document,p1_visible_9719894bb9d8,reviewer_name,char,,,product runtime,addons/smart_construction_core/models/support/p1_daily_business_visible_alias_fields.py:832-853,,,FORMAL_PRODUCT_REFERENCE,true,true,true,true,false,true,readonly_nonstored,reviewer_name,reviewer_name,A_MAPPED_TO_FORMAL_PRODUCT_FIELD,MAP_TO_EXISTING_FORMAL_FIELD,true,HIGH_GLOBAL_DEFINITION,FORMAL_CONTRACT_ALIAS_COUNT_ZERO,REMOVED_FROM_PRODUCT_PUBLICATION,runtime:sc.document.admin.document.p1_visible_9719894bb9d8;global_ir_model_fields;dynamic_get_view_injection;formal_runtime_field_resolved;literal_view_reference
sc.document.admin.document,p1_visible_974d383f3698,responsible_person,char,,,product runtime,addons/smart_construction_core/models/support/p1_daily_business_visible_alias_fields.py:832-853,,,FORMAL_PRODUCT_REFERENCE,true,true,true,true,false,true,readonly_nonstored,responsible_person,responsible_person,A_MAPPED_TO_FORMAL_PRODUCT_FIELD,MAP_TO_EXISTING_FORMAL_FIELD,true,HIGH_GLOBAL_DEFINITION,FORMAL_CONTRACT_ALIAS_COUNT_ZERO,REMOVED_FROM_PRODUCT_PUBLICATION,runtime:sc.document.admin.document.p1_visible_974d383f3698;global_ir_model_fields;dynamic_get_view_injection;formal_runtime_field_resolved;literal_view_reference
sc.document.admin.document,p1_visible_98b7a911018e,certificate_name,char,,,product runtime,addons/smart_construction_core/models/support/p1_daily_business_visible_alias_fields.py:832-853,,,FORMAL_PRODUCT_REFERENCE,true,true,true,true,false,true,readonly_nonstored,certificate_name,certificate_name,A_MAPPED_TO_FORMAL_PRODUCT_FIELD,MAP_TO_EXISTING_FORMAL_FIELD,true,HIGH_GLOBAL_DEFINITION,FORMAL_CONTRACT_ALIAS_COUNT_ZERO,REMOVED_FROM_PRODUCT_PUBLICATION,runtime:sc.document.admin.document.p1_visible_98b7a911018e;global_ir_model_fields;dynamic_get_view_injection;formal_runtime_field_resolved;literal_view_reference
sc.document.admin.document,p1_visible_99f6fe6c41ad,attachment_ids;message_attachment_count,char,,,product runtime,addons/smart_construction_core/models/support/p1_daily_business_visible_alias_fields.py:832-853,,,FORMAL_PRODUCT_REFERENCE,true,true,true,true,false,true,readonly_nonstored,attachment_ids;biz_attachment_ids;tech_attachment_ids;message_attachment_count,attachment_ids;message_attachment_count,A_MAPPED_TO_FORMAL_PRODUCT_FIELD,MAP_TO_EXISTING_FORMAL_FIELD,true,HIGH_GLOBAL_DEFINITION,FORMAL_CONTRACT_ALIAS_COUNT_ZERO,REMOVED_FROM_PRODUCT_PUBLICATION,runtime:sc.document.admin.document.p1_visible_99f6fe6c41ad;global_ir_model_fields;dynamic_get_view_injection;formal_runtime_field_resolved;literal_view_reference
sc.document.admin.document,p1_visible_9f42dac67ed9,certificate_no,char,,,product runtime,addons/smart_construction_core/models/support/p1_daily_business_visible_alias_fields.py:832-853,,,FORMAL_PRODUCT_REFERENCE,true,true,true,true,false,true,readonly_nonstored,certificate_no,certificate_no,A_MAPPED_TO_FORMAL_PRODUCT_FIELD,MAP_TO_EXISTING_FORMAL_FIELD,true,HIGH_GLOBAL_DEFINITION,FORMAL_CONTRACT_ALIAS_COUNT_ZERO,REMOVED_FROM_PRODUCT_PUBLICATION,runtime:sc.document.admin.document.p1_visible_9f42dac67ed9;global_ir_model_fields;dynamic_get_view_injection;formal_runtime_field_resolved;literal_view_reference
sc.document.admin.document,p1_visible_a7e811434780,borrow_form,char,,,product runtime,addons/smart_construction_core/models/support/p1_daily_business_visible_alias_fields.py:832-853,,,FORMAL_PRODUCT_REFERENCE,true,true,true,true,false,true,readonly_nonstored,borrow_form,borrow_form,A_MAPPED_TO_FORMAL_PRODUCT_FIELD,MAP_TO_EXISTING_FORMAL_FIELD,true,HIGH_GLOBAL_DEFINITION,FORMAL_CONTRACT_ALIAS_COUNT_ZERO,REMOVED_FROM_PRODUCT_PUBLICATION,runtime:sc.document.admin.document.p1_visible_a7e811434780;global_ir_model_fields;dynamic_get_view_injection;formal_runtime_field_resolved;literal_view_reference
sc.document.admin.document,p1_visible_dfc25d77dc39,source_created_at,char,,,product runtime,addons/smart_construction_core/models/support/p1_daily_business_visible_alias_fields.py:832-853,,,FORMAL_PRODUCT_REFERENCE,true,true,true,true,false,true,readonly_nonstored,source_created_at;created_time,source_created_at,A_MAPPED_TO_FORMAL_PRODUCT_FIELD,MAP_TO_EXISTING_FORMAL_FIELD,true,HIGH_GLOBAL_DEFINITION,FORMAL_CONTRACT_ALIAS_COUNT_ZERO,REMOVED_FROM_PRODUCT_PUBLICATION,runtime:sc.document.admin.document.p1_visible_dfc25d77dc39;global_ir_model_fields;dynamic_get_view_injection;formal_runtime_field_resolved;literal_view_reference
sc.document.admin.document,p1_visible_e001fb68d7f2,borrow_project_name;project_id,char,,,product runtime,addons/smart_construction_core/models/support/p1_daily_business_visible_alias_fields.py:832-853,,,FORMAL_PRODUCT_REFERENCE,true,true,true,true,false,true,readonly_nonstored,borrow_project_name;project_id,borrow_project_name;project_id,A_MAPPED_TO_FORMAL_PRODUCT_FIELD,MAP_TO_EXISTING_FORMAL_FIELD,true,HIGH_GLOBAL_DEFINITION,FORMAL_CONTRACT_ALIAS_COUNT_ZERO,REMOVED_FROM_PRODUCT_PUBLICATION,runtime:sc.document.admin.document.p1_visible_e001fb68d7f2;global_ir_model_fields;dynamic_get_view_injection;formal_runtime_field_resolved;literal_view_reference
sc.document.admin.document,p1_visible_e0361480e3a5,description,char,,,product runtime,addons/smart_construction_core/models/support/p1_daily_business_visible_alias_fields.py:832-853,,,FORMAL_PRODUCT_REFERENCE,true,true,true,true,false,true,readonly_nonstored,note;purpose;description;remark,description,A_MAPPED_TO_FORMAL_PRODUCT_FIELD,MAP_TO_EXISTING_FORMAL_FIELD,true,HIGH_GLOBAL_DEFINITION,FORMAL_CONTRACT_ALIAS_COUNT_ZERO,REMOVED_FROM_PRODUCT_PUBLICATION,runtime:sc.document.admin.document.p1_visible_e0361480e3a5;global_ir_model_fields;dynamic_get_view_injection;formal_runtime_field_resolved;literal_view_reference
sc.document.admin.document,p1_visible_edb1f6f12f51,return_confirm_time,char,,,product runtime,addons/smart_construction_core/models/support/p1_daily_business_visible_alias_fields.py:832-853,,,FORMAL_PRODUCT_REFERENCE,true,true,true,true,false,true,readonly_nonstored,return_confirm_time,return_confirm_time,A_MAPPED_TO_FORMAL_PRODUCT_FIELD,MAP_TO_EXISTING_FORMAL_FIELD,true,HIGH_GLOBAL_DEFINITION,FORMAL_CONTRACT_ALIAS_COUNT_ZERO,REMOVED_FROM_PRODUCT_PUBLICATION,runtime:sc.document.admin.document.p1_visible_edb1f6f12f51;global_ir_model_fields;dynamic_get_view_injection;formal_runtime_field_resolved;literal_view_reference
sc.document.admin.document,p1_visible_ee6a4d9e2956,source_created_by;requester_id,char,,,product runtime,addons/smart_construction_core/models/support/p1_daily_business_visible_alias_fields.py:832-853,,,FORMAL_PRODUCT_REFERENCE,true,true,true,true,false,true,readonly_nonstored,source_created_by;creator_name;requester_id;owner_id;handler_name,source_created_by;requester_id,A_MAPPED_TO_FORMAL_PRODUCT_FIELD,MAP_TO_EXISTING_FORMAL_FIELD,true,HIGH_GLOBAL_DEFINITION,FORMAL_CONTRACT_ALIAS_COUNT_ZERO,REMOVED_FROM_PRODUCT_PUBLICATION,runtime:sc.document.admin.document.p1_visible_ee6a4d9e2956;global_ir_model_fields;dynamic_get_view_injection;formal_runtime_field_resolved;literal_view_reference
sc.document.admin.document,p1_visible_f1ec63ea5126,modified_at,char,,,product runtime,addons/smart_construction_core/models/support/p1_daily_business_visible_alias_fields.py:832-853,,,FORMAL_PRODUCT_REFERENCE,true,true,true,true,false,true,readonly_nonstored,modified_at,modified_at,A_MAPPED_TO_FORMAL_PRODUCT_FIELD,MAP_TO_EXISTING_FORMAL_FIELD,true,HIGH_GLOBAL_DEFINITION,FORMAL_CONTRACT_ALIAS_COUNT_ZERO,REMOVED_FROM_PRODUCT_PUBLICATION,runtime:sc.document.admin.document.p1_visible_f1ec63ea5126;global_ir_model_fields;dynamic_get_view_injection;formal_runtime_field_resolved;literal_view_reference
sc.document.admin.document,p1_visible_fb2f8cfd18bf,borrower_name;borrow_user_id,char,,,product runtime,addons/smart_construction_core/models/support/p1_daily_business_visible_alias_fields.py:832-853,,,FORMAL_PRODUCT_REFERENCE,true,true,true,true,false,true,readonly_nonstored,borrower_name;borrow_user_id,borrower_name;borrow_user_id,A_MAPPED_TO_FORMAL_PRODUCT_FIELD,MAP_TO_EXISTING_FORMAL_FIELD,true,HIGH_GLOBAL_DEFINITION,FORMAL_CONTRACT_ALIAS_COUNT_ZERO,REMOVED_FROM_PRODUCT_PUBLICATION,runtime:sc.document.admin.document.p1_visible_fb2f8cfd18bf;global_ir_model_fields;dynamic_get_view_injection;formal_runtime_field_resolved;literal_view_reference
sc.equipment.request,p1_visible_06fa8c6f628f,state,char,,,product runtime,addons/smart_construction_core/models/support/p1_daily_business_visible_alias_fields.py:832-853,,,FORMAL_PRODUCT_REFERENCE,true,true,true,true,false,true,readonly_nonstored,state;state_text,state,A_MAPPED_TO_FORMAL_PRODUCT_FIELD,MAP_TO_EXISTING_FORMAL_FIELD,true,HIGH_GLOBAL_DEFINITION,FORMAL_CONTRACT_ALIAS_COUNT_ZERO,REMOVED_FROM_PRODUCT_PUBLICATION,runtime:sc.equipment.request.p1_visible_06fa8c6f628f;global_ir_model_fields;dynamic_get_view_injection;formal_runtime_field_resolved;literal_view_reference
sc.equipment.request,p1_visible_17b341733b7b,name,char,,,product runtime,addons/smart_construction_core/models/support/p1_daily_business_visible_alias_fields.py:832-853,,,FORMAL_PRODUCT_REFERENCE,true,true,true,true,false,true,readonly_nonstored,contract_no;contract_id;name;document_no,name,A_MAPPED_TO_FORMAL_PRODUCT_FIELD,MAP_TO_EXISTING_FORMAL_FIELD,true,HIGH_GLOBAL_DEFINITION,FORMAL_CONTRACT_ALIAS_COUNT_ZERO,REMOVED_FROM_PRODUCT_PUBLICATION,runtime:sc.equipment.request.p1_visible_17b341733b7b;global_ir_model_fields;dynamic_get_view_injection;formal_runtime_field_resolved;literal_view_reference
sc.equipment.request,p1_visible_294e7015ec01,vat_type_text,char,,,product runtime,addons/smart_construction_core/models/support/p1_daily_business_visible_alias_fields.py:832-853,,,FORMAL_PRODUCT_REFERENCE,true,true,true,true,false,true,readonly_nonstored,vat_type_text,vat_type_text,A_MAPPED_TO_FORMAL_PRODUCT_FIELD,MAP_TO_EXISTING_FORMAL_FIELD,true,HIGH_GLOBAL_DEFINITION,FORMAL_CONTRACT_ALIAS_COUNT_ZERO,REMOVED_FROM_PRODUCT_PUBLICATION,runtime:sc.equipment.request.p1_visible_294e7015ec01;global_ir_model_fields;dynamic_get_view_injection;formal_runtime_field_resolved;literal_view_reference
sc.equipment.request,p1_visible_37d56ad493cf,tax_rate_text,char,,,product runtime,addons/smart_construction_core/models/support/p1_daily_business_visible_alias_fields.py:832-853,,,FORMAL_PRODUCT_REFERENCE,true,true,true,true,false,true,readonly_nonstored,tax_rate;tax_rate_text,tax_rate_text,A_MAPPED_TO_FORMAL_PRODUCT_FIELD,MAP_TO_EXISTING_FORMAL_FIELD,true,HIGH_GLOBAL_DEFINITION,FORMAL_CONTRACT_ALIAS_COUNT_ZERO,REMOVED_FROM_PRODUCT_PUBLICATION,runtime:sc.equipment.request.p1_visible_37d56ad493cf;global_ir_model_fields;dynamic_get_view_injection;formal_runtime_field_resolved;literal_view_reference
sc.equipment.request,p1_visible_3b652b9864d4,invoice_amount,char,,,product runtime,addons/smart_construction_core/models/support/p1_daily_business_visible_alias_fields.py:832-853,,,FORMAL_PRODUCT_REFERENCE,true,true,true,true,false,true,readonly_nonstored,invoice_amount;invoiced_amount,invoice_amount,A_MAPPED_TO_FORMAL_PRODUCT_FIELD,MAP_TO_EXISTING_FORMAL_FIELD,true,HIGH_GLOBAL_DEFINITION,FORMAL_CONTRACT_ALIAS_COUNT_ZERO,REMOVED_FROM_PRODUCT_PUBLICATION,runtime:sc.equipment.request.p1_visible_3b652b9864d4;global_ir_model_fields;dynamic_get_view_injection;formal_runtime_field_resolved;literal_view_reference
sc.equipment.request,p1_visible_3e7255522b33,project_id,char,,,product runtime,addons/smart_construction_core/models/support/p1_daily_business_visible_alias_fields.py:832-853,,,FORMAL_PRODUCT_REFERENCE,true,true,true,true,false,true,readonly_nonstored,project_id,project_id,A_MAPPED_TO_FORMAL_PRODUCT_FIELD,MAP_TO_EXISTING_FORMAL_FIELD,true,HIGH_GLOBAL_DEFINITION,FORMAL_CONTRACT_ALIAS_COUNT_ZERO,REMOVED_FROM_PRODUCT_PUBLICATION,runtime:sc.equipment.request.p1_visible_3e7255522b33;global_ir_model_fields;dynamic_get_view_injection;formal_runtime_field_resolved;literal_view_reference
sc.equipment.request,p1_visible_3ec01dd569e2,name,char,,,product runtime,addons/smart_construction_core/models/support/p1_daily_business_visible_alias_fields.py:832-853,,,FORMAL_PRODUCT_REFERENCE,true,true,true,true,false,true,readonly_nonstored,title;name,name,A_MAPPED_TO_FORMAL_PRODUCT_FIELD,MAP_TO_EXISTING_FORMAL_FIELD,true,HIGH_GLOBAL_DEFINITION,FORMAL_CONTRACT_ALIAS_COUNT_ZERO,REMOVED_FROM_PRODUCT_PUBLICATION,runtime:sc.equipment.request.p1_visible_3ec01dd569e2;global_ir_model_fields;dynamic_get_view_injection;formal_runtime_field_resolved;literal_view_reference
sc.equipment.request,p1_visible_462c614de6c7,uninvoiced_amount,char,,,product runtime,addons/smart_construction_core/models/support/p1_daily_business_visible_alias_fields.py:832-853,,,FORMAL_PRODUCT_REFERENCE,true,true,true,true,false,true,readonly_nonstored,uninvoiced_amount,uninvoiced_amount,A_MAPPED_TO_FORMAL_PRODUCT_FIELD,MAP_TO_EXISTING_FORMAL_FIELD,true,HIGH_GLOBAL_DEFINITION,FORMAL_CONTRACT_ALIAS_COUNT_ZERO,REMOVED_FROM_PRODUCT_PUBLICATION,runtime:sc.equipment.request.p1_visible_462c614de6c7;global_ir_model_fields;dynamic_get_view_injection;formal_runtime_field_resolved;literal_view_reference
sc.equipment.request,p1_visible_824168a11b21,amount_total,char,,,product runtime,addons/smart_construction_core/models/support/p1_daily_business_visible_alias_fields.py:832-853,,,FORMAL_PRODUCT_REFERENCE,true,true,true,true,false,true,readonly_nonstored,amount_total;amount,amount_total,A_MAPPED_TO_FORMAL_PRODUCT_FIELD,MAP_TO_EXISTING_FORMAL_FIELD,true,HIGH_GLOBAL_DEFINITION,FORMAL_CONTRACT_ALIAS_COUNT_ZERO,REMOVED_FROM_PRODUCT_PUBLICATION,runtime:sc.equipment.request.p1_visible_824168a11b21;global_ir_model_fields;dynamic_get_view_injection;formal_runtime_field_resolved;literal_view_reference
sc.equipment.request,p1_visible_8818fa7c0bc6,requester_id;source_created_by,char,,,product runtime,addons/smart_construction_core/models/support/p1_daily_business_visible_alias_fields.py:832-853,,,FORMAL_PRODUCT_REFERENCE,true,true,true,true,false,true,readonly_nonstored,requester_id;source_created_by;owner_id;handler_name;creator_name,requester_id;source_created_by,A_MAPPED_TO_FORMAL_PRODUCT_FIELD,MAP_TO_EXISTING_FORMAL_FIELD,true,HIGH_GLOBAL_DEFINITION,FORMAL_CONTRACT_ALIAS_COUNT_ZERO,REMOVED_FROM_PRODUCT_PUBLICATION,runtime:sc.equipment.request.p1_visible_8818fa7c0bc6;global_ir_model_fields;dynamic_get_view_injection;formal_runtime_field_resolved;literal_view_reference
sc.equipment.request,p1_visible_8fa8662ad38f,name,char,,,product runtime,addons/smart_construction_core/models/support/p1_daily_business_visible_alias_fields.py:832-853,,,FORMAL_PRODUCT_REFERENCE,true,true,true,true,false,true,readonly_nonstored,document_no;name,name,A_MAPPED_TO_FORMAL_PRODUCT_FIELD,MAP_TO_EXISTING_FORMAL_FIELD,true,HIGH_GLOBAL_DEFINITION,FORMAL_CONTRACT_ALIAS_COUNT_ZERO,REMOVED_FROM_PRODUCT_PUBLICATION,runtime:sc.equipment.request.p1_visible_8fa8662ad38f;global_ir_model_fields;dynamic_get_view_injection;formal_runtime_field_resolved;literal_view_reference
sc.equipment.request,p1_visible_99f6fe6c41ad,message_attachment_count,char,,,product runtime,addons/smart_construction_core/models/support/p1_daily_business_visible_alias_fields.py:832-853,,,FORMAL_PRODUCT_REFERENCE,true,true,true,true,false,true,readonly_nonstored,attachment_ids;biz_attachment_ids;tech_attachment_ids;message_attachment_count,message_attachment_count,A_MAPPED_TO_FORMAL_PRODUCT_FIELD,MAP_TO_EXISTING_FORMAL_FIELD,true,HIGH_GLOBAL_DEFINITION,FORMAL_CONTRACT_ALIAS_COUNT_ZERO,REMOVED_FROM_PRODUCT_PUBLICATION,runtime:sc.equipment.request.p1_visible_99f6fe6c41ad;global_ir_model_fields;dynamic_get_view_injection;formal_runtime_field_resolved;literal_view_reference
sc.equipment.request,p1_visible_a22ecb7fab2f,unpaid_amount,char,,,product runtime,addons/smart_construction_core/models/support/p1_daily_business_visible_alias_fields.py:832-853,,,FORMAL_PRODUCT_REFERENCE,true,true,true,true,false,true,readonly_nonstored,unpaid_amount;amount,unpaid_amount,A_MAPPED_TO_FORMAL_PRODUCT_FIELD,MAP_TO_EXISTING_FORMAL_FIELD,true,HIGH_GLOBAL_DEFINITION,FORMAL_CONTRACT_ALIAS_COUNT_ZERO,REMOVED_FROM_PRODUCT_PUBLICATION,runtime:sc.equipment.request.p1_visible_a22ecb7fab2f;global_ir_model_fields;dynamic_get_view_injection;formal_runtime_field_resolved;literal_view_reference
sc.equipment.request,p1_visible_a2cf2d1a84c3,supplier_id,char,,,product runtime,addons/smart_construction_core/models/support/p1_daily_business_visible_alias_fields.py:832-853,,,FORMAL_PRODUCT_REFERENCE,true,true,true,true,false,true,readonly_nonstored,supplier_id;partner_id;owner_id;subcontractor_id,supplier_id,A_MAPPED_TO_FORMAL_PRODUCT_FIELD,MAP_TO_EXISTING_FORMAL_FIELD,true,HIGH_GLOBAL_DEFINITION,FORMAL_CONTRACT_ALIAS_COUNT_ZERO,REMOVED_FROM_PRODUCT_PUBLICATION,runtime:sc.equipment.request.p1_visible_a2cf2d1a84c3;global_ir_model_fields;dynamic_get_view_injection;formal_runtime_field_resolved;literal_view_reference
sc.equipment.request,p1_visible_c2bdcf08e8a5,quantity_total,char,,,product runtime,addons/smart_construction_core/models/support/p1_daily_business_visible_alias_fields.py:832-853,,,FORMAL_PRODUCT_REFERENCE,true,true,true,true,false,true,readonly_nonstored,quantity_total;quantity,quantity_total,A_MAPPED_TO_FORMAL_PRODUCT_FIELD,MAP_TO_EXISTING_FORMAL_FIELD,true,HIGH_GLOBAL_DEFINITION,FORMAL_CONTRACT_ALIAS_COUNT_ZERO,REMOVED_FROM_PRODUCT_PUBLICATION,runtime:sc.equipment.request.p1_visible_c2bdcf08e8a5;global_ir_model_fields;dynamic_get_view_injection;formal_runtime_field_resolved;literal_view_reference
sc.equipment.request,p1_visible_c88947435308,request_date,char,,,product runtime,addons/smart_construction_core/models/support/p1_daily_business_visible_alias_fields.py:832-853,,,FORMAL_PRODUCT_REFERENCE,true,true,true,true,false,true,readonly_nonstored,sign_date;contract_date;request_date,request_date,A_MAPPED_TO_FORMAL_PRODUCT_FIELD,MAP_TO_EXISTING_FORMAL_FIELD,true,HIGH_GLOBAL_DEFINITION,FORMAL_CONTRACT_ALIAS_COUNT_ZERO,REMOVED_FROM_PRODUCT_PUBLICATION,runtime:sc.equipment.request.p1_visible_c88947435308;global_ir_model_fields;dynamic_get_view_injection;formal_runtime_field_resolved;literal_view_reference
sc.equipment.request,p1_visible_d1d932d7d9f5,note;line_ids,char,,,product runtime,addons/smart_construction_core/models/support/p1_daily_business_visible_alias_fields.py:832-853,,,FORMAL_PRODUCT_REFERENCE,true,true,true,true,false,true,readonly_nonstored,description;note;line_ids,note;line_ids,A_MAPPED_TO_FORMAL_PRODUCT_FIELD,MAP_TO_EXISTING_FORMAL_FIELD,true,HIGH_GLOBAL_DEFINITION,FORMAL_CONTRACT_ALIAS_COUNT_ZERO,REMOVED_FROM_PRODUCT_PUBLICATION,runtime:sc.equipment.request.p1_visible_d1d932d7d9f5;global_ir_model_fields;dynamic_get_view_injection;formal_runtime_field_resolved;literal_view_reference
sc.equipment.request,p1_visible_d3ebd50d724b,paid_amount,char,,,product runtime,addons/smart_construction_core/models/support/p1_daily_business_visible_alias_fields.py:832-853,,,FORMAL_PRODUCT_REFERENCE,true,true,true,true,false,true,readonly_nonstored,paid_amount;paid_amount_total;amount,paid_amount,A_MAPPED_TO_FORMAL_PRODUCT_FIELD,MAP_TO_EXISTING_FORMAL_FIELD,true,HIGH_GLOBAL_DEFINITION,FORMAL_CONTRACT_ALIAS_COUNT_ZERO,REMOVED_FROM_PRODUCT_PUBLICATION,runtime:sc.equipment.request.p1_visible_d3ebd50d724b;global_ir_model_fields;dynamic_get_view_injection;formal_runtime_field_resolved;literal_view_reference
sc.equipment.request,p1_visible_dfc25d77dc39,request_date;source_created_at,char,,,product runtime,addons/smart_construction_core/models/support/p1_daily_business_visible_alias_fields.py:832-853,,,FORMAL_PRODUCT_REFERENCE,true,true,true,true,false,true,readonly_nonstored,request_date;source_created_at;created_time,request_date;source_created_at,A_MAPPED_TO_FORMAL_PRODUCT_FIELD,MAP_TO_EXISTING_FORMAL_FIELD,true,HIGH_GLOBAL_DEFINITION,FORMAL_CONTRACT_ALIAS_COUNT_ZERO,REMOVED_FROM_PRODUCT_PUBLICATION,runtime:sc.equipment.request.p1_visible_dfc25d77dc39;global_ir_model_fields;dynamic_get_view_injection;formal_runtime_field_resolved;literal_view_reference
sc.equipment.request,p1_visible_e0361480e3a5,note,char,,,product runtime,addons/smart_construction_core/models/support/p1_daily_business_visible_alias_fields.py:832-853,,,FORMAL_PRODUCT_REFERENCE,true,true,true,true,false,true,readonly_nonstored,note;purpose;description;remark,note,A_MAPPED_TO_FORMAL_PRODUCT_FIELD,MAP_TO_EXISTING_FORMAL_FIELD,true,HIGH_GLOBAL_DEFINITION,FORMAL_CONTRACT_ALIAS_COUNT_ZERO,REMOVED_FROM_PRODUCT_PUBLICATION,runtime:sc.equipment.request.p1_visible_e0361480e3a5;global_ir_model_fields;dynamic_get_view_injection;formal_runtime_field_resolved;literal_view_reference
sc.equipment.request,p1_visible_ee6a4d9e2956,source_created_by;requester_id,char,,,product runtime,addons/smart_construction_core/models/support/p1_daily_business_visible_alias_fields.py:832-853,,,FORMAL_PRODUCT_REFERENCE,true,true,true,true,false,true,readonly_nonstored,source_created_by;creator_name;requester_id;owner_id;handler_name,source_created_by;requester_id,A_MAPPED_TO_FORMAL_PRODUCT_FIELD,MAP_TO_EXISTING_FORMAL_FIELD,true,HIGH_GLOBAL_DEFINITION,FORMAL_CONTRACT_ALIAS_COUNT_ZERO,REMOVED_FROM_PRODUCT_PUBLICATION,runtime:sc.equipment.request.p1_visible_ee6a4d9e2956;global_ir_model_fields;dynamic_get_view_injection;formal_runtime_field_resolved;literal_view_reference
sc.equipment.settlement,p1_visible_06fa8c6f628f,state,char,,,product runtime,addons/smart_construction_core/models/support/p1_daily_business_visible_alias_fields.py:832-853,,,FORMAL_PRODUCT_REFERENCE,true,true,true,true,false,true,readonly_nonstored,state;state_text,state,A_MAPPED_TO_FORMAL_PRODUCT_FIELD,MAP_TO_EXISTING_FORMAL_FIELD,true,HIGH_GLOBAL_DEFINITION,FORMAL_CONTRACT_ALIAS_COUNT_ZERO,REMOVED_FROM_PRODUCT_PUBLICATION,runtime:sc.equipment.settlement.p1_visible_06fa8c6f628f;global_ir_model_fields;dynamic_get_view_injection;formal_runtime_field_resolved;literal_view_reference
sc.equipment.settlement,p1_visible_1e62803e196c,settlement_date,char,,,product runtime,addons/smart_construction_core/models/support/p1_daily_business_visible_alias_fields.py:832-853,,,FORMAL_PRODUCT_REFERENCE,true,true,true,true,false,true,readonly_nonstored,document_date;date_request;request_date;settlement_date;snapshot_date;date_diary;inbound_date;outbound_date,settlement_date,A_MAPPED_TO_FORMAL_PRODUCT_FIELD,MAP_TO_EXISTING_FORMAL_FIELD,true,HIGH_GLOBAL_DEFINITION,FORMAL_CONTRACT_ALIAS_COUNT_ZERO,REMOVED_FROM_PRODUCT_PUBLICATION,runtime:sc.equipment.settlement.p1_visible_1e62803e196c;global_ir_model_fields;dynamic_get_view_injection;formal_runtime_field_resolved;literal_view_reference
sc.equipment.settlement,p1_visible_36cae65ab40a,supplier_id,char,,,product runtime,addons/smart_construction_core/models/support/p1_daily_business_visible_alias_fields.py:832-853,,,FORMAL_PRODUCT_REFERENCE,true,true,true,true,false,true,readonly_nonstored,settlement_unit_id;supplier_id;contractor_id;subcontractor_id;partner_id,supplier_id,A_MAPPED_TO_FORMAL_PRODUCT_FIELD,MAP_TO_EXISTING_FORMAL_FIELD,true,HIGH_GLOBAL_DEFINITION,FORMAL_CONTRACT_ALIAS_COUNT_ZERO,REMOVED_FROM_PRODUCT_PUBLICATION,runtime:sc.equipment.settlement.p1_visible_36cae65ab40a;global_ir_model_fields;dynamic_get_view_injection;formal_runtime_field_resolved;literal_view_reference
sc.equipment.settlement,p1_visible_3e7255522b33,project_id,char,,,product runtime,addons/smart_construction_core/models/support/p1_daily_business_visible_alias_fields.py:832-853,,,FORMAL_PRODUCT_REFERENCE,true,true,true,true,false,true,readonly_nonstored,project_id,project_id,A_MAPPED_TO_FORMAL_PRODUCT_FIELD,MAP_TO_EXISTING_FORMAL_FIELD,true,HIGH_GLOBAL_DEFINITION,FORMAL_CONTRACT_ALIAS_COUNT_ZERO,REMOVED_FROM_PRODUCT_PUBLICATION,runtime:sc.equipment.settlement.p1_visible_3e7255522b33;global_ir_model_fields;dynamic_get_view_injection;formal_runtime_field_resolved;literal_view_reference
sc.equipment.settlement,p1_visible_72cf58c14fc0,payment_requested_amount,char,,,product runtime,addons/smart_construction_core/models/support/p1_daily_business_visible_alias_fields.py:832-853,,,FORMAL_PRODUCT_REFERENCE,true,true,true,true,false,true,readonly_nonstored,payment_requested_amount,payment_requested_amount,A_MAPPED_TO_FORMAL_PRODUCT_FIELD,MAP_TO_EXISTING_FORMAL_FIELD,true,HIGH_GLOBAL_DEFINITION,FORMAL_CONTRACT_ALIAS_COUNT_ZERO,REMOVED_FROM_PRODUCT_PUBLICATION,runtime:sc.equipment.settlement.p1_visible_72cf58c14fc0;global_ir_model_fields;dynamic_get_view_injection;formal_runtime_field_resolved;literal_view_reference
sc.equipment.settlement,p1_visible_824168a11b21,amount_total,char,,,product runtime,addons/smart_construction_core/models/support/p1_daily_business_visible_alias_fields.py:832-853,,,FORMAL_PRODUCT_REFERENCE,true,true,true,true,false,true,readonly_nonstored,amount_total;amount,amount_total,A_MAPPED_TO_FORMAL_PRODUCT_FIELD,MAP_TO_EXISTING_FORMAL_FIELD,true,HIGH_GLOBAL_DEFINITION,FORMAL_CONTRACT_ALIAS_COUNT_ZERO,REMOVED_FROM_PRODUCT_PUBLICATION,runtime:sc.equipment.settlement.p1_visible_824168a11b21;global_ir_model_fields;dynamic_get_view_injection;formal_runtime_field_resolved;literal_view_reference
sc.equipment.settlement,p1_visible_825a06905b09,payment_unrequested_amount,char,,,product runtime,addons/smart_construction_core/models/support/p1_daily_business_visible_alias_fields.py:832-853,,,FORMAL_PRODUCT_REFERENCE,true,true,true,true,false,true,readonly_nonstored,payment_unrequested_amount,payment_unrequested_amount,A_MAPPED_TO_FORMAL_PRODUCT_FIELD,MAP_TO_EXISTING_FORMAL_FIELD,true,HIGH_GLOBAL_DEFINITION,FORMAL_CONTRACT_ALIAS_COUNT_ZERO,REMOVED_FROM_PRODUCT_PUBLICATION,runtime:sc.equipment.settlement.p1_visible_825a06905b09;global_ir_model_fields;dynamic_get_view_injection;formal_runtime_field_resolved;literal_view_reference
sc.equipment.settlement,p1_visible_8fa8662ad38f,name,char,,,product runtime,addons/smart_construction_core/models/support/p1_daily_business_visible_alias_fields.py:832-853,,,FORMAL_PRODUCT_REFERENCE,true,true,true,true,false,true,readonly_nonstored,document_no;name,name,A_MAPPED_TO_FORMAL_PRODUCT_FIELD,MAP_TO_EXISTING_FORMAL_FIELD,true,HIGH_GLOBAL_DEFINITION,FORMAL_CONTRACT_ALIAS_COUNT_ZERO,REMOVED_FROM_PRODUCT_PUBLICATION,runtime:sc.equipment.settlement.p1_visible_8fa8662ad38f;global_ir_model_fields;dynamic_get_view_injection;formal_runtime_field_resolved;literal_view_reference
sc.equipment.settlement,p1_visible_99f6fe6c41ad,message_attachment_count,char,,,product runtime,addons/smart_construction_core/models/support/p1_daily_business_visible_alias_fields.py:832-853,,,FORMAL_PRODUCT_REFERENCE,true,true,true,true,false,true,readonly_nonstored,attachment_ids;biz_attachment_ids;tech_attachment_ids;message_attachment_count,message_attachment_count,A_MAPPED_TO_FORMAL_PRODUCT_FIELD,MAP_TO_EXISTING_FORMAL_FIELD,true,HIGH_GLOBAL_DEFINITION,FORMAL_CONTRACT_ALIAS_COUNT_ZERO,REMOVED_FROM_PRODUCT_PUBLICATION,runtime:sc.equipment.settlement.p1_visible_99f6fe6c41ad;global_ir_model_fields;dynamic_get_view_injection;formal_runtime_field_resolved;literal_view_reference
sc.equipment.settlement,p1_visible_a22ecb7fab2f,payment_unpaid_amount,char,,,product runtime,addons/smart_construction_core/models/support/p1_daily_business_visible_alias_fields.py:832-853,,,FORMAL_PRODUCT_REFERENCE,true,true,true,true,false,true,readonly_nonstored,payment_unpaid_amount;unpaid_amount;amount,payment_unpaid_amount,A_MAPPED_TO_FORMAL_PRODUCT_FIELD,MAP_TO_EXISTING_FORMAL_FIELD,true,HIGH_GLOBAL_DEFINITION,FORMAL_CONTRACT_ALIAS_COUNT_ZERO,REMOVED_FROM_PRODUCT_PUBLICATION,runtime:sc.equipment.settlement.p1_visible_a22ecb7fab2f;global_ir_model_fields;dynamic_get_view_injection;formal_runtime_field_resolved;literal_view_reference
sc.equipment.settlement,p1_visible_b6959bb111d9,state,char,,,product runtime,addons/smart_construction_core/models/support/p1_daily_business_visible_alias_fields.py:832-853,,,FORMAL_PRODUCT_REFERENCE,true,true,true,true,false,true,readonly_nonstored,payment_state;state,state,A_MAPPED_TO_FORMAL_PRODUCT_FIELD,MAP_TO_EXISTING_FORMAL_FIELD,true,HIGH_GLOBAL_DEFINITION,FORMAL_CONTRACT_ALIAS_COUNT_ZERO,REMOVED_FROM_PRODUCT_PUBLICATION,runtime:sc.equipment.settlement.p1_visible_b6959bb111d9;global_ir_model_fields;dynamic_get_view_injection;formal_runtime_field_resolved;literal_view_reference
sc.equipment.settlement,p1_visible_d3ebd50d724b,payment_paid_amount,char,,,product runtime,addons/smart_construction_core/models/support/p1_daily_business_visible_alias_fields.py:832-853,,,FORMAL_PRODUCT_REFERENCE,true,true,true,true,false,true,readonly_nonstored,payment_paid_amount;paid_amount;paid_amount_total;amount,payment_paid_amount,A_MAPPED_TO_FORMAL_PRODUCT_FIELD,MAP_TO_EXISTING_FORMAL_FIELD,true,HIGH_GLOBAL_DEFINITION,FORMAL_CONTRACT_ALIAS_COUNT_ZERO,REMOVED_FROM_PRODUCT_PUBLICATION,runtime:sc.equipment.settlement.p1_visible_d3ebd50d724b;global_ir_model_fields;dynamic_get_view_injection;formal_runtime_field_resolved;literal_view_reference
sc.equipment.settlement,p1_visible_d5c7314894ba,settlement_content,char,,,product runtime,addons/smart_construction_core/models/support/p1_daily_business_visible_alias_fields.py:832-853,,,FORMAL_PRODUCT_REFERENCE,true,true,true,true,false,true,readonly_nonstored,settlement_content,settlement_content,A_MAPPED_TO_FORMAL_PRODUCT_FIELD,MAP_TO_EXISTING_FORMAL_FIELD,true,HIGH_GLOBAL_DEFINITION,FORMAL_CONTRACT_ALIAS_COUNT_ZERO,REMOVED_FROM_PRODUCT_PUBLICATION,runtime:sc.equipment.settlement.p1_visible_d5c7314894ba;global_ir_model_fields;dynamic_get_view_injection;formal_runtime_field_resolved;literal_view_reference
sc.equipment.settlement,p1_visible_dfc25d77dc39,settlement_date;source_created_at,char,,,product runtime,addons/smart_construction_core/models/support/p1_daily_business_visible_alias_fields.py:832-853,,,FORMAL_PRODUCT_REFERENCE,true,true,true,true,false,true,readonly_nonstored,settlement_date;source_created_at;created_time,settlement_date;source_created_at,A_MAPPED_TO_FORMAL_PRODUCT_FIELD,MAP_TO_EXISTING_FORMAL_FIELD,true,HIGH_GLOBAL_DEFINITION,FORMAL_CONTRACT_ALIAS_COUNT_ZERO,REMOVED_FROM_PRODUCT_PUBLICATION,runtime:sc.equipment.settlement.p1_visible_dfc25d77dc39;global_ir_model_fields;dynamic_get_view_injection;formal_runtime_field_resolved;literal_view_reference
sc.equipment.settlement,p1_visible_ec15903ded76,state,char,,,product runtime,addons/smart_construction_core/models/support/p1_daily_business_visible_alias_fields.py:832-853,,,FORMAL_PRODUCT_REFERENCE,true,true,true,true,false,true,readonly_nonstored,payment_request_state;state,state,A_MAPPED_TO_FORMAL_PRODUCT_FIELD,MAP_TO_EXISTING_FORMAL_FIELD,true,HIGH_GLOBAL_DEFINITION,FORMAL_CONTRACT_ALIAS_COUNT_ZERO,REMOVED_FROM_PRODUCT_PUBLICATION,runtime:sc.equipment.settlement.p1_visible_ec15903ded76;global_ir_model_fields;dynamic_get_view_injection;formal_runtime_field_resolved;literal_view_reference
sc.equipment.settlement,p1_visible_ee6a4d9e2956,source_created_by;owner_id,char,,,product runtime,addons/smart_construction_core/models/support/p1_daily_business_visible_alias_fields.py:832-853,,,FORMAL_PRODUCT_REFERENCE,true,true,true,true,false,true,readonly_nonstored,source_created_by;creator_name;requester_id;owner_id;handler_name,source_created_by;owner_id,A_MAPPED_TO_FORMAL_PRODUCT_FIELD,MAP_TO_EXISTING_FORMAL_FIELD,true,HIGH_GLOBAL_DEFINITION,FORMAL_CONTRACT_ALIAS_COUNT_ZERO,REMOVED_FROM_PRODUCT_PUBLICATION,runtime:sc.equipment.settlement.p1_visible_ee6a4d9e2956;global_ir_model_fields;dynamic_get_view_injection;formal_runtime_field_resolved;literal_view_reference
sc.equipment.usage,p1_visible_06fa8c6f628f,state,char,,,product runtime,addons/smart_construction_core/models/support/p1_daily_business_visible_alias_fields.py:832-853,,,FORMAL_PRODUCT_REFERENCE,true,true,true,true,false,true,readonly_nonstored,state;state_text,state,A_MAPPED_TO_FORMAL_PRODUCT_FIELD,MAP_TO_EXISTING_FORMAL_FIELD,true,HIGH_GLOBAL_DEFINITION,FORMAL_CONTRACT_ALIAS_COUNT_ZERO,REMOVED_FROM_PRODUCT_PUBLICATION,runtime:sc.equipment.usage.p1_visible_06fa8c6f628f;global_ir_model_fields;dynamic_get_view_injection;formal_runtime_field_resolved
sc.equipment.usage,p1_visible_0b370511a765,price_unit,char,,,product runtime,addons/smart_construction_core/models/support/p1_daily_business_visible_alias_fields.py:832-853,,,FORMAL_PRODUCT_REFERENCE,true,true,true,true,false,true,readonly_nonstored,price_unit,price_unit,A_MAPPED_TO_FORMAL_PRODUCT_FIELD,MAP_TO_EXISTING_FORMAL_FIELD,true,HIGH_GLOBAL_DEFINITION,FORMAL_CONTRACT_ALIAS_COUNT_ZERO,REMOVED_FROM_PRODUCT_PUBLICATION,runtime:sc.equipment.usage.p1_visible_0b370511a765;global_ir_model_fields;dynamic_get_view_injection;formal_runtime_field_resolved
sc.equipment.usage,p1_visible_0e3888031cb3,note,char,,,product runtime,addons/smart_construction_core/models/support/p1_daily_business_visible_alias_fields.py:832-853,,,FORMAL_PRODUCT_REFERENCE,true,true,true,true,false,true,readonly_nonstored,note;description,note,A_MAPPED_TO_FORMAL_PRODUCT_FIELD,MAP_TO_EXISTING_FORMAL_FIELD,true,HIGH_GLOBAL_DEFINITION,FORMAL_CONTRACT_ALIAS_COUNT_ZERO,REMOVED_FROM_PRODUCT_PUBLICATION,runtime:sc.equipment.usage.p1_visible_0e3888031cb3;global_ir_model_fields;dynamic_get_view_injection;formal_runtime_field_resolved
sc.equipment.usage,p1_visible_1e62803e196c,document_date,char,,,product runtime,addons/smart_construction_core/models/support/p1_daily_business_visible_alias_fields.py:832-853,,,FORMAL_PRODUCT_REFERENCE,true,true,true,true,false,true,readonly_nonstored,document_date;date_request;request_date;settlement_date;snapshot_date;date_diary;inbound_date;outbound_date,document_date,A_MAPPED_TO_FORMAL_PRODUCT_FIELD,MAP_TO_EXISTING_FORMAL_FIELD,true,HIGH_GLOBAL_DEFINITION,FORMAL_CONTRACT_ALIAS_COUNT_ZERO,REMOVED_FROM_PRODUCT_PUBLICATION,runtime:sc.equipment.usage.p1_visible_1e62803e196c;global_ir_model_fields;dynamic_get_view_injection;formal_runtime_field_resolved
sc.equipment.usage,p1_visible_2c6b2e0dc811,equipment_name;name,char,,,product runtime,addons/smart_construction_core/models/support/p1_daily_business_visible_alias_fields.py:832-853,,,FORMAL_PRODUCT_REFERENCE,true,true,true,true,false,true,readonly_nonstored,equipment_name;name,equipment_name;name,A_MAPPED_TO_FORMAL_PRODUCT_FIELD,MAP_TO_EXISTING_FORMAL_FIELD,true,HIGH_GLOBAL_DEFINITION,FORMAL_CONTRACT_ALIAS_COUNT_ZERO,REMOVED_FROM_PRODUCT_PUBLICATION,runtime:sc.equipment.usage.p1_visible_2c6b2e0dc811;global_ir_model_fields;dynamic_get_view_injection;formal_runtime_field_resolved
sc.equipment.usage,p1_visible_34943c40c9af,amount,char,,,product runtime,addons/smart_construction_core/models/support/p1_daily_business_visible_alias_fields.py:832-853,,,FORMAL_PRODUCT_REFERENCE,true,true,true,true,false,true,readonly_nonstored,amount;amount_total;paid_amount;invoice_amount_total,amount,A_MAPPED_TO_FORMAL_PRODUCT_FIELD,MAP_TO_EXISTING_FORMAL_FIELD,true,HIGH_GLOBAL_DEFINITION,FORMAL_CONTRACT_ALIAS_COUNT_ZERO,REMOVED_FROM_PRODUCT_PUBLICATION,runtime:sc.equipment.usage.p1_visible_34943c40c9af;global_ir_model_fields;dynamic_get_view_injection;formal_runtime_field_resolved
sc.equipment.usage,p1_visible_3e7255522b33,project_id,char,,,product runtime,addons/smart_construction_core/models/support/p1_daily_business_visible_alias_fields.py:832-853,,,FORMAL_PRODUCT_REFERENCE,true,true,true,true,false,true,readonly_nonstored,project_id,project_id,A_MAPPED_TO_FORMAL_PRODUCT_FIELD,MAP_TO_EXISTING_FORMAL_FIELD,true,HIGH_GLOBAL_DEFINITION,FORMAL_CONTRACT_ALIAS_COUNT_ZERO,REMOVED_FROM_PRODUCT_PUBLICATION,runtime:sc.equipment.usage.p1_visible_3e7255522b33;global_ir_model_fields;dynamic_get_view_injection;formal_runtime_field_resolved
sc.equipment.usage,p1_visible_6a92ad6d5d73,specification,char,,,product runtime,addons/smart_construction_core/models/support/p1_daily_business_visible_alias_fields.py:832-853,,,FORMAL_PRODUCT_REFERENCE,true,true,true,true,false,true,readonly_nonstored,specification;material_spec_summary;material_spec,specification,A_MAPPED_TO_FORMAL_PRODUCT_FIELD,MAP_TO_EXISTING_FORMAL_FIELD,true,HIGH_GLOBAL_DEFINITION,FORMAL_CONTRACT_ALIAS_COUNT_ZERO,REMOVED_FROM_PRODUCT_PUBLICATION,runtime:sc.equipment.usage.p1_visible_6a92ad6d5d73;global_ir_model_fields;dynamic_get_view_injection;formal_runtime_field_resolved
sc.equipment.usage,p1_visible_8ec8c8c712be,uom_text,char,,,product runtime,addons/smart_construction_core/models/support/p1_daily_business_visible_alias_fields.py:832-853,,,FORMAL_PRODUCT_REFERENCE,true,true,true,true,false,true,readonly_nonstored,uom_text;material_uom_summary;uom_id;product_uom_id,uom_text,A_MAPPED_TO_FORMAL_PRODUCT_FIELD,MAP_TO_EXISTING_FORMAL_FIELD,true,HIGH_GLOBAL_DEFINITION,FORMAL_CONTRACT_ALIAS_COUNT_ZERO,REMOVED_FROM_PRODUCT_PUBLICATION,runtime:sc.equipment.usage.p1_visible_8ec8c8c712be;global_ir_model_fields;dynamic_get_view_injection;formal_runtime_field_resolved
sc.equipment.usage,p1_visible_8fa8662ad38f,name,char,,,product runtime,addons/smart_construction_core/models/support/p1_daily_business_visible_alias_fields.py:832-853,,,FORMAL_PRODUCT_REFERENCE,true,true,true,true,false,true,readonly_nonstored,document_no;name,name,A_MAPPED_TO_FORMAL_PRODUCT_FIELD,MAP_TO_EXISTING_FORMAL_FIELD,true,HIGH_GLOBAL_DEFINITION,FORMAL_CONTRACT_ALIAS_COUNT_ZERO,REMOVED_FROM_PRODUCT_PUBLICATION,runtime:sc.equipment.usage.p1_visible_8fa8662ad38f;global_ir_model_fields;dynamic_get_view_injection;formal_runtime_field_resolved
sc.equipment.usage,p1_visible_99f6fe6c41ad,attachment_ids;message_attachment_count,char,,,product runtime,addons/smart_construction_core/models/support/p1_daily_business_visible_alias_fields.py:832-853,,,FORMAL_PRODUCT_REFERENCE,true,true,true,true,false,true,readonly_nonstored,attachment_ids;biz_attachment_ids;tech_attachment_ids;message_attachment_count,attachment_ids;message_attachment_count,A_MAPPED_TO_FORMAL_PRODUCT_FIELD,MAP_TO_EXISTING_FORMAL_FIELD,true,HIGH_GLOBAL_DEFINITION,FORMAL_CONTRACT_ALIAS_COUNT_ZERO,REMOVED_FROM_PRODUCT_PUBLICATION,runtime:sc.equipment.usage.p1_visible_99f6fe6c41ad;global_ir_model_fields;dynamic_get_view_injection;formal_runtime_field_resolved
sc.equipment.usage,p1_visible_a2cf2d1a84c3,supplier_id,char,,,product runtime,addons/smart_construction_core/models/support/p1_daily_business_visible_alias_fields.py:832-853,,,FORMAL_PRODUCT_REFERENCE,true,true,true,true,false,true,readonly_nonstored,supplier_id;partner_id;owner_id;subcontractor_id,supplier_id,A_MAPPED_TO_FORMAL_PRODUCT_FIELD,MAP_TO_EXISTING_FORMAL_FIELD,true,HIGH_GLOBAL_DEFINITION,FORMAL_CONTRACT_ALIAS_COUNT_ZERO,REMOVED_FROM_PRODUCT_PUBLICATION,runtime:sc.equipment.usage.p1_visible_a2cf2d1a84c3;global_ir_model_fields;dynamic_get_view_injection;formal_runtime_field_resolved
sc.equipment.usage,p1_visible_dfc25d77dc39,usage_date;source_created_at,char,,,product runtime,addons/smart_construction_core/models/support/p1_daily_business_visible_alias_fields.py:832-853,,,FORMAL_PRODUCT_REFERENCE,true,true,true,true,false,true,readonly_nonstored,usage_date;source_created_at;created_time,usage_date;source_created_at,A_MAPPED_TO_FORMAL_PRODUCT_FIELD,MAP_TO_EXISTING_FORMAL_FIELD,true,HIGH_GLOBAL_DEFINITION,FORMAL_CONTRACT_ALIAS_COUNT_ZERO,REMOVED_FROM_PRODUCT_PUBLICATION,runtime:sc.equipment.usage.p1_visible_dfc25d77dc39;global_ir_model_fields;dynamic_get_view_injection;formal_runtime_field_resolved
sc.equipment.usage,p1_visible_e0361480e3a5,note,char,,,product runtime,addons/smart_construction_core/models/support/p1_daily_business_visible_alias_fields.py:832-853,,,FORMAL_PRODUCT_REFERENCE,true,true,true,true,false,true,readonly_nonstored,note;purpose;description;remark,note,A_MAPPED_TO_FORMAL_PRODUCT_FIELD,MAP_TO_EXISTING_FORMAL_FIELD,true,HIGH_GLOBAL_DEFINITION,FORMAL_CONTRACT_ALIAS_COUNT_ZERO,REMOVED_FROM_PRODUCT_PUBLICATION,runtime:sc.equipment.usage.p1_visible_e0361480e3a5;global_ir_model_fields;dynamic_get_view_injection;formal_runtime_field_resolved
sc.equipment.usage,p1_visible_e6412d7d7f6a,work_hours,char,,,product runtime,addons/smart_construction_core/models/support/p1_daily_business_visible_alias_fields.py:832-853,,,FORMAL_PRODUCT_REFERENCE,true,true,true,true,false,true,readonly_nonstored,work_hours;quantity,work_hours,A_MAPPED_TO_FORMAL_PRODUCT_FIELD,MAP_TO_EXISTING_FORMAL_FIELD,true,HIGH_GLOBAL_DEFINITION,FORMAL_CONTRACT_ALIAS_COUNT_ZERO,REMOVED_FROM_PRODUCT_PUBLICATION,runtime:sc.equipment.usage.p1_visible_e6412d7d7f6a;global_ir_model_fields;dynamic_get_view_injection;formal_runtime_field_resolved
sc.equipment.usage,p1_visible_ee6a4d9e2956,recorder_id;source_created_by,char,,,product runtime,addons/smart_construction_core/models/support/p1_daily_business_visible_alias_fields.py:832-853,,,FORMAL_PRODUCT_REFERENCE,true,true,true,true,false,true,readonly_nonstored,recorder_id;source_created_by;creator_name;requester_id;owner_id;handler_name,recorder_id;source_created_by,A_MAPPED_TO_FORMAL_PRODUCT_FIELD,MAP_TO_EXISTING_FORMAL_FIELD,true,HIGH_GLOBAL_DEFINITION,FORMAL_CONTRACT_ALIAS_COUNT_ZERO,REMOVED_FROM_PRODUCT_PUBLICATION,runtime:sc.equipment.usage.p1_visible_ee6a4d9e2956;global_ir_model_fields;dynamic_get_view_injection;formal_runtime_field_resolved
sc.expense.claim,p1_visible_06fa8c6f628f,state,char,,,product runtime,addons/smart_construction_core/models/support/p1_daily_business_visible_alias_fields.py:832-853,,,FORMAL_PRODUCT_REFERENCE,true,true,true,true,false,true,readonly_nonstored,state;state_text,state,A_MAPPED_TO_FORMAL_PRODUCT_FIELD,MAP_TO_EXISTING_FORMAL_FIELD,true,HIGH_GLOBAL_DEFINITION,FORMAL_CONTRACT_ALIAS_COUNT_ZERO,REMOVED_FROM_PRODUCT_PUBLICATION,runtime:sc.expense.claim.p1_visible_06fa8c6f628f;global_ir_model_fields;dynamic_get_view_injection;formal_runtime_field_resolved;literal_view_reference
sc.expense.claim,p1_visible_1da8ed2551df,is_returned;claim_type;state,char,,,product runtime,addons/smart_construction_core/models/support/p1_daily_business_visible_alias_fields.py:832-853,,,FORMAL_PRODUCT_REFERENCE,true,true,true,true,false,true,readonly_nonstored,is_returned;claim_type;is_refund;state,is_returned;claim_type;state,A_MAPPED_TO_FORMAL_PRODUCT_FIELD,MAP_TO_EXISTING_FORMAL_FIELD,true,HIGH_GLOBAL_DEFINITION,FORMAL_CONTRACT_ALIAS_COUNT_ZERO,REMOVED_FROM_PRODUCT_PUBLICATION,runtime:sc.expense.claim.p1_visible_1da8ed2551df;global_ir_model_fields;dynamic_get_view_injection;formal_runtime_field_resolved;literal_view_reference
sc.expense.claim,p1_visible_1e62803e196c,date_claim;fill_date,char,,,product runtime,addons/smart_construction_core/models/support/p1_daily_business_visible_alias_fields.py:832-853,,,FORMAL_PRODUCT_REFERENCE,true,true,true,true,false,true,readonly_nonstored,date_claim;fill_date;document_date;date_request;request_date;settlement_date;snapshot_date;date_diary;inbound_date;outbound_date,date_claim;fill_date,A_MAPPED_TO_FORMAL_PRODUCT_FIELD,MAP_TO_EXISTING_FORMAL_FIELD,true,HIGH_GLOBAL_DEFINITION,FORMAL_CONTRACT_ALIAS_COUNT_ZERO,REMOVED_FROM_PRODUCT_PUBLICATION,runtime:sc.expense.claim.p1_visible_1e62803e196c;global_ir_model_fields;dynamic_get_view_injection;formal_runtime_field_resolved;literal_view_reference
sc.expense.claim,p1_visible_2559d3f7672e,company_id;company_name_text,char,,,product runtime,addons/smart_construction_core/models/support/p1_daily_business_visible_alias_fields.py:832-853,,,FORMAL_PRODUCT_REFERENCE,true,true,true,true,false,true,readonly_nonstored,company_id;company_name_text,company_id;company_name_text,A_MAPPED_TO_FORMAL_PRODUCT_FIELD,MAP_TO_EXISTING_FORMAL_FIELD,true,HIGH_GLOBAL_DEFINITION,FORMAL_CONTRACT_ALIAS_COUNT_ZERO,REMOVED_FROM_PRODUCT_PUBLICATION,runtime:sc.expense.claim.p1_visible_2559d3f7672e;global_ir_model_fields;dynamic_get_view_injection;formal_runtime_field_resolved;literal_view_reference
sc.expense.claim,p1_visible_2607f43202a3,applicant_name;payee,char,,,product runtime,addons/smart_construction_core/models/support/p1_daily_business_visible_alias_fields.py:832-853,,,FORMAL_PRODUCT_REFERENCE,true,true,true,true,false,true,readonly_nonstored,applicant_name;payee,applicant_name;payee,A_MAPPED_TO_FORMAL_PRODUCT_FIELD,MAP_TO_EXISTING_FORMAL_FIELD,true,HIGH_GLOBAL_DEFINITION,FORMAL_CONTRACT_ALIAS_COUNT_ZERO,REMOVED_FROM_PRODUCT_PUBLICATION,runtime:sc.expense.claim.p1_visible_2607f43202a3;global_ir_model_fields;dynamic_get_view_injection;formal_runtime_field_resolved;literal_view_reference
sc.expense.claim,p1_visible_334ddb69d3cf,date_claim;fill_date,char,,,product runtime,addons/smart_construction_core/models/support/p1_daily_business_visible_alias_fields.py:832-853,,,FORMAL_PRODUCT_REFERENCE,true,true,true,true,false,true,readonly_nonstored,date_claim;fill_date,date_claim;fill_date,A_MAPPED_TO_FORMAL_PRODUCT_FIELD,MAP_TO_EXISTING_FORMAL_FIELD,true,HIGH_GLOBAL_DEFINITION,FORMAL_CONTRACT_ALIAS_COUNT_ZERO,REMOVED_FROM_PRODUCT_PUBLICATION,runtime:sc.expense.claim.p1_visible_334ddb69d3cf;global_ir_model_fields;dynamic_get_view_injection;formal_runtime_field_resolved;literal_view_reference
sc.expense.claim,p1_visible_3ade9df90bf8,amount;approved_amount,char,,,product runtime,addons/smart_construction_core/models/support/p1_daily_business_visible_alias_fields.py:832-853,,,FORMAL_PRODUCT_REFERENCE,true,true,true,true,false,true,readonly_nonstored,amount;approved_amount;refund_amount;deduction_amount,amount;approved_amount,A_MAPPED_TO_FORMAL_PRODUCT_FIELD,MAP_TO_EXISTING_FORMAL_FIELD,true,HIGH_GLOBAL_DEFINITION,FORMAL_CONTRACT_ALIAS_COUNT_ZERO,REMOVED_FROM_PRODUCT_PUBLICATION,runtime:sc.expense.claim.p1_visible_3ade9df90bf8;global_ir_model_fields;dynamic_get_view_injection;formal_runtime_field_resolved;literal_view_reference
sc.expense.claim,p1_visible_3e7255522b33,project_id,char,,,product runtime,addons/smart_construction_core/models/support/p1_daily_business_visible_alias_fields.py:832-853,,,FORMAL_PRODUCT_REFERENCE,true,true,true,true,false,true,readonly_nonstored,project_id,project_id,A_MAPPED_TO_FORMAL_PRODUCT_FIELD,MAP_TO_EXISTING_FORMAL_FIELD,true,HIGH_GLOBAL_DEFINITION,FORMAL_CONTRACT_ALIAS_COUNT_ZERO,REMOVED_FROM_PRODUCT_PUBLICATION,runtime:sc.expense.claim.p1_visible_3e7255522b33;global_ir_model_fields;dynamic_get_view_injection;formal_runtime_field_resolved;literal_view_reference
sc.expense.claim,p1_visible_533775096e5b,payee;partner_id,char,,,product runtime,addons/smart_construction_core/models/support/p1_daily_business_visible_alias_fields.py:832-853,,,FORMAL_PRODUCT_REFERENCE,true,true,true,true,false,true,readonly_nonstored,payee;partner_id,payee;partner_id,A_MAPPED_TO_FORMAL_PRODUCT_FIELD,MAP_TO_EXISTING_FORMAL_FIELD,true,HIGH_GLOBAL_DEFINITION,FORMAL_CONTRACT_ALIAS_COUNT_ZERO,REMOVED_FROM_PRODUCT_PUBLICATION,runtime:sc.expense.claim.p1_visible_533775096e5b;global_ir_model_fields;dynamic_get_view_injection;formal_runtime_field_resolved;literal_view_reference
sc.expense.claim,p1_visible_62e5cf441092,amount;approved_amount;paid_amount,char,,,product runtime,addons/smart_construction_core/models/support/p1_daily_business_visible_alias_fields.py:832-853,,,FORMAL_PRODUCT_REFERENCE,true,true,true,true,false,true,readonly_nonstored,amount;approved_amount;paid_amount;deduction_amount,amount;approved_amount;paid_amount,A_MAPPED_TO_FORMAL_PRODUCT_FIELD,MAP_TO_EXISTING_FORMAL_FIELD,true,HIGH_GLOBAL_DEFINITION,FORMAL_CONTRACT_ALIAS_COUNT_ZERO,REMOVED_FROM_PRODUCT_PUBLICATION,runtime:sc.expense.claim.p1_visible_62e5cf441092;global_ir_model_fields;dynamic_get_view_injection;formal_runtime_field_resolved;literal_view_reference
sc.expense.claim,p1_visible_748d7dc7e321,summary;expense_type;name,char,,,product runtime,addons/smart_construction_core/models/support/p1_daily_business_visible_alias_fields.py:832-853,,,FORMAL_PRODUCT_REFERENCE,true,true,true,true,false,true,readonly_nonstored,summary;expense_type;title;name,summary;expense_type;name,A_MAPPED_TO_FORMAL_PRODUCT_FIELD,MAP_TO_EXISTING_FORMAL_FIELD,true,HIGH_GLOBAL_DEFINITION,FORMAL_CONTRACT_ALIAS_COUNT_ZERO,REMOVED_FROM_PRODUCT_PUBLICATION,runtime:sc.expense.claim.p1_visible_748d7dc7e321;global_ir_model_fields;dynamic_get_view_injection;formal_runtime_field_resolved;literal_view_reference
sc.expense.claim,p1_visible_7c49c8f25a7a,summary;expense_type;note,char,,,product runtime,addons/smart_construction_core/models/support/p1_daily_business_visible_alias_fields.py:832-853,,,FORMAL_PRODUCT_REFERENCE,true,true,true,true,false,true,readonly_nonstored,summary;expense_type;note;purpose,summary;expense_type;note,A_MAPPED_TO_FORMAL_PRODUCT_FIELD,MAP_TO_EXISTING_FORMAL_FIELD,true,HIGH_GLOBAL_DEFINITION,FORMAL_CONTRACT_ALIAS_COUNT_ZERO,REMOVED_FROM_PRODUCT_PUBLICATION,runtime:sc.expense.claim.p1_visible_7c49c8f25a7a;global_ir_model_fields;dynamic_get_view_injection;formal_runtime_field_resolved;literal_view_reference
sc.expense.claim,p1_visible_80e3d15acaa8,expense_type,char,,,product runtime,addons/smart_construction_core/models/support/p1_daily_business_visible_alias_fields.py:832-853,,,FORMAL_PRODUCT_REFERENCE,true,true,true,true,false,true,readonly_nonstored,expense_type,expense_type,A_MAPPED_TO_FORMAL_PRODUCT_FIELD,MAP_TO_EXISTING_FORMAL_FIELD,true,HIGH_GLOBAL_DEFINITION,FORMAL_CONTRACT_ALIAS_COUNT_ZERO,REMOVED_FROM_PRODUCT_PUBLICATION,runtime:sc.expense.claim.p1_visible_80e3d15acaa8;global_ir_model_fields;dynamic_get_view_injection;formal_runtime_field_resolved;literal_view_reference
sc.expense.claim,p1_visible_8fa8662ad38f,name,char,,,product runtime,addons/smart_construction_core/models/support/p1_daily_business_visible_alias_fields.py:832-853,,,FORMAL_PRODUCT_REFERENCE,true,true,true,true,false,true,readonly_nonstored,name;document_no,name,A_MAPPED_TO_FORMAL_PRODUCT_FIELD,MAP_TO_EXISTING_FORMAL_FIELD,true,HIGH_GLOBAL_DEFINITION,FORMAL_CONTRACT_ALIAS_COUNT_ZERO,REMOVED_FROM_PRODUCT_PUBLICATION,runtime:sc.expense.claim.p1_visible_8fa8662ad38f;global_ir_model_fields;dynamic_get_view_injection;formal_runtime_field_resolved;literal_view_reference
sc.expense.claim,p1_visible_91061a56c00f,department_name,char,,,product runtime,addons/smart_construction_core/models/support/p1_daily_business_visible_alias_fields.py:832-853,,,FORMAL_PRODUCT_REFERENCE,true,true,true,true,false,true,readonly_nonstored,department_name,department_name,A_MAPPED_TO_FORMAL_PRODUCT_FIELD,MAP_TO_EXISTING_FORMAL_FIELD,true,HIGH_GLOBAL_DEFINITION,FORMAL_CONTRACT_ALIAS_COUNT_ZERO,REMOVED_FROM_PRODUCT_PUBLICATION,runtime:sc.expense.claim.p1_visible_91061a56c00f;global_ir_model_fields;dynamic_get_view_injection;formal_runtime_field_resolved;literal_view_reference
sc.expense.claim,p1_visible_99f6fe6c41ad,attachment_ids;message_attachment_count,char,,,product runtime,addons/smart_construction_core/models/support/p1_daily_business_visible_alias_fields.py:832-853,,,FORMAL_PRODUCT_REFERENCE,true,true,true,true,false,true,readonly_nonstored,attachment_ids;biz_attachment_ids;tech_attachment_ids;message_attachment_count,attachment_ids;message_attachment_count,A_MAPPED_TO_FORMAL_PRODUCT_FIELD,MAP_TO_EXISTING_FORMAL_FIELD,true,HIGH_GLOBAL_DEFINITION,FORMAL_CONTRACT_ALIAS_COUNT_ZERO,REMOVED_FROM_PRODUCT_PUBLICATION,runtime:sc.expense.claim.p1_visible_99f6fe6c41ad;global_ir_model_fields;dynamic_get_view_injection;formal_runtime_field_resolved;literal_view_reference
sc.expense.claim,p1_visible_9c075c710f62,amount;approved_amount,char,,,product runtime,addons/smart_construction_core/models/support/p1_daily_business_visible_alias_fields.py:832-853,,,FORMAL_PRODUCT_REFERENCE,true,true,true,true,false,true,readonly_nonstored,amount;approved_amount;repaid_amount,amount;approved_amount,A_MAPPED_TO_FORMAL_PRODUCT_FIELD,MAP_TO_EXISTING_FORMAL_FIELD,true,HIGH_GLOBAL_DEFINITION,FORMAL_CONTRACT_ALIAS_COUNT_ZERO,REMOVED_FROM_PRODUCT_PUBLICATION,runtime:sc.expense.claim.p1_visible_9c075c710f62;global_ir_model_fields;dynamic_get_view_injection;formal_runtime_field_resolved;literal_view_reference
sc.expense.claim,p1_visible_a22ecb7fab2f,unpaid_amount;amount,char,,,product runtime,addons/smart_construction_core/models/support/p1_daily_business_visible_alias_fields.py:832-853,,,FORMAL_PRODUCT_REFERENCE,true,true,true,true,false,true,readonly_nonstored,unpaid_amount;amount,unpaid_amount;amount,A_MAPPED_TO_FORMAL_PRODUCT_FIELD,MAP_TO_EXISTING_FORMAL_FIELD,true,HIGH_GLOBAL_DEFINITION,FORMAL_CONTRACT_ALIAS_COUNT_ZERO,REMOVED_FROM_PRODUCT_PUBLICATION,runtime:sc.expense.claim.p1_visible_a22ecb7fab2f;global_ir_model_fields;dynamic_get_view_injection;formal_runtime_field_resolved;literal_view_reference
sc.expense.claim,p1_visible_a5b7f233fadc,note,char,,,product runtime,addons/smart_construction_core/models/support/p1_daily_business_visible_alias_fields.py:832-853,,,FORMAL_PRODUCT_REFERENCE,true,true,true,true,false,true,readonly_nonstored,note;interest_amount;rate_label,note,A_MAPPED_TO_FORMAL_PRODUCT_FIELD,MAP_TO_EXISTING_FORMAL_FIELD,true,HIGH_GLOBAL_DEFINITION,FORMAL_CONTRACT_ALIAS_COUNT_ZERO,REMOVED_FROM_PRODUCT_PUBLICATION,runtime:sc.expense.claim.p1_visible_a5b7f233fadc;global_ir_model_fields;dynamic_get_view_injection;formal_runtime_field_resolved;literal_view_reference
sc.expense.claim,p1_visible_b0bff5c45de7,amount;approved_amount,char,,,product runtime,addons/smart_construction_core/models/support/p1_daily_business_visible_alias_fields.py:832-853,,,FORMAL_PRODUCT_REFERENCE,true,true,true,true,false,true,readonly_nonstored,amount;approved_amount;planned_paid_amount;deduction_amount,amount;approved_amount,A_MAPPED_TO_FORMAL_PRODUCT_FIELD,MAP_TO_EXISTING_FORMAL_FIELD,true,HIGH_GLOBAL_DEFINITION,FORMAL_CONTRACT_ALIAS_COUNT_ZERO,REMOVED_FROM_PRODUCT_PUBLICATION,runtime:sc.expense.claim.p1_visible_b0bff5c45de7;global_ir_model_fields;dynamic_get_view_injection;formal_runtime_field_resolved;literal_view_reference
sc.expense.claim,p1_visible_b6959bb111d9,payment_state;state,char,,,product runtime,addons/smart_construction_core/models/support/p1_daily_business_visible_alias_fields.py:832-853,,,FORMAL_PRODUCT_REFERENCE,true,true,true,true,false,true,readonly_nonstored,payment_state;state,payment_state;state,A_MAPPED_TO_FORMAL_PRODUCT_FIELD,MAP_TO_EXISTING_FORMAL_FIELD,true,HIGH_GLOBAL_DEFINITION,FORMAL_CONTRACT_ALIAS_COUNT_ZERO,REMOVED_FROM_PRODUCT_PUBLICATION,runtime:sc.expense.claim.p1_visible_b6959bb111d9;global_ir_model_fields;dynamic_get_view_injection;formal_runtime_field_resolved;literal_view_reference
sc.expense.claim,p1_visible_b6fed9af8313,date_claim;fill_date,char,,,product runtime,addons/smart_construction_core/models/support/p1_daily_business_visible_alias_fields.py:832-853,,,FORMAL_PRODUCT_REFERENCE,true,true,true,true,false,true,readonly_nonstored,date_claim;fill_date;date_diary;document_date;report_period_start,date_claim;fill_date,A_MAPPED_TO_FORMAL_PRODUCT_FIELD,MAP_TO_EXISTING_FORMAL_FIELD,true,HIGH_GLOBAL_DEFINITION,FORMAL_CONTRACT_ALIAS_COUNT_ZERO,REMOVED_FROM_PRODUCT_PUBLICATION,runtime:sc.expense.claim.p1_visible_b6fed9af8313;global_ir_model_fields;dynamic_get_view_injection;formal_runtime_field_resolved;literal_view_reference
sc.expense.claim,p1_visible_bb7c7aeff3e4,payee;receipt_account_name;partner_id,char,,,product runtime,addons/smart_construction_core/models/support/p1_daily_business_visible_alias_fields.py:832-853,,,FORMAL_PRODUCT_REFERENCE,true,true,true,true,false,true,readonly_nonstored,payee;receipt_account_name;receipt_partner_name;partner_id,payee;receipt_account_name;partner_id,A_MAPPED_TO_FORMAL_PRODUCT_FIELD,MAP_TO_EXISTING_FORMAL_FIELD,true,HIGH_GLOBAL_DEFINITION,FORMAL_CONTRACT_ALIAS_COUNT_ZERO,REMOVED_FROM_PRODUCT_PUBLICATION,runtime:sc.expense.claim.p1_visible_bb7c7aeff3e4;global_ir_model_fields;dynamic_get_view_injection;formal_runtime_field_resolved;literal_view_reference
sc.expense.claim,p1_visible_c33f247470b1,expense_type;claim_type,char,,,product runtime,addons/smart_construction_core/models/support/p1_daily_business_visible_alias_fields.py:832-853,,,FORMAL_PRODUCT_REFERENCE,true,true,true,true,false,true,readonly_nonstored,expense_type;claim_type,expense_type;claim_type,A_MAPPED_TO_FORMAL_PRODUCT_FIELD,MAP_TO_EXISTING_FORMAL_FIELD,true,HIGH_GLOBAL_DEFINITION,FORMAL_CONTRACT_ALIAS_COUNT_ZERO,REMOVED_FROM_PRODUCT_PUBLICATION,runtime:sc.expense.claim.p1_visible_c33f247470b1;global_ir_model_fields;dynamic_get_view_injection;formal_runtime_field_resolved;literal_view_reference
sc.expense.claim,p1_visible_c6b9a8cfdb21,payment_method,char,,,product runtime,addons/smart_construction_core/models/support/p1_daily_business_visible_alias_fields.py:832-853,,,FORMAL_PRODUCT_REFERENCE,true,true,true,true,false,true,readonly_nonstored,payment_method;receipt_type;type,payment_method,A_MAPPED_TO_FORMAL_PRODUCT_FIELD,MAP_TO_EXISTING_FORMAL_FIELD,true,HIGH_GLOBAL_DEFINITION,FORMAL_CONTRACT_ALIAS_COUNT_ZERO,REMOVED_FROM_PRODUCT_PUBLICATION,runtime:sc.expense.claim.p1_visible_c6b9a8cfdb21;global_ir_model_fields;dynamic_get_view_injection;formal_runtime_field_resolved;literal_view_reference
sc.expense.claim,p1_visible_ce44aa844fbd,summary;note,char,,,product runtime,addons/smart_construction_core/models/support/p1_daily_business_visible_alias_fields.py:832-853,,,FORMAL_PRODUCT_REFERENCE,true,true,true,true,false,true,readonly_nonstored,summary;note,summary;note,A_MAPPED_TO_FORMAL_PRODUCT_FIELD,MAP_TO_EXISTING_FORMAL_FIELD,true,HIGH_GLOBAL_DEFINITION,FORMAL_CONTRACT_ALIAS_COUNT_ZERO,REMOVED_FROM_PRODUCT_PUBLICATION,runtime:sc.expense.claim.p1_visible_ce44aa844fbd;global_ir_model_fields;dynamic_get_view_injection;formal_runtime_field_resolved;literal_view_reference
sc.expense.claim,p1_visible_d3ebd50d724b,paid_amount;approved_amount;amount,char,,,product runtime,addons/smart_construction_core/models/support/p1_daily_business_visible_alias_fields.py:832-853,,,FORMAL_PRODUCT_REFERENCE,true,true,true,true,false,true,readonly_nonstored,paid_amount;approved_amount;paid_amount_total;amount,paid_amount;approved_amount;amount,A_MAPPED_TO_FORMAL_PRODUCT_FIELD,MAP_TO_EXISTING_FORMAL_FIELD,true,HIGH_GLOBAL_DEFINITION,FORMAL_CONTRACT_ALIAS_COUNT_ZERO,REMOVED_FROM_PRODUCT_PUBLICATION,runtime:sc.expense.claim.p1_visible_d3ebd50d724b;global_ir_model_fields;dynamic_get_view_injection;formal_runtime_field_resolved;literal_view_reference
sc.expense.claim,p1_visible_d890d302f7f7,amount;approved_amount;paid_amount,char,,,product runtime,addons/smart_construction_core/models/support/p1_daily_business_visible_alias_fields.py:832-853,,,FORMAL_PRODUCT_REFERENCE,true,true,true,true,false,true,readonly_nonstored,amount;approved_amount;paid_amount,amount;approved_amount;paid_amount,A_MAPPED_TO_FORMAL_PRODUCT_FIELD,MAP_TO_EXISTING_FORMAL_FIELD,true,HIGH_GLOBAL_DEFINITION,FORMAL_CONTRACT_ALIAS_COUNT_ZERO,REMOVED_FROM_PRODUCT_PUBLICATION,runtime:sc.expense.claim.p1_visible_d890d302f7f7;global_ir_model_fields;dynamic_get_view_injection;formal_runtime_field_resolved;literal_view_reference
sc.expense.claim,p1_visible_dacbd33c31fd,payment_account_name,char,,,product runtime,addons/smart_construction_core/models/support/p1_daily_business_visible_alias_fields.py:832-853,,,FORMAL_PRODUCT_REFERENCE,true,true,true,true,false,true,readonly_nonstored,payment_account_name,payment_account_name,A_MAPPED_TO_FORMAL_PRODUCT_FIELD,MAP_TO_EXISTING_FORMAL_FIELD,true,HIGH_GLOBAL_DEFINITION,FORMAL_CONTRACT_ALIAS_COUNT_ZERO,REMOVED_FROM_PRODUCT_PUBLICATION,runtime:sc.expense.claim.p1_visible_dacbd33c31fd;global_ir_model_fields;dynamic_get_view_injection;formal_runtime_field_resolved;literal_view_reference
sc.expense.claim,p1_visible_dbbcd74271cd,summary;expense_type;note,char,,,product runtime,addons/smart_construction_core/models/support/p1_daily_business_visible_alias_fields.py:832-853,,,FORMAL_PRODUCT_REFERENCE,true,true,true,true,false,true,readonly_nonstored,summary;expense_type;description;note,summary;expense_type;note,A_MAPPED_TO_FORMAL_PRODUCT_FIELD,MAP_TO_EXISTING_FORMAL_FIELD,true,HIGH_GLOBAL_DEFINITION,FORMAL_CONTRACT_ALIAS_COUNT_ZERO,REMOVED_FROM_PRODUCT_PUBLICATION,runtime:sc.expense.claim.p1_visible_dbbcd74271cd;global_ir_model_fields;dynamic_get_view_injection;formal_runtime_field_resolved;literal_view_reference
sc.expense.claim,p1_visible_dca067f698a7,date_claim;fill_date,char,,,product runtime,addons/smart_construction_core/models/support/p1_daily_business_visible_alias_fields.py:832-853,,,FORMAL_PRODUCT_REFERENCE,true,true,true,true,false,true,readonly_nonstored,date_claim;fill_date;repay_date;due_date;document_date,date_claim;fill_date,A_MAPPED_TO_FORMAL_PRODUCT_FIELD,MAP_TO_EXISTING_FORMAL_FIELD,true,HIGH_GLOBAL_DEFINITION,FORMAL_CONTRACT_ALIAS_COUNT_ZERO,REMOVED_FROM_PRODUCT_PUBLICATION,runtime:sc.expense.claim.p1_visible_dca067f698a7;global_ir_model_fields;dynamic_get_view_injection;formal_runtime_field_resolved;literal_view_reference
sc.expense.claim,p1_visible_df728e732617,expense_type;claim_type,char,,,product runtime,addons/smart_construction_core/models/support/p1_daily_business_visible_alias_fields.py:832-853,,,FORMAL_PRODUCT_REFERENCE,true,true,true,true,false,true,readonly_nonstored,expense_type;claim_type,expense_type;claim_type,A_MAPPED_TO_FORMAL_PRODUCT_FIELD,MAP_TO_EXISTING_FORMAL_FIELD,true,HIGH_GLOBAL_DEFINITION,FORMAL_CONTRACT_ALIAS_COUNT_ZERO,REMOVED_FROM_PRODUCT_PUBLICATION,runtime:sc.expense.claim.p1_visible_df728e732617;global_ir_model_fields;dynamic_get_view_injection;formal_runtime_field_resolved;literal_view_reference
sc.expense.claim,p1_visible_dfc25d77dc39,created_time,char,,,product runtime,addons/smart_construction_core/models/support/p1_daily_business_visible_alias_fields.py:832-853,,,FORMAL_PRODUCT_REFERENCE,true,true,true,true,false,true,readonly_nonstored,created_time;source_created_at,created_time,A_MAPPED_TO_FORMAL_PRODUCT_FIELD,MAP_TO_EXISTING_FORMAL_FIELD,true,HIGH_GLOBAL_DEFINITION,FORMAL_CONTRACT_ALIAS_COUNT_ZERO,REMOVED_FROM_PRODUCT_PUBLICATION,runtime:sc.expense.claim.p1_visible_dfc25d77dc39;global_ir_model_fields;dynamic_get_view_injection;formal_runtime_field_resolved;literal_view_reference
sc.expense.claim,p1_visible_e0361480e3a5,summary;note,char,,,product runtime,addons/smart_construction_core/models/support/p1_daily_business_visible_alias_fields.py:832-853,,,FORMAL_PRODUCT_REFERENCE,true,true,true,true,false,true,readonly_nonstored,summary;note;purpose;description;remark,summary;note,A_MAPPED_TO_FORMAL_PRODUCT_FIELD,MAP_TO_EXISTING_FORMAL_FIELD,true,HIGH_GLOBAL_DEFINITION,FORMAL_CONTRACT_ALIAS_COUNT_ZERO,REMOVED_FROM_PRODUCT_PUBLICATION,runtime:sc.expense.claim.p1_visible_e0361480e3a5;global_ir_model_fields;dynamic_get_view_injection;formal_runtime_field_resolved;literal_view_reference
sc.expense.claim,p1_visible_ee6a4d9e2956,creator_name;applicant_name,char,,,product runtime,addons/smart_construction_core/models/support/p1_daily_business_visible_alias_fields.py:832-853,,,FORMAL_PRODUCT_REFERENCE,true,true,true,true,false,true,readonly_nonstored,creator_name;applicant_name;source_created_by;requester_id;owner_id;handler_name,creator_name;applicant_name,A_MAPPED_TO_FORMAL_PRODUCT_FIELD,MAP_TO_EXISTING_FORMAL_FIELD,true,HIGH_GLOBAL_DEFINITION,FORMAL_CONTRACT_ALIAS_COUNT_ZERO,REMOVED_FROM_PRODUCT_PUBLICATION,runtime:sc.expense.claim.p1_visible_ee6a4d9e2956;global_ir_model_fields;dynamic_get_view_injection;formal_runtime_field_resolved;literal_view_reference
sc.expense.claim,p1_visible_f13b158f80f7,note,char,,,product runtime,addons/smart_construction_core/models/support/p1_daily_business_visible_alias_fields.py:832-853,,,FORMAL_PRODUCT_REFERENCE,true,true,true,true,false,true,readonly_nonstored,note;rate_label,note,A_MAPPED_TO_FORMAL_PRODUCT_FIELD,MAP_TO_EXISTING_FORMAL_FIELD,true,HIGH_GLOBAL_DEFINITION,FORMAL_CONTRACT_ALIAS_COUNT_ZERO,REMOVED_FROM_PRODUCT_PUBLICATION,runtime:sc.expense.claim.p1_visible_f13b158f80f7;global_ir_model_fields;dynamic_get_view_injection;formal_runtime_field_resolved;literal_view_reference
sc.expense.claim,p1_visible_f22832ce4781,state,char,,,product runtime,addons/smart_construction_core/models/support/p1_daily_business_visible_alias_fields.py:832-853,,,FORMAL_PRODUCT_REFERENCE,true,true,true,true,false,true,readonly_nonstored,push_result;sync_state;state,state,A_MAPPED_TO_FORMAL_PRODUCT_FIELD,MAP_TO_EXISTING_FORMAL_FIELD,true,HIGH_GLOBAL_DEFINITION,FORMAL_CONTRACT_ALIAS_COUNT_ZERO,REMOVED_FROM_PRODUCT_PUBLICATION,runtime:sc.expense.claim.p1_visible_f22832ce4781;global_ir_model_fields;dynamic_get_view_injection;formal_runtime_field_resolved;literal_view_reference
sc.expense.claim,p1_visible_f65ab1a8427f,applicant_name;payee;partner_id,char,,,product runtime,addons/smart_construction_core/models/support/p1_daily_business_visible_alias_fields.py:832-853,,,FORMAL_PRODUCT_REFERENCE,true,true,true,true,false,true,readonly_nonstored,applicant_name;payee;partner_id,applicant_name;payee;partner_id,A_MAPPED_TO_FORMAL_PRODUCT_FIELD,MAP_TO_EXISTING_FORMAL_FIELD,true,HIGH_GLOBAL_DEFINITION,FORMAL_CONTRACT_ALIAS_COUNT_ZERO,REMOVED_FROM_PRODUCT_PUBLICATION,runtime:sc.expense.claim.p1_visible_f65ab1a8427f;global_ir_model_fields;dynamic_get_view_injection;formal_runtime_field_resolved;literal_view_reference
sc.expense.claim,p1_visible_f75550069cae,amount;approved_amount,char,,,product runtime,addons/smart_construction_core/models/support/p1_daily_business_visible_alias_fields.py:832-853,,,FORMAL_PRODUCT_REFERENCE,true,true,true,true,false,true,readonly_nonstored,amount;approved_amount,amount;approved_amount,A_MAPPED_TO_FORMAL_PRODUCT_FIELD,MAP_TO_EXISTING_FORMAL_FIELD,true,HIGH_GLOBAL_DEFINITION,FORMAL_CONTRACT_ALIAS_COUNT_ZERO,REMOVED_FROM_PRODUCT_PUBLICATION,runtime:sc.expense.claim.p1_visible_f75550069cae;global_ir_model_fields;dynamic_get_view_injection;formal_runtime_field_resolved;literal_view_reference
sc.expense.claim,p1_visible_f79e589b11f6,amount;approved_amount,char,,,product runtime,addons/smart_construction_core/models/support/p1_daily_business_visible_alias_fields.py:832-853,,,FORMAL_PRODUCT_REFERENCE,true,true,true,true,false,true,readonly_nonstored,amount;approved_amount,amount;approved_amount,A_MAPPED_TO_FORMAL_PRODUCT_FIELD,MAP_TO_EXISTING_FORMAL_FIELD,true,HIGH_GLOBAL_DEFINITION,FORMAL_CONTRACT_ALIAS_COUNT_ZERO,REMOVED_FROM_PRODUCT_PUBLICATION,runtime:sc.expense.claim.p1_visible_f79e589b11f6;global_ir_model_fields;dynamic_get_view_injection;formal_runtime_field_resolved;literal_view_reference
sc.financing.loan,p1_visible_06d4e36b5786,financing_loan_request_department,char,,,product runtime,addons/smart_construction_core/models/support/p1_daily_business_visible_alias_fields.py:832-853,,,FORMAL_PRODUCT_REFERENCE,true,true,true,true,false,true,readonly_nonstored,financing_loan_request_department,financing_loan_request_department,A_MAPPED_TO_FORMAL_PRODUCT_FIELD,MAP_TO_EXISTING_FORMAL_FIELD,true,HIGH_GLOBAL_DEFINITION,FORMAL_CONTRACT_ALIAS_COUNT_ZERO,REMOVED_FROM_PRODUCT_PUBLICATION,runtime:sc.financing.loan.p1_visible_06d4e36b5786;global_ir_model_fields;dynamic_get_view_injection;formal_runtime_field_resolved;literal_view_reference
sc.financing.loan,p1_visible_06fa8c6f628f,state,char,,,product runtime,addons/smart_construction_core/models/support/p1_daily_business_visible_alias_fields.py:832-853,,,FORMAL_PRODUCT_REFERENCE,true,true,true,true,false,true,readonly_nonstored,state;state_text,state,A_MAPPED_TO_FORMAL_PRODUCT_FIELD,MAP_TO_EXISTING_FORMAL_FIELD,true,HIGH_GLOBAL_DEFINITION,FORMAL_CONTRACT_ALIAS_COUNT_ZERO,REMOVED_FROM_PRODUCT_PUBLICATION,runtime:sc.financing.loan.p1_visible_06fa8c6f628f;global_ir_model_fields;dynamic_get_view_injection;formal_runtime_field_resolved;literal_view_reference
sc.financing.loan,p1_visible_099f8b5c680a,loan_account,char,,,product runtime,addons/smart_construction_core/models/support/p1_daily_business_visible_alias_fields.py:832-853,,,FORMAL_PRODUCT_REFERENCE,true,true,true,true,false,true,readonly_nonstored,loan_account;bank_account;account_no,loan_account,A_MAPPED_TO_FORMAL_PRODUCT_FIELD,MAP_TO_EXISTING_FORMAL_FIELD,true,HIGH_GLOBAL_DEFINITION,FORMAL_CONTRACT_ALIAS_COUNT_ZERO,REMOVED_FROM_PRODUCT_PUBLICATION,runtime:sc.financing.loan.p1_visible_099f8b5c680a;global_ir_model_fields;dynamic_get_view_injection;formal_runtime_field_resolved;literal_view_reference
sc.financing.loan,p1_visible_0f6aab17d203,due_date,char,,,product runtime,addons/smart_construction_core/models/support/p1_daily_business_visible_alias_fields.py:832-853,,,FORMAL_PRODUCT_REFERENCE,true,true,true,true,false,true,readonly_nonstored,due_date,due_date,A_MAPPED_TO_FORMAL_PRODUCT_FIELD,MAP_TO_EXISTING_FORMAL_FIELD,true,HIGH_GLOBAL_DEFINITION,FORMAL_CONTRACT_ALIAS_COUNT_ZERO,REMOVED_FROM_PRODUCT_PUBLICATION,runtime:sc.financing.loan.p1_visible_0f6aab17d203;global_ir_model_fields;dynamic_get_view_injection;formal_runtime_field_resolved;literal_view_reference
sc.financing.loan,p1_visible_160ebab6202d,financing_loan_borrow_account,char,,,product runtime,addons/smart_construction_core/models/support/p1_daily_business_visible_alias_fields.py:832-853,,,FORMAL_PRODUCT_REFERENCE,true,true,true,true,false,true,readonly_nonstored,financing_loan_borrow_account,financing_loan_borrow_account,A_MAPPED_TO_FORMAL_PRODUCT_FIELD,MAP_TO_EXISTING_FORMAL_FIELD,true,HIGH_GLOBAL_DEFINITION,FORMAL_CONTRACT_ALIAS_COUNT_ZERO,REMOVED_FROM_PRODUCT_PUBLICATION,runtime:sc.financing.loan.p1_visible_160ebab6202d;global_ir_model_fields;dynamic_get_view_injection;formal_runtime_field_resolved;literal_view_reference
sc.financing.loan,p1_visible_21f4d7e3c978,financing_loan_actual_loan_amount,char,,,product runtime,addons/smart_construction_core/models/support/p1_daily_business_visible_alias_fields.py:832-853,,,FORMAL_PRODUCT_REFERENCE,true,true,true,true,false,true,readonly_nonstored,financing_loan_actual_loan_amount,financing_loan_actual_loan_amount,A_MAPPED_TO_FORMAL_PRODUCT_FIELD,MAP_TO_EXISTING_FORMAL_FIELD,true,HIGH_GLOBAL_DEFINITION,FORMAL_CONTRACT_ALIAS_COUNT_ZERO,REMOVED_FROM_PRODUCT_PUBLICATION,runtime:sc.financing.loan.p1_visible_21f4d7e3c978;global_ir_model_fields;dynamic_get_view_injection;formal_runtime_field_resolved;literal_view_reference
sc.financing.loan,p1_visible_25b047589d9e,financing_loan_bank_name,char,,,product runtime,addons/smart_construction_core/models/support/p1_daily_business_visible_alias_fields.py:832-853,,,FORMAL_PRODUCT_REFERENCE,true,true,true,true,false,true,readonly_nonstored,financing_loan_bank_name,financing_loan_bank_name,A_MAPPED_TO_FORMAL_PRODUCT_FIELD,MAP_TO_EXISTING_FORMAL_FIELD,true,HIGH_GLOBAL_DEFINITION,FORMAL_CONTRACT_ALIAS_COUNT_ZERO,REMOVED_FROM_PRODUCT_PUBLICATION,runtime:sc.financing.loan.p1_visible_25b047589d9e;global_ir_model_fields;dynamic_get_view_injection;formal_runtime_field_resolved;literal_view_reference
sc.financing.loan,p1_visible_26cbd48d6c5a,financing_loan_loan_type_display,char,,,product runtime,addons/smart_construction_core/models/support/p1_daily_business_visible_alias_fields.py:832-853,,,FORMAL_PRODUCT_REFERENCE,true,true,true,true,false,true,readonly_nonstored,financing_loan_loan_type_display,financing_loan_loan_type_display,A_MAPPED_TO_FORMAL_PRODUCT_FIELD,MAP_TO_EXISTING_FORMAL_FIELD,true,HIGH_GLOBAL_DEFINITION,FORMAL_CONTRACT_ALIAS_COUNT_ZERO,REMOVED_FROM_PRODUCT_PUBLICATION,runtime:sc.financing.loan.p1_visible_26cbd48d6c5a;global_ir_model_fields;dynamic_get_view_injection;formal_runtime_field_resolved;literal_view_reference
sc.financing.loan,p1_visible_393c1d188de6,rate_label,char,,,product runtime,addons/smart_construction_core/models/support/p1_daily_business_visible_alias_fields.py:832-853,,,FORMAL_PRODUCT_REFERENCE,true,true,true,true,false,true,readonly_nonstored,interest_amount;rate_label,rate_label,A_MAPPED_TO_FORMAL_PRODUCT_FIELD,MAP_TO_EXISTING_FORMAL_FIELD,true,HIGH_GLOBAL_DEFINITION,FORMAL_CONTRACT_ALIAS_COUNT_ZERO,REMOVED_FROM_PRODUCT_PUBLICATION,runtime:sc.financing.loan.p1_visible_393c1d188de6;global_ir_model_fields;dynamic_get_view_injection;formal_runtime_field_resolved;literal_view_reference
sc.financing.loan,p1_visible_3bee2141cdb1,rate_label,char,,,product runtime,addons/smart_construction_core/models/support/p1_daily_business_visible_alias_fields.py:832-853,,,FORMAL_PRODUCT_REFERENCE,true,true,true,true,false,true,readonly_nonstored,interest_amount;rate_label,rate_label,A_MAPPED_TO_FORMAL_PRODUCT_FIELD,MAP_TO_EXISTING_FORMAL_FIELD,true,HIGH_GLOBAL_DEFINITION,FORMAL_CONTRACT_ALIAS_COUNT_ZERO,REMOVED_FROM_PRODUCT_PUBLICATION,runtime:sc.financing.loan.p1_visible_3bee2141cdb1;global_ir_model_fields;dynamic_get_view_injection;formal_runtime_field_resolved;literal_view_reference
sc.financing.loan,p1_visible_3e7255522b33,project_id,char,,,product runtime,addons/smart_construction_core/models/support/p1_daily_business_visible_alias_fields.py:832-853,,,FORMAL_PRODUCT_REFERENCE,true,true,true,true,false,true,readonly_nonstored,project_id,project_id,A_MAPPED_TO_FORMAL_PRODUCT_FIELD,MAP_TO_EXISTING_FORMAL_FIELD,true,HIGH_GLOBAL_DEFINITION,FORMAL_CONTRACT_ALIAS_COUNT_ZERO,REMOVED_FROM_PRODUCT_PUBLICATION,runtime:sc.financing.loan.p1_visible_3e7255522b33;global_ir_model_fields;dynamic_get_view_injection;formal_runtime_field_resolved;literal_view_reference
sc.financing.loan,p1_visible_3f91cf4fc953,payer_unit,char,,,product runtime,addons/smart_construction_core/models/support/p1_daily_business_visible_alias_fields.py:832-853,,,FORMAL_PRODUCT_REFERENCE,true,true,true,true,false,true,readonly_nonstored,payer_unit,payer_unit,A_MAPPED_TO_FORMAL_PRODUCT_FIELD,MAP_TO_EXISTING_FORMAL_FIELD,true,HIGH_GLOBAL_DEFINITION,FORMAL_CONTRACT_ALIAS_COUNT_ZERO,REMOVED_FROM_PRODUCT_PUBLICATION,runtime:sc.financing.loan.p1_visible_3f91cf4fc953;global_ir_model_fields;dynamic_get_view_injection;formal_runtime_field_resolved;literal_view_reference
sc.financing.loan,p1_visible_49a5d541678c,receipt_account,char,,,product runtime,addons/smart_construction_core/models/support/p1_daily_business_visible_alias_fields.py:832-853,,,FORMAL_PRODUCT_REFERENCE,true,true,true,true,false,true,readonly_nonstored,receipt_account,receipt_account,A_MAPPED_TO_FORMAL_PRODUCT_FIELD,MAP_TO_EXISTING_FORMAL_FIELD,true,HIGH_GLOBAL_DEFINITION,FORMAL_CONTRACT_ALIAS_COUNT_ZERO,REMOVED_FROM_PRODUCT_PUBLICATION,runtime:sc.financing.loan.p1_visible_49a5d541678c;global_ir_model_fields;dynamic_get_view_injection;formal_runtime_field_resolved;literal_view_reference
sc.financing.loan,p1_visible_547c71732ac4,rate_label,char,,,product runtime,addons/smart_construction_core/models/support/p1_daily_business_visible_alias_fields.py:832-853,,,FORMAL_PRODUCT_REFERENCE,true,true,true,true,false,true,readonly_nonstored,interest_amount;rate_label,rate_label,A_MAPPED_TO_FORMAL_PRODUCT_FIELD,MAP_TO_EXISTING_FORMAL_FIELD,true,HIGH_GLOBAL_DEFINITION,FORMAL_CONTRACT_ALIAS_COUNT_ZERO,REMOVED_FROM_PRODUCT_PUBLICATION,runtime:sc.financing.loan.p1_visible_547c71732ac4;global_ir_model_fields;dynamic_get_view_injection;formal_runtime_field_resolved;literal_view_reference
sc.financing.loan,p1_visible_5dd6b34dec39,counterparty_account,char,,,product runtime,addons/smart_construction_core/models/support/p1_daily_business_visible_alias_fields.py:832-853,,,FORMAL_PRODUCT_REFERENCE,true,true,true,true,false,true,readonly_nonstored,counterparty_account,counterparty_account,A_MAPPED_TO_FORMAL_PRODUCT_FIELD,MAP_TO_EXISTING_FORMAL_FIELD,true,HIGH_GLOBAL_DEFINITION,FORMAL_CONTRACT_ALIAS_COUNT_ZERO,REMOVED_FROM_PRODUCT_PUBLICATION,runtime:sc.financing.loan.p1_visible_5dd6b34dec39;global_ir_model_fields;dynamic_get_view_injection;formal_runtime_field_resolved;literal_view_reference
sc.financing.loan,p1_visible_628f2a7878b3,loan_bank_name,char,,,product runtime,addons/smart_construction_core/models/support/p1_daily_business_visible_alias_fields.py:832-853,,,FORMAL_PRODUCT_REFERENCE,true,true,true,true,false,true,readonly_nonstored,loan_bank_name;bank_name,loan_bank_name,A_MAPPED_TO_FORMAL_PRODUCT_FIELD,MAP_TO_EXISTING_FORMAL_FIELD,true,HIGH_GLOBAL_DEFINITION,FORMAL_CONTRACT_ALIAS_COUNT_ZERO,REMOVED_FROM_PRODUCT_PUBLICATION,runtime:sc.financing.loan.p1_visible_628f2a7878b3;global_ir_model_fields;dynamic_get_view_injection;formal_runtime_field_resolved;literal_view_reference
sc.financing.loan,p1_visible_701ce5416c52,amount,char,,,product runtime,addons/smart_construction_core/models/support/p1_daily_business_visible_alias_fields.py:832-853,,,FORMAL_PRODUCT_REFERENCE,true,true,true,true,false,true,readonly_nonstored,unpaid_amount;amount,amount,A_MAPPED_TO_FORMAL_PRODUCT_FIELD,MAP_TO_EXISTING_FORMAL_FIELD,true,HIGH_GLOBAL_DEFINITION,FORMAL_CONTRACT_ALIAS_COUNT_ZERO,REMOVED_FROM_PRODUCT_PUBLICATION,runtime:sc.financing.loan.p1_visible_701ce5416c52;global_ir_model_fields;dynamic_get_view_injection;formal_runtime_field_resolved;literal_view_reference
sc.financing.loan,p1_visible_71e47f617269,creator_name,char,,,product runtime,addons/smart_construction_core/models/support/p1_daily_business_visible_alias_fields.py:832-853,,,FORMAL_PRODUCT_REFERENCE,true,true,true,true,false,true,readonly_nonstored,source_created_by;creator_name;requester_id;owner_id;handler_name,creator_name,A_MAPPED_TO_FORMAL_PRODUCT_FIELD,MAP_TO_EXISTING_FORMAL_FIELD,true,HIGH_GLOBAL_DEFINITION,FORMAL_CONTRACT_ALIAS_COUNT_ZERO,REMOVED_FROM_PRODUCT_PUBLICATION,runtime:sc.financing.loan.p1_visible_71e47f617269;global_ir_model_fields;dynamic_get_view_injection;formal_runtime_field_resolved;literal_view_reference
sc.financing.loan,p1_visible_7a915500e3a7,financing_loan_budget_included,char,,,product runtime,addons/smart_construction_core/models/support/p1_daily_business_visible_alias_fields.py:832-853,,,FORMAL_PRODUCT_REFERENCE,true,true,true,true,false,true,readonly_nonstored,financing_loan_budget_included,financing_loan_budget_included,A_MAPPED_TO_FORMAL_PRODUCT_FIELD,MAP_TO_EXISTING_FORMAL_FIELD,true,HIGH_GLOBAL_DEFINITION,FORMAL_CONTRACT_ALIAS_COUNT_ZERO,REMOVED_FROM_PRODUCT_PUBLICATION,runtime:sc.financing.loan.p1_visible_7a915500e3a7;global_ir_model_fields;dynamic_get_view_injection;formal_runtime_field_resolved;literal_view_reference
sc.financing.loan,p1_visible_7c49c8f25a7a,purpose;note,char,,,product runtime,addons/smart_construction_core/models/support/p1_daily_business_visible_alias_fields.py:832-853,,,FORMAL_PRODUCT_REFERENCE,true,true,true,true,false,true,readonly_nonstored,purpose;note,purpose;note,A_MAPPED_TO_FORMAL_PRODUCT_FIELD,MAP_TO_EXISTING_FORMAL_FIELD,true,HIGH_GLOBAL_DEFINITION,FORMAL_CONTRACT_ALIAS_COUNT_ZERO,REMOVED_FROM_PRODUCT_PUBLICATION,runtime:sc.financing.loan.p1_visible_7c49c8f25a7a;global_ir_model_fields;dynamic_get_view_injection;formal_runtime_field_resolved;literal_view_reference
sc.financing.loan,p1_visible_880ab989a872,creator_name,char,,,product runtime,addons/smart_construction_core/models/support/p1_daily_business_visible_alias_fields.py:832-853,,,FORMAL_PRODUCT_REFERENCE,true,true,true,true,false,true,readonly_nonstored,requester_id;source_created_by;creator_name,creator_name,A_MAPPED_TO_FORMAL_PRODUCT_FIELD,MAP_TO_EXISTING_FORMAL_FIELD,true,HIGH_GLOBAL_DEFINITION,FORMAL_CONTRACT_ALIAS_COUNT_ZERO,REMOVED_FROM_PRODUCT_PUBLICATION,runtime:sc.financing.loan.p1_visible_880ab989a872;global_ir_model_fields;dynamic_get_view_injection;formal_runtime_field_resolved;literal_view_reference
sc.financing.loan,p1_visible_886e0fcaba60,financing_loan_request_amount,char,,,product runtime,addons/smart_construction_core/models/support/p1_daily_business_visible_alias_fields.py:832-853,,,FORMAL_PRODUCT_REFERENCE,true,true,true,true,false,true,readonly_nonstored,financing_loan_request_amount,financing_loan_request_amount,A_MAPPED_TO_FORMAL_PRODUCT_FIELD,MAP_TO_EXISTING_FORMAL_FIELD,true,HIGH_GLOBAL_DEFINITION,FORMAL_CONTRACT_ALIAS_COUNT_ZERO,REMOVED_FROM_PRODUCT_PUBLICATION,runtime:sc.financing.loan.p1_visible_886e0fcaba60;global_ir_model_fields;dynamic_get_view_injection;formal_runtime_field_resolved;literal_view_reference
sc.financing.loan,p1_visible_8ab2d41e7757,amount,char,,,product runtime,addons/smart_construction_core/models/support/p1_daily_business_visible_alias_fields.py:832-853,,,FORMAL_PRODUCT_REFERENCE,true,true,true,true,false,true,readonly_nonstored,amount,amount,A_MAPPED_TO_FORMAL_PRODUCT_FIELD,MAP_TO_EXISTING_FORMAL_FIELD,true,HIGH_GLOBAL_DEFINITION,FORMAL_CONTRACT_ALIAS_COUNT_ZERO,REMOVED_FROM_PRODUCT_PUBLICATION,runtime:sc.financing.loan.p1_visible_8ab2d41e7757;global_ir_model_fields;dynamic_get_view_injection;formal_runtime_field_resolved;literal_view_reference
sc.financing.loan,p1_visible_8fa8662ad38f,document_no;name,char,,,product runtime,addons/smart_construction_core/models/support/p1_daily_business_visible_alias_fields.py:832-853,,,FORMAL_PRODUCT_REFERENCE,true,true,true,true,false,true,readonly_nonstored,document_no;name,document_no;name,A_MAPPED_TO_FORMAL_PRODUCT_FIELD,MAP_TO_EXISTING_FORMAL_FIELD,true,HIGH_GLOBAL_DEFINITION,FORMAL_CONTRACT_ALIAS_COUNT_ZERO,REMOVED_FROM_PRODUCT_PUBLICATION,runtime:sc.financing.loan.p1_visible_8fa8662ad38f;global_ir_model_fields;dynamic_get_view_injection;formal_runtime_field_resolved;literal_view_reference
sc.financing.loan,p1_visible_94c4852ffb13,company_name,char,,,product runtime,addons/smart_construction_core/models/support/p1_daily_business_visible_alias_fields.py:832-853,,,FORMAL_PRODUCT_REFERENCE,true,true,true,true,false,true,readonly_nonstored,company_name,company_name,A_MAPPED_TO_FORMAL_PRODUCT_FIELD,MAP_TO_EXISTING_FORMAL_FIELD,true,HIGH_GLOBAL_DEFINITION,FORMAL_CONTRACT_ALIAS_COUNT_ZERO,REMOVED_FROM_PRODUCT_PUBLICATION,runtime:sc.financing.loan.p1_visible_94c4852ffb13;global_ir_model_fields;dynamic_get_view_injection;formal_runtime_field_resolved;literal_view_reference
sc.financing.loan,p1_visible_94f294dac442,repayment_account,char,,,product runtime,addons/smart_construction_core/models/support/p1_daily_business_visible_alias_fields.py:832-853,,,FORMAL_PRODUCT_REFERENCE,true,true,true,true,false,true,readonly_nonstored,repayment_account;bank_account;account_no,repayment_account,A_MAPPED_TO_FORMAL_PRODUCT_FIELD,MAP_TO_EXISTING_FORMAL_FIELD,true,HIGH_GLOBAL_DEFINITION,FORMAL_CONTRACT_ALIAS_COUNT_ZERO,REMOVED_FROM_PRODUCT_PUBLICATION,runtime:sc.financing.loan.p1_visible_94f294dac442;global_ir_model_fields;dynamic_get_view_injection;formal_runtime_field_resolved;literal_view_reference
sc.financing.loan,p1_visible_982d68c74aeb,due_date;document_date,char,,,product runtime,addons/smart_construction_core/models/support/p1_daily_business_visible_alias_fields.py:832-853,,,FORMAL_PRODUCT_REFERENCE,true,true,true,true,false,true,readonly_nonstored,due_date;document_date,due_date;document_date,A_MAPPED_TO_FORMAL_PRODUCT_FIELD,MAP_TO_EXISTING_FORMAL_FIELD,true,HIGH_GLOBAL_DEFINITION,FORMAL_CONTRACT_ALIAS_COUNT_ZERO,REMOVED_FROM_PRODUCT_PUBLICATION,runtime:sc.financing.loan.p1_visible_982d68c74aeb;global_ir_model_fields;dynamic_get_view_injection;formal_runtime_field_resolved;literal_view_reference
sc.financing.loan,p1_visible_99f6fe6c41ad,attachment_ids;message_attachment_count,char,,,product runtime,addons/smart_construction_core/models/support/p1_daily_business_visible_alias_fields.py:832-853,,,FORMAL_PRODUCT_REFERENCE,true,true,true,true,false,true,readonly_nonstored,attachment_ids;biz_attachment_ids;tech_attachment_ids;message_attachment_count,attachment_ids;message_attachment_count,A_MAPPED_TO_FORMAL_PRODUCT_FIELD,MAP_TO_EXISTING_FORMAL_FIELD,true,HIGH_GLOBAL_DEFINITION,FORMAL_CONTRACT_ALIAS_COUNT_ZERO,REMOVED_FROM_PRODUCT_PUBLICATION,runtime:sc.financing.loan.p1_visible_99f6fe6c41ad;global_ir_model_fields;dynamic_get_view_injection;formal_runtime_field_resolved;literal_view_reference
sc.financing.loan,p1_visible_9c075c710f62,amount,char,,,product runtime,addons/smart_construction_core/models/support/p1_daily_business_visible_alias_fields.py:832-853,,,FORMAL_PRODUCT_REFERENCE,true,true,true,true,false,true,readonly_nonstored,repaid_amount;amount,amount,A_MAPPED_TO_FORMAL_PRODUCT_FIELD,MAP_TO_EXISTING_FORMAL_FIELD,true,HIGH_GLOBAL_DEFINITION,FORMAL_CONTRACT_ALIAS_COUNT_ZERO,REMOVED_FROM_PRODUCT_PUBLICATION,runtime:sc.financing.loan.p1_visible_9c075c710f62;global_ir_model_fields;dynamic_get_view_injection;formal_runtime_field_resolved;literal_view_reference
sc.financing.loan,p1_visible_9eb4e5019601,counterparty_name,char,,,product runtime,addons/smart_construction_core/models/support/p1_daily_business_visible_alias_fields.py:832-853,,,FORMAL_PRODUCT_REFERENCE,true,true,true,true,false,true,readonly_nonstored,counterparty_name,counterparty_name,A_MAPPED_TO_FORMAL_PRODUCT_FIELD,MAP_TO_EXISTING_FORMAL_FIELD,true,HIGH_GLOBAL_DEFINITION,FORMAL_CONTRACT_ALIAS_COUNT_ZERO,REMOVED_FROM_PRODUCT_PUBLICATION,runtime:sc.financing.loan.p1_visible_9eb4e5019601;global_ir_model_fields;dynamic_get_view_injection;formal_runtime_field_resolved;literal_view_reference
sc.financing.loan,p1_visible_a12b85cb38e6,rate_label,char,,,product runtime,addons/smart_construction_core/models/support/p1_daily_business_visible_alias_fields.py:832-853,,,FORMAL_PRODUCT_REFERENCE,true,true,true,true,false,true,readonly_nonstored,rate_label,rate_label,A_MAPPED_TO_FORMAL_PRODUCT_FIELD,MAP_TO_EXISTING_FORMAL_FIELD,true,HIGH_GLOBAL_DEFINITION,FORMAL_CONTRACT_ALIAS_COUNT_ZERO,REMOVED_FROM_PRODUCT_PUBLICATION,runtime:sc.financing.loan.p1_visible_a12b85cb38e6;global_ir_model_fields;dynamic_get_view_injection;formal_runtime_field_resolved;literal_view_reference
sc.financing.loan,p1_visible_a5b7f233fadc,rate_label,char,,,product runtime,addons/smart_construction_core/models/support/p1_daily_business_visible_alias_fields.py:832-853,,,FORMAL_PRODUCT_REFERENCE,true,true,true,true,false,true,readonly_nonstored,interest_amount;rate_label,rate_label,A_MAPPED_TO_FORMAL_PRODUCT_FIELD,MAP_TO_EXISTING_FORMAL_FIELD,true,HIGH_GLOBAL_DEFINITION,FORMAL_CONTRACT_ALIAS_COUNT_ZERO,REMOVED_FROM_PRODUCT_PUBLICATION,runtime:sc.financing.loan.p1_visible_a5b7f233fadc;global_ir_model_fields;dynamic_get_view_injection;formal_runtime_field_resolved;literal_view_reference
sc.financing.loan,p1_visible_a97833656ba0,rate_label,char,,,product runtime,addons/smart_construction_core/models/support/p1_daily_business_visible_alias_fields.py:832-853,,,FORMAL_PRODUCT_REFERENCE,true,true,true,true,false,true,readonly_nonstored,rate_label,rate_label,A_MAPPED_TO_FORMAL_PRODUCT_FIELD,MAP_TO_EXISTING_FORMAL_FIELD,true,HIGH_GLOBAL_DEFINITION,FORMAL_CONTRACT_ALIAS_COUNT_ZERO,REMOVED_FROM_PRODUCT_PUBLICATION,runtime:sc.financing.loan.p1_visible_a97833656ba0;global_ir_model_fields;dynamic_get_view_injection;formal_runtime_field_resolved;literal_view_reference
sc.financing.loan,p1_visible_b3620ea08897,due_date,char,,,product runtime,addons/smart_construction_core/models/support/p1_daily_business_visible_alias_fields.py:832-853,,,FORMAL_PRODUCT_REFERENCE,true,true,true,true,false,true,readonly_nonstored,actual_days;due_date,due_date,A_MAPPED_TO_FORMAL_PRODUCT_FIELD,MAP_TO_EXISTING_FORMAL_FIELD,true,HIGH_GLOBAL_DEFINITION,FORMAL_CONTRACT_ALIAS_COUNT_ZERO,REMOVED_FROM_PRODUCT_PUBLICATION,runtime:sc.financing.loan.p1_visible_b3620ea08897;global_ir_model_fields;dynamic_get_view_injection;formal_runtime_field_resolved;literal_view_reference
sc.financing.loan,p1_visible_b72214024f6c,financing_loan_expected_return_time,char,,,product runtime,addons/smart_construction_core/models/support/p1_daily_business_visible_alias_fields.py:832-853,,,FORMAL_PRODUCT_REFERENCE,true,true,true,true,false,true,readonly_nonstored,financing_loan_expected_return_time,financing_loan_expected_return_time,A_MAPPED_TO_FORMAL_PRODUCT_FIELD,MAP_TO_EXISTING_FORMAL_FIELD,true,HIGH_GLOBAL_DEFINITION,FORMAL_CONTRACT_ALIAS_COUNT_ZERO,REMOVED_FROM_PRODUCT_PUBLICATION,runtime:sc.financing.loan.p1_visible_b72214024f6c;global_ir_model_fields;dynamic_get_view_injection;formal_runtime_field_resolved;literal_view_reference
sc.financing.loan,p1_visible_bb7c7aeff3e4,partner_id,char,,,product runtime,addons/smart_construction_core/models/support/p1_daily_business_visible_alias_fields.py:832-853,,,FORMAL_PRODUCT_REFERENCE,true,true,true,true,false,true,readonly_nonstored,receipt_partner_name;partner_id,partner_id,A_MAPPED_TO_FORMAL_PRODUCT_FIELD,MAP_TO_EXISTING_FORMAL_FIELD,true,HIGH_GLOBAL_DEFINITION,FORMAL_CONTRACT_ALIAS_COUNT_ZERO,REMOVED_FROM_PRODUCT_PUBLICATION,runtime:sc.financing.loan.p1_visible_bb7c7aeff3e4;global_ir_model_fields;dynamic_get_view_injection;formal_runtime_field_resolved;literal_view_reference
sc.financing.loan,p1_visible_ccfa1326c88f,partner_id,char,,,product runtime,addons/smart_construction_core/models/support/p1_daily_business_visible_alias_fields.py:832-853,,,FORMAL_PRODUCT_REFERENCE,true,true,true,true,false,true,readonly_nonstored,partner_id;receipt_partner_name;owner_id,partner_id,A_MAPPED_TO_FORMAL_PRODUCT_FIELD,MAP_TO_EXISTING_FORMAL_FIELD,true,HIGH_GLOBAL_DEFINITION,FORMAL_CONTRACT_ALIAS_COUNT_ZERO,REMOVED_FROM_PRODUCT_PUBLICATION,runtime:sc.financing.loan.p1_visible_ccfa1326c88f;global_ir_model_fields;dynamic_get_view_injection;formal_runtime_field_resolved;literal_view_reference
sc.financing.loan,p1_visible_da7f7ebd086f,financing_loan_fund_usage_plan,char,,,product runtime,addons/smart_construction_core/models/support/p1_daily_business_visible_alias_fields.py:832-853,,,FORMAL_PRODUCT_REFERENCE,true,true,true,true,false,true,readonly_nonstored,financing_loan_fund_usage_plan,financing_loan_fund_usage_plan,A_MAPPED_TO_FORMAL_PRODUCT_FIELD,MAP_TO_EXISTING_FORMAL_FIELD,true,HIGH_GLOBAL_DEFINITION,FORMAL_CONTRACT_ALIAS_COUNT_ZERO,REMOVED_FROM_PRODUCT_PUBLICATION,runtime:sc.financing.loan.p1_visible_da7f7ebd086f;global_ir_model_fields;dynamic_get_view_injection;formal_runtime_field_resolved;literal_view_reference
sc.financing.loan,p1_visible_dca067f698a7,due_date;document_date,char,,,product runtime,addons/smart_construction_core/models/support/p1_daily_business_visible_alias_fields.py:832-853,,,FORMAL_PRODUCT_REFERENCE,true,true,true,true,false,true,readonly_nonstored,repay_date;due_date;document_date,due_date;document_date,A_MAPPED_TO_FORMAL_PRODUCT_FIELD,MAP_TO_EXISTING_FORMAL_FIELD,true,HIGH_GLOBAL_DEFINITION,FORMAL_CONTRACT_ALIAS_COUNT_ZERO,REMOVED_FROM_PRODUCT_PUBLICATION,runtime:sc.financing.loan.p1_visible_dca067f698a7;global_ir_model_fields;dynamic_get_view_injection;formal_runtime_field_resolved;literal_view_reference
sc.financing.loan,p1_visible_dfc25d77dc39,created_time,char,,,product runtime,addons/smart_construction_core/models/support/p1_daily_business_visible_alias_fields.py:832-853,,,FORMAL_PRODUCT_REFERENCE,true,true,true,true,false,true,readonly_nonstored,source_created_at;created_time,created_time,A_MAPPED_TO_FORMAL_PRODUCT_FIELD,MAP_TO_EXISTING_FORMAL_FIELD,true,HIGH_GLOBAL_DEFINITION,FORMAL_CONTRACT_ALIAS_COUNT_ZERO,REMOVED_FROM_PRODUCT_PUBLICATION,runtime:sc.financing.loan.p1_visible_dfc25d77dc39;global_ir_model_fields;dynamic_get_view_injection;formal_runtime_field_resolved;literal_view_reference
sc.financing.loan,p1_visible_e0361480e3a5,note;purpose,char,,,product runtime,addons/smart_construction_core/models/support/p1_daily_business_visible_alias_fields.py:832-853,,,FORMAL_PRODUCT_REFERENCE,true,true,true,true,false,true,readonly_nonstored,note;purpose;description;remark,note;purpose,A_MAPPED_TO_FORMAL_PRODUCT_FIELD,MAP_TO_EXISTING_FORMAL_FIELD,true,HIGH_GLOBAL_DEFINITION,FORMAL_CONTRACT_ALIAS_COUNT_ZERO,REMOVED_FROM_PRODUCT_PUBLICATION,runtime:sc.financing.loan.p1_visible_e0361480e3a5;global_ir_model_fields;dynamic_get_view_injection;formal_runtime_field_resolved;literal_view_reference
sc.financing.loan,p1_visible_e242a03dd5b6,document_date,char,,,product runtime,addons/smart_construction_core/models/support/p1_daily_business_visible_alias_fields.py:832-853,,,FORMAL_PRODUCT_REFERENCE,true,true,true,true,false,true,readonly_nonstored,document_date,document_date,A_MAPPED_TO_FORMAL_PRODUCT_FIELD,MAP_TO_EXISTING_FORMAL_FIELD,true,HIGH_GLOBAL_DEFINITION,FORMAL_CONTRACT_ALIAS_COUNT_ZERO,REMOVED_FROM_PRODUCT_PUBLICATION,runtime:sc.financing.loan.p1_visible_e242a03dd5b6;global_ir_model_fields;dynamic_get_view_injection;formal_runtime_field_resolved;literal_view_reference
sc.financing.loan,p1_visible_e85ad6ea52fd,financing_loan_request_time,char,,,product runtime,addons/smart_construction_core/models/support/p1_daily_business_visible_alias_fields.py:832-853,,,FORMAL_PRODUCT_REFERENCE,true,true,true,true,false,true,readonly_nonstored,financing_loan_request_time,financing_loan_request_time,A_MAPPED_TO_FORMAL_PRODUCT_FIELD,MAP_TO_EXISTING_FORMAL_FIELD,true,HIGH_GLOBAL_DEFINITION,FORMAL_CONTRACT_ALIAS_COUNT_ZERO,REMOVED_FROM_PRODUCT_PUBLICATION,runtime:sc.financing.loan.p1_visible_e85ad6ea52fd;global_ir_model_fields;dynamic_get_view_injection;formal_runtime_field_resolved;literal_view_reference
sc.financing.loan,p1_visible_ed43f478ec3d,due_date,char,,,product runtime,addons/smart_construction_core/models/support/p1_daily_business_visible_alias_fields.py:832-853,,,FORMAL_PRODUCT_REFERENCE,true,true,true,true,false,true,readonly_nonstored,loan_days;due_date,due_date,A_MAPPED_TO_FORMAL_PRODUCT_FIELD,MAP_TO_EXISTING_FORMAL_FIELD,true,HIGH_GLOBAL_DEFINITION,FORMAL_CONTRACT_ALIAS_COUNT_ZERO,REMOVED_FROM_PRODUCT_PUBLICATION,runtime:sc.financing.loan.p1_visible_ed43f478ec3d;global_ir_model_fields;dynamic_get_view_injection;formal_runtime_field_resolved;literal_view_reference
sc.financing.loan,p1_visible_ee6a4d9e2956,creator_name,char,,,product runtime,addons/smart_construction_core/models/support/p1_daily_business_visible_alias_fields.py:832-853,,,FORMAL_PRODUCT_REFERENCE,true,true,true,true,false,true,readonly_nonstored,source_created_by;creator_name;requester_id;owner_id;handler_name,creator_name,A_MAPPED_TO_FORMAL_PRODUCT_FIELD,MAP_TO_EXISTING_FORMAL_FIELD,true,HIGH_GLOBAL_DEFINITION,FORMAL_CONTRACT_ALIAS_COUNT_ZERO,REMOVED_FROM_PRODUCT_PUBLICATION,runtime:sc.financing.loan.p1_visible_ee6a4d9e2956;global_ir_model_fields;dynamic_get_view_injection;formal_runtime_field_resolved;literal_view_reference
sc.financing.loan,p1_visible_f13b158f80f7,rate_label,char,,,product runtime,addons/smart_construction_core/models/support/p1_daily_business_visible_alias_fields.py:832-853,,,FORMAL_PRODUCT_REFERENCE,true,true,true,true,false,true,readonly_nonstored,rate_label,rate_label,A_MAPPED_TO_FORMAL_PRODUCT_FIELD,MAP_TO_EXISTING_FORMAL_FIELD,true,HIGH_GLOBAL_DEFINITION,FORMAL_CONTRACT_ALIAS_COUNT_ZERO,REMOVED_FROM_PRODUCT_PUBLICATION,runtime:sc.financing.loan.p1_visible_f13b158f80f7;global_ir_model_fields;dynamic_get_view_injection;formal_runtime_field_resolved;literal_view_reference
sc.financing.loan,p1_visible_f256aa66ca92,financing_loan_approved_amount,char,,,product runtime,addons/smart_construction_core/models/support/p1_daily_business_visible_alias_fields.py:832-853,,,FORMAL_PRODUCT_REFERENCE,true,true,true,true,false,true,readonly_nonstored,financing_loan_approved_amount,financing_loan_approved_amount,A_MAPPED_TO_FORMAL_PRODUCT_FIELD,MAP_TO_EXISTING_FORMAL_FIELD,true,HIGH_GLOBAL_DEFINITION,FORMAL_CONTRACT_ALIAS_COUNT_ZERO,REMOVED_FROM_PRODUCT_PUBLICATION,runtime:sc.financing.loan.p1_visible_f256aa66ca92;global_ir_model_fields;dynamic_get_view_injection;formal_runtime_field_resolved;literal_view_reference
sc.financing.loan,p1_visible_f65ab1a8427f,partner_id,char,,,product runtime,addons/smart_construction_core/models/support/p1_daily_business_visible_alias_fields.py:832-853,,,FORMAL_PRODUCT_REFERENCE,true,true,true,true,false,true,readonly_nonstored,partner_id,partner_id,A_MAPPED_TO_FORMAL_PRODUCT_FIELD,MAP_TO_EXISTING_FORMAL_FIELD,true,HIGH_GLOBAL_DEFINITION,FORMAL_CONTRACT_ALIAS_COUNT_ZERO,REMOVED_FROM_PRODUCT_PUBLICATION,runtime:sc.financing.loan.p1_visible_f65ab1a8427f;global_ir_model_fields;dynamic_get_view_injection;formal_runtime_field_resolved;literal_view_reference
sc.financing.loan,p1_visible_f75550069cae,amount,char,,,product runtime,addons/smart_construction_core/models/support/p1_daily_business_visible_alias_fields.py:832-853,,,FORMAL_PRODUCT_REFERENCE,true,true,true,true,false,true,readonly_nonstored,amount,amount,A_MAPPED_TO_FORMAL_PRODUCT_FIELD,MAP_TO_EXISTING_FORMAL_FIELD,true,HIGH_GLOBAL_DEFINITION,FORMAL_CONTRACT_ALIAS_COUNT_ZERO,REMOVED_FROM_PRODUCT_PUBLICATION,runtime:sc.financing.loan.p1_visible_f75550069cae;global_ir_model_fields;dynamic_get_view_injection;formal_runtime_field_resolved;literal_view_reference
sc.fund.account,p1_visible_0b959af0bd69,account_no,char,,,product runtime,addons/smart_construction_core/models/support/p1_daily_business_visible_alias_fields.py:832-853,,,FORMAL_PRODUCT_REFERENCE,true,true,true,true,false,true,readonly_nonstored,account_no;bank_account;payment_account_no;receipt_account_no,account_no,A_MAPPED_TO_FORMAL_PRODUCT_FIELD,MAP_TO_EXISTING_FORMAL_FIELD,true,HIGH_GLOBAL_DEFINITION,FORMAL_CONTRACT_ALIAS_COUNT_ZERO,REMOVED_FROM_PRODUCT_PUBLICATION,runtime:sc.fund.account.p1_visible_0b959af0bd69;global_ir_model_fields;dynamic_get_view_injection;formal_runtime_field_resolved;literal_view_reference
sc.fund.account,p1_visible_0fb499e9ebc9,state;active,char,,,product runtime,addons/smart_construction_core/models/support/p1_daily_business_visible_alias_fields.py:832-853,,,FORMAL_PRODUCT_REFERENCE,true,true,true,true,false,true,readonly_nonstored,state;active,state;active,A_MAPPED_TO_FORMAL_PRODUCT_FIELD,MAP_TO_EXISTING_FORMAL_FIELD,true,HIGH_GLOBAL_DEFINITION,FORMAL_CONTRACT_ALIAS_COUNT_ZERO,REMOVED_FROM_PRODUCT_PUBLICATION,runtime:sc.fund.account.p1_visible_0fb499e9ebc9;global_ir_model_fields;dynamic_get_view_injection;formal_runtime_field_resolved;literal_view_reference
sc.fund.account,p1_visible_256ffb1df96a,is_default,char,,,product runtime,addons/smart_construction_core/models/support/p1_daily_business_visible_alias_fields.py:832-853,,,FORMAL_PRODUCT_REFERENCE,true,true,true,true,false,true,readonly_nonstored,is_default,is_default,A_MAPPED_TO_FORMAL_PRODUCT_FIELD,MAP_TO_EXISTING_FORMAL_FIELD,true,HIGH_GLOBAL_DEFINITION,FORMAL_CONTRACT_ALIAS_COUNT_ZERO,REMOVED_FROM_PRODUCT_PUBLICATION,runtime:sc.fund.account.p1_visible_256ffb1df96a;global_ir_model_fields;dynamic_get_view_injection;formal_runtime_field_resolved;literal_view_reference
sc.fund.account,p1_visible_3e7255522b33,project_id,char,,,product runtime,addons/smart_construction_core/models/support/p1_daily_business_visible_alias_fields.py:832-853,,,FORMAL_PRODUCT_REFERENCE,true,true,true,true,false,true,readonly_nonstored,project_id,project_id,A_MAPPED_TO_FORMAL_PRODUCT_FIELD,MAP_TO_EXISTING_FORMAL_FIELD,true,HIGH_GLOBAL_DEFINITION,FORMAL_CONTRACT_ALIAS_COUNT_ZERO,REMOVED_FROM_PRODUCT_PUBLICATION,runtime:sc.fund.account.p1_visible_3e7255522b33;global_ir_model_fields;dynamic_get_view_injection;formal_runtime_field_resolved;literal_view_reference
sc.fund.account,p1_visible_3f2da24264f0,name,char,,,product runtime,addons/smart_construction_core/models/support/p1_daily_business_visible_alias_fields.py:832-853,,,FORMAL_PRODUCT_REFERENCE,true,true,true,true,false,true,readonly_nonstored,name;account_name,name,A_MAPPED_TO_FORMAL_PRODUCT_FIELD,MAP_TO_EXISTING_FORMAL_FIELD,true,HIGH_GLOBAL_DEFINITION,FORMAL_CONTRACT_ALIAS_COUNT_ZERO,REMOVED_FROM_PRODUCT_PUBLICATION,runtime:sc.fund.account.p1_visible_3f2da24264f0;global_ir_model_fields;dynamic_get_view_injection;formal_runtime_field_resolved;literal_view_reference
sc.fund.account,p1_visible_8fa8662ad38f,name,char,,,product runtime,addons/smart_construction_core/models/support/p1_daily_business_visible_alias_fields.py:832-853,,,FORMAL_PRODUCT_REFERENCE,true,true,true,true,false,true,readonly_nonstored,document_no;name,name,A_MAPPED_TO_FORMAL_PRODUCT_FIELD,MAP_TO_EXISTING_FORMAL_FIELD,true,HIGH_GLOBAL_DEFINITION,FORMAL_CONTRACT_ALIAS_COUNT_ZERO,REMOVED_FROM_PRODUCT_PUBLICATION,runtime:sc.fund.account.p1_visible_8fa8662ad38f;global_ir_model_fields;dynamic_get_view_injection;formal_runtime_field_resolved;literal_view_reference
sc.fund.account,p1_visible_a82dee991619,opening_balance,char,,,product runtime,addons/smart_construction_core/models/support/p1_daily_business_visible_alias_fields.py:832-853,,,FORMAL_PRODUCT_REFERENCE,true,true,true,true,false,true,readonly_nonstored,opening_balance,opening_balance,A_MAPPED_TO_FORMAL_PRODUCT_FIELD,MAP_TO_EXISTING_FORMAL_FIELD,true,HIGH_GLOBAL_DEFINITION,FORMAL_CONTRACT_ALIAS_COUNT_ZERO,REMOVED_FROM_PRODUCT_PUBLICATION,runtime:sc.fund.account.p1_visible_a82dee991619;global_ir_model_fields;dynamic_get_view_injection;formal_runtime_field_resolved;literal_view_reference
sc.fund.account,p1_visible_bd1bb9040d11,source_origin,char,,,product runtime,addons/smart_construction_core/models/support/p1_daily_business_visible_alias_fields.py:832-853,,,FORMAL_PRODUCT_REFERENCE,true,true,true,true,false,true,readonly_nonstored,source_origin,source_origin,A_MAPPED_TO_FORMAL_PRODUCT_FIELD,MAP_TO_EXISTING_FORMAL_FIELD,true,HIGH_GLOBAL_DEFINITION,FORMAL_CONTRACT_ALIAS_COUNT_ZERO,REMOVED_FROM_PRODUCT_PUBLICATION,runtime:sc.fund.account.p1_visible_bd1bb9040d11;global_ir_model_fields;dynamic_get_view_injection;formal_runtime_field_resolved;literal_view_reference
sc.fund.account,p1_visible_c9bb0821eed9,sequence,char,,,product runtime,addons/smart_construction_core/models/support/p1_daily_business_visible_alias_fields.py:832-853,,,FORMAL_PRODUCT_REFERENCE,true,true,true,true,false,true,readonly_nonstored,sequence,sequence,A_MAPPED_TO_FORMAL_PRODUCT_FIELD,MAP_TO_EXISTING_FORMAL_FIELD,true,HIGH_GLOBAL_DEFINITION,FORMAL_CONTRACT_ALIAS_COUNT_ZERO,REMOVED_FROM_PRODUCT_PUBLICATION,runtime:sc.fund.account.p1_visible_c9bb0821eed9;global_ir_model_fields;dynamic_get_view_injection;formal_runtime_field_resolved;literal_view_reference
sc.fund.account,p1_visible_d8347d8e9fac,,,,,product runtime,addons/smart_construction_core/models/support/p1_daily_business_visible_alias_fields.py:832-853,,,FORMAL_PRODUCT_REFERENCE,true,true,true,true,false,true,readonly_nonstored,account_holder;payment_account_name;receipt_account_name,,F_BUSINESS_DECISION_FORMAL_SOURCE_MISSING,UNPUBLISH_FROM_PRODUCT_UI,true,CRITICAL_UNRESOLVED_FORMAL_SOURCE,FORMAL_CONTRACT_ALIAS_COUNT_ZERO,REMOVED_FROM_PRODUCT_PUBLICATION,runtime:sc.fund.account.p1_visible_d8347d8e9fac;global_ir_model_fields;dynamic_get_view_injection;formal_runtime_field_unresolved
sc.fund.account,p1_visible_dfc25d77dc39,source_created_at,char,,,product runtime,addons/smart_construction_core/models/support/p1_daily_business_visible_alias_fields.py:832-853,,,FORMAL_PRODUCT_REFERENCE,true,true,true,true,false,true,readonly_nonstored,source_created_at;created_time,source_created_at,A_MAPPED_TO_FORMAL_PRODUCT_FIELD,MAP_TO_EXISTING_FORMAL_FIELD,true,HIGH_GLOBAL_DEFINITION,FORMAL_CONTRACT_ALIAS_COUNT_ZERO,REMOVED_FROM_PRODUCT_PUBLICATION,runtime:sc.fund.account.p1_visible_dfc25d77dc39;global_ir_model_fields;dynamic_get_view_injection;formal_runtime_field_resolved
sc.fund.account,p1_visible_ee6a4d9e2956,source_created_by,char,,,product runtime,addons/smart_construction_core/models/support/p1_daily_business_visible_alias_fields.py:832-853,,,FORMAL_PRODUCT_REFERENCE,true,true,true,true,false,true,readonly_nonstored,source_created_by;creator_name;requester_id;owner_id;handler_name,source_created_by,A_MAPPED_TO_FORMAL_PRODUCT_FIELD,MAP_TO_EXISTING_FORMAL_FIELD,true,HIGH_GLOBAL_DEFINITION,FORMAL_CONTRACT_ALIAS_COUNT_ZERO,REMOVED_FROM_PRODUCT_PUBLICATION,runtime:sc.fund.account.p1_visible_ee6a4d9e2956;global_ir_model_fields;dynamic_get_view_injection;formal_runtime_field_resolved
sc.fund.account,p1_visible_ef38c6c5245f,,,,,product runtime,addons/smart_construction_core/models/support/p1_daily_business_visible_alias_fields.py:832-853,,,FORMAL_PRODUCT_REFERENCE,true,true,true,true,false,true,readonly_nonstored,operation_type;type,,F_BUSINESS_DECISION_FORMAL_SOURCE_MISSING,UNPUBLISH_FROM_PRODUCT_UI,true,CRITICAL_UNRESOLVED_FORMAL_SOURCE,FORMAL_CONTRACT_ALIAS_COUNT_ZERO,REMOVED_FROM_PRODUCT_PUBLICATION,runtime:sc.fund.account.p1_visible_ef38c6c5245f;global_ir_model_fields;dynamic_get_view_injection;formal_runtime_field_unresolved
sc.fund.account,p1_visible_f22832ce4781,state,char,,,product runtime,addons/smart_construction_core/models/support/p1_daily_business_visible_alias_fields.py:832-853,,,FORMAL_PRODUCT_REFERENCE,true,true,true,true,false,true,readonly_nonstored,push_result;sync_state;state,state,A_MAPPED_TO_FORMAL_PRODUCT_FIELD,MAP_TO_EXISTING_FORMAL_FIELD,true,HIGH_GLOBAL_DEFINITION,FORMAL_CONTRACT_ALIAS_COUNT_ZERO,REMOVED_FROM_PRODUCT_PUBLICATION,runtime:sc.fund.account.p1_visible_f22832ce4781;global_ir_model_fields;dynamic_get_view_injection;formal_runtime_field_resolved;literal_view_reference
sc.fund.account,p1_visible_f462c3c4fc87,fixed_account,char,,,product runtime,addons/smart_construction_core/models/support/p1_daily_business_visible_alias_fields.py:832-853,,,FORMAL_PRODUCT_REFERENCE,true,true,true,true,false,true,readonly_nonstored,fixed_account,fixed_account,A_MAPPED_TO_FORMAL_PRODUCT_FIELD,MAP_TO_EXISTING_FORMAL_FIELD,true,HIGH_GLOBAL_DEFINITION,FORMAL_CONTRACT_ALIAS_COUNT_ZERO,REMOVED_FROM_PRODUCT_PUBLICATION,runtime:sc.fund.account.p1_visible_f462c3c4fc87;global_ir_model_fields;dynamic_get_view_injection;formal_runtime_field_resolved;literal_view_reference
sc.fund.account,p1_visible_f63da5b6950e,account_type,char,,,product runtime,addons/smart_construction_core/models/support/p1_daily_business_visible_alias_fields.py:832-853,,,FORMAL_PRODUCT_REFERENCE,true,true,true,true,false,true,readonly_nonstored,account_type,account_type,A_MAPPED_TO_FORMAL_PRODUCT_FIELD,MAP_TO_EXISTING_FORMAL_FIELD,true,HIGH_GLOBAL_DEFINITION,FORMAL_CONTRACT_ALIAS_COUNT_ZERO,REMOVED_FROM_PRODUCT_PUBLICATION,runtime:sc.fund.account.p1_visible_f63da5b6950e;global_ir_model_fields;dynamic_get_view_injection;formal_runtime_field_resolved;literal_view_reference
sc.fund.account.operation,p1_visible_0675851fc19e,operation_reason;note,char,,,product runtime,addons/smart_construction_core/models/support/p1_daily_business_visible_alias_fields.py:832-853,,,FORMAL_PRODUCT_REFERENCE,true,true,true,true,false,true,readonly_nonstored,operation_reason;reason;purpose;note,operation_reason;note,A_MAPPED_TO_FORMAL_PRODUCT_FIELD,MAP_TO_EXISTING_FORMAL_FIELD,true,HIGH_GLOBAL_DEFINITION,FORMAL_CONTRACT_ALIAS_COUNT_ZERO,REMOVED_FROM_PRODUCT_PUBLICATION,runtime:sc.fund.account.operation.p1_visible_0675851fc19e;global_ir_model_fields;dynamic_get_view_injection;formal_runtime_field_resolved;literal_view_reference
sc.fund.account.operation,p1_visible_06fa8c6f628f,state,char,,,product runtime,addons/smart_construction_core/models/support/p1_daily_business_visible_alias_fields.py:832-853,,,FORMAL_PRODUCT_REFERENCE,true,true,true,true,false,true,readonly_nonstored,state;state_text,state,A_MAPPED_TO_FORMAL_PRODUCT_FIELD,MAP_TO_EXISTING_FORMAL_FIELD,true,HIGH_GLOBAL_DEFINITION,FORMAL_CONTRACT_ALIAS_COUNT_ZERO,REMOVED_FROM_PRODUCT_PUBLICATION,runtime:sc.fund.account.operation.p1_visible_06fa8c6f628f;global_ir_model_fields;dynamic_get_view_injection;formal_runtime_field_resolved;literal_view_reference
sc.fund.account.operation,p1_visible_34943c40c9af,amount,char,,,product runtime,addons/smart_construction_core/models/support/p1_daily_business_visible_alias_fields.py:832-853,,,FORMAL_PRODUCT_REFERENCE,true,true,true,true,false,true,readonly_nonstored,amount;amount_total;paid_amount;invoice_amount_total,amount,A_MAPPED_TO_FORMAL_PRODUCT_FIELD,MAP_TO_EXISTING_FORMAL_FIELD,true,HIGH_GLOBAL_DEFINITION,FORMAL_CONTRACT_ALIAS_COUNT_ZERO,REMOVED_FROM_PRODUCT_PUBLICATION,runtime:sc.fund.account.operation.p1_visible_34943c40c9af;global_ir_model_fields;dynamic_get_view_injection;formal_runtime_field_resolved;literal_view_reference
sc.fund.account.operation,p1_visible_3e7255522b33,project_id,char,,,product runtime,addons/smart_construction_core/models/support/p1_daily_business_visible_alias_fields.py:832-853,,,FORMAL_PRODUCT_REFERENCE,true,true,true,true,false,true,readonly_nonstored,project_id,project_id,A_MAPPED_TO_FORMAL_PRODUCT_FIELD,MAP_TO_EXISTING_FORMAL_FIELD,true,HIGH_GLOBAL_DEFINITION,FORMAL_CONTRACT_ALIAS_COUNT_ZERO,REMOVED_FROM_PRODUCT_PUBLICATION,runtime:sc.fund.account.operation.p1_visible_3e7255522b33;global_ir_model_fields;dynamic_get_view_injection;formal_runtime_field_resolved;literal_view_reference
sc.fund.account.operation,p1_visible_43f67c096554,fund_account_id;source_account_id;target_account_id,char,,,product runtime,addons/smart_construction_core/models/support/p1_daily_business_visible_alias_fields.py:832-853,,,FORMAL_PRODUCT_REFERENCE,true,true,true,true,false,true,readonly_nonstored,fund_account_id;source_account_id;account_no;bank_account;payment_account_no;receipt_account_no;target_account_id,fund_account_id;source_account_id;target_account_id,A_MAPPED_TO_FORMAL_PRODUCT_FIELD,MAP_TO_EXISTING_FORMAL_FIELD,true,HIGH_GLOBAL_DEFINITION,FORMAL_CONTRACT_ALIAS_COUNT_ZERO,REMOVED_FROM_PRODUCT_PUBLICATION,runtime:sc.fund.account.operation.p1_visible_43f67c096554;global_ir_model_fields;dynamic_get_view_injection;formal_runtime_field_resolved;literal_view_reference
sc.fund.account.operation,p1_visible_49a5d541678c,target_account_id,char,,,product runtime,addons/smart_construction_core/models/support/p1_daily_business_visible_alias_fields.py:832-853,,,FORMAL_PRODUCT_REFERENCE,true,true,true,true,false,true,readonly_nonstored,target_account_id,target_account_id,A_MAPPED_TO_FORMAL_PRODUCT_FIELD,MAP_TO_EXISTING_FORMAL_FIELD,true,HIGH_GLOBAL_DEFINITION,FORMAL_CONTRACT_ALIAS_COUNT_ZERO,REMOVED_FROM_PRODUCT_PUBLICATION,runtime:sc.fund.account.operation.p1_visible_49a5d541678c;global_ir_model_fields;dynamic_get_view_injection;formal_runtime_field_resolved;literal_view_reference
sc.fund.account.operation,p1_visible_51f85a78cac4,operation_date;created_time,char,,,product runtime,addons/smart_construction_core/models/support/p1_daily_business_visible_alias_fields.py:832-853,,,FORMAL_PRODUCT_REFERENCE,true,true,true,true,false,true,readonly_nonstored,operation_date;operation_time;document_date;created_time,operation_date;created_time,A_MAPPED_TO_FORMAL_PRODUCT_FIELD,MAP_TO_EXISTING_FORMAL_FIELD,true,HIGH_GLOBAL_DEFINITION,FORMAL_CONTRACT_ALIAS_COUNT_ZERO,REMOVED_FROM_PRODUCT_PUBLICATION,runtime:sc.fund.account.operation.p1_visible_51f85a78cac4;global_ir_model_fields;dynamic_get_view_injection;formal_runtime_field_resolved;literal_view_reference
sc.fund.account.operation,p1_visible_8fa8662ad38f,name,char,,,product runtime,addons/smart_construction_core/models/support/p1_daily_business_visible_alias_fields.py:832-853,,,FORMAL_PRODUCT_REFERENCE,true,true,true,true,false,true,readonly_nonstored,name;document_no,name,A_MAPPED_TO_FORMAL_PRODUCT_FIELD,MAP_TO_EXISTING_FORMAL_FIELD,true,HIGH_GLOBAL_DEFINITION,FORMAL_CONTRACT_ALIAS_COUNT_ZERO,REMOVED_FROM_PRODUCT_PUBLICATION,runtime:sc.fund.account.operation.p1_visible_8fa8662ad38f;global_ir_model_fields;dynamic_get_view_injection;formal_runtime_field_resolved;literal_view_reference
sc.fund.account.operation,p1_visible_99f6fe6c41ad,attachment_ids;message_attachment_count,char,,,product runtime,addons/smart_construction_core/models/support/p1_daily_business_visible_alias_fields.py:832-853,,,FORMAL_PRODUCT_REFERENCE,true,true,true,true,false,true,readonly_nonstored,attachment_ids;biz_attachment_ids;tech_attachment_ids;message_attachment_count,attachment_ids;message_attachment_count,A_MAPPED_TO_FORMAL_PRODUCT_FIELD,MAP_TO_EXISTING_FORMAL_FIELD,true,HIGH_GLOBAL_DEFINITION,FORMAL_CONTRACT_ALIAS_COUNT_ZERO,REMOVED_FROM_PRODUCT_PUBLICATION,runtime:sc.fund.account.operation.p1_visible_99f6fe6c41ad;global_ir_model_fields;dynamic_get_view_injection;formal_runtime_field_resolved;literal_view_reference
sc.fund.account.operation,p1_visible_df6e7b1e9eac,operation_type,char,,,product runtime,addons/smart_construction_core/models/support/p1_daily_business_visible_alias_fields.py:832-853,,,FORMAL_PRODUCT_REFERENCE,true,true,true,true,false,true,readonly_nonstored,operation_type;type,operation_type,A_MAPPED_TO_FORMAL_PRODUCT_FIELD,MAP_TO_EXISTING_FORMAL_FIELD,true,HIGH_GLOBAL_DEFINITION,FORMAL_CONTRACT_ALIAS_COUNT_ZERO,REMOVED_FROM_PRODUCT_PUBLICATION,runtime:sc.fund.account.operation.p1_visible_df6e7b1e9eac;global_ir_model_fields;dynamic_get_view_injection;formal_runtime_field_resolved;literal_view_reference
sc.fund.account.operation,p1_visible_dfc25d77dc39,created_time,char,,,product runtime,addons/smart_construction_core/models/support/p1_daily_business_visible_alias_fields.py:832-853,,,FORMAL_PRODUCT_REFERENCE,true,true,true,true,false,true,readonly_nonstored,created_time;source_created_at,created_time,A_MAPPED_TO_FORMAL_PRODUCT_FIELD,MAP_TO_EXISTING_FORMAL_FIELD,true,HIGH_GLOBAL_DEFINITION,FORMAL_CONTRACT_ALIAS_COUNT_ZERO,REMOVED_FROM_PRODUCT_PUBLICATION,runtime:sc.fund.account.operation.p1_visible_dfc25d77dc39;global_ir_model_fields;dynamic_get_view_injection;formal_runtime_field_resolved;literal_view_reference
sc.fund.account.operation,p1_visible_e0361480e3a5,note,char,,,product runtime,addons/smart_construction_core/models/support/p1_daily_business_visible_alias_fields.py:832-853,,,FORMAL_PRODUCT_REFERENCE,true,true,true,true,false,true,readonly_nonstored,note;purpose;description;remark,note,A_MAPPED_TO_FORMAL_PRODUCT_FIELD,MAP_TO_EXISTING_FORMAL_FIELD,true,HIGH_GLOBAL_DEFINITION,FORMAL_CONTRACT_ALIAS_COUNT_ZERO,REMOVED_FROM_PRODUCT_PUBLICATION,runtime:sc.fund.account.operation.p1_visible_e0361480e3a5;global_ir_model_fields;dynamic_get_view_injection;formal_runtime_field_resolved;literal_view_reference
sc.fund.account.operation,p1_visible_ee6a4d9e2956,creator_name,char,,,product runtime,addons/smart_construction_core/models/support/p1_daily_business_visible_alias_fields.py:832-853,,,FORMAL_PRODUCT_REFERENCE,true,true,true,true,false,true,readonly_nonstored,creator_name;source_created_by;requester_id;owner_id;handler_name,creator_name,A_MAPPED_TO_FORMAL_PRODUCT_FIELD,MAP_TO_EXISTING_FORMAL_FIELD,true,HIGH_GLOBAL_DEFINITION,FORMAL_CONTRACT_ALIAS_COUNT_ZERO,REMOVED_FROM_PRODUCT_PUBLICATION,runtime:sc.fund.account.operation.p1_visible_ee6a4d9e2956;global_ir_model_fields;dynamic_get_view_injection;formal_runtime_field_resolved;literal_view_reference
sc.hr.payroll.document,p1_visible_06fa8c6f628f,state,char,,,product runtime,addons/smart_construction_core/models/support/p1_daily_business_visible_alias_fields.py:832-853,,,FORMAL_PRODUCT_REFERENCE,true,true,true,true,false,true,readonly_nonstored,state;state_text,state,A_MAPPED_TO_FORMAL_PRODUCT_FIELD,MAP_TO_EXISTING_FORMAL_FIELD,true,HIGH_GLOBAL_DEFINITION,FORMAL_CONTRACT_ALIAS_COUNT_ZERO,REMOVED_FROM_PRODUCT_PUBLICATION,runtime:sc.hr.payroll.document.p1_visible_06fa8c6f628f;global_ir_model_fields;dynamic_get_view_injection;formal_runtime_field_resolved;literal_view_reference
sc.hr.payroll.document,p1_visible_0e251e3ec516,employee_status,char,,,product runtime,addons/smart_construction_core/models/support/p1_daily_business_visible_alias_fields.py:832-853,,,FORMAL_PRODUCT_REFERENCE,true,true,true,true,false,true,readonly_nonstored,employee_status,employee_status,A_MAPPED_TO_FORMAL_PRODUCT_FIELD,MAP_TO_EXISTING_FORMAL_FIELD,true,HIGH_GLOBAL_DEFINITION,FORMAL_CONTRACT_ALIAS_COUNT_ZERO,REMOVED_FROM_PRODUCT_PUBLICATION,runtime:sc.hr.payroll.document.p1_visible_0e251e3ec516;global_ir_model_fields;dynamic_get_view_injection;formal_runtime_field_resolved;literal_view_reference
sc.hr.payroll.document,p1_visible_1329bae177ec,state,char,,,product runtime,addons/smart_construction_core/models/support/p1_daily_business_visible_alias_fields.py:832-853,,,FORMAL_PRODUCT_REFERENCE,true,true,true,true,false,true,readonly_nonstored,state,state,A_MAPPED_TO_FORMAL_PRODUCT_FIELD,MAP_TO_EXISTING_FORMAL_FIELD,true,HIGH_GLOBAL_DEFINITION,FORMAL_CONTRACT_ALIAS_COUNT_ZERO,REMOVED_FROM_PRODUCT_PUBLICATION,runtime:sc.hr.payroll.document.p1_visible_1329bae177ec;global_ir_model_fields;dynamic_get_view_injection;formal_runtime_field_resolved;literal_view_reference
sc.hr.payroll.document,p1_visible_1e62803e196c,business_date,char,,,product runtime,addons/smart_construction_core/models/support/p1_daily_business_visible_alias_fields.py:832-853,,,FORMAL_PRODUCT_REFERENCE,true,true,true,true,false,true,readonly_nonstored,business_date;document_date;date_request;request_date;settlement_date;snapshot_date;date_diary;inbound_date;outbound_date,business_date,A_MAPPED_TO_FORMAL_PRODUCT_FIELD,MAP_TO_EXISTING_FORMAL_FIELD,true,HIGH_GLOBAL_DEFINITION,FORMAL_CONTRACT_ALIAS_COUNT_ZERO,REMOVED_FROM_PRODUCT_PUBLICATION,runtime:sc.hr.payroll.document.p1_visible_1e62803e196c;global_ir_model_fields;dynamic_get_view_injection;formal_runtime_field_resolved;literal_view_reference
sc.hr.payroll.document,p1_visible_3e7255522b33,project_id;payer_unit;payout_unit,char,,,product runtime,addons/smart_construction_core/models/support/p1_daily_business_visible_alias_fields.py:832-853,,,FORMAL_PRODUCT_REFERENCE,true,true,true,true,false,true,readonly_nonstored,project_id;payer_unit;payout_unit,project_id;payer_unit;payout_unit,A_MAPPED_TO_FORMAL_PRODUCT_FIELD,MAP_TO_EXISTING_FORMAL_FIELD,true,HIGH_GLOBAL_DEFINITION,FORMAL_CONTRACT_ALIAS_COUNT_ZERO,REMOVED_FROM_PRODUCT_PUBLICATION,runtime:sc.hr.payroll.document.p1_visible_3e7255522b33;global_ir_model_fields;dynamic_get_view_injection;formal_runtime_field_resolved;literal_view_reference
sc.hr.payroll.document,p1_visible_3f253e92f54e,employee_type,char,,,product runtime,addons/smart_construction_core/models/support/p1_daily_business_visible_alias_fields.py:832-853,,,FORMAL_PRODUCT_REFERENCE,true,true,true,true,false,true,readonly_nonstored,employee_type,employee_type,A_MAPPED_TO_FORMAL_PRODUCT_FIELD,MAP_TO_EXISTING_FORMAL_FIELD,true,HIGH_GLOBAL_DEFINITION,FORMAL_CONTRACT_ALIAS_COUNT_ZERO,REMOVED_FROM_PRODUCT_PUBLICATION,runtime:sc.hr.payroll.document.p1_visible_3f253e92f54e;global_ir_model_fields;dynamic_get_view_injection;formal_runtime_field_resolved;literal_view_reference
sc.hr.payroll.document,p1_visible_3f2c92346bec,business_date;source_created_at;create_date,char,,,product runtime,addons/smart_construction_core/models/support/p1_daily_business_visible_alias_fields.py:832-853,,,FORMAL_PRODUCT_REFERENCE,true,true,true,true,false,true,readonly_nonstored,business_date;source_created_at;created_time;document_date;create_date,business_date;source_created_at;create_date,A_MAPPED_TO_FORMAL_PRODUCT_FIELD,MAP_TO_EXISTING_FORMAL_FIELD,true,HIGH_GLOBAL_DEFINITION,FORMAL_CONTRACT_ALIAS_COUNT_ZERO,REMOVED_FROM_PRODUCT_PUBLICATION,runtime:sc.hr.payroll.document.p1_visible_3f2c92346bec;global_ir_model_fields;dynamic_get_view_injection;formal_runtime_field_resolved;literal_view_reference
sc.hr.payroll.document,p1_visible_4b4bd90c12ba,item_type,char,,,product runtime,addons/smart_construction_core/models/support/p1_daily_business_visible_alias_fields.py:832-853,,,FORMAL_PRODUCT_REFERENCE,true,true,true,true,false,true,readonly_nonstored,item_type,item_type,A_MAPPED_TO_FORMAL_PRODUCT_FIELD,MAP_TO_EXISTING_FORMAL_FIELD,true,HIGH_GLOBAL_DEFINITION,FORMAL_CONTRACT_ALIAS_COUNT_ZERO,REMOVED_FROM_PRODUCT_PUBLICATION,runtime:sc.hr.payroll.document.p1_visible_4b4bd90c12ba;global_ir_model_fields;dynamic_get_view_injection;formal_runtime_field_resolved;literal_view_reference
sc.hr.payroll.document,p1_visible_4fdb9ce5c61b,certificate_fee,char,,,product runtime,addons/smart_construction_core/models/support/p1_daily_business_visible_alias_fields.py:832-853,,,FORMAL_PRODUCT_REFERENCE,true,true,true,true,false,true,readonly_nonstored,certificate_fee,certificate_fee,A_MAPPED_TO_FORMAL_PRODUCT_FIELD,MAP_TO_EXISTING_FORMAL_FIELD,true,HIGH_GLOBAL_DEFINITION,FORMAL_CONTRACT_ALIAS_COUNT_ZERO,REMOVED_FROM_PRODUCT_PUBLICATION,runtime:sc.hr.payroll.document.p1_visible_4fdb9ce5c61b;global_ir_model_fields;dynamic_get_view_injection;formal_runtime_field_resolved;literal_view_reference
sc.hr.payroll.document,p1_visible_51d806399a4e,period_month,char,,,product runtime,addons/smart_construction_core/models/support/p1_daily_business_visible_alias_fields.py:832-853,,,FORMAL_PRODUCT_REFERENCE,true,true,true,true,false,true,readonly_nonstored,period_month,period_month,A_MAPPED_TO_FORMAL_PRODUCT_FIELD,MAP_TO_EXISTING_FORMAL_FIELD,true,HIGH_GLOBAL_DEFINITION,FORMAL_CONTRACT_ALIAS_COUNT_ZERO,REMOVED_FROM_PRODUCT_PUBLICATION,runtime:sc.hr.payroll.document.p1_visible_51d806399a4e;global_ir_model_fields;dynamic_get_view_injection;formal_runtime_field_resolved;literal_view_reference
sc.hr.payroll.document,p1_visible_57301575f310,people_count,char,,,product runtime,addons/smart_construction_core/models/support/p1_daily_business_visible_alias_fields.py:832-853,,,FORMAL_PRODUCT_REFERENCE,true,true,true,true,false,true,readonly_nonstored,people_count,people_count,A_MAPPED_TO_FORMAL_PRODUCT_FIELD,MAP_TO_EXISTING_FORMAL_FIELD,true,HIGH_GLOBAL_DEFINITION,FORMAL_CONTRACT_ALIAS_COUNT_ZERO,REMOVED_FROM_PRODUCT_PUBLICATION,runtime:sc.hr.payroll.document.p1_visible_57301575f310;global_ir_model_fields;dynamic_get_view_injection;formal_runtime_field_resolved;literal_view_reference
sc.hr.payroll.document,p1_visible_60beedc8f22b,contact_phone,char,,,product runtime,addons/smart_construction_core/models/support/p1_daily_business_visible_alias_fields.py:832-853,,,FORMAL_PRODUCT_REFERENCE,true,true,true,true,false,true,readonly_nonstored,contact_phone,contact_phone,A_MAPPED_TO_FORMAL_PRODUCT_FIELD,MAP_TO_EXISTING_FORMAL_FIELD,true,HIGH_GLOBAL_DEFINITION,FORMAL_CONTRACT_ALIAS_COUNT_ZERO,REMOVED_FROM_PRODUCT_PUBLICATION,runtime:sc.hr.payroll.document.p1_visible_60beedc8f22b;global_ir_model_fields;dynamic_get_view_injection;formal_runtime_field_resolved;literal_view_reference
sc.hr.payroll.document,p1_visible_62e951a692ff,state,char,,,product runtime,addons/smart_construction_core/models/support/p1_daily_business_visible_alias_fields.py:832-853,,,FORMAL_PRODUCT_REFERENCE,true,true,true,true,false,true,readonly_nonstored,state,state,A_MAPPED_TO_FORMAL_PRODUCT_FIELD,MAP_TO_EXISTING_FORMAL_FIELD,true,HIGH_GLOBAL_DEFINITION,FORMAL_CONTRACT_ALIAS_COUNT_ZERO,REMOVED_FROM_PRODUCT_PUBLICATION,runtime:sc.hr.payroll.document.p1_visible_62e951a692ff;global_ir_model_fields;dynamic_get_view_injection;formal_runtime_field_resolved;literal_view_reference
sc.hr.payroll.document,p1_visible_66819a676970,payout_unit;payer_unit,char,,,product runtime,addons/smart_construction_core/models/support/p1_daily_business_visible_alias_fields.py:832-853,,,FORMAL_PRODUCT_REFERENCE,true,true,true,true,false,true,readonly_nonstored,payout_unit;payer_unit,payout_unit;payer_unit,A_MAPPED_TO_FORMAL_PRODUCT_FIELD,MAP_TO_EXISTING_FORMAL_FIELD,true,HIGH_GLOBAL_DEFINITION,FORMAL_CONTRACT_ALIAS_COUNT_ZERO,REMOVED_FROM_PRODUCT_PUBLICATION,runtime:sc.hr.payroll.document.p1_visible_66819a676970;global_ir_model_fields;dynamic_get_view_injection;formal_runtime_field_resolved;literal_view_reference
sc.hr.payroll.document,p1_visible_67d4f7d4cc3e,amount,char,,,product runtime,addons/smart_construction_core/models/support/p1_daily_business_visible_alias_fields.py:832-853,,,FORMAL_PRODUCT_REFERENCE,true,true,true,true,false,true,readonly_nonstored,amount,amount,A_MAPPED_TO_FORMAL_PRODUCT_FIELD,MAP_TO_EXISTING_FORMAL_FIELD,true,HIGH_GLOBAL_DEFINITION,FORMAL_CONTRACT_ALIAS_COUNT_ZERO,REMOVED_FROM_PRODUCT_PUBLICATION,runtime:sc.hr.payroll.document.p1_visible_67d4f7d4cc3e;global_ir_model_fields;dynamic_get_view_injection;formal_runtime_field_resolved;literal_view_reference
sc.hr.payroll.document,p1_visible_6b7f34b5b51c,people_count,char,,,product runtime,addons/smart_construction_core/models/support/p1_daily_business_visible_alias_fields.py:832-853,,,FORMAL_PRODUCT_REFERENCE,true,true,true,true,false,true,readonly_nonstored,people_count,people_count,A_MAPPED_TO_FORMAL_PRODUCT_FIELD,MAP_TO_EXISTING_FORMAL_FIELD,true,HIGH_GLOBAL_DEFINITION,FORMAL_CONTRACT_ALIAS_COUNT_ZERO,REMOVED_FROM_PRODUCT_PUBLICATION,runtime:sc.hr.payroll.document.p1_visible_6b7f34b5b51c;global_ir_model_fields;dynamic_get_view_injection;formal_runtime_field_resolved;literal_view_reference
sc.hr.payroll.document,p1_visible_70a7654ea9fc,amount,char,,,product runtime,addons/smart_construction_core/models/support/p1_daily_business_visible_alias_fields.py:832-853,,,FORMAL_PRODUCT_REFERENCE,true,true,true,true,false,true,readonly_nonstored,amount,amount,A_MAPPED_TO_FORMAL_PRODUCT_FIELD,MAP_TO_EXISTING_FORMAL_FIELD,true,HIGH_GLOBAL_DEFINITION,FORMAL_CONTRACT_ALIAS_COUNT_ZERO,REMOVED_FROM_PRODUCT_PUBLICATION,runtime:sc.hr.payroll.document.p1_visible_70a7654ea9fc;global_ir_model_fields;dynamic_get_view_injection;formal_runtime_field_resolved;literal_view_reference
sc.hr.payroll.document,p1_visible_748d7dc7e321,name;description,char,,,product runtime,addons/smart_construction_core/models/support/p1_daily_business_visible_alias_fields.py:832-853,,,FORMAL_PRODUCT_REFERENCE,true,true,true,true,false,true,readonly_nonstored,name;description;title,name;description,A_MAPPED_TO_FORMAL_PRODUCT_FIELD,MAP_TO_EXISTING_FORMAL_FIELD,true,HIGH_GLOBAL_DEFINITION,FORMAL_CONTRACT_ALIAS_COUNT_ZERO,REMOVED_FROM_PRODUCT_PUBLICATION,runtime:sc.hr.payroll.document.p1_visible_748d7dc7e321;global_ir_model_fields;dynamic_get_view_injection;formal_runtime_field_resolved;literal_view_reference
sc.hr.payroll.document,p1_visible_74ba6d25c64e,period_year,char,,,product runtime,addons/smart_construction_core/models/support/p1_daily_business_visible_alias_fields.py:832-853,,,FORMAL_PRODUCT_REFERENCE,true,true,true,true,false,true,readonly_nonstored,period_year,period_year,A_MAPPED_TO_FORMAL_PRODUCT_FIELD,MAP_TO_EXISTING_FORMAL_FIELD,true,HIGH_GLOBAL_DEFINITION,FORMAL_CONTRACT_ALIAS_COUNT_ZERO,REMOVED_FROM_PRODUCT_PUBLICATION,runtime:sc.hr.payroll.document.p1_visible_74ba6d25c64e;global_ir_model_fields;dynamic_get_view_injection;formal_runtime_field_resolved;literal_view_reference
sc.hr.payroll.document,p1_visible_74cf2fb16ad9,net_salary,char,,,product runtime,addons/smart_construction_core/models/support/p1_daily_business_visible_alias_fields.py:832-853,,,FORMAL_PRODUCT_REFERENCE,true,true,true,true,false,true,readonly_nonstored,net_salary,net_salary,A_MAPPED_TO_FORMAL_PRODUCT_FIELD,MAP_TO_EXISTING_FORMAL_FIELD,true,HIGH_GLOBAL_DEFINITION,FORMAL_CONTRACT_ALIAS_COUNT_ZERO,REMOVED_FROM_PRODUCT_PUBLICATION,runtime:sc.hr.payroll.document.p1_visible_74cf2fb16ad9;global_ir_model_fields;dynamic_get_view_injection;formal_runtime_field_resolved;literal_view_reference
sc.hr.payroll.document,p1_visible_7afa7e3935c5,requester_id;handler_id;source_created_by,char,,,product runtime,addons/smart_construction_core/models/support/p1_daily_business_visible_alias_fields.py:832-853,,,FORMAL_PRODUCT_REFERENCE,true,true,true,true,false,true,readonly_nonstored,requester_id;handler_id;source_created_by,requester_id;handler_id;source_created_by,A_MAPPED_TO_FORMAL_PRODUCT_FIELD,MAP_TO_EXISTING_FORMAL_FIELD,true,HIGH_GLOBAL_DEFINITION,FORMAL_CONTRACT_ALIAS_COUNT_ZERO,REMOVED_FROM_PRODUCT_PUBLICATION,runtime:sc.hr.payroll.document.p1_visible_7afa7e3935c5;global_ir_model_fields;dynamic_get_view_injection;formal_runtime_field_resolved;literal_view_reference
sc.hr.payroll.document,p1_visible_80e04d40f1d5,payer_unit,char,,,product runtime,addons/smart_construction_core/models/support/p1_daily_business_visible_alias_fields.py:832-853,,,FORMAL_PRODUCT_REFERENCE,true,true,true,true,false,true,readonly_nonstored,payer_unit,payer_unit,A_MAPPED_TO_FORMAL_PRODUCT_FIELD,MAP_TO_EXISTING_FORMAL_FIELD,true,HIGH_GLOBAL_DEFINITION,FORMAL_CONTRACT_ALIAS_COUNT_ZERO,REMOVED_FROM_PRODUCT_PUBLICATION,runtime:sc.hr.payroll.document.p1_visible_80e04d40f1d5;global_ir_model_fields;dynamic_get_view_injection;formal_runtime_field_resolved;literal_view_reference
sc.hr.payroll.document,p1_visible_84622b941985,certificate_fee,char,,,product runtime,addons/smart_construction_core/models/support/p1_daily_business_visible_alias_fields.py:832-853,,,FORMAL_PRODUCT_REFERENCE,true,true,true,true,false,true,readonly_nonstored,certificate_fee,certificate_fee,A_MAPPED_TO_FORMAL_PRODUCT_FIELD,MAP_TO_EXISTING_FORMAL_FIELD,true,HIGH_GLOBAL_DEFINITION,FORMAL_CONTRACT_ALIAS_COUNT_ZERO,REMOVED_FROM_PRODUCT_PUBLICATION,runtime:sc.hr.payroll.document.p1_visible_84622b941985;global_ir_model_fields;dynamic_get_view_injection;formal_runtime_field_resolved;literal_view_reference
sc.hr.payroll.document,p1_visible_8c47a7ab1349,amount;company_amount;individual_amount,char,,,product runtime,addons/smart_construction_core/models/support/p1_daily_business_visible_alias_fields.py:832-853,,,FORMAL_PRODUCT_REFERENCE,true,true,true,true,false,true,readonly_nonstored,amount;company_amount;individual_amount,amount;company_amount;individual_amount,A_MAPPED_TO_FORMAL_PRODUCT_FIELD,MAP_TO_EXISTING_FORMAL_FIELD,true,HIGH_GLOBAL_DEFINITION,FORMAL_CONTRACT_ALIAS_COUNT_ZERO,REMOVED_FROM_PRODUCT_PUBLICATION,runtime:sc.hr.payroll.document.p1_visible_8c47a7ab1349;global_ir_model_fields;dynamic_get_view_injection;formal_runtime_field_resolved;literal_view_reference
sc.hr.payroll.document,p1_visible_8fa8662ad38f,document_no;name,char,,,product runtime,addons/smart_construction_core/models/support/p1_daily_business_visible_alias_fields.py:832-853,,,FORMAL_PRODUCT_REFERENCE,true,true,true,true,false,true,readonly_nonstored,document_no;name,document_no;name,A_MAPPED_TO_FORMAL_PRODUCT_FIELD,MAP_TO_EXISTING_FORMAL_FIELD,true,HIGH_GLOBAL_DEFINITION,FORMAL_CONTRACT_ALIAS_COUNT_ZERO,REMOVED_FROM_PRODUCT_PUBLICATION,runtime:sc.hr.payroll.document.p1_visible_8fa8662ad38f;global_ir_model_fields;dynamic_get_view_injection;formal_runtime_field_resolved;literal_view_reference
sc.hr.payroll.document,p1_visible_91061a56c00f,department_id,char,,,product runtime,addons/smart_construction_core/models/support/p1_daily_business_visible_alias_fields.py:832-853,,,FORMAL_PRODUCT_REFERENCE,true,true,true,true,false,true,readonly_nonstored,department_id,department_id,A_MAPPED_TO_FORMAL_PRODUCT_FIELD,MAP_TO_EXISTING_FORMAL_FIELD,true,HIGH_GLOBAL_DEFINITION,FORMAL_CONTRACT_ALIAS_COUNT_ZERO,REMOVED_FROM_PRODUCT_PUBLICATION,runtime:sc.hr.payroll.document.p1_visible_91061a56c00f;global_ir_model_fields;dynamic_get_view_injection;formal_runtime_field_resolved;literal_view_reference
sc.hr.payroll.document,p1_visible_9713a701b3c6,department_id,char,,,product runtime,addons/smart_construction_core/models/support/p1_daily_business_visible_alias_fields.py:832-853,,,FORMAL_PRODUCT_REFERENCE,true,true,true,true,false,true,readonly_nonstored,department_id,department_id,A_MAPPED_TO_FORMAL_PRODUCT_FIELD,MAP_TO_EXISTING_FORMAL_FIELD,true,HIGH_GLOBAL_DEFINITION,FORMAL_CONTRACT_ALIAS_COUNT_ZERO,REMOVED_FROM_PRODUCT_PUBLICATION,runtime:sc.hr.payroll.document.p1_visible_9713a701b3c6;global_ir_model_fields;dynamic_get_view_injection;formal_runtime_field_resolved;literal_view_reference
sc.hr.payroll.document,p1_visible_99f6fe6c41ad,attachment_ids;message_attachment_count,char,,,product runtime,addons/smart_construction_core/models/support/p1_daily_business_visible_alias_fields.py:832-853,,,FORMAL_PRODUCT_REFERENCE,true,true,true,true,false,true,readonly_nonstored,attachment_ids;biz_attachment_ids;tech_attachment_ids;message_attachment_count,attachment_ids;message_attachment_count,A_MAPPED_TO_FORMAL_PRODUCT_FIELD,MAP_TO_EXISTING_FORMAL_FIELD,true,HIGH_GLOBAL_DEFINITION,FORMAL_CONTRACT_ALIAS_COUNT_ZERO,REMOVED_FROM_PRODUCT_PUBLICATION,runtime:sc.hr.payroll.document.p1_visible_99f6fe6c41ad;global_ir_model_fields;dynamic_get_view_injection;formal_runtime_field_resolved;literal_view_reference
sc.hr.payroll.document,p1_visible_9c56d919cf1c,id_number,char,,,product runtime,addons/smart_construction_core/models/support/p1_daily_business_visible_alias_fields.py:832-853,,,FORMAL_PRODUCT_REFERENCE,true,true,true,true,false,true,readonly_nonstored,id_number,id_number,A_MAPPED_TO_FORMAL_PRODUCT_FIELD,MAP_TO_EXISTING_FORMAL_FIELD,true,HIGH_GLOBAL_DEFINITION,FORMAL_CONTRACT_ALIAS_COUNT_ZERO,REMOVED_FROM_PRODUCT_PUBLICATION,runtime:sc.hr.payroll.document.p1_visible_9c56d919cf1c;global_ir_model_fields;dynamic_get_view_injection;formal_runtime_field_resolved;literal_view_reference
sc.hr.payroll.document,p1_visible_b4226e43b871,gross_amount,char,,,product runtime,addons/smart_construction_core/models/support/p1_daily_business_visible_alias_fields.py:832-853,,,FORMAL_PRODUCT_REFERENCE,true,true,true,true,false,true,readonly_nonstored,gross_amount,gross_amount,A_MAPPED_TO_FORMAL_PRODUCT_FIELD,MAP_TO_EXISTING_FORMAL_FIELD,true,HIGH_GLOBAL_DEFINITION,FORMAL_CONTRACT_ALIAS_COUNT_ZERO,REMOVED_FROM_PRODUCT_PUBLICATION,runtime:sc.hr.payroll.document.p1_visible_b4226e43b871;global_ir_model_fields;dynamic_get_view_injection;formal_runtime_field_resolved;literal_view_reference
sc.hr.payroll.document,p1_visible_be4c2616b177,employee_name;employee_user_id,char,,,product runtime,addons/smart_construction_core/models/support/p1_daily_business_visible_alias_fields.py:832-853,,,FORMAL_PRODUCT_REFERENCE,true,true,true,true,false,true,readonly_nonstored,employee_name;employee_user_id,employee_name;employee_user_id,A_MAPPED_TO_FORMAL_PRODUCT_FIELD,MAP_TO_EXISTING_FORMAL_FIELD,true,HIGH_GLOBAL_DEFINITION,FORMAL_CONTRACT_ALIAS_COUNT_ZERO,REMOVED_FROM_PRODUCT_PUBLICATION,runtime:sc.hr.payroll.document.p1_visible_be4c2616b177;global_ir_model_fields;dynamic_get_view_injection;formal_runtime_field_resolved;literal_view_reference
sc.hr.payroll.document,p1_visible_be515165d80b,employee_name;employee_user_id,char,,,product runtime,addons/smart_construction_core/models/support/p1_daily_business_visible_alias_fields.py:832-853,,,FORMAL_PRODUCT_REFERENCE,true,true,true,true,false,true,readonly_nonstored,employee_name;employee_user_id,employee_name;employee_user_id,A_MAPPED_TO_FORMAL_PRODUCT_FIELD,MAP_TO_EXISTING_FORMAL_FIELD,true,HIGH_GLOBAL_DEFINITION,FORMAL_CONTRACT_ALIAS_COUNT_ZERO,REMOVED_FROM_PRODUCT_PUBLICATION,runtime:sc.hr.payroll.document.p1_visible_be515165d80b;global_ir_model_fields;dynamic_get_view_injection;formal_runtime_field_resolved;literal_view_reference
sc.hr.payroll.document,p1_visible_c668c7a28f7c,period_year,char,,,product runtime,addons/smart_construction_core/models/support/p1_daily_business_visible_alias_fields.py:832-853,,,FORMAL_PRODUCT_REFERENCE,true,true,true,true,false,true,readonly_nonstored,period_year,period_year,A_MAPPED_TO_FORMAL_PRODUCT_FIELD,MAP_TO_EXISTING_FORMAL_FIELD,true,HIGH_GLOBAL_DEFINITION,FORMAL_CONTRACT_ALIAS_COUNT_ZERO,REMOVED_FROM_PRODUCT_PUBLICATION,runtime:sc.hr.payroll.document.p1_visible_c668c7a28f7c;global_ir_model_fields;dynamic_get_view_injection;formal_runtime_field_resolved;literal_view_reference
sc.hr.payroll.document,p1_visible_ca67e373988f,social_security_base,char,,,product runtime,addons/smart_construction_core/models/support/p1_daily_business_visible_alias_fields.py:832-853,,,FORMAL_PRODUCT_REFERENCE,true,true,true,true,false,true,readonly_nonstored,social_security_base,social_security_base,A_MAPPED_TO_FORMAL_PRODUCT_FIELD,MAP_TO_EXISTING_FORMAL_FIELD,true,HIGH_GLOBAL_DEFINITION,FORMAL_CONTRACT_ALIAS_COUNT_ZERO,REMOVED_FROM_PRODUCT_PUBLICATION,runtime:sc.hr.payroll.document.p1_visible_ca67e373988f;global_ir_model_fields;dynamic_get_view_injection;formal_runtime_field_resolved;literal_view_reference
sc.hr.payroll.document,p1_visible_dfc25d77dc39,business_date;source_created_at,char,,,product runtime,addons/smart_construction_core/models/support/p1_daily_business_visible_alias_fields.py:832-853,,,FORMAL_PRODUCT_REFERENCE,true,true,true,true,false,true,readonly_nonstored,business_date;source_created_at;created_time,business_date;source_created_at,A_MAPPED_TO_FORMAL_PRODUCT_FIELD,MAP_TO_EXISTING_FORMAL_FIELD,true,HIGH_GLOBAL_DEFINITION,FORMAL_CONTRACT_ALIAS_COUNT_ZERO,REMOVED_FROM_PRODUCT_PUBLICATION,runtime:sc.hr.payroll.document.p1_visible_dfc25d77dc39;global_ir_model_fields;dynamic_get_view_injection;formal_runtime_field_resolved;literal_view_reference
sc.hr.payroll.document,p1_visible_e0361480e3a5,result_note;description,char,,,product runtime,addons/smart_construction_core/models/support/p1_daily_business_visible_alias_fields.py:832-853,,,FORMAL_PRODUCT_REFERENCE,true,true,true,true,false,true,readonly_nonstored,result_note;description;note;purpose;remark,result_note;description,A_MAPPED_TO_FORMAL_PRODUCT_FIELD,MAP_TO_EXISTING_FORMAL_FIELD,true,HIGH_GLOBAL_DEFINITION,FORMAL_CONTRACT_ALIAS_COUNT_ZERO,REMOVED_FROM_PRODUCT_PUBLICATION,runtime:sc.hr.payroll.document.p1_visible_e0361480e3a5;global_ir_model_fields;dynamic_get_view_injection;formal_runtime_field_resolved;literal_view_reference
sc.hr.payroll.document,p1_visible_e20f6452c86b,item_type;result_note;description,char,,,product runtime,addons/smart_construction_core/models/support/p1_daily_business_visible_alias_fields.py:832-853,,,FORMAL_PRODUCT_REFERENCE,true,true,true,true,false,true,readonly_nonstored,item_type;result_note;description,item_type;result_note;description,A_MAPPED_TO_FORMAL_PRODUCT_FIELD,MAP_TO_EXISTING_FORMAL_FIELD,true,HIGH_GLOBAL_DEFINITION,FORMAL_CONTRACT_ALIAS_COUNT_ZERO,REMOVED_FROM_PRODUCT_PUBLICATION,runtime:sc.hr.payroll.document.p1_visible_e20f6452c86b;global_ir_model_fields;dynamic_get_view_injection;formal_runtime_field_resolved;literal_view_reference
sc.hr.payroll.document,p1_visible_e4e46c7235d1,employee_type,char,,,product runtime,addons/smart_construction_core/models/support/p1_daily_business_visible_alias_fields.py:832-853,,,FORMAL_PRODUCT_REFERENCE,true,true,true,true,false,true,readonly_nonstored,employee_type,employee_type,A_MAPPED_TO_FORMAL_PRODUCT_FIELD,MAP_TO_EXISTING_FORMAL_FIELD,true,HIGH_GLOBAL_DEFINITION,FORMAL_CONTRACT_ALIAS_COUNT_ZERO,REMOVED_FROM_PRODUCT_PUBLICATION,runtime:sc.hr.payroll.document.p1_visible_e4e46c7235d1;global_ir_model_fields;dynamic_get_view_injection;formal_runtime_field_resolved;literal_view_reference
sc.hr.payroll.document,p1_visible_ee6a4d9e2956,requester_id;handler_id;source_created_by,char,,,product runtime,addons/smart_construction_core/models/support/p1_daily_business_visible_alias_fields.py:832-853,,,FORMAL_PRODUCT_REFERENCE,true,true,true,true,false,true,readonly_nonstored,requester_id;handler_id;source_created_by;creator_name;owner_id;handler_name,requester_id;handler_id;source_created_by,A_MAPPED_TO_FORMAL_PRODUCT_FIELD,MAP_TO_EXISTING_FORMAL_FIELD,true,HIGH_GLOBAL_DEFINITION,FORMAL_CONTRACT_ALIAS_COUNT_ZERO,REMOVED_FROM_PRODUCT_PUBLICATION,runtime:sc.hr.payroll.document.p1_visible_ee6a4d9e2956;global_ir_model_fields;dynamic_get_view_injection;formal_runtime_field_resolved;literal_view_reference
sc.invoice.registration,p1_visible_007363f27191,amount_no_tax,char,,,product runtime,addons/smart_construction_core/models/support/p1_daily_business_visible_alias_fields.py:832-853,,,FORMAL_PRODUCT_REFERENCE,true,true,true,true,false,true,readonly_nonstored,amount_no_tax;amount_untaxed;invoice_amount_untaxed,amount_no_tax,A_MAPPED_TO_FORMAL_PRODUCT_FIELD,MAP_TO_EXISTING_FORMAL_FIELD,true,HIGH_GLOBAL_DEFINITION,FORMAL_CONTRACT_ALIAS_COUNT_ZERO,REMOVED_FROM_PRODUCT_PUBLICATION,runtime:sc.invoice.registration.p1_visible_007363f27191;global_ir_model_fields;dynamic_get_view_injection;formal_runtime_field_resolved;literal_view_reference
sc.invoice.registration,p1_visible_06fa8c6f628f,state,char,,,product runtime,addons/smart_construction_core/models/support/p1_daily_business_visible_alias_fields.py:832-853,,,FORMAL_PRODUCT_REFERENCE,true,true,true,true,false,true,readonly_nonstored,state;state_text,state,A_MAPPED_TO_FORMAL_PRODUCT_FIELD,MAP_TO_EXISTING_FORMAL_FIELD,true,HIGH_GLOBAL_DEFINITION,FORMAL_CONTRACT_ALIAS_COUNT_ZERO,REMOVED_FROM_PRODUCT_PUBLICATION,runtime:sc.invoice.registration.p1_visible_06fa8c6f628f;global_ir_model_fields;dynamic_get_view_injection;formal_runtime_field_resolved;literal_view_reference
sc.invoice.registration,p1_visible_0d8979d08c09,amount_total,char,,,product runtime,addons/smart_construction_core/models/support/p1_daily_business_visible_alias_fields.py:832-853,,,FORMAL_PRODUCT_REFERENCE,true,true,true,true,false,true,readonly_nonstored,amount_total;invoice_amount;invoice_amount_total,amount_total,A_MAPPED_TO_FORMAL_PRODUCT_FIELD,MAP_TO_EXISTING_FORMAL_FIELD,true,HIGH_GLOBAL_DEFINITION,FORMAL_CONTRACT_ALIAS_COUNT_ZERO,REMOVED_FROM_PRODUCT_PUBLICATION,runtime:sc.invoice.registration.p1_visible_0d8979d08c09;global_ir_model_fields;dynamic_get_view_injection;formal_runtime_field_resolved;literal_view_reference
sc.invoice.registration,p1_visible_0e2126d6cf82,invoice_count,char,,,product runtime,addons/smart_construction_core/models/support/p1_daily_business_visible_alias_fields.py:832-853,,,FORMAL_PRODUCT_REFERENCE,true,true,true,true,false,true,readonly_nonstored,invoice_count,invoice_count,A_MAPPED_TO_FORMAL_PRODUCT_FIELD,MAP_TO_EXISTING_FORMAL_FIELD,true,HIGH_GLOBAL_DEFINITION,FORMAL_CONTRACT_ALIAS_COUNT_ZERO,REMOVED_FROM_PRODUCT_PUBLICATION,runtime:sc.invoice.registration.p1_visible_0e2126d6cf82;global_ir_model_fields;dynamic_get_view_injection;formal_runtime_field_resolved;literal_view_reference
sc.invoice.registration,p1_visible_17b341733b7b,contract_id;name;document_no,char,,,product runtime,addons/smart_construction_core/models/support/p1_daily_business_visible_alias_fields.py:832-853,,,FORMAL_PRODUCT_REFERENCE,true,true,true,true,false,true,readonly_nonstored,contract_id;contract_no;name;document_no,contract_id;name;document_no,A_MAPPED_TO_FORMAL_PRODUCT_FIELD,MAP_TO_EXISTING_FORMAL_FIELD,true,HIGH_GLOBAL_DEFINITION,FORMAL_CONTRACT_ALIAS_COUNT_ZERO,REMOVED_FROM_PRODUCT_PUBLICATION,runtime:sc.invoice.registration.p1_visible_17b341733b7b;global_ir_model_fields;dynamic_get_view_injection;formal_runtime_field_resolved;literal_view_reference
sc.invoice.registration,p1_visible_296ce5fc1ed1,actual_invoice_amount;amount_total,char,,,product runtime,addons/smart_construction_core/models/support/p1_daily_business_visible_alias_fields.py:832-853,,,FORMAL_PRODUCT_REFERENCE,true,true,true,true,false,true,readonly_nonstored,actual_invoice_amount;amount_total,actual_invoice_amount;amount_total,A_MAPPED_TO_FORMAL_PRODUCT_FIELD,MAP_TO_EXISTING_FORMAL_FIELD,true,HIGH_GLOBAL_DEFINITION,FORMAL_CONTRACT_ALIAS_COUNT_ZERO,REMOVED_FROM_PRODUCT_PUBLICATION,runtime:sc.invoice.registration.p1_visible_296ce5fc1ed1;global_ir_model_fields;dynamic_get_view_injection;formal_runtime_field_resolved;literal_view_reference
sc.invoice.registration,p1_visible_2c346345746e,application_date;document_date;create_date,char,,,product runtime,addons/smart_construction_core/models/support/p1_daily_business_visible_alias_fields.py:832-853,,,FORMAL_PRODUCT_REFERENCE,true,true,true,true,false,true,readonly_nonstored,application_date;document_date;request_date;date_request;create_date,application_date;document_date;create_date,A_MAPPED_TO_FORMAL_PRODUCT_FIELD,MAP_TO_EXISTING_FORMAL_FIELD,true,HIGH_GLOBAL_DEFINITION,FORMAL_CONTRACT_ALIAS_COUNT_ZERO,REMOVED_FROM_PRODUCT_PUBLICATION,runtime:sc.invoice.registration.p1_visible_2c346345746e;global_ir_model_fields;dynamic_get_view_injection;formal_runtime_field_resolved;literal_view_reference
sc.invoice.registration,p1_visible_34943c40c9af,amount_total,char,,,product runtime,addons/smart_construction_core/models/support/p1_daily_business_visible_alias_fields.py:832-853,,,FORMAL_PRODUCT_REFERENCE,true,true,true,true,false,true,readonly_nonstored,amount_total;amount;paid_amount;invoice_amount_total,amount_total,A_MAPPED_TO_FORMAL_PRODUCT_FIELD,MAP_TO_EXISTING_FORMAL_FIELD,true,HIGH_GLOBAL_DEFINITION,FORMAL_CONTRACT_ALIAS_COUNT_ZERO,REMOVED_FROM_PRODUCT_PUBLICATION,runtime:sc.invoice.registration.p1_visible_34943c40c9af;global_ir_model_fields;dynamic_get_view_injection;formal_runtime_field_resolved;literal_view_reference
sc.invoice.registration,p1_visible_37d56ad493cf,tax_rate,char,,,product runtime,addons/smart_construction_core/models/support/p1_daily_business_visible_alias_fields.py:832-853,,,FORMAL_PRODUCT_REFERENCE,true,true,true,true,false,true,readonly_nonstored,tax_rate;tax_rate_text,tax_rate,A_MAPPED_TO_FORMAL_PRODUCT_FIELD,MAP_TO_EXISTING_FORMAL_FIELD,true,HIGH_GLOBAL_DEFINITION,FORMAL_CONTRACT_ALIAS_COUNT_ZERO,REMOVED_FROM_PRODUCT_PUBLICATION,runtime:sc.invoice.registration.p1_visible_37d56ad493cf;global_ir_model_fields;dynamic_get_view_injection;formal_runtime_field_resolved;literal_view_reference
sc.invoice.registration,p1_visible_3b66293fbe70,invoice_state;state,char,,,product runtime,addons/smart_construction_core/models/support/p1_daily_business_visible_alias_fields.py:832-853,,,FORMAL_PRODUCT_REFERENCE,true,true,true,true,false,true,readonly_nonstored,invoice_state;state,invoice_state;state,A_MAPPED_TO_FORMAL_PRODUCT_FIELD,MAP_TO_EXISTING_FORMAL_FIELD,true,HIGH_GLOBAL_DEFINITION,FORMAL_CONTRACT_ALIAS_COUNT_ZERO,REMOVED_FROM_PRODUCT_PUBLICATION,runtime:sc.invoice.registration.p1_visible_3b66293fbe70;global_ir_model_fields;dynamic_get_view_injection;formal_runtime_field_resolved;literal_view_reference
sc.invoice.registration,p1_visible_3d0afdf3736d,invoice_type,char,,,product runtime,addons/smart_construction_core/models/support/p1_daily_business_visible_alias_fields.py:832-853,,,FORMAL_PRODUCT_REFERENCE,true,true,true,true,false,true,readonly_nonstored,invoice_type;type,invoice_type,A_MAPPED_TO_FORMAL_PRODUCT_FIELD,MAP_TO_EXISTING_FORMAL_FIELD,true,HIGH_GLOBAL_DEFINITION,FORMAL_CONTRACT_ALIAS_COUNT_ZERO,REMOVED_FROM_PRODUCT_PUBLICATION,runtime:sc.invoice.registration.p1_visible_3d0afdf3736d;global_ir_model_fields;dynamic_get_view_injection;formal_runtime_field_resolved;literal_view_reference
sc.invoice.registration,p1_visible_3e7255522b33,project_id,char,,,product runtime,addons/smart_construction_core/models/support/p1_daily_business_visible_alias_fields.py:832-853,,,FORMAL_PRODUCT_REFERENCE,true,true,true,true,false,true,readonly_nonstored,project_id,project_id,A_MAPPED_TO_FORMAL_PRODUCT_FIELD,MAP_TO_EXISTING_FORMAL_FIELD,true,HIGH_GLOBAL_DEFINITION,FORMAL_CONTRACT_ALIAS_COUNT_ZERO,REMOVED_FROM_PRODUCT_PUBLICATION,runtime:sc.invoice.registration.p1_visible_3e7255522b33;global_ir_model_fields;dynamic_get_view_injection;formal_runtime_field_resolved;literal_view_reference
sc.invoice.registration,p1_visible_4f43764bd23d,invoice_count,char,,,product runtime,addons/smart_construction_core/models/support/p1_daily_business_visible_alias_fields.py:832-853,,,FORMAL_PRODUCT_REFERENCE,true,true,true,true,false,true,readonly_nonstored,invoice_count,invoice_count,A_MAPPED_TO_FORMAL_PRODUCT_FIELD,MAP_TO_EXISTING_FORMAL_FIELD,true,HIGH_GLOBAL_DEFINITION,FORMAL_CONTRACT_ALIAS_COUNT_ZERO,REMOVED_FROM_PRODUCT_PUBLICATION,runtime:sc.invoice.registration.p1_visible_4f43764bd23d;global_ir_model_fields;dynamic_get_view_injection;formal_runtime_field_resolved;literal_view_reference
sc.invoice.registration,p1_visible_61b3896f8414,tax_type;invoice_content;operation_strategy,char,,,product runtime,addons/smart_construction_core/models/support/p1_daily_business_visible_alias_fields.py:832-853,,,FORMAL_PRODUCT_REFERENCE,true,true,true,true,false,true,readonly_nonstored,tax_type;invoice_content;operation_strategy,tax_type;invoice_content;operation_strategy,A_MAPPED_TO_FORMAL_PRODUCT_FIELD,MAP_TO_EXISTING_FORMAL_FIELD,true,HIGH_GLOBAL_DEFINITION,FORMAL_CONTRACT_ALIAS_COUNT_ZERO,REMOVED_FROM_PRODUCT_PUBLICATION,runtime:sc.invoice.registration.p1_visible_61b3896f8414;global_ir_model_fields;dynamic_get_view_injection;formal_runtime_field_resolved;literal_view_reference
sc.invoice.registration,p1_visible_62319711f425,prepaid_tax_date;document_date,char,,,product runtime,addons/smart_construction_core/models/support/p1_daily_business_visible_alias_fields.py:832-853,,,FORMAL_PRODUCT_REFERENCE,true,true,true,true,false,true,readonly_nonstored,prepaid_tax_date;document_date,prepaid_tax_date;document_date,A_MAPPED_TO_FORMAL_PRODUCT_FIELD,MAP_TO_EXISTING_FORMAL_FIELD,true,HIGH_GLOBAL_DEFINITION,FORMAL_CONTRACT_ALIAS_COUNT_ZERO,REMOVED_FROM_PRODUCT_PUBLICATION,runtime:sc.invoice.registration.p1_visible_62319711f425;global_ir_model_fields;dynamic_get_view_injection;formal_runtime_field_resolved;literal_view_reference
sc.invoice.registration,p1_visible_62e951a692ff,state,char,,,product runtime,addons/smart_construction_core/models/support/p1_daily_business_visible_alias_fields.py:832-853,,,FORMAL_PRODUCT_REFERENCE,true,true,true,true,false,true,readonly_nonstored,state,state,A_MAPPED_TO_FORMAL_PRODUCT_FIELD,MAP_TO_EXISTING_FORMAL_FIELD,true,HIGH_GLOBAL_DEFINITION,FORMAL_CONTRACT_ALIAS_COUNT_ZERO,REMOVED_FROM_PRODUCT_PUBLICATION,runtime:sc.invoice.registration.p1_visible_62e951a692ff;global_ir_model_fields;dynamic_get_view_injection;formal_runtime_field_resolved;literal_view_reference
sc.invoice.registration,p1_visible_6514c1bee4d7,tax_certificate_no;invoice_no,char,,,product runtime,addons/smart_construction_core/models/support/p1_daily_business_visible_alias_fields.py:832-853,,,FORMAL_PRODUCT_REFERENCE,true,true,true,true,false,true,readonly_nonstored,tax_certificate_no;invoice_no,tax_certificate_no;invoice_no,A_MAPPED_TO_FORMAL_PRODUCT_FIELD,MAP_TO_EXISTING_FORMAL_FIELD,true,HIGH_GLOBAL_DEFINITION,FORMAL_CONTRACT_ALIAS_COUNT_ZERO,REMOVED_FROM_PRODUCT_PUBLICATION,runtime:sc.invoice.registration.p1_visible_6514c1bee4d7;global_ir_model_fields;dynamic_get_view_injection;formal_runtime_field_resolved;literal_view_reference
sc.invoice.registration,p1_visible_6bb76c93367b,recipient_unit_name;partner_id,char,,,product runtime,addons/smart_construction_core/models/support/p1_daily_business_visible_alias_fields.py:832-853,,,FORMAL_PRODUCT_REFERENCE,true,true,true,true,false,true,readonly_nonstored,recipient_unit_name;partner_id,recipient_unit_name;partner_id,A_MAPPED_TO_FORMAL_PRODUCT_FIELD,MAP_TO_EXISTING_FORMAL_FIELD,true,HIGH_GLOBAL_DEFINITION,FORMAL_CONTRACT_ALIAS_COUNT_ZERO,REMOVED_FROM_PRODUCT_PUBLICATION,runtime:sc.invoice.registration.p1_visible_6bb76c93367b;global_ir_model_fields;dynamic_get_view_injection;formal_runtime_field_resolved;literal_view_reference
sc.invoice.registration,p1_visible_7f5da566c14e,kingdee_document_no;document_no;name,char,,,product runtime,addons/smart_construction_core/models/support/p1_daily_business_visible_alias_fields.py:832-853,,,FORMAL_PRODUCT_REFERENCE,true,true,true,true,false,true,readonly_nonstored,kingdee_document_no;document_no;name;external_document_no;extra_ref,kingdee_document_no;document_no;name,A_MAPPED_TO_FORMAL_PRODUCT_FIELD,MAP_TO_EXISTING_FORMAL_FIELD,true,HIGH_GLOBAL_DEFINITION,FORMAL_CONTRACT_ALIAS_COUNT_ZERO,REMOVED_FROM_PRODUCT_PUBLICATION,runtime:sc.invoice.registration.p1_visible_7f5da566c14e;global_ir_model_fields;dynamic_get_view_injection;formal_runtime_field_resolved;literal_view_reference
sc.invoice.registration,p1_visible_83e1d169c7a2,contract_amount,char,,,product runtime,addons/smart_construction_core/models/support/p1_daily_business_visible_alias_fields.py:832-853,,,FORMAL_PRODUCT_REFERENCE,true,true,true,true,false,true,readonly_nonstored,contract_amount,contract_amount,A_MAPPED_TO_FORMAL_PRODUCT_FIELD,MAP_TO_EXISTING_FORMAL_FIELD,true,HIGH_GLOBAL_DEFINITION,FORMAL_CONTRACT_ALIAS_COUNT_ZERO,REMOVED_FROM_PRODUCT_PUBLICATION,runtime:sc.invoice.registration.p1_visible_83e1d169c7a2;global_ir_model_fields;dynamic_get_view_injection;formal_runtime_field_resolved;literal_view_reference
sc.invoice.registration,p1_visible_880ab989a872,applicant_name;creator_name;source_created_by,char,,,product runtime,addons/smart_construction_core/models/support/p1_daily_business_visible_alias_fields.py:832-853,,,FORMAL_PRODUCT_REFERENCE,true,true,true,true,false,true,readonly_nonstored,applicant_name;creator_name;source_created_by;requester_id,applicant_name;creator_name;source_created_by,A_MAPPED_TO_FORMAL_PRODUCT_FIELD,MAP_TO_EXISTING_FORMAL_FIELD,true,HIGH_GLOBAL_DEFINITION,FORMAL_CONTRACT_ALIAS_COUNT_ZERO,REMOVED_FROM_PRODUCT_PUBLICATION,runtime:sc.invoice.registration.p1_visible_880ab989a872;global_ir_model_fields;dynamic_get_view_injection;formal_runtime_field_resolved;literal_view_reference
sc.invoice.registration,p1_visible_8fa8662ad38f,document_no;name,char,,,product runtime,addons/smart_construction_core/models/support/p1_daily_business_visible_alias_fields.py:832-853,,,FORMAL_PRODUCT_REFERENCE,true,true,true,true,false,true,readonly_nonstored,document_no;name,document_no;name,A_MAPPED_TO_FORMAL_PRODUCT_FIELD,MAP_TO_EXISTING_FORMAL_FIELD,true,HIGH_GLOBAL_DEFINITION,FORMAL_CONTRACT_ALIAS_COUNT_ZERO,REMOVED_FROM_PRODUCT_PUBLICATION,runtime:sc.invoice.registration.p1_visible_8fa8662ad38f;global_ir_model_fields;dynamic_get_view_injection;formal_runtime_field_resolved;literal_view_reference
sc.invoice.registration,p1_visible_964a2edc6942,related_receipt_amount,char,,,product runtime,addons/smart_construction_core/models/support/p1_daily_business_visible_alias_fields.py:832-853,,,FORMAL_PRODUCT_REFERENCE,true,true,true,true,false,true,readonly_nonstored,related_receipt_amount;received_amount;amount,related_receipt_amount,A_MAPPED_TO_FORMAL_PRODUCT_FIELD,MAP_TO_EXISTING_FORMAL_FIELD,true,HIGH_GLOBAL_DEFINITION,FORMAL_CONTRACT_ALIAS_COUNT_ZERO,REMOVED_FROM_PRODUCT_PUBLICATION,runtime:sc.invoice.registration.p1_visible_964a2edc6942;global_ir_model_fields;dynamic_get_view_injection;formal_runtime_field_resolved;literal_view_reference
sc.invoice.registration,p1_visible_9769980c060d,note,char,,,product runtime,addons/smart_construction_core/models/support/p1_daily_business_visible_alias_fields.py:832-853,,,FORMAL_PRODUCT_REFERENCE,true,true,true,true,false,true,readonly_nonstored,note,note,A_MAPPED_TO_FORMAL_PRODUCT_FIELD,MAP_TO_EXISTING_FORMAL_FIELD,true,HIGH_GLOBAL_DEFINITION,FORMAL_CONTRACT_ALIAS_COUNT_ZERO,REMOVED_FROM_PRODUCT_PUBLICATION,runtime:sc.invoice.registration.p1_visible_9769980c060d;global_ir_model_fields;dynamic_get_view_injection;formal_runtime_field_resolved
sc.invoice.registration,p1_visible_99f6fe6c41ad,attachment_ids;message_attachment_count,char,,,product runtime,addons/smart_construction_core/models/support/p1_daily_business_visible_alias_fields.py:832-853,,,FORMAL_PRODUCT_REFERENCE,true,true,true,true,false,true,readonly_nonstored,attachment_ids;biz_attachment_ids;tech_attachment_ids;message_attachment_count,attachment_ids;message_attachment_count,A_MAPPED_TO_FORMAL_PRODUCT_FIELD,MAP_TO_EXISTING_FORMAL_FIELD,true,HIGH_GLOBAL_DEFINITION,FORMAL_CONTRACT_ALIAS_COUNT_ZERO,REMOVED_FROM_PRODUCT_PUBLICATION,runtime:sc.invoice.registration.p1_visible_99f6fe6c41ad;global_ir_model_fields;dynamic_get_view_injection;formal_runtime_field_resolved;literal_view_reference
sc.invoice.registration,p1_visible_99f753ed6262,tax_amount,char,,,product runtime,addons/smart_construction_core/models/support/p1_daily_business_visible_alias_fields.py:832-853,,,FORMAL_PRODUCT_REFERENCE,true,true,true,true,false,true,readonly_nonstored,tax_amount;invoice_tax_amount,tax_amount,A_MAPPED_TO_FORMAL_PRODUCT_FIELD,MAP_TO_EXISTING_FORMAL_FIELD,true,HIGH_GLOBAL_DEFINITION,FORMAL_CONTRACT_ALIAS_COUNT_ZERO,REMOVED_FROM_PRODUCT_PUBLICATION,runtime:sc.invoice.registration.p1_visible_99f753ed6262;global_ir_model_fields;dynamic_get_view_injection;formal_runtime_field_resolved;literal_view_reference
sc.invoice.registration,p1_visible_a3c1a28bd34c,invoice_date;document_date,char,,,product runtime,addons/smart_construction_core/models/support/p1_daily_business_visible_alias_fields.py:832-853,,,FORMAL_PRODUCT_REFERENCE,true,true,true,true,false,true,readonly_nonstored,invoice_date;document_date,invoice_date;document_date,A_MAPPED_TO_FORMAL_PRODUCT_FIELD,MAP_TO_EXISTING_FORMAL_FIELD,true,HIGH_GLOBAL_DEFINITION,FORMAL_CONTRACT_ALIAS_COUNT_ZERO,REMOVED_FROM_PRODUCT_PUBLICATION,runtime:sc.invoice.registration.p1_visible_a3c1a28bd34c;global_ir_model_fields;dynamic_get_view_injection;formal_runtime_field_resolved;literal_view_reference
sc.invoice.registration,p1_visible_ada9a85eab00,invoice_no,char,,,product runtime,addons/smart_construction_core/models/support/p1_daily_business_visible_alias_fields.py:832-853,,,FORMAL_PRODUCT_REFERENCE,true,true,true,true,false,true,readonly_nonstored,invoice_no,invoice_no,A_MAPPED_TO_FORMAL_PRODUCT_FIELD,MAP_TO_EXISTING_FORMAL_FIELD,true,HIGH_GLOBAL_DEFINITION,FORMAL_CONTRACT_ALIAS_COUNT_ZERO,REMOVED_FROM_PRODUCT_PUBLICATION,runtime:sc.invoice.registration.p1_visible_ada9a85eab00;global_ir_model_fields;dynamic_get_view_injection;formal_runtime_field_resolved;literal_view_reference
sc.invoice.registration,p1_visible_b031dc9a8507,caliber;source_kind,char,,,product runtime,addons/smart_construction_core/models/support/p1_daily_business_visible_alias_fields.py:832-853,,,FORMAL_PRODUCT_REFERENCE,true,true,true,true,false,true,readonly_nonstored,caliber;source_kind,caliber;source_kind,A_MAPPED_TO_FORMAL_PRODUCT_FIELD,MAP_TO_EXISTING_FORMAL_FIELD,true,HIGH_GLOBAL_DEFINITION,FORMAL_CONTRACT_ALIAS_COUNT_ZERO,REMOVED_FROM_PRODUCT_PUBLICATION,runtime:sc.invoice.registration.p1_visible_b031dc9a8507;global_ir_model_fields;dynamic_get_view_injection;formal_runtime_field_resolved;literal_view_reference
sc.invoice.registration,p1_visible_b9ae89319036,invoice_count,char,,,product runtime,addons/smart_construction_core/models/support/p1_daily_business_visible_alias_fields.py:832-853,,,FORMAL_PRODUCT_REFERENCE,true,true,true,true,false,true,readonly_nonstored,invoice_count;quantity;quantity_total,invoice_count,A_MAPPED_TO_FORMAL_PRODUCT_FIELD,MAP_TO_EXISTING_FORMAL_FIELD,true,HIGH_GLOBAL_DEFINITION,FORMAL_CONTRACT_ALIAS_COUNT_ZERO,REMOVED_FROM_PRODUCT_PUBLICATION,runtime:sc.invoice.registration.p1_visible_b9ae89319036;global_ir_model_fields;dynamic_get_view_injection;formal_runtime_field_resolved;literal_view_reference
sc.invoice.registration,p1_visible_bbe7bbee241e,invoice_type,char,,,product runtime,addons/smart_construction_core/models/support/p1_daily_business_visible_alias_fields.py:832-853,,,FORMAL_PRODUCT_REFERENCE,true,true,true,true,false,true,readonly_nonstored,invoice_type;type,invoice_type,A_MAPPED_TO_FORMAL_PRODUCT_FIELD,MAP_TO_EXISTING_FORMAL_FIELD,true,HIGH_GLOBAL_DEFINITION,FORMAL_CONTRACT_ALIAS_COUNT_ZERO,REMOVED_FROM_PRODUCT_PUBLICATION,runtime:sc.invoice.registration.p1_visible_bbe7bbee241e;global_ir_model_fields;dynamic_get_view_injection;formal_runtime_field_resolved;literal_view_reference
sc.invoice.registration,p1_visible_be5462bd6a62,invoice_issue_company;company_id;partner_id,char,,,product runtime,addons/smart_construction_core/models/support/p1_daily_business_visible_alias_fields.py:832-853,,,FORMAL_PRODUCT_REFERENCE,true,true,true,true,false,true,readonly_nonstored,invoice_issue_company;invoice_company_name;company_id;partner_id,invoice_issue_company;company_id;partner_id,A_MAPPED_TO_FORMAL_PRODUCT_FIELD,MAP_TO_EXISTING_FORMAL_FIELD,true,HIGH_GLOBAL_DEFINITION,FORMAL_CONTRACT_ALIAS_COUNT_ZERO,REMOVED_FROM_PRODUCT_PUBLICATION,runtime:sc.invoice.registration.p1_visible_be5462bd6a62;global_ir_model_fields;dynamic_get_view_injection;formal_runtime_field_resolved;literal_view_reference
sc.invoice.registration,p1_visible_c1b95b8ca332,surcharge_amount;tax_amount,char,,,product runtime,addons/smart_construction_core/models/support/p1_daily_business_visible_alias_fields.py:832-853,,,FORMAL_PRODUCT_REFERENCE,true,true,true,true,false,true,readonly_nonstored,surcharge_amount;deduction_surcharge_amount;tax_amount,surcharge_amount;tax_amount,A_MAPPED_TO_FORMAL_PRODUCT_FIELD,MAP_TO_EXISTING_FORMAL_FIELD,true,HIGH_GLOBAL_DEFINITION,FORMAL_CONTRACT_ALIAS_COUNT_ZERO,REMOVED_FROM_PRODUCT_PUBLICATION,runtime:sc.invoice.registration.p1_visible_c1b95b8ca332;global_ir_model_fields;dynamic_get_view_injection;formal_runtime_field_resolved;literal_view_reference
sc.invoice.registration,p1_visible_c5e161f03e08,actual_invoice_amount;amount_total,char,,,product runtime,addons/smart_construction_core/models/support/p1_daily_business_visible_alias_fields.py:832-853,,,FORMAL_PRODUCT_REFERENCE,true,true,true,true,false,true,readonly_nonstored,actual_invoice_amount;amount_total;invoice_amount;amount,actual_invoice_amount;amount_total,A_MAPPED_TO_FORMAL_PRODUCT_FIELD,MAP_TO_EXISTING_FORMAL_FIELD,true,HIGH_GLOBAL_DEFINITION,FORMAL_CONTRACT_ALIAS_COUNT_ZERO,REMOVED_FROM_PRODUCT_PUBLICATION,runtime:sc.invoice.registration.p1_visible_c5e161f03e08;global_ir_model_fields;dynamic_get_view_injection;formal_runtime_field_resolved;literal_view_reference
sc.invoice.registration,p1_visible_c73a8eab0d57,amount_total,char,,,product runtime,addons/smart_construction_core/models/support/p1_daily_business_visible_alias_fields.py:832-853,,,FORMAL_PRODUCT_REFERENCE,true,true,true,true,false,true,readonly_nonstored,amount_total;invoice_amount_total,amount_total,A_MAPPED_TO_FORMAL_PRODUCT_FIELD,MAP_TO_EXISTING_FORMAL_FIELD,true,HIGH_GLOBAL_DEFINITION,FORMAL_CONTRACT_ALIAS_COUNT_ZERO,REMOVED_FROM_PRODUCT_PUBLICATION,runtime:sc.invoice.registration.p1_visible_c73a8eab0d57;global_ir_model_fields;dynamic_get_view_injection;formal_runtime_field_resolved;literal_view_reference
sc.invoice.registration,p1_visible_d09b05103331,amount_total,char,,,product runtime,addons/smart_construction_core/models/support/p1_daily_business_visible_alias_fields.py:832-853,,,FORMAL_PRODUCT_REFERENCE,true,true,true,true,false,true,readonly_nonstored,invoice_amount_total;amount_total,amount_total,A_MAPPED_TO_FORMAL_PRODUCT_FIELD,MAP_TO_EXISTING_FORMAL_FIELD,true,HIGH_GLOBAL_DEFINITION,FORMAL_CONTRACT_ALIAS_COUNT_ZERO,REMOVED_FROM_PRODUCT_PUBLICATION,runtime:sc.invoice.registration.p1_visible_d09b05103331;global_ir_model_fields;dynamic_get_view_injection;formal_runtime_field_resolved;literal_view_reference
sc.invoice.registration,p1_visible_d42c2d26610f,invoice_date;document_date,char,,,product runtime,addons/smart_construction_core/models/support/p1_daily_business_visible_alias_fields.py:832-853,,,FORMAL_PRODUCT_REFERENCE,true,true,true,true,false,true,readonly_nonstored,invoice_date;document_date,invoice_date;document_date,A_MAPPED_TO_FORMAL_PRODUCT_FIELD,MAP_TO_EXISTING_FORMAL_FIELD,true,HIGH_GLOBAL_DEFINITION,FORMAL_CONTRACT_ALIAS_COUNT_ZERO,REMOVED_FROM_PRODUCT_PUBLICATION,runtime:sc.invoice.registration.p1_visible_d42c2d26610f;global_ir_model_fields;dynamic_get_view_injection;formal_runtime_field_resolved;literal_view_reference
sc.invoice.registration,p1_visible_de695d830de1,caliber;source_kind,char,,,product runtime,addons/smart_construction_core/models/support/p1_daily_business_visible_alias_fields.py:832-853,,,FORMAL_PRODUCT_REFERENCE,true,true,true,true,false,true,readonly_nonstored,caliber;source_kind,caliber;source_kind,A_MAPPED_TO_FORMAL_PRODUCT_FIELD,MAP_TO_EXISTING_FORMAL_FIELD,true,HIGH_GLOBAL_DEFINITION,FORMAL_CONTRACT_ALIAS_COUNT_ZERO,REMOVED_FROM_PRODUCT_PUBLICATION,runtime:sc.invoice.registration.p1_visible_de695d830de1;global_ir_model_fields;dynamic_get_view_injection;formal_runtime_field_resolved;literal_view_reference
sc.invoice.registration,p1_visible_dfc25d77dc39,created_time;source_created_at,char,,,product runtime,addons/smart_construction_core/models/support/p1_daily_business_visible_alias_fields.py:832-853,,,FORMAL_PRODUCT_REFERENCE,true,true,true,true,false,true,readonly_nonstored,created_time;source_created_at,created_time;source_created_at,A_MAPPED_TO_FORMAL_PRODUCT_FIELD,MAP_TO_EXISTING_FORMAL_FIELD,true,HIGH_GLOBAL_DEFINITION,FORMAL_CONTRACT_ALIAS_COUNT_ZERO,REMOVED_FROM_PRODUCT_PUBLICATION,runtime:sc.invoice.registration.p1_visible_dfc25d77dc39;global_ir_model_fields;dynamic_get_view_injection;formal_runtime_field_resolved;literal_view_reference
sc.invoice.registration,p1_visible_e0361480e3a5,note,char,,,product runtime,addons/smart_construction_core/models/support/p1_daily_business_visible_alias_fields.py:832-853,,,FORMAL_PRODUCT_REFERENCE,true,true,true,true,false,true,readonly_nonstored,note;purpose;description;remark,note,A_MAPPED_TO_FORMAL_PRODUCT_FIELD,MAP_TO_EXISTING_FORMAL_FIELD,true,HIGH_GLOBAL_DEFINITION,FORMAL_CONTRACT_ALIAS_COUNT_ZERO,REMOVED_FROM_PRODUCT_PUBLICATION,runtime:sc.invoice.registration.p1_visible_e0361480e3a5;global_ir_model_fields;dynamic_get_view_injection;formal_runtime_field_resolved;literal_view_reference
sc.invoice.registration,p1_visible_ed582efc6e34,invoice_no,char,,,product runtime,addons/smart_construction_core/models/support/p1_daily_business_visible_alias_fields.py:832-853,,,FORMAL_PRODUCT_REFERENCE,true,true,true,true,false,true,readonly_nonstored,invoice_no,invoice_no,A_MAPPED_TO_FORMAL_PRODUCT_FIELD,MAP_TO_EXISTING_FORMAL_FIELD,true,HIGH_GLOBAL_DEFINITION,FORMAL_CONTRACT_ALIAS_COUNT_ZERO,REMOVED_FROM_PRODUCT_PUBLICATION,runtime:sc.invoice.registration.p1_visible_ed582efc6e34;global_ir_model_fields;dynamic_get_view_injection;formal_runtime_field_resolved;literal_view_reference
sc.invoice.registration,p1_visible_ed9ce3e5ab3c,expected_receipt_date,char,,,product runtime,addons/smart_construction_core/models/support/p1_daily_business_visible_alias_fields.py:832-853,,,FORMAL_PRODUCT_REFERENCE,true,true,true,true,false,true,readonly_nonstored,expected_receipt_date;due_date,expected_receipt_date,A_MAPPED_TO_FORMAL_PRODUCT_FIELD,MAP_TO_EXISTING_FORMAL_FIELD,true,HIGH_GLOBAL_DEFINITION,FORMAL_CONTRACT_ALIAS_COUNT_ZERO,REMOVED_FROM_PRODUCT_PUBLICATION,runtime:sc.invoice.registration.p1_visible_ed9ce3e5ab3c;global_ir_model_fields;dynamic_get_view_injection;formal_runtime_field_resolved;literal_view_reference
sc.invoice.registration,p1_visible_ee6a4d9e2956,creator_name;source_created_by;handler_name,char,,,product runtime,addons/smart_construction_core/models/support/p1_daily_business_visible_alias_fields.py:832-853,,,FORMAL_PRODUCT_REFERENCE,true,true,true,true,false,true,readonly_nonstored,creator_name;source_created_by;requester_id;owner_id;handler_name,creator_name;source_created_by;handler_name,A_MAPPED_TO_FORMAL_PRODUCT_FIELD,MAP_TO_EXISTING_FORMAL_FIELD,true,HIGH_GLOBAL_DEFINITION,FORMAL_CONTRACT_ALIAS_COUNT_ZERO,REMOVED_FROM_PRODUCT_PUBLICATION,runtime:sc.invoice.registration.p1_visible_ee6a4d9e2956;global_ir_model_fields;dynamic_get_view_injection;formal_runtime_field_resolved;literal_view_reference
sc.invoice.registration,p1_visible_f22832ce4781,push_result;state,char,,,product runtime,addons/smart_construction_core/models/support/p1_daily_business_visible_alias_fields.py:832-853,,,FORMAL_PRODUCT_REFERENCE,true,true,true,true,false,true,readonly_nonstored,push_result;state;sync_state,push_result;state,A_MAPPED_TO_FORMAL_PRODUCT_FIELD,MAP_TO_EXISTING_FORMAL_FIELD,true,HIGH_GLOBAL_DEFINITION,FORMAL_CONTRACT_ALIAS_COUNT_ZERO,REMOVED_FROM_PRODUCT_PUBLICATION,runtime:sc.invoice.registration.p1_visible_f22832ce4781;global_ir_model_fields;dynamic_get_view_injection;formal_runtime_field_resolved;literal_view_reference
sc.invoice.registration,p1_visible_f286b41bd7f0,actual_invoice_issue_company;invoice_issue_company;partner_id,char,,,product runtime,addons/smart_construction_core/models/support/p1_daily_business_visible_alias_fields.py:832-853,,,FORMAL_PRODUCT_REFERENCE,true,true,true,true,false,true,readonly_nonstored,actual_invoice_issue_company;invoice_issue_company;actual_invoice_company_name;partner_id,actual_invoice_issue_company;invoice_issue_company;partner_id,A_MAPPED_TO_FORMAL_PRODUCT_FIELD,MAP_TO_EXISTING_FORMAL_FIELD,true,HIGH_GLOBAL_DEFINITION,FORMAL_CONTRACT_ALIAS_COUNT_ZERO,REMOVED_FROM_PRODUCT_PUBLICATION,runtime:sc.invoice.registration.p1_visible_f286b41bd7f0;global_ir_model_fields;dynamic_get_view_injection;formal_runtime_field_resolved;literal_view_reference
sc.invoice.registration,p1_visible_f9cc22d53aff,recipient_unit_name;partner_id,char,,,product runtime,addons/smart_construction_core/models/support/p1_daily_business_visible_alias_fields.py:832-853,,,FORMAL_PRODUCT_REFERENCE,true,true,true,true,false,true,readonly_nonstored,recipient_unit_name;partner_id,recipient_unit_name;partner_id,A_MAPPED_TO_FORMAL_PRODUCT_FIELD,MAP_TO_EXISTING_FORMAL_FIELD,true,HIGH_GLOBAL_DEFINITION,FORMAL_CONTRACT_ALIAS_COUNT_ZERO,REMOVED_FROM_PRODUCT_PUBLICATION,runtime:sc.invoice.registration.p1_visible_f9cc22d53aff;global_ir_model_fields;dynamic_get_view_injection;formal_runtime_field_resolved;literal_view_reference
sc.labor.request,p1_visible_06fa8c6f628f,state,char,,,product runtime,addons/smart_construction_core/models/support/p1_daily_business_visible_alias_fields.py:832-853,,,FORMAL_PRODUCT_REFERENCE,true,true,true,true,false,true,readonly_nonstored,state;state_text,state,A_MAPPED_TO_FORMAL_PRODUCT_FIELD,MAP_TO_EXISTING_FORMAL_FIELD,true,HIGH_GLOBAL_DEFINITION,FORMAL_CONTRACT_ALIAS_COUNT_ZERO,REMOVED_FROM_PRODUCT_PUBLICATION,runtime:sc.labor.request.p1_visible_06fa8c6f628f;global_ir_model_fields;dynamic_get_view_injection;formal_runtime_field_resolved;literal_view_reference
sc.labor.request,p1_visible_1546ed5e57bd,note,char,,,product runtime,addons/smart_construction_core/models/support/p1_daily_business_visible_alias_fields.py:832-853,,,FORMAL_PRODUCT_REFERENCE,true,true,true,true,false,true,readonly_nonstored,payment_terms;note,note,A_MAPPED_TO_FORMAL_PRODUCT_FIELD,MAP_TO_EXISTING_FORMAL_FIELD,true,HIGH_GLOBAL_DEFINITION,FORMAL_CONTRACT_ALIAS_COUNT_ZERO,REMOVED_FROM_PRODUCT_PUBLICATION,runtime:sc.labor.request.p1_visible_1546ed5e57bd;global_ir_model_fields;dynamic_get_view_injection;formal_runtime_field_resolved;literal_view_reference
sc.labor.request,p1_visible_17b341733b7b,name,char,,,product runtime,addons/smart_construction_core/models/support/p1_daily_business_visible_alias_fields.py:832-853,,,FORMAL_PRODUCT_REFERENCE,true,true,true,true,false,true,readonly_nonstored,contract_no;contract_id;name;document_no,name,A_MAPPED_TO_FORMAL_PRODUCT_FIELD,MAP_TO_EXISTING_FORMAL_FIELD,true,HIGH_GLOBAL_DEFINITION,FORMAL_CONTRACT_ALIAS_COUNT_ZERO,REMOVED_FROM_PRODUCT_PUBLICATION,runtime:sc.labor.request.p1_visible_17b341733b7b;global_ir_model_fields;dynamic_get_view_injection;formal_runtime_field_resolved;literal_view_reference
sc.labor.request,p1_visible_3b652b9864d4,invoice_amount,char,,,product runtime,addons/smart_construction_core/models/support/p1_daily_business_visible_alias_fields.py:832-853,,,FORMAL_PRODUCT_REFERENCE,true,true,true,true,false,true,readonly_nonstored,invoice_amount;invoiced_amount,invoice_amount,A_MAPPED_TO_FORMAL_PRODUCT_FIELD,MAP_TO_EXISTING_FORMAL_FIELD,true,HIGH_GLOBAL_DEFINITION,FORMAL_CONTRACT_ALIAS_COUNT_ZERO,REMOVED_FROM_PRODUCT_PUBLICATION,runtime:sc.labor.request.p1_visible_3b652b9864d4;global_ir_model_fields;dynamic_get_view_injection;formal_runtime_field_resolved;literal_view_reference
sc.labor.request,p1_visible_3e7255522b33,project_id,char,,,product runtime,addons/smart_construction_core/models/support/p1_daily_business_visible_alias_fields.py:832-853,,,FORMAL_PRODUCT_REFERENCE,true,true,true,true,false,true,readonly_nonstored,project_id,project_id,A_MAPPED_TO_FORMAL_PRODUCT_FIELD,MAP_TO_EXISTING_FORMAL_FIELD,true,HIGH_GLOBAL_DEFINITION,FORMAL_CONTRACT_ALIAS_COUNT_ZERO,REMOVED_FROM_PRODUCT_PUBLICATION,runtime:sc.labor.request.p1_visible_3e7255522b33;global_ir_model_fields;dynamic_get_view_injection;formal_runtime_field_resolved;literal_view_reference
sc.labor.request,p1_visible_462c614de6c7,uninvoiced_amount,char,,,product runtime,addons/smart_construction_core/models/support/p1_daily_business_visible_alias_fields.py:832-853,,,FORMAL_PRODUCT_REFERENCE,true,true,true,true,false,true,readonly_nonstored,uninvoiced_amount,uninvoiced_amount,A_MAPPED_TO_FORMAL_PRODUCT_FIELD,MAP_TO_EXISTING_FORMAL_FIELD,true,HIGH_GLOBAL_DEFINITION,FORMAL_CONTRACT_ALIAS_COUNT_ZERO,REMOVED_FROM_PRODUCT_PUBLICATION,runtime:sc.labor.request.p1_visible_462c614de6c7;global_ir_model_fields;dynamic_get_view_injection;formal_runtime_field_resolved;literal_view_reference
sc.labor.request,p1_visible_4f451f1752ff,request_date,char,,,product runtime,addons/smart_construction_core/models/support/p1_daily_business_visible_alias_fields.py:832-853,,,FORMAL_PRODUCT_REFERENCE,true,true,true,true,false,true,readonly_nonstored,sign_date;contract_date;request_date,request_date,A_MAPPED_TO_FORMAL_PRODUCT_FIELD,MAP_TO_EXISTING_FORMAL_FIELD,true,HIGH_GLOBAL_DEFINITION,FORMAL_CONTRACT_ALIAS_COUNT_ZERO,REMOVED_FROM_PRODUCT_PUBLICATION,runtime:sc.labor.request.p1_visible_4f451f1752ff;global_ir_model_fields;dynamic_get_view_injection;formal_runtime_field_resolved;literal_view_reference
sc.labor.request,p1_visible_5c9cf136f91e,contractor_id,char,,,product runtime,addons/smart_construction_core/models/support/p1_daily_business_visible_alias_fields.py:832-853,,,FORMAL_PRODUCT_REFERENCE,true,true,true,true,false,true,readonly_nonstored,contractor_id;partner_id,contractor_id,A_MAPPED_TO_FORMAL_PRODUCT_FIELD,MAP_TO_EXISTING_FORMAL_FIELD,true,HIGH_GLOBAL_DEFINITION,FORMAL_CONTRACT_ALIAS_COUNT_ZERO,REMOVED_FROM_PRODUCT_PUBLICATION,runtime:sc.labor.request.p1_visible_5c9cf136f91e;global_ir_model_fields;dynamic_get_view_injection;formal_runtime_field_resolved;literal_view_reference
sc.labor.request,p1_visible_748d7dc7e321,name,char,,,product runtime,addons/smart_construction_core/models/support/p1_daily_business_visible_alias_fields.py:832-853,,,FORMAL_PRODUCT_REFERENCE,true,true,true,true,false,true,readonly_nonstored,title;name,name,A_MAPPED_TO_FORMAL_PRODUCT_FIELD,MAP_TO_EXISTING_FORMAL_FIELD,true,HIGH_GLOBAL_DEFINITION,FORMAL_CONTRACT_ALIAS_COUNT_ZERO,REMOVED_FROM_PRODUCT_PUBLICATION,runtime:sc.labor.request.p1_visible_748d7dc7e321;global_ir_model_fields;dynamic_get_view_injection;formal_runtime_field_resolved;literal_view_reference
sc.labor.request,p1_visible_8fa8662ad38f,name,char,,,product runtime,addons/smart_construction_core/models/support/p1_daily_business_visible_alias_fields.py:832-853,,,FORMAL_PRODUCT_REFERENCE,true,true,true,true,false,true,readonly_nonstored,document_no;name,name,A_MAPPED_TO_FORMAL_PRODUCT_FIELD,MAP_TO_EXISTING_FORMAL_FIELD,true,HIGH_GLOBAL_DEFINITION,FORMAL_CONTRACT_ALIAS_COUNT_ZERO,REMOVED_FROM_PRODUCT_PUBLICATION,runtime:sc.labor.request.p1_visible_8fa8662ad38f;global_ir_model_fields;dynamic_get_view_injection;formal_runtime_field_resolved;literal_view_reference
sc.labor.request,p1_visible_98de2397eba2,project_id,char,,,product runtime,addons/smart_construction_core/models/support/p1_daily_business_visible_alias_fields.py:832-853,,,FORMAL_PRODUCT_REFERENCE,true,true,true,true,false,true,readonly_nonstored,project_id,project_id,A_MAPPED_TO_FORMAL_PRODUCT_FIELD,MAP_TO_EXISTING_FORMAL_FIELD,true,HIGH_GLOBAL_DEFINITION,FORMAL_CONTRACT_ALIAS_COUNT_ZERO,REMOVED_FROM_PRODUCT_PUBLICATION,runtime:sc.labor.request.p1_visible_98de2397eba2;global_ir_model_fields;dynamic_get_view_injection;formal_runtime_field_resolved;literal_view_reference
sc.labor.request,p1_visible_99f6fe6c41ad,message_attachment_count,char,,,product runtime,addons/smart_construction_core/models/support/p1_daily_business_visible_alias_fields.py:832-853,,,FORMAL_PRODUCT_REFERENCE,true,true,true,true,false,true,readonly_nonstored,attachment_ids;biz_attachment_ids;tech_attachment_ids;message_attachment_count,message_attachment_count,A_MAPPED_TO_FORMAL_PRODUCT_FIELD,MAP_TO_EXISTING_FORMAL_FIELD,true,HIGH_GLOBAL_DEFINITION,FORMAL_CONTRACT_ALIAS_COUNT_ZERO,REMOVED_FROM_PRODUCT_PUBLICATION,runtime:sc.labor.request.p1_visible_99f6fe6c41ad;global_ir_model_fields;dynamic_get_view_injection;formal_runtime_field_resolved;literal_view_reference
sc.labor.request,p1_visible_a22ecb7fab2f,unpaid_amount,char,,,product runtime,addons/smart_construction_core/models/support/p1_daily_business_visible_alias_fields.py:832-853,,,FORMAL_PRODUCT_REFERENCE,true,true,true,true,false,true,readonly_nonstored,unpaid_amount;amount,unpaid_amount,A_MAPPED_TO_FORMAL_PRODUCT_FIELD,MAP_TO_EXISTING_FORMAL_FIELD,true,HIGH_GLOBAL_DEFINITION,FORMAL_CONTRACT_ALIAS_COUNT_ZERO,REMOVED_FROM_PRODUCT_PUBLICATION,runtime:sc.labor.request.p1_visible_a22ecb7fab2f;global_ir_model_fields;dynamic_get_view_injection;formal_runtime_field_resolved;literal_view_reference
sc.labor.request,p1_visible_a4772564ef48,owner_id,char,,,product runtime,addons/smart_construction_core/models/support/p1_daily_business_visible_alias_fields.py:832-853,,,FORMAL_PRODUCT_REFERENCE,true,true,true,true,false,true,readonly_nonstored,owner_id;handler_name,owner_id,A_MAPPED_TO_FORMAL_PRODUCT_FIELD,MAP_TO_EXISTING_FORMAL_FIELD,true,HIGH_GLOBAL_DEFINITION,FORMAL_CONTRACT_ALIAS_COUNT_ZERO,REMOVED_FROM_PRODUCT_PUBLICATION,runtime:sc.labor.request.p1_visible_a4772564ef48;global_ir_model_fields;dynamic_get_view_injection;formal_runtime_field_resolved;literal_view_reference
sc.labor.request,p1_visible_ae8c5d45f392,construction_part,char,,,product runtime,addons/smart_construction_core/models/support/p1_daily_business_visible_alias_fields.py:832-853,,,FORMAL_PRODUCT_REFERENCE,true,true,true,true,false,true,readonly_nonstored,construction_part;usage_location;description,construction_part,A_MAPPED_TO_FORMAL_PRODUCT_FIELD,MAP_TO_EXISTING_FORMAL_FIELD,true,HIGH_GLOBAL_DEFINITION,FORMAL_CONTRACT_ALIAS_COUNT_ZERO,REMOVED_FROM_PRODUCT_PUBLICATION,runtime:sc.labor.request.p1_visible_ae8c5d45f392;global_ir_model_fields;dynamic_get_view_injection;formal_runtime_field_resolved;literal_view_reference
sc.labor.request,p1_visible_c501b294a595,pricing_method,char,,,product runtime,addons/smart_construction_core/models/support/p1_daily_business_visible_alias_fields.py:832-853,,,FORMAL_PRODUCT_REFERENCE,true,true,true,true,false,true,readonly_nonstored,pricing_method;type,pricing_method,A_MAPPED_TO_FORMAL_PRODUCT_FIELD,MAP_TO_EXISTING_FORMAL_FIELD,true,HIGH_GLOBAL_DEFINITION,FORMAL_CONTRACT_ALIAS_COUNT_ZERO,REMOVED_FROM_PRODUCT_PUBLICATION,runtime:sc.labor.request.p1_visible_c501b294a595;global_ir_model_fields;dynamic_get_view_injection;formal_runtime_field_resolved;literal_view_reference
sc.labor.request,p1_visible_d3ebd50d724b,paid_amount,char,,,product runtime,addons/smart_construction_core/models/support/p1_daily_business_visible_alias_fields.py:832-853,,,FORMAL_PRODUCT_REFERENCE,true,true,true,true,false,true,readonly_nonstored,paid_amount;paid_amount_total;amount,paid_amount,A_MAPPED_TO_FORMAL_PRODUCT_FIELD,MAP_TO_EXISTING_FORMAL_FIELD,true,HIGH_GLOBAL_DEFINITION,FORMAL_CONTRACT_ALIAS_COUNT_ZERO,REMOVED_FROM_PRODUCT_PUBLICATION,runtime:sc.labor.request.p1_visible_d3ebd50d724b;global_ir_model_fields;dynamic_get_view_injection;formal_runtime_field_resolved;literal_view_reference
sc.labor.request,p1_visible_d4f294757227,settlement_ratio,char,,,product runtime,addons/smart_construction_core/models/support/p1_daily_business_visible_alias_fields.py:832-853,,,FORMAL_PRODUCT_REFERENCE,true,true,true,true,false,true,readonly_nonstored,settlement_ratio,settlement_ratio,A_MAPPED_TO_FORMAL_PRODUCT_FIELD,MAP_TO_EXISTING_FORMAL_FIELD,true,HIGH_GLOBAL_DEFINITION,FORMAL_CONTRACT_ALIAS_COUNT_ZERO,REMOVED_FROM_PRODUCT_PUBLICATION,runtime:sc.labor.request.p1_visible_d4f294757227;global_ir_model_fields;dynamic_get_view_injection;formal_runtime_field_resolved;literal_view_reference
sc.labor.request,p1_visible_ee6a4d9e2956,source_created_by;requester_id;owner_id,char,,,product runtime,addons/smart_construction_core/models/support/p1_daily_business_visible_alias_fields.py:832-853,,,FORMAL_PRODUCT_REFERENCE,true,true,true,true,false,true,readonly_nonstored,source_created_by;creator_name;requester_id;owner_id;handler_name,source_created_by;requester_id;owner_id,A_MAPPED_TO_FORMAL_PRODUCT_FIELD,MAP_TO_EXISTING_FORMAL_FIELD,true,HIGH_GLOBAL_DEFINITION,FORMAL_CONTRACT_ALIAS_COUNT_ZERO,REMOVED_FROM_PRODUCT_PUBLICATION,runtime:sc.labor.request.p1_visible_ee6a4d9e2956;global_ir_model_fields;dynamic_get_view_injection;formal_runtime_field_resolved;literal_view_reference
sc.labor.request,p1_visible_fbc9dd74a2e6,amount_total,char,,,product runtime,addons/smart_construction_core/models/support/p1_daily_business_visible_alias_fields.py:832-853,,,FORMAL_PRODUCT_REFERENCE,true,true,true,true,false,true,readonly_nonstored,amount_total,amount_total,A_MAPPED_TO_FORMAL_PRODUCT_FIELD,MAP_TO_EXISTING_FORMAL_FIELD,true,HIGH_GLOBAL_DEFINITION,FORMAL_CONTRACT_ALIAS_COUNT_ZERO,REMOVED_FROM_PRODUCT_PUBLICATION,runtime:sc.labor.request.p1_visible_fbc9dd74a2e6;global_ir_model_fields;dynamic_get_view_injection;formal_runtime_field_resolved;literal_view_reference
sc.labor.settlement,p1_visible_17b341733b7b,name,char,,,product runtime,addons/smart_construction_core/models/support/p1_daily_business_visible_alias_fields.py:832-853,,,FORMAL_PRODUCT_REFERENCE,true,true,true,true,false,true,readonly_nonstored,contract_no;contract_id;name;document_no,name,A_MAPPED_TO_FORMAL_PRODUCT_FIELD,MAP_TO_EXISTING_FORMAL_FIELD,true,HIGH_GLOBAL_DEFINITION,FORMAL_CONTRACT_ALIAS_COUNT_ZERO,REMOVED_FROM_PRODUCT_PUBLICATION,runtime:sc.labor.settlement.p1_visible_17b341733b7b;global_ir_model_fields;dynamic_get_view_injection;formal_runtime_field_resolved;literal_view_reference
sc.labor.settlement,p1_visible_1e62803e196c,settlement_date,char,,,product runtime,addons/smart_construction_core/models/support/p1_daily_business_visible_alias_fields.py:832-853,,,FORMAL_PRODUCT_REFERENCE,true,true,true,true,false,true,readonly_nonstored,document_date;date_request;request_date;settlement_date;snapshot_date;date_diary;inbound_date;outbound_date,settlement_date,A_MAPPED_TO_FORMAL_PRODUCT_FIELD,MAP_TO_EXISTING_FORMAL_FIELD,true,HIGH_GLOBAL_DEFINITION,FORMAL_CONTRACT_ALIAS_COUNT_ZERO,REMOVED_FROM_PRODUCT_PUBLICATION,runtime:sc.labor.settlement.p1_visible_1e62803e196c;global_ir_model_fields;dynamic_get_view_injection;formal_runtime_field_resolved;literal_view_reference
sc.labor.settlement,p1_visible_36cae65ab40a,contractor_id,char,,,product runtime,addons/smart_construction_core/models/support/p1_daily_business_visible_alias_fields.py:832-853,,,FORMAL_PRODUCT_REFERENCE,true,true,true,true,false,true,readonly_nonstored,settlement_unit_id;supplier_id;contractor_id;subcontractor_id;partner_id,contractor_id,A_MAPPED_TO_FORMAL_PRODUCT_FIELD,MAP_TO_EXISTING_FORMAL_FIELD,true,HIGH_GLOBAL_DEFINITION,FORMAL_CONTRACT_ALIAS_COUNT_ZERO,REMOVED_FROM_PRODUCT_PUBLICATION,runtime:sc.labor.settlement.p1_visible_36cae65ab40a;global_ir_model_fields;dynamic_get_view_injection;formal_runtime_field_resolved;literal_view_reference
sc.labor.settlement,p1_visible_3e7255522b33,project_id,char,,,product runtime,addons/smart_construction_core/models/support/p1_daily_business_visible_alias_fields.py:832-853,,,FORMAL_PRODUCT_REFERENCE,true,true,true,true,false,true,readonly_nonstored,project_id,project_id,A_MAPPED_TO_FORMAL_PRODUCT_FIELD,MAP_TO_EXISTING_FORMAL_FIELD,true,HIGH_GLOBAL_DEFINITION,FORMAL_CONTRACT_ALIAS_COUNT_ZERO,REMOVED_FROM_PRODUCT_PUBLICATION,runtime:sc.labor.settlement.p1_visible_3e7255522b33;global_ir_model_fields;dynamic_get_view_injection;formal_runtime_field_resolved;literal_view_reference
sc.labor.settlement,p1_visible_72cf58c14fc0,payment_requested_amount,char,,,product runtime,addons/smart_construction_core/models/support/p1_daily_business_visible_alias_fields.py:832-853,,,FORMAL_PRODUCT_REFERENCE,true,true,true,true,false,true,readonly_nonstored,payment_requested_amount,payment_requested_amount,A_MAPPED_TO_FORMAL_PRODUCT_FIELD,MAP_TO_EXISTING_FORMAL_FIELD,true,HIGH_GLOBAL_DEFINITION,FORMAL_CONTRACT_ALIAS_COUNT_ZERO,REMOVED_FROM_PRODUCT_PUBLICATION,runtime:sc.labor.settlement.p1_visible_72cf58c14fc0;global_ir_model_fields;dynamic_get_view_injection;formal_runtime_field_resolved;literal_view_reference
sc.labor.settlement,p1_visible_748d7dc7e321,name,char,,,product runtime,addons/smart_construction_core/models/support/p1_daily_business_visible_alias_fields.py:832-853,,,FORMAL_PRODUCT_REFERENCE,true,true,true,true,false,true,readonly_nonstored,title;name,name,A_MAPPED_TO_FORMAL_PRODUCT_FIELD,MAP_TO_EXISTING_FORMAL_FIELD,true,HIGH_GLOBAL_DEFINITION,FORMAL_CONTRACT_ALIAS_COUNT_ZERO,REMOVED_FROM_PRODUCT_PUBLICATION,runtime:sc.labor.settlement.p1_visible_748d7dc7e321;global_ir_model_fields;dynamic_get_view_injection;formal_runtime_field_resolved;literal_view_reference
sc.labor.settlement,p1_visible_816dc9f7b786,note,char,,,product runtime,addons/smart_construction_core/models/support/p1_daily_business_visible_alias_fields.py:832-853,,,FORMAL_PRODUCT_REFERENCE,true,true,true,true,false,true,readonly_nonstored,note,note,A_MAPPED_TO_FORMAL_PRODUCT_FIELD,MAP_TO_EXISTING_FORMAL_FIELD,true,HIGH_GLOBAL_DEFINITION,FORMAL_CONTRACT_ALIAS_COUNT_ZERO,REMOVED_FROM_PRODUCT_PUBLICATION,runtime:sc.labor.settlement.p1_visible_816dc9f7b786;global_ir_model_fields;dynamic_get_view_injection;formal_runtime_field_resolved;literal_view_reference
sc.labor.settlement,p1_visible_825a06905b09,payment_unrequested_amount,char,,,product runtime,addons/smart_construction_core/models/support/p1_daily_business_visible_alias_fields.py:832-853,,,FORMAL_PRODUCT_REFERENCE,true,true,true,true,false,true,readonly_nonstored,payment_unrequested_amount,payment_unrequested_amount,A_MAPPED_TO_FORMAL_PRODUCT_FIELD,MAP_TO_EXISTING_FORMAL_FIELD,true,HIGH_GLOBAL_DEFINITION,FORMAL_CONTRACT_ALIAS_COUNT_ZERO,REMOVED_FROM_PRODUCT_PUBLICATION,runtime:sc.labor.settlement.p1_visible_825a06905b09;global_ir_model_fields;dynamic_get_view_injection;formal_runtime_field_resolved;literal_view_reference
sc.labor.settlement,p1_visible_8fa8662ad38f,name,char,,,product runtime,addons/smart_construction_core/models/support/p1_daily_business_visible_alias_fields.py:832-853,,,FORMAL_PRODUCT_REFERENCE,true,true,true,true,false,true,readonly_nonstored,document_no;name,name,A_MAPPED_TO_FORMAL_PRODUCT_FIELD,MAP_TO_EXISTING_FORMAL_FIELD,true,HIGH_GLOBAL_DEFINITION,FORMAL_CONTRACT_ALIAS_COUNT_ZERO,REMOVED_FROM_PRODUCT_PUBLICATION,runtime:sc.labor.settlement.p1_visible_8fa8662ad38f;global_ir_model_fields;dynamic_get_view_injection;formal_runtime_field_resolved;literal_view_reference
sc.labor.settlement,p1_visible_99f6fe6c41ad,message_attachment_count,char,,,product runtime,addons/smart_construction_core/models/support/p1_daily_business_visible_alias_fields.py:832-853,,,FORMAL_PRODUCT_REFERENCE,true,true,true,true,false,true,readonly_nonstored,attachment_ids;biz_attachment_ids;tech_attachment_ids;message_attachment_count,message_attachment_count,A_MAPPED_TO_FORMAL_PRODUCT_FIELD,MAP_TO_EXISTING_FORMAL_FIELD,true,HIGH_GLOBAL_DEFINITION,FORMAL_CONTRACT_ALIAS_COUNT_ZERO,REMOVED_FROM_PRODUCT_PUBLICATION,runtime:sc.labor.settlement.p1_visible_99f6fe6c41ad;global_ir_model_fields;dynamic_get_view_injection;formal_runtime_field_resolved;literal_view_reference
sc.labor.settlement,p1_visible_a22ecb7fab2f,payment_unpaid_amount,char,,,product runtime,addons/smart_construction_core/models/support/p1_daily_business_visible_alias_fields.py:832-853,,,FORMAL_PRODUCT_REFERENCE,true,true,true,true,false,true,readonly_nonstored,payment_unpaid_amount;unpaid_amount;amount,payment_unpaid_amount,A_MAPPED_TO_FORMAL_PRODUCT_FIELD,MAP_TO_EXISTING_FORMAL_FIELD,true,HIGH_GLOBAL_DEFINITION,FORMAL_CONTRACT_ALIAS_COUNT_ZERO,REMOVED_FROM_PRODUCT_PUBLICATION,runtime:sc.labor.settlement.p1_visible_a22ecb7fab2f;global_ir_model_fields;dynamic_get_view_injection;formal_runtime_field_resolved;literal_view_reference
sc.labor.settlement,p1_visible_b6959bb111d9,state,char,,,product runtime,addons/smart_construction_core/models/support/p1_daily_business_visible_alias_fields.py:832-853,,,FORMAL_PRODUCT_REFERENCE,true,true,true,true,false,true,readonly_nonstored,payment_state;state,state,A_MAPPED_TO_FORMAL_PRODUCT_FIELD,MAP_TO_EXISTING_FORMAL_FIELD,true,HIGH_GLOBAL_DEFINITION,FORMAL_CONTRACT_ALIAS_COUNT_ZERO,REMOVED_FROM_PRODUCT_PUBLICATION,runtime:sc.labor.settlement.p1_visible_b6959bb111d9;global_ir_model_fields;dynamic_get_view_injection;formal_runtime_field_resolved;literal_view_reference
sc.labor.settlement,p1_visible_d3ebd50d724b,payment_paid_amount,char,,,product runtime,addons/smart_construction_core/models/support/p1_daily_business_visible_alias_fields.py:832-853,,,FORMAL_PRODUCT_REFERENCE,true,true,true,true,false,true,readonly_nonstored,payment_paid_amount;paid_amount;paid_amount_total;amount,payment_paid_amount,A_MAPPED_TO_FORMAL_PRODUCT_FIELD,MAP_TO_EXISTING_FORMAL_FIELD,true,HIGH_GLOBAL_DEFINITION,FORMAL_CONTRACT_ALIAS_COUNT_ZERO,REMOVED_FROM_PRODUCT_PUBLICATION,runtime:sc.labor.settlement.p1_visible_d3ebd50d724b;global_ir_model_fields;dynamic_get_view_injection;formal_runtime_field_resolved;literal_view_reference
sc.labor.settlement,p1_visible_dfc25d77dc39,settlement_date;source_created_at,char,,,product runtime,addons/smart_construction_core/models/support/p1_daily_business_visible_alias_fields.py:832-853,,,FORMAL_PRODUCT_REFERENCE,true,true,true,true,false,true,readonly_nonstored,settlement_date;source_created_at;created_time,settlement_date;source_created_at,A_MAPPED_TO_FORMAL_PRODUCT_FIELD,MAP_TO_EXISTING_FORMAL_FIELD,true,HIGH_GLOBAL_DEFINITION,FORMAL_CONTRACT_ALIAS_COUNT_ZERO,REMOVED_FROM_PRODUCT_PUBLICATION,runtime:sc.labor.settlement.p1_visible_dfc25d77dc39;global_ir_model_fields;dynamic_get_view_injection;formal_runtime_field_resolved;literal_view_reference
sc.labor.settlement,p1_visible_ec15903ded76,state,char,,,product runtime,addons/smart_construction_core/models/support/p1_daily_business_visible_alias_fields.py:832-853,,,FORMAL_PRODUCT_REFERENCE,true,true,true,true,false,true,readonly_nonstored,payment_request_state;state,state,A_MAPPED_TO_FORMAL_PRODUCT_FIELD,MAP_TO_EXISTING_FORMAL_FIELD,true,HIGH_GLOBAL_DEFINITION,FORMAL_CONTRACT_ALIAS_COUNT_ZERO,REMOVED_FROM_PRODUCT_PUBLICATION,runtime:sc.labor.settlement.p1_visible_ec15903ded76;global_ir_model_fields;dynamic_get_view_injection;formal_runtime_field_resolved;literal_view_reference
sc.labor.settlement,p1_visible_ee6a4d9e2956,source_created_by;owner_id,char,,,product runtime,addons/smart_construction_core/models/support/p1_daily_business_visible_alias_fields.py:832-853,,,FORMAL_PRODUCT_REFERENCE,true,true,true,true,false,true,readonly_nonstored,source_created_by;creator_name;requester_id;owner_id;handler_name,source_created_by;owner_id,A_MAPPED_TO_FORMAL_PRODUCT_FIELD,MAP_TO_EXISTING_FORMAL_FIELD,true,HIGH_GLOBAL_DEFINITION,FORMAL_CONTRACT_ALIAS_COUNT_ZERO,REMOVED_FROM_PRODUCT_PUBLICATION,runtime:sc.labor.settlement.p1_visible_ee6a4d9e2956;global_ir_model_fields;dynamic_get_view_injection;formal_runtime_field_resolved;literal_view_reference
sc.labor.usage,p1_visible_06fa8c6f628f,state,char,,,product runtime,addons/smart_construction_core/models/support/p1_daily_business_visible_alias_fields.py:832-853,,,FORMAL_PRODUCT_REFERENCE,true,true,true,true,false,true,readonly_nonstored,state;state_text,state,A_MAPPED_TO_FORMAL_PRODUCT_FIELD,MAP_TO_EXISTING_FORMAL_FIELD,true,HIGH_GLOBAL_DEFINITION,FORMAL_CONTRACT_ALIAS_COUNT_ZERO,REMOVED_FROM_PRODUCT_PUBLICATION,runtime:sc.labor.usage.p1_visible_06fa8c6f628f;global_ir_model_fields;dynamic_get_view_injection;formal_runtime_field_resolved;literal_view_reference
sc.labor.usage,p1_visible_1e62803e196c,document_date_text,char,,,product runtime,addons/smart_construction_core/models/support/p1_daily_business_visible_alias_fields.py:832-853,,,FORMAL_PRODUCT_REFERENCE,true,true,true,true,false,true,readonly_nonstored,document_date_text;document_date;date_request;request_date;settlement_date;snapshot_date;date_diary;inbound_date;outbound_date,document_date_text,A_MAPPED_TO_FORMAL_PRODUCT_FIELD,MAP_TO_EXISTING_FORMAL_FIELD,true,HIGH_GLOBAL_DEFINITION,FORMAL_CONTRACT_ALIAS_COUNT_ZERO,REMOVED_FROM_PRODUCT_PUBLICATION,runtime:sc.labor.usage.p1_visible_1e62803e196c;global_ir_model_fields;dynamic_get_view_injection;formal_runtime_field_resolved;literal_view_reference
sc.labor.usage,p1_visible_3e7255522b33,project_id,char,,,product runtime,addons/smart_construction_core/models/support/p1_daily_business_visible_alias_fields.py:832-853,,,FORMAL_PRODUCT_REFERENCE,true,true,true,true,false,true,readonly_nonstored,project_id,project_id,A_MAPPED_TO_FORMAL_PRODUCT_FIELD,MAP_TO_EXISTING_FORMAL_FIELD,true,HIGH_GLOBAL_DEFINITION,FORMAL_CONTRACT_ALIAS_COUNT_ZERO,REMOVED_FROM_PRODUCT_PUBLICATION,runtime:sc.labor.usage.p1_visible_3e7255522b33;global_ir_model_fields;dynamic_get_view_injection;formal_runtime_field_resolved;literal_view_reference
sc.labor.usage,p1_visible_523a114e3f97,state,char,,,product runtime,addons/smart_construction_core/models/support/p1_daily_business_visible_alias_fields.py:832-853,,,FORMAL_PRODUCT_REFERENCE,true,true,true,true,false,true,readonly_nonstored,settlement_state;state,state,A_MAPPED_TO_FORMAL_PRODUCT_FIELD,MAP_TO_EXISTING_FORMAL_FIELD,true,HIGH_GLOBAL_DEFINITION,FORMAL_CONTRACT_ALIAS_COUNT_ZERO,REMOVED_FROM_PRODUCT_PUBLICATION,runtime:sc.labor.usage.p1_visible_523a114e3f97;global_ir_model_fields;dynamic_get_view_injection;formal_runtime_field_resolved;literal_view_reference
sc.labor.usage,p1_visible_748d7dc7e321,name,char,,,product runtime,addons/smart_construction_core/models/support/p1_daily_business_visible_alias_fields.py:832-853,,,FORMAL_PRODUCT_REFERENCE,true,true,true,true,false,true,readonly_nonstored,title;name,name,A_MAPPED_TO_FORMAL_PRODUCT_FIELD,MAP_TO_EXISTING_FORMAL_FIELD,true,HIGH_GLOBAL_DEFINITION,FORMAL_CONTRACT_ALIAS_COUNT_ZERO,REMOVED_FROM_PRODUCT_PUBLICATION,runtime:sc.labor.usage.p1_visible_748d7dc7e321;global_ir_model_fields;dynamic_get_view_injection;formal_runtime_field_resolved;literal_view_reference
sc.labor.usage,p1_visible_824168a11b21,amount_total,char,,,product runtime,addons/smart_construction_core/models/support/p1_daily_business_visible_alias_fields.py:832-853,,,FORMAL_PRODUCT_REFERENCE,true,true,true,true,false,true,readonly_nonstored,amount_total;amount,amount_total,A_MAPPED_TO_FORMAL_PRODUCT_FIELD,MAP_TO_EXISTING_FORMAL_FIELD,true,HIGH_GLOBAL_DEFINITION,FORMAL_CONTRACT_ALIAS_COUNT_ZERO,REMOVED_FROM_PRODUCT_PUBLICATION,runtime:sc.labor.usage.p1_visible_824168a11b21;global_ir_model_fields;dynamic_get_view_injection;formal_runtime_field_resolved;literal_view_reference
sc.labor.usage,p1_visible_8fa8662ad38f,name,char,,,product runtime,addons/smart_construction_core/models/support/p1_daily_business_visible_alias_fields.py:832-853,,,FORMAL_PRODUCT_REFERENCE,true,true,true,true,false,true,readonly_nonstored,document_no;name,name,A_MAPPED_TO_FORMAL_PRODUCT_FIELD,MAP_TO_EXISTING_FORMAL_FIELD,true,HIGH_GLOBAL_DEFINITION,FORMAL_CONTRACT_ALIAS_COUNT_ZERO,REMOVED_FROM_PRODUCT_PUBLICATION,runtime:sc.labor.usage.p1_visible_8fa8662ad38f;global_ir_model_fields;dynamic_get_view_injection;formal_runtime_field_resolved;literal_view_reference
sc.labor.usage,p1_visible_99f6fe6c41ad,attachment_ids;message_attachment_count,char,,,product runtime,addons/smart_construction_core/models/support/p1_daily_business_visible_alias_fields.py:832-853,,,FORMAL_PRODUCT_REFERENCE,true,true,true,true,false,true,readonly_nonstored,attachment_ids;biz_attachment_ids;tech_attachment_ids;message_attachment_count,attachment_ids;message_attachment_count,A_MAPPED_TO_FORMAL_PRODUCT_FIELD,MAP_TO_EXISTING_FORMAL_FIELD,true,HIGH_GLOBAL_DEFINITION,FORMAL_CONTRACT_ALIAS_COUNT_ZERO,REMOVED_FROM_PRODUCT_PUBLICATION,runtime:sc.labor.usage.p1_visible_99f6fe6c41ad;global_ir_model_fields;dynamic_get_view_injection;formal_runtime_field_resolved;literal_view_reference
sc.labor.usage,p1_visible_ae8c5d45f392,construction_part,char,,,product runtime,addons/smart_construction_core/models/support/p1_daily_business_visible_alias_fields.py:832-853,,,FORMAL_PRODUCT_REFERENCE,true,true,true,true,false,true,readonly_nonstored,construction_part;usage_location;description,construction_part,A_MAPPED_TO_FORMAL_PRODUCT_FIELD,MAP_TO_EXISTING_FORMAL_FIELD,true,HIGH_GLOBAL_DEFINITION,FORMAL_CONTRACT_ALIAS_COUNT_ZERO,REMOVED_FROM_PRODUCT_PUBLICATION,runtime:sc.labor.usage.p1_visible_ae8c5d45f392;global_ir_model_fields;dynamic_get_view_injection;formal_runtime_field_resolved;literal_view_reference
sc.labor.usage,p1_visible_dfc25d77dc39,source_created_at,char,,,product runtime,addons/smart_construction_core/models/support/p1_daily_business_visible_alias_fields.py:832-853,,,FORMAL_PRODUCT_REFERENCE,true,true,true,true,false,true,readonly_nonstored,source_created_at;created_time,source_created_at,A_MAPPED_TO_FORMAL_PRODUCT_FIELD,MAP_TO_EXISTING_FORMAL_FIELD,true,HIGH_GLOBAL_DEFINITION,FORMAL_CONTRACT_ALIAS_COUNT_ZERO,REMOVED_FROM_PRODUCT_PUBLICATION,runtime:sc.labor.usage.p1_visible_dfc25d77dc39;global_ir_model_fields;dynamic_get_view_injection;formal_runtime_field_resolved;literal_view_reference
sc.labor.usage,p1_visible_e0361480e3a5,note,char,,,product runtime,addons/smart_construction_core/models/support/p1_daily_business_visible_alias_fields.py:832-853,,,FORMAL_PRODUCT_REFERENCE,true,true,true,true,false,true,readonly_nonstored,note;purpose;description;remark,note,A_MAPPED_TO_FORMAL_PRODUCT_FIELD,MAP_TO_EXISTING_FORMAL_FIELD,true,HIGH_GLOBAL_DEFINITION,FORMAL_CONTRACT_ALIAS_COUNT_ZERO,REMOVED_FROM_PRODUCT_PUBLICATION,runtime:sc.labor.usage.p1_visible_e0361480e3a5;global_ir_model_fields;dynamic_get_view_injection;formal_runtime_field_resolved;literal_view_reference
sc.labor.usage,p1_visible_ee6a4d9e2956,source_created_by,char,,,product runtime,addons/smart_construction_core/models/support/p1_daily_business_visible_alias_fields.py:832-853,,,FORMAL_PRODUCT_REFERENCE,true,true,true,true,false,true,readonly_nonstored,source_created_by;creator_name;requester_id;owner_id;handler_name,source_created_by,A_MAPPED_TO_FORMAL_PRODUCT_FIELD,MAP_TO_EXISTING_FORMAL_FIELD,true,HIGH_GLOBAL_DEFINITION,FORMAL_CONTRACT_ALIAS_COUNT_ZERO,REMOVED_FROM_PRODUCT_PUBLICATION,runtime:sc.labor.usage.p1_visible_ee6a4d9e2956;global_ir_model_fields;dynamic_get_view_injection;formal_runtime_field_resolved;literal_view_reference
sc.legacy.fund.confirmation.document,p1_visible_06fa8c6f628f,,,,,product runtime,addons/smart_construction_core/core_extension.py;addons/smart_construction_core/views/support/p1_daily_business_visible_alias_views.xml;addons/smart_core/tests/test_action_dispatcher_server_mapping.py;scripts/ops/partner_payment_visible_contract_sync.py;scripts/ops/engineering_progress_income_visible_contract_sync.py;scripts/ops/output_invoice_registration_visible_contract_sync.py;scripts/ops/direct_general_contract_input_tax_to_output_invoice_registration_sync.py,,,FORMAL_PRODUCT_REFERENCE,true,true,false,false,false,true,readonly_nonstored,,,E_STALE_ALIAS_CANDIDATE_DEPRECATION,UNPUBLISH_FROM_PRODUCT_UI,true,HIGH_STALE_GLOBAL_METADATA,FORMAL_CONTRACT_ALIAS_COUNT_ZERO,REMOVED_FROM_PRODUCT_PUBLICATION,runtime:sc.legacy.fund.confirmation.document.p1_visible_06fa8c6f628f;global_ir_model_fields;;;literal_view_reference
sc.legacy.fund.confirmation.document,p1_visible_0d8979d08c09,,,,,product runtime,addons/smart_construction_core/views/support/p1_daily_business_visible_alias_views.xml;scripts/ops/output_invoice_application_visible_contract_sync.py,,,FORMAL_PRODUCT_REFERENCE,true,true,false,false,false,true,readonly_nonstored,,,E_STALE_ALIAS_CANDIDATE_DEPRECATION,UNPUBLISH_FROM_PRODUCT_UI,true,HIGH_STALE_GLOBAL_METADATA,FORMAL_CONTRACT_ALIAS_COUNT_ZERO,REMOVED_FROM_PRODUCT_PUBLICATION,runtime:sc.legacy.fund.confirmation.document.p1_visible_0d8979d08c09;global_ir_model_fields;;;literal_view_reference
sc.legacy.fund.confirmation.document,p1_visible_17d0f48c07fb,,,,,product runtime,addons/smart_construction_core/views/support/p1_daily_business_visible_alias_views.xml,,,FORMAL_PRODUCT_REFERENCE,true,true,false,false,false,true,readonly_nonstored,,,E_STALE_ALIAS_CANDIDATE_DEPRECATION,UNPUBLISH_FROM_PRODUCT_UI,true,HIGH_STALE_GLOBAL_METADATA,FORMAL_CONTRACT_ALIAS_COUNT_ZERO,REMOVED_FROM_PRODUCT_PUBLICATION,runtime:sc.legacy.fund.confirmation.document.p1_visible_17d0f48c07fb;global_ir_model_fields;;;literal_view_reference
sc.legacy.fund.confirmation.document,p1_visible_389372a58a16,,,,,product runtime,,,,FORMAL_PRODUCT_REFERENCE,true,true,false,false,false,true,readonly_nonstored,,,E_STALE_ALIAS_CANDIDATE_DEPRECATION,UNPUBLISH_FROM_PRODUCT_UI,true,HIGH_STALE_GLOBAL_METADATA,FORMAL_CONTRACT_ALIAS_COUNT_ZERO,REMOVED_FROM_PRODUCT_PUBLICATION,runtime:sc.legacy.fund.confirmation.document.p1_visible_389372a58a16;global_ir_model_fields;;;literal_view_reference
sc.legacy.fund.confirmation.document,p1_visible_3e7255522b33,,,,,product runtime,addons/smart_construction_core/core_extension.py;addons/smart_construction_core/views/support/p1_daily_business_visible_alias_views.xml;addons/smart_core/tests/test_ui_contract_v2_boundaries.py;addons/smart_core/tests/test_action_dispatcher_server_mapping.py;scripts/ops/output_invoice_application_visible_contract_sync.py;scripts/ops/engineering_progress_income_visible_contract_sync.py;scripts/ops/output_invoice_registration_visible_contract_sync.py;scripts/ops/direct_general_contract_input_tax_to_output_invoice_registration_sync.py,,,FORMAL_PRODUCT_REFERENCE,true,true,false,false,false,true,readonly_nonstored,,,E_STALE_ALIAS_CANDIDATE_DEPRECATION,UNPUBLISH_FROM_PRODUCT_UI,true,HIGH_STALE_GLOBAL_METADATA,FORMAL_CONTRACT_ALIAS_COUNT_ZERO,REMOVED_FROM_PRODUCT_PUBLICATION,runtime:sc.legacy.fund.confirmation.document.p1_visible_3e7255522b33;global_ir_model_fields;;;literal_view_reference
sc.legacy.fund.confirmation.document,p1_visible_50f529884746,,,,,product runtime,addons/smart_construction_core/views/support/p1_daily_business_visible_alias_views.xml,,,FORMAL_PRODUCT_REFERENCE,true,true,false,false,false,true,readonly_nonstored,,,E_STALE_ALIAS_CANDIDATE_DEPRECATION,UNPUBLISH_FROM_PRODUCT_UI,true,HIGH_STALE_GLOBAL_METADATA,FORMAL_CONTRACT_ALIAS_COUNT_ZERO,REMOVED_FROM_PRODUCT_PUBLICATION,runtime:sc.legacy.fund.confirmation.document.p1_visible_50f529884746;global_ir_model_fields;;;literal_view_reference
sc.legacy.fund.confirmation.document,p1_visible_689407e406ab,,,,,product runtime,,,,FORMAL_PRODUCT_REFERENCE,true,true,false,false,false,true,readonly_nonstored,,,E_STALE_ALIAS_CANDIDATE_DEPRECATION,UNPUBLISH_FROM_PRODUCT_UI,true,HIGH_STALE_GLOBAL_METADATA,FORMAL_CONTRACT_ALIAS_COUNT_ZERO,REMOVED_FROM_PRODUCT_PUBLICATION,runtime:sc.legacy.fund.confirmation.document.p1_visible_689407e406ab;global_ir_model_fields;;;literal_view_reference
sc.legacy.fund.confirmation.document,p1_visible_75e856a13c7c,,,,,product runtime,addons/smart_construction_core/views/support/p1_daily_business_visible_alias_views.xml,,,FORMAL_PRODUCT_REFERENCE,true,true,false,false,false,true,readonly_nonstored,,,E_STALE_ALIAS_CANDIDATE_DEPRECATION,UNPUBLISH_FROM_PRODUCT_UI,true,HIGH_STALE_GLOBAL_METADATA,FORMAL_CONTRACT_ALIAS_COUNT_ZERO,REMOVED_FROM_PRODUCT_PUBLICATION,runtime:sc.legacy.fund.confirmation.document.p1_visible_75e856a13c7c;global_ir_model_fields;;;literal_view_reference
sc.legacy.fund.confirmation.document,p1_visible_89b4aa6364ce,,,,,product runtime,addons/smart_construction_core/views/support/p1_daily_business_visible_alias_views.xml,,,FORMAL_PRODUCT_REFERENCE,true,true,false,false,false,true,readonly_nonstored,,,E_STALE_ALIAS_CANDIDATE_DEPRECATION,UNPUBLISH_FROM_PRODUCT_UI,true,HIGH_STALE_GLOBAL_METADATA,FORMAL_CONTRACT_ALIAS_COUNT_ZERO,REMOVED_FROM_PRODUCT_PUBLICATION,runtime:sc.legacy.fund.confirmation.document.p1_visible_89b4aa6364ce;global_ir_model_fields;;;literal_view_reference
sc.legacy.fund.confirmation.document,p1_visible_8fa8662ad38f,,,,,product runtime,addons/smart_construction_core/core_extension.py;addons/smart_construction_core/views/support/p1_daily_business_visible_alias_views.xml;addons/smart_core/tests/test_ui_contract_v2_boundaries.py;addons/smart_core/tests/test_action_dispatcher_server_mapping.py;scripts/ops/partner_payment_visible_contract_sync.py;scripts/ops/output_invoice_application_visible_contract_sync.py;scripts/ops/engineering_progress_income_visible_contract_sync.py;scripts/ops/output_invoice_registration_visible_contract_sync.py;scripts/ops/direct_general_contract_input_tax_to_output_invoice_registration_sync.py,,,FORMAL_PRODUCT_REFERENCE,true,true,false,false,false,true,readonly_nonstored,,,E_STALE_ALIAS_CANDIDATE_DEPRECATION,UNPUBLISH_FROM_PRODUCT_UI,true,HIGH_STALE_GLOBAL_METADATA,FORMAL_CONTRACT_ALIAS_COUNT_ZERO,REMOVED_FROM_PRODUCT_PUBLICATION,runtime:sc.legacy.fund.confirmation.document.p1_visible_8fa8662ad38f;global_ir_model_fields;;;literal_view_reference
sc.legacy.fund.confirmation.document,p1_visible_99219180c1b9,,,,,product runtime,addons/smart_construction_core/views/support/p1_daily_business_visible_alias_views.xml,,,FORMAL_PRODUCT_REFERENCE,true,true,false,false,false,true,readonly_nonstored,,,E_STALE_ALIAS_CANDIDATE_DEPRECATION,UNPUBLISH_FROM_PRODUCT_UI,true,HIGH_STALE_GLOBAL_METADATA,FORMAL_CONTRACT_ALIAS_COUNT_ZERO,REMOVED_FROM_PRODUCT_PUBLICATION,runtime:sc.legacy.fund.confirmation.document.p1_visible_99219180c1b9;global_ir_model_fields;;;literal_view_reference
sc.legacy.fund.confirmation.document,p1_visible_99f6fe6c41ad,,,,,product runtime,addons/smart_construction_core/views/support/p1_daily_business_visible_alias_views.xml;scripts/ops/partner_payment_visible_contract_sync.py;scripts/ops/output_invoice_application_visible_contract_sync.py;scripts/ops/engineering_progress_income_visible_contract_sync.py;scripts/ops/output_invoice_registration_visible_contract_sync.py;scripts/ops/direct_general_contract_input_tax_to_output_invoice_registration_sync.py,,,FORMAL_PRODUCT_REFERENCE,true,true,false,false,false,true,readonly_nonstored,,,E_STALE_ALIAS_CANDIDATE_DEPRECATION,UNPUBLISH_FROM_PRODUCT_UI,true,HIGH_STALE_GLOBAL_METADATA,FORMAL_CONTRACT_ALIAS_COUNT_ZERO,REMOVED_FROM_PRODUCT_PUBLICATION,runtime:sc.legacy.fund.confirmation.document.p1_visible_99f6fe6c41ad;global_ir_model_fields;;;literal_view_reference
sc.legacy.fund.confirmation.document,p1_visible_aa6152009ab0,,,,,product runtime,,,,FORMAL_PRODUCT_REFERENCE,true,true,false,false,false,true,readonly_nonstored,,,E_STALE_ALIAS_CANDIDATE_DEPRECATION,UNPUBLISH_FROM_PRODUCT_UI,true,HIGH_STALE_GLOBAL_METADATA,FORMAL_CONTRACT_ALIAS_COUNT_ZERO,REMOVED_FROM_PRODUCT_PUBLICATION,runtime:sc.legacy.fund.confirmation.document.p1_visible_aa6152009ab0;global_ir_model_fields;;;literal_view_reference
sc.legacy.fund.confirmation.document,p1_visible_dfc25d77dc39,,,,,product runtime,addons/smart_construction_core/core_extension.py;addons/smart_construction_core/views/support/p1_daily_business_visible_alias_views.xml;addons/smart_core/tests/test_action_dispatcher_server_mapping.py;scripts/ops/output_invoice_application_visible_contract_sync.py;scripts/ops/engineering_progress_income_visible_contract_sync.py;scripts/ops/output_invoice_registration_visible_contract_sync.py;scripts/ops/direct_general_contract_input_tax_to_output_invoice_registration_sync.py,,,FORMAL_PRODUCT_REFERENCE,true,true,false,false,false,true,readonly_nonstored,,,E_STALE_ALIAS_CANDIDATE_DEPRECATION,UNPUBLISH_FROM_PRODUCT_UI,true,HIGH_STALE_GLOBAL_METADATA,FORMAL_CONTRACT_ALIAS_COUNT_ZERO,REMOVED_FROM_PRODUCT_PUBLICATION,runtime:sc.legacy.fund.confirmation.document.p1_visible_dfc25d77dc39;global_ir_model_fields;;;literal_view_reference
sc.legacy.fund.confirmation.document,p1_visible_ee6a4d9e2956,,,,,product runtime,addons/smart_construction_core/core_extension.py;addons/smart_construction_core/views/support/p1_daily_business_visible_alias_views.xml;scripts/ops/output_invoice_application_visible_contract_sync.py;scripts/ops/engineering_progress_income_visible_contract_sync.py;scripts/ops/output_invoice_registration_visible_contract_sync.py;scripts/ops/direct_general_contract_input_tax_to_output_invoice_registration_sync.py,,,FORMAL_PRODUCT_REFERENCE,true,true,false,false,false,true,readonly_nonstored,,,E_STALE_ALIAS_CANDIDATE_DEPRECATION,UNPUBLISH_FROM_PRODUCT_UI,true,HIGH_STALE_GLOBAL_METADATA,FORMAL_CONTRACT_ALIAS_COUNT_ZERO,REMOVED_FROM_PRODUCT_PUBLICATION,runtime:sc.legacy.fund.confirmation.document.p1_visible_ee6a4d9e2956;global_ir_model_fields;;;literal_view_reference
sc.legacy.fund.confirmation.document,p1_visible_fc06f3f3d307,,,,,product runtime,addons/smart_construction_core/views/support/p1_daily_business_visible_alias_views.xml,,,FORMAL_PRODUCT_REFERENCE,true,true,false,false,false,true,readonly_nonstored,,,E_STALE_ALIAS_CANDIDATE_DEPRECATION,UNPUBLISH_FROM_PRODUCT_UI,true,HIGH_STALE_GLOBAL_METADATA,FORMAL_CONTRACT_ALIAS_COUNT_ZERO,REMOVED_FROM_PRODUCT_PUBLICATION,runtime:sc.legacy.fund.confirmation.document.p1_visible_fc06f3f3d307;global_ir_model_fields;;;literal_view_reference
sc.legacy.fund.daily.line,p1_visible_0027be5d5d7e,,,,,product runtime,,,,FORMAL_PRODUCT_REFERENCE,true,true,false,false,false,true,readonly_nonstored,,,E_STALE_ALIAS_CANDIDATE_DEPRECATION,UNPUBLISH_FROM_PRODUCT_UI,true,HIGH_STALE_GLOBAL_METADATA,FORMAL_CONTRACT_ALIAS_COUNT_ZERO,REMOVED_FROM_PRODUCT_PUBLICATION,runtime:sc.legacy.fund.daily.line.p1_visible_0027be5d5d7e;global_ir_model_fields;;;literal_view_reference
sc.legacy.fund.daily.line,p1_visible_06fa8c6f628f,,,,,product runtime,addons/smart_construction_core/core_extension.py;addons/smart_construction_core/views/support/p1_daily_business_visible_alias_views.xml;addons/smart_core/tests/test_action_dispatcher_server_mapping.py;scripts/ops/partner_payment_visible_contract_sync.py;scripts/ops/engineering_progress_income_visible_contract_sync.py;scripts/ops/output_invoice_registration_visible_contract_sync.py;scripts/ops/direct_general_contract_input_tax_to_output_invoice_registration_sync.py,,,FORMAL_PRODUCT_REFERENCE,true,true,false,false,false,true,readonly_nonstored,,,E_STALE_ALIAS_CANDIDATE_DEPRECATION,UNPUBLISH_FROM_PRODUCT_UI,true,HIGH_STALE_GLOBAL_METADATA,FORMAL_CONTRACT_ALIAS_COUNT_ZERO,REMOVED_FROM_PRODUCT_PUBLICATION,runtime:sc.legacy.fund.daily.line.p1_visible_06fa8c6f628f;global_ir_model_fields;;;literal_view_reference
sc.legacy.fund.daily.line,p1_visible_1e62803e196c,,,,,product runtime,addons/smart_construction_core/core_extension.py;addons/smart_construction_core/views/support/p1_daily_business_visible_alias_views.xml,,,FORMAL_PRODUCT_REFERENCE,true,true,false,false,false,true,readonly_nonstored,,,E_STALE_ALIAS_CANDIDATE_DEPRECATION,UNPUBLISH_FROM_PRODUCT_UI,true,HIGH_STALE_GLOBAL_METADATA,FORMAL_CONTRACT_ALIAS_COUNT_ZERO,REMOVED_FROM_PRODUCT_PUBLICATION,runtime:sc.legacy.fund.daily.line.p1_visible_1e62803e196c;global_ir_model_fields;;;literal_view_reference
sc.legacy.fund.daily.line,p1_visible_3f2da24264f0,,,,,product runtime,addons/smart_construction_core/views/support/p1_daily_business_visible_alias_views.xml,,,FORMAL_PRODUCT_REFERENCE,true,true,false,false,false,true,readonly_nonstored,,,E_STALE_ALIAS_CANDIDATE_DEPRECATION,UNPUBLISH_FROM_PRODUCT_UI,true,HIGH_STALE_GLOBAL_METADATA,FORMAL_CONTRACT_ALIAS_COUNT_ZERO,REMOVED_FROM_PRODUCT_PUBLICATION,runtime:sc.legacy.fund.daily.line.p1_visible_3f2da24264f0;global_ir_model_fields;;;literal_view_reference
sc.legacy.fund.daily.line,p1_visible_5b112952b526,,,,,product runtime,,,,FORMAL_PRODUCT_REFERENCE,true,true,false,false,false,true,readonly_nonstored,,,E_STALE_ALIAS_CANDIDATE_DEPRECATION,UNPUBLISH_FROM_PRODUCT_UI,true,HIGH_STALE_GLOBAL_METADATA,FORMAL_CONTRACT_ALIAS_COUNT_ZERO,REMOVED_FROM_PRODUCT_PUBLICATION,runtime:sc.legacy.fund.daily.line.p1_visible_5b112952b526;global_ir_model_fields;;;literal_view_reference
sc.legacy.fund.daily.line,p1_visible_834c5de2f288,,,,,product runtime,,,,FORMAL_PRODUCT_REFERENCE,true,true,false,false,false,true,readonly_nonstored,,,E_STALE_ALIAS_CANDIDATE_DEPRECATION,UNPUBLISH_FROM_PRODUCT_UI,true,HIGH_STALE_GLOBAL_METADATA,FORMAL_CONTRACT_ALIAS_COUNT_ZERO,REMOVED_FROM_PRODUCT_PUBLICATION,runtime:sc.legacy.fund.daily.line.p1_visible_834c5de2f288;global_ir_model_fields;;;literal_view_reference
sc.legacy.fund.daily.line,p1_visible_8fa8662ad38f,,,,,product runtime,addons/smart_construction_core/core_extension.py;addons/smart_construction_core/views/support/p1_daily_business_visible_alias_views.xml;addons/smart_core/tests/test_ui_contract_v2_boundaries.py;addons/smart_core/tests/test_action_dispatcher_server_mapping.py;scripts/ops/partner_payment_visible_contract_sync.py;scripts/ops/output_invoice_application_visible_contract_sync.py;scripts/ops/engineering_progress_income_visible_contract_sync.py;scripts/ops/output_invoice_registration_visible_contract_sync.py;scripts/ops/direct_general_contract_input_tax_to_output_invoice_registration_sync.py,,,FORMAL_PRODUCT_REFERENCE,true,true,false,false,false,true,readonly_nonstored,,,E_STALE_ALIAS_CANDIDATE_DEPRECATION,UNPUBLISH_FROM_PRODUCT_UI,true,HIGH_STALE_GLOBAL_METADATA,FORMAL_CONTRACT_ALIAS_COUNT_ZERO,REMOVED_FROM_PRODUCT_PUBLICATION,runtime:sc.legacy.fund.daily.line.p1_visible_8fa8662ad38f;global_ir_model_fields;;;literal_view_reference
sc.legacy.fund.daily.line,p1_visible_af4cdd8ce788,,,,,product runtime,,,,FORMAL_PRODUCT_REFERENCE,true,true,false,false,false,true,readonly_nonstored,,,E_STALE_ALIAS_CANDIDATE_DEPRECATION,UNPUBLISH_FROM_PRODUCT_UI,true,HIGH_STALE_GLOBAL_METADATA,FORMAL_CONTRACT_ALIAS_COUNT_ZERO,REMOVED_FROM_PRODUCT_PUBLICATION,runtime:sc.legacy.fund.daily.line.p1_visible_af4cdd8ce788;global_ir_model_fields;;;literal_view_reference
sc.legacy.fund.daily.line,p1_visible_bed51835debf,,,,,product runtime,,,,FORMAL_PRODUCT_REFERENCE,true,true,false,false,false,true,readonly_nonstored,,,E_STALE_ALIAS_CANDIDATE_DEPRECATION,UNPUBLISH_FROM_PRODUCT_UI,true,HIGH_STALE_GLOBAL_METADATA,FORMAL_CONTRACT_ALIAS_COUNT_ZERO,REMOVED_FROM_PRODUCT_PUBLICATION,runtime:sc.legacy.fund.daily.line.p1_visible_bed51835debf;global_ir_model_fields;;;literal_view_reference
sc.legacy.fund.daily.line,p1_visible_dfc25d77dc39,,,,,product runtime,addons/smart_construction_core/core_extension.py;addons/smart_construction_core/views/support/p1_daily_business_visible_alias_views.xml;addons/smart_core/tests/test_action_dispatcher_server_mapping.py;scripts/ops/output_invoice_application_visible_contract_sync.py;scripts/ops/engineering_progress_income_visible_contract_sync.py;scripts/ops/output_invoice_registration_visible_contract_sync.py;scripts/ops/direct_general_contract_input_tax_to_output_invoice_registration_sync.py,,,FORMAL_PRODUCT_REFERENCE,true,true,false,false,false,true,readonly_nonstored,,,E_STALE_ALIAS_CANDIDATE_DEPRECATION,UNPUBLISH_FROM_PRODUCT_UI,true,HIGH_STALE_GLOBAL_METADATA,FORMAL_CONTRACT_ALIAS_COUNT_ZERO,REMOVED_FROM_PRODUCT_PUBLICATION,runtime:sc.legacy.fund.daily.line.p1_visible_dfc25d77dc39;global_ir_model_fields;;;literal_view_reference
sc.legacy.fund.daily.line,p1_visible_e0361480e3a5,,,,,product runtime,addons/smart_construction_core/core_extension.py;addons/smart_construction_core/views/support/p1_daily_business_visible_alias_views.xml;addons/smart_core/tests/test_action_dispatcher_server_mapping.py;scripts/ops/partner_payment_visible_contract_sync.py;scripts/ops/output_invoice_application_visible_contract_sync.py;scripts/ops/engineering_progress_income_visible_contract_sync.py,,,FORMAL_PRODUCT_REFERENCE,true,true,false,false,false,true,readonly_nonstored,,,E_STALE_ALIAS_CANDIDATE_DEPRECATION,UNPUBLISH_FROM_PRODUCT_UI,true,HIGH_STALE_GLOBAL_METADATA,FORMAL_CONTRACT_ALIAS_COUNT_ZERO,REMOVED_FROM_PRODUCT_PUBLICATION,runtime:sc.legacy.fund.daily.line.p1_visible_e0361480e3a5;global_ir_model_fields;;;literal_view_reference
sc.legacy.fund.daily.line,p1_visible_e5bf37733141,,,,,product runtime,,,,FORMAL_PRODUCT_REFERENCE,true,true,false,false,false,true,readonly_nonstored,,,E_STALE_ALIAS_CANDIDATE_DEPRECATION,UNPUBLISH_FROM_PRODUCT_UI,true,HIGH_STALE_GLOBAL_METADATA,FORMAL_CONTRACT_ALIAS_COUNT_ZERO,REMOVED_FROM_PRODUCT_PUBLICATION,runtime:sc.legacy.fund.daily.line.p1_visible_e5bf37733141;global_ir_model_fields;;;literal_view_reference
sc.legacy.fund.daily.line,p1_visible_ecaf440fd399,,,,,product runtime,addons/smart_construction_core/views/support/p1_daily_business_visible_alias_views.xml,,,FORMAL_PRODUCT_REFERENCE,true,true,false,false,false,true,readonly_nonstored,,,E_STALE_ALIAS_CANDIDATE_DEPRECATION,UNPUBLISH_FROM_PRODUCT_UI,true,HIGH_STALE_GLOBAL_METADATA,FORMAL_CONTRACT_ALIAS_COUNT_ZERO,REMOVED_FROM_PRODUCT_PUBLICATION,runtime:sc.legacy.fund.daily.line.p1_visible_ecaf440fd399;global_ir_model_fields;;;literal_view_reference
sc.legacy.fund.daily.line,p1_visible_ee6a4d9e2956,,,,,product runtime,addons/smart_construction_core/core_extension.py;addons/smart_construction_core/views/support/p1_daily_business_visible_alias_views.xml;scripts/ops/output_invoice_application_visible_contract_sync.py;scripts/ops/engineering_progress_income_visible_contract_sync.py;scripts/ops/output_invoice_registration_visible_contract_sync.py;scripts/ops/direct_general_contract_input_tax_to_output_invoice_registration_sync.py,,,FORMAL_PRODUCT_REFERENCE,true,true,false,false,false,true,readonly_nonstored,,,E_STALE_ALIAS_CANDIDATE_DEPRECATION,UNPUBLISH_FROM_PRODUCT_UI,true,HIGH_STALE_GLOBAL_METADATA,FORMAL_CONTRACT_ALIAS_COUNT_ZERO,REMOVED_FROM_PRODUCT_PUBLICATION,runtime:sc.legacy.fund.daily.line.p1_visible_ee6a4d9e2956;global_ir_model_fields;;;literal_view_reference
sc.legacy.fund.daily.snapshot.fact,p1_visible_0027be5d5d7e,,,,,product runtime,,,,FORMAL_PRODUCT_REFERENCE,true,true,false,false,false,true,readonly_nonstored,,,E_STALE_ALIAS_CANDIDATE_DEPRECATION,UNPUBLISH_FROM_PRODUCT_UI,true,HIGH_STALE_GLOBAL_METADATA,FORMAL_CONTRACT_ALIAS_COUNT_ZERO,REMOVED_FROM_PRODUCT_PUBLICATION,runtime:sc.legacy.fund.daily.snapshot.fact.p1_visible_0027be5d5d7e;global_ir_model_fields;;;literal_view_reference
sc.legacy.fund.daily.snapshot.fact,p1_visible_06fa8c6f628f,,,,,product runtime,addons/smart_construction_core/core_extension.py;addons/smart_construction_core/views/support/p1_daily_business_visible_alias_views.xml;addons/smart_core/tests/test_action_dispatcher_server_mapping.py;scripts/ops/partner_payment_visible_contract_sync.py;scripts/ops/engineering_progress_income_visible_contract_sync.py;scripts/ops/output_invoice_registration_visible_contract_sync.py;scripts/ops/direct_general_contract_input_tax_to_output_invoice_registration_sync.py,,,FORMAL_PRODUCT_REFERENCE,true,true,false,false,false,true,readonly_nonstored,,,E_STALE_ALIAS_CANDIDATE_DEPRECATION,UNPUBLISH_FROM_PRODUCT_UI,true,HIGH_STALE_GLOBAL_METADATA,FORMAL_CONTRACT_ALIAS_COUNT_ZERO,REMOVED_FROM_PRODUCT_PUBLICATION,runtime:sc.legacy.fund.daily.snapshot.fact.p1_visible_06fa8c6f628f;global_ir_model_fields;;;literal_view_reference
sc.legacy.fund.daily.snapshot.fact,p1_visible_1e62803e196c,,,,,product runtime,addons/smart_construction_core/core_extension.py;addons/smart_construction_core/views/support/p1_daily_business_visible_alias_views.xml,,,FORMAL_PRODUCT_REFERENCE,true,true,false,false,false,true,readonly_nonstored,,,E_STALE_ALIAS_CANDIDATE_DEPRECATION,UNPUBLISH_FROM_PRODUCT_UI,true,HIGH_STALE_GLOBAL_METADATA,FORMAL_CONTRACT_ALIAS_COUNT_ZERO,REMOVED_FROM_PRODUCT_PUBLICATION,runtime:sc.legacy.fund.daily.snapshot.fact.p1_visible_1e62803e196c;global_ir_model_fields;;;literal_view_reference
sc.legacy.fund.daily.snapshot.fact,p1_visible_3f2da24264f0,,,,,product runtime,addons/smart_construction_core/views/support/p1_daily_business_visible_alias_views.xml,,,METADATA_ONLY,false,false,false,false,false,false,readonly_nonstored,,,E_STALE_ALIAS_CANDIDATE_DEPRECATION,UNPUBLISH_FROM_PRODUCT_UI,false,HIGH_STALE_GLOBAL_METADATA,FORMAL_CONTRACT_ALIAS_COUNT_ZERO,REMOVED_FROM_PRODUCT_PUBLICATION,runtime:sc.legacy.fund.daily.snapshot.fact.p1_visible_3f2da24264f0;global_ir_model_fields
sc.legacy.fund.daily.snapshot.fact,p1_visible_5b112952b526,,,,,product runtime,,,,FORMAL_PRODUCT_REFERENCE,true,true,false,false,false,true,readonly_nonstored,,,E_STALE_ALIAS_CANDIDATE_DEPRECATION,UNPUBLISH_FROM_PRODUCT_UI,true,HIGH_STALE_GLOBAL_METADATA,FORMAL_CONTRACT_ALIAS_COUNT_ZERO,REMOVED_FROM_PRODUCT_PUBLICATION,runtime:sc.legacy.fund.daily.snapshot.fact.p1_visible_5b112952b526;global_ir_model_fields;;;literal_view_reference
sc.legacy.fund.daily.snapshot.fact,p1_visible_834c5de2f288,,,,,product runtime,,,,FORMAL_PRODUCT_REFERENCE,true,true,false,false,false,true,readonly_nonstored,,,E_STALE_ALIAS_CANDIDATE_DEPRECATION,UNPUBLISH_FROM_PRODUCT_UI,true,HIGH_STALE_GLOBAL_METADATA,FORMAL_CONTRACT_ALIAS_COUNT_ZERO,REMOVED_FROM_PRODUCT_PUBLICATION,runtime:sc.legacy.fund.daily.snapshot.fact.p1_visible_834c5de2f288;global_ir_model_fields;;;literal_view_reference
sc.legacy.fund.daily.snapshot.fact,p1_visible_8fa8662ad38f,,,,,product runtime,addons/smart_construction_core/core_extension.py;addons/smart_construction_core/views/support/p1_daily_business_visible_alias_views.xml;addons/smart_core/tests/test_ui_contract_v2_boundaries.py;addons/smart_core/tests/test_action_dispatcher_server_mapping.py;scripts/ops/partner_payment_visible_contract_sync.py;scripts/ops/output_invoice_application_visible_contract_sync.py;scripts/ops/engineering_progress_income_visible_contract_sync.py;scripts/ops/output_invoice_registration_visible_contract_sync.py;scripts/ops/direct_general_contract_input_tax_to_output_invoice_registration_sync.py,,,FORMAL_PRODUCT_REFERENCE,true,true,false,false,false,true,readonly_nonstored,,,E_STALE_ALIAS_CANDIDATE_DEPRECATION,UNPUBLISH_FROM_PRODUCT_UI,true,HIGH_STALE_GLOBAL_METADATA,FORMAL_CONTRACT_ALIAS_COUNT_ZERO,REMOVED_FROM_PRODUCT_PUBLICATION,runtime:sc.legacy.fund.daily.snapshot.fact.p1_visible_8fa8662ad38f;global_ir_model_fields;;;literal_view_reference
sc.legacy.fund.daily.snapshot.fact,p1_visible_af4cdd8ce788,,,,,product runtime,,,,METADATA_ONLY,false,false,false,false,false,false,readonly_nonstored,,,E_STALE_ALIAS_CANDIDATE_DEPRECATION,UNPUBLISH_FROM_PRODUCT_UI,false,HIGH_STALE_GLOBAL_METADATA,FORMAL_CONTRACT_ALIAS_COUNT_ZERO,REMOVED_FROM_PRODUCT_PUBLICATION,runtime:sc.legacy.fund.daily.snapshot.fact.p1_visible_af4cdd8ce788;global_ir_model_fields
sc.legacy.fund.daily.snapshot.fact,p1_visible_bed51835debf,,,,,product runtime,,,,FORMAL_PRODUCT_REFERENCE,true,true,false,false,false,true,readonly_nonstored,,,E_STALE_ALIAS_CANDIDATE_DEPRECATION,UNPUBLISH_FROM_PRODUCT_UI,true,HIGH_STALE_GLOBAL_METADATA,FORMAL_CONTRACT_ALIAS_COUNT_ZERO,REMOVED_FROM_PRODUCT_PUBLICATION,runtime:sc.legacy.fund.daily.snapshot.fact.p1_visible_bed51835debf;global_ir_model_fields;;;literal_view_reference
sc.legacy.fund.daily.snapshot.fact,p1_visible_dfc25d77dc39,,,,,product runtime,addons/smart_construction_core/core_extension.py;addons/smart_construction_core/views/support/p1_daily_business_visible_alias_views.xml;addons/smart_core/tests/test_action_dispatcher_server_mapping.py;scripts/ops/output_invoice_application_visible_contract_sync.py;scripts/ops/engineering_progress_income_visible_contract_sync.py;scripts/ops/output_invoice_registration_visible_contract_sync.py;scripts/ops/direct_general_contract_input_tax_to_output_invoice_registration_sync.py,,,METADATA_ONLY,false,false,false,false,false,false,readonly_nonstored,,,E_STALE_ALIAS_CANDIDATE_DEPRECATION,UNPUBLISH_FROM_PRODUCT_UI,false,HIGH_STALE_GLOBAL_METADATA,FORMAL_CONTRACT_ALIAS_COUNT_ZERO,REMOVED_FROM_PRODUCT_PUBLICATION,runtime:sc.legacy.fund.daily.snapshot.fact.p1_visible_dfc25d77dc39;global_ir_model_fields
sc.legacy.fund.daily.snapshot.fact,p1_visible_e0361480e3a5,,,,,product runtime,addons/smart_construction_core/core_extension.py;addons/smart_construction_core/views/support/p1_daily_business_visible_alias_views.xml;addons/smart_core/tests/test_action_dispatcher_server_mapping.py;scripts/ops/partner_payment_visible_contract_sync.py;scripts/ops/output_invoice_application_visible_contract_sync.py;scripts/ops/engineering_progress_income_visible_contract_sync.py,,,FORMAL_PRODUCT_REFERENCE,true,true,false,false,false,true,readonly_nonstored,,,E_STALE_ALIAS_CANDIDATE_DEPRECATION,UNPUBLISH_FROM_PRODUCT_UI,true,HIGH_STALE_GLOBAL_METADATA,FORMAL_CONTRACT_ALIAS_COUNT_ZERO,REMOVED_FROM_PRODUCT_PUBLICATION,runtime:sc.legacy.fund.daily.snapshot.fact.p1_visible_e0361480e3a5;global_ir_model_fields;;;literal_view_reference
sc.legacy.fund.daily.snapshot.fact,p1_visible_e5bf37733141,,,,,product runtime,,,,METADATA_ONLY,false,false,false,false,false,false,readonly_nonstored,,,E_STALE_ALIAS_CANDIDATE_DEPRECATION,UNPUBLISH_FROM_PRODUCT_UI,false,HIGH_STALE_GLOBAL_METADATA,FORMAL_CONTRACT_ALIAS_COUNT_ZERO,REMOVED_FROM_PRODUCT_PUBLICATION,runtime:sc.legacy.fund.daily.snapshot.fact.p1_visible_e5bf37733141;global_ir_model_fields
sc.legacy.fund.daily.snapshot.fact,p1_visible_ecaf440fd399,,,,,product runtime,addons/smart_construction_core/views/support/p1_daily_business_visible_alias_views.xml,,,METADATA_ONLY,false,false,false,false,false,false,readonly_nonstored,,,E_STALE_ALIAS_CANDIDATE_DEPRECATION,UNPUBLISH_FROM_PRODUCT_UI,false,HIGH_STALE_GLOBAL_METADATA,FORMAL_CONTRACT_ALIAS_COUNT_ZERO,REMOVED_FROM_PRODUCT_PUBLICATION,runtime:sc.legacy.fund.daily.snapshot.fact.p1_visible_ecaf440fd399;global_ir_model_fields
sc.legacy.fund.daily.snapshot.fact,p1_visible_ee6a4d9e2956,,,,,product runtime,addons/smart_construction_core/core_extension.py;addons/smart_construction_core/views/support/p1_daily_business_visible_alias_views.xml;scripts/ops/output_invoice_application_visible_contract_sync.py;scripts/ops/engineering_progress_income_visible_contract_sync.py;scripts/ops/output_invoice_registration_visible_contract_sync.py;scripts/ops/direct_general_contract_input_tax_to_output_invoice_registration_sync.py,,,METADATA_ONLY,false,false,false,false,false,false,readonly_nonstored,,,E_STALE_ALIAS_CANDIDATE_DEPRECATION,UNPUBLISH_FROM_PRODUCT_UI,false,HIGH_STALE_GLOBAL_METADATA,FORMAL_CONTRACT_ALIAS_COUNT_ZERO,REMOVED_FROM_PRODUCT_PUBLICATION,runtime:sc.legacy.fund.daily.snapshot.fact.p1_visible_ee6a4d9e2956;global_ir_model_fields
sc.legacy.invoice.tax.fact,p1_visible_007363f27191,,,,,product runtime,addons/smart_construction_core/views/support/p1_daily_business_visible_alias_views.xml;scripts/ops/output_invoice_registration_visible_contract_sync.py;scripts/ops/direct_general_contract_input_tax_to_output_invoice_registration_sync.py,,,FORMAL_PRODUCT_REFERENCE,true,true,false,false,false,true,readonly_nonstored,,,E_STALE_ALIAS_CANDIDATE_DEPRECATION,UNPUBLISH_FROM_PRODUCT_UI,true,HIGH_STALE_GLOBAL_METADATA,FORMAL_CONTRACT_ALIAS_COUNT_ZERO,REMOVED_FROM_PRODUCT_PUBLICATION,runtime:sc.legacy.invoice.tax.fact.p1_visible_007363f27191;global_ir_model_fields;;;literal_view_reference
sc.legacy.invoice.tax.fact,p1_visible_22ebb0de8297,,,,,product runtime,,,,FORMAL_PRODUCT_REFERENCE,true,true,false,false,false,true,readonly_nonstored,,,E_STALE_ALIAS_CANDIDATE_DEPRECATION,UNPUBLISH_FROM_PRODUCT_UI,true,HIGH_STALE_GLOBAL_METADATA,FORMAL_CONTRACT_ALIAS_COUNT_ZERO,REMOVED_FROM_PRODUCT_PUBLICATION,runtime:sc.legacy.invoice.tax.fact.p1_visible_22ebb0de8297;global_ir_model_fields;;;literal_view_reference
sc.legacy.invoice.tax.fact,p1_visible_3d0afdf3736d,,,,,product runtime,,,,FORMAL_PRODUCT_REFERENCE,true,true,false,false,false,true,readonly_nonstored,,,E_STALE_ALIAS_CANDIDATE_DEPRECATION,UNPUBLISH_FROM_PRODUCT_UI,true,HIGH_STALE_GLOBAL_METADATA,FORMAL_CONTRACT_ALIAS_COUNT_ZERO,REMOVED_FROM_PRODUCT_PUBLICATION,runtime:sc.legacy.invoice.tax.fact.p1_visible_3d0afdf3736d;global_ir_model_fields;;;literal_view_reference
sc.legacy.invoice.tax.fact,p1_visible_3e7255522b33,,,,,product runtime,addons/smart_construction_core/core_extension.py;addons/smart_construction_core/views/support/p1_daily_business_visible_alias_views.xml;addons/smart_core/tests/test_ui_contract_v2_boundaries.py;addons/smart_core/tests/test_action_dispatcher_server_mapping.py;scripts/ops/output_invoice_application_visible_contract_sync.py;scripts/ops/engineering_progress_income_visible_contract_sync.py;scripts/ops/output_invoice_registration_visible_contract_sync.py;scripts/ops/direct_general_contract_input_tax_to_output_invoice_registration_sync.py,,,FORMAL_PRODUCT_REFERENCE,true,true,false,false,false,true,readonly_nonstored,,,E_STALE_ALIAS_CANDIDATE_DEPRECATION,UNPUBLISH_FROM_PRODUCT_UI,true,HIGH_STALE_GLOBAL_METADATA,FORMAL_CONTRACT_ALIAS_COUNT_ZERO,REMOVED_FROM_PRODUCT_PUBLICATION,runtime:sc.legacy.invoice.tax.fact.p1_visible_3e7255522b33;global_ir_model_fields;;;literal_view_reference
sc.legacy.invoice.tax.fact,p1_visible_4e657cdb9d10,,,,,product runtime,,,,FORMAL_PRODUCT_REFERENCE,true,true,false,false,false,true,readonly_nonstored,,,E_STALE_ALIAS_CANDIDATE_DEPRECATION,UNPUBLISH_FROM_PRODUCT_UI,true,HIGH_STALE_GLOBAL_METADATA,FORMAL_CONTRACT_ALIAS_COUNT_ZERO,REMOVED_FROM_PRODUCT_PUBLICATION,runtime:sc.legacy.invoice.tax.fact.p1_visible_4e657cdb9d10;global_ir_model_fields;;;literal_view_reference
sc.legacy.invoice.tax.fact,p1_visible_62e951a692ff,,,,,product runtime,addons/smart_construction_core/views/support/p1_daily_business_visible_alias_views.xml;scripts/ops/output_invoice_application_visible_contract_sync.py;scripts/verify/prepaid_tax_visible_surface_alignment_audit.py,,,FORMAL_PRODUCT_REFERENCE,true,true,false,false,false,true,readonly_nonstored,,,E_STALE_ALIAS_CANDIDATE_DEPRECATION,UNPUBLISH_FROM_PRODUCT_UI,true,HIGH_STALE_GLOBAL_METADATA,FORMAL_CONTRACT_ALIAS_COUNT_ZERO,REMOVED_FROM_PRODUCT_PUBLICATION,runtime:sc.legacy.invoice.tax.fact.p1_visible_62e951a692ff;global_ir_model_fields;;;literal_view_reference
sc.legacy.invoice.tax.fact,p1_visible_7f5da566c14e,,,,,product runtime,addons/smart_construction_core/views/support/p1_daily_business_visible_alias_views.xml;scripts/ops/partner_payment_visible_contract_sync.py;scripts/ops/output_invoice_registration_visible_contract_sync.py,,,FORMAL_PRODUCT_REFERENCE,true,true,false,false,false,true,readonly_nonstored,,,E_STALE_ALIAS_CANDIDATE_DEPRECATION,UNPUBLISH_FROM_PRODUCT_UI,true,HIGH_STALE_GLOBAL_METADATA,FORMAL_CONTRACT_ALIAS_COUNT_ZERO,REMOVED_FROM_PRODUCT_PUBLICATION,runtime:sc.legacy.invoice.tax.fact.p1_visible_7f5da566c14e;global_ir_model_fields;;;literal_view_reference
sc.legacy.invoice.tax.fact,p1_visible_8fa8662ad38f,,,,,product runtime,addons/smart_construction_core/core_extension.py;addons/smart_construction_core/views/support/p1_daily_business_visible_alias_views.xml;addons/smart_core/tests/test_ui_contract_v2_boundaries.py;addons/smart_core/tests/test_action_dispatcher_server_mapping.py;scripts/ops/partner_payment_visible_contract_sync.py;scripts/ops/output_invoice_application_visible_contract_sync.py;scripts/ops/engineering_progress_income_visible_contract_sync.py;scripts/ops/output_invoice_registration_visible_contract_sync.py;scripts/ops/direct_general_contract_input_tax_to_output_invoice_registration_sync.py,,,FORMAL_PRODUCT_REFERENCE,true,true,false,false,false,true,readonly_nonstored,,,E_STALE_ALIAS_CANDIDATE_DEPRECATION,UNPUBLISH_FROM_PRODUCT_UI,true,HIGH_STALE_GLOBAL_METADATA,FORMAL_CONTRACT_ALIAS_COUNT_ZERO,REMOVED_FROM_PRODUCT_PUBLICATION,runtime:sc.legacy.invoice.tax.fact.p1_visible_8fa8662ad38f;global_ir_model_fields;;;literal_view_reference
sc.legacy.invoice.tax.fact,p1_visible_9769980c060d,,,,,product runtime,,,,FORMAL_PRODUCT_REFERENCE,true,true,false,false,false,true,readonly_nonstored,,,E_STALE_ALIAS_CANDIDATE_DEPRECATION,UNPUBLISH_FROM_PRODUCT_UI,true,HIGH_STALE_GLOBAL_METADATA,FORMAL_CONTRACT_ALIAS_COUNT_ZERO,REMOVED_FROM_PRODUCT_PUBLICATION,runtime:sc.legacy.invoice.tax.fact.p1_visible_9769980c060d;global_ir_model_fields;;;literal_view_reference
sc.legacy.invoice.tax.fact,p1_visible_99f6fe6c41ad,,,,,product runtime,addons/smart_construction_core/views/support/p1_daily_business_visible_alias_views.xml;scripts/ops/partner_payment_visible_contract_sync.py;scripts/ops/output_invoice_application_visible_contract_sync.py;scripts/ops/engineering_progress_income_visible_contract_sync.py;scripts/ops/output_invoice_registration_visible_contract_sync.py;scripts/ops/direct_general_contract_input_tax_to_output_invoice_registration_sync.py,,,FORMAL_PRODUCT_REFERENCE,true,true,false,false,false,true,readonly_nonstored,,,E_STALE_ALIAS_CANDIDATE_DEPRECATION,UNPUBLISH_FROM_PRODUCT_UI,true,HIGH_STALE_GLOBAL_METADATA,FORMAL_CONTRACT_ALIAS_COUNT_ZERO,REMOVED_FROM_PRODUCT_PUBLICATION,runtime:sc.legacy.invoice.tax.fact.p1_visible_99f6fe6c41ad;global_ir_model_fields;;;literal_view_reference
sc.legacy.invoice.tax.fact,p1_visible_99f753ed6262,,,,,product runtime,addons/smart_construction_core/views/support/p1_daily_business_visible_alias_views.xml;scripts/ops/output_invoice_registration_visible_contract_sync.py;scripts/ops/direct_general_contract_input_tax_to_output_invoice_registration_sync.py,,,FORMAL_PRODUCT_REFERENCE,true,true,false,false,false,true,readonly_nonstored,,,E_STALE_ALIAS_CANDIDATE_DEPRECATION,UNPUBLISH_FROM_PRODUCT_UI,true,HIGH_STALE_GLOBAL_METADATA,FORMAL_CONTRACT_ALIAS_COUNT_ZERO,REMOVED_FROM_PRODUCT_PUBLICATION,runtime:sc.legacy.invoice.tax.fact.p1_visible_99f753ed6262;global_ir_model_fields;;;literal_view_reference
sc.legacy.invoice.tax.fact,p1_visible_a3c1a28bd34c,,,,,product runtime,addons/smart_construction_core/views/support/p1_daily_business_visible_alias_views.xml,,,FORMAL_PRODUCT_REFERENCE,true,true,false,false,false,true,readonly_nonstored,,,E_STALE_ALIAS_CANDIDATE_DEPRECATION,UNPUBLISH_FROM_PRODUCT_UI,true,HIGH_STALE_GLOBAL_METADATA,FORMAL_CONTRACT_ALIAS_COUNT_ZERO,REMOVED_FROM_PRODUCT_PUBLICATION,runtime:sc.legacy.invoice.tax.fact.p1_visible_a3c1a28bd34c;global_ir_model_fields;;;literal_view_reference
sc.legacy.invoice.tax.fact,p1_visible_be5462bd6a62,,,,,product runtime,addons/smart_construction_core/core_extension.py;addons/smart_construction_core/views/support/p1_daily_business_visible_alias_views.xml;scripts/ops/output_invoice_registration_visible_contract_sync.py;scripts/ops/direct_general_contract_input_tax_to_output_invoice_registration_sync.py,,,FORMAL_PRODUCT_REFERENCE,true,true,false,false,false,true,readonly_nonstored,,,E_STALE_ALIAS_CANDIDATE_DEPRECATION,UNPUBLISH_FROM_PRODUCT_UI,true,HIGH_STALE_GLOBAL_METADATA,FORMAL_CONTRACT_ALIAS_COUNT_ZERO,REMOVED_FROM_PRODUCT_PUBLICATION,runtime:sc.legacy.invoice.tax.fact.p1_visible_be5462bd6a62;global_ir_model_fields;;;literal_view_reference
sc.legacy.invoice.tax.fact,p1_visible_d09b05103331,,,,,product runtime,,,,FORMAL_PRODUCT_REFERENCE,true,true,false,false,false,true,readonly_nonstored,,,E_STALE_ALIAS_CANDIDATE_DEPRECATION,UNPUBLISH_FROM_PRODUCT_UI,true,HIGH_STALE_GLOBAL_METADATA,FORMAL_CONTRACT_ALIAS_COUNT_ZERO,REMOVED_FROM_PRODUCT_PUBLICATION,runtime:sc.legacy.invoice.tax.fact.p1_visible_d09b05103331;global_ir_model_fields;;;literal_view_reference
sc.legacy.invoice.tax.fact,p1_visible_dfc25d77dc39,,,,,product runtime,addons/smart_construction_core/core_extension.py;addons/smart_construction_core/views/support/p1_daily_business_visible_alias_views.xml;addons/smart_core/tests/test_action_dispatcher_server_mapping.py;scripts/ops/output_invoice_application_visible_contract_sync.py;scripts/ops/engineering_progress_income_visible_contract_sync.py;scripts/ops/output_invoice_registration_visible_contract_sync.py;scripts/ops/direct_general_contract_input_tax_to_output_invoice_registration_sync.py,,,FORMAL_PRODUCT_REFERENCE,true,true,false,false,false,true,readonly_nonstored,,,E_STALE_ALIAS_CANDIDATE_DEPRECATION,UNPUBLISH_FROM_PRODUCT_UI,true,HIGH_STALE_GLOBAL_METADATA,FORMAL_CONTRACT_ALIAS_COUNT_ZERO,REMOVED_FROM_PRODUCT_PUBLICATION,runtime:sc.legacy.invoice.tax.fact.p1_visible_dfc25d77dc39;global_ir_model_fields;;;literal_view_reference
sc.legacy.invoice.tax.fact,p1_visible_ed582efc6e34,,,,,product runtime,scripts/ops/direct_output_invoice_date_no_backfill_from_mssql.py;scripts/ops/direct_general_contract_input_tax_to_output_invoice_registration_sync.py,,,FORMAL_PRODUCT_REFERENCE,true,true,false,false,false,true,readonly_nonstored,,,E_STALE_ALIAS_CANDIDATE_DEPRECATION,UNPUBLISH_FROM_PRODUCT_UI,true,HIGH_STALE_GLOBAL_METADATA,FORMAL_CONTRACT_ALIAS_COUNT_ZERO,REMOVED_FROM_PRODUCT_PUBLICATION,runtime:sc.legacy.invoice.tax.fact.p1_visible_ed582efc6e34;global_ir_model_fields;;;literal_view_reference
sc.legacy.invoice.tax.fact,p1_visible_ee6a4d9e2956,,,,,product runtime,addons/smart_construction_core/core_extension.py;addons/smart_construction_core/views/support/p1_daily_business_visible_alias_views.xml;scripts/ops/output_invoice_application_visible_contract_sync.py;scripts/ops/engineering_progress_income_visible_contract_sync.py;scripts/ops/output_invoice_registration_visible_contract_sync.py;scripts/ops/direct_general_contract_input_tax_to_output_invoice_registration_sync.py,,,FORMAL_PRODUCT_REFERENCE,true,true,false,false,false,true,readonly_nonstored,,,E_STALE_ALIAS_CANDIDATE_DEPRECATION,UNPUBLISH_FROM_PRODUCT_UI,true,HIGH_STALE_GLOBAL_METADATA,FORMAL_CONTRACT_ALIAS_COUNT_ZERO,REMOVED_FROM_PRODUCT_PUBLICATION,runtime:sc.legacy.invoice.tax.fact.p1_visible_ee6a4d9e2956;global_ir_model_fields;;;literal_view_reference
sc.legacy.invoice.tax.fact,p1_visible_f22832ce4781,,,,,product runtime,addons/smart_construction_core/views/support/p1_daily_business_visible_alias_views.xml;scripts/ops/partner_payment_visible_contract_sync.py;scripts/ops/output_invoice_registration_visible_contract_sync.py,,,FORMAL_PRODUCT_REFERENCE,true,true,false,false,false,true,readonly_nonstored,,,E_STALE_ALIAS_CANDIDATE_DEPRECATION,UNPUBLISH_FROM_PRODUCT_UI,true,HIGH_STALE_GLOBAL_METADATA,FORMAL_CONTRACT_ALIAS_COUNT_ZERO,REMOVED_FROM_PRODUCT_PUBLICATION,runtime:sc.legacy.invoice.tax.fact.p1_visible_f22832ce4781;global_ir_model_fields;;;literal_view_reference
sc.legacy.payment.residual.fact,p1_visible_00be183a4b2a,,,,,product runtime,,,,FORMAL_PRODUCT_REFERENCE,true,true,false,false,false,true,readonly_nonstored,,,E_STALE_ALIAS_CANDIDATE_DEPRECATION,UNPUBLISH_FROM_PRODUCT_UI,true,HIGH_STALE_GLOBAL_METADATA,FORMAL_CONTRACT_ALIAS_COUNT_ZERO,REMOVED_FROM_PRODUCT_PUBLICATION,runtime:sc.legacy.payment.residual.fact.p1_visible_00be183a4b2a;global_ir_model_fields;;;literal_view_reference
sc.legacy.payment.residual.fact,p1_visible_026768aaad3c,,,,,product runtime,,,,FORMAL_PRODUCT_REFERENCE,true,true,false,false,false,true,readonly_nonstored,,,E_STALE_ALIAS_CANDIDATE_DEPRECATION,UNPUBLISH_FROM_PRODUCT_UI,true,HIGH_STALE_GLOBAL_METADATA,FORMAL_CONTRACT_ALIAS_COUNT_ZERO,REMOVED_FROM_PRODUCT_PUBLICATION,runtime:sc.legacy.payment.residual.fact.p1_visible_026768aaad3c;global_ir_model_fields;;;literal_view_reference
sc.legacy.payment.residual.fact,p1_visible_06fa8c6f628f,,,,,product runtime,addons/smart_construction_core/core_extension.py;addons/smart_construction_core/views/support/p1_daily_business_visible_alias_views.xml;addons/smart_core/tests/test_action_dispatcher_server_mapping.py;scripts/ops/partner_payment_visible_contract_sync.py;scripts/ops/engineering_progress_income_visible_contract_sync.py;scripts/ops/output_invoice_registration_visible_contract_sync.py;scripts/ops/direct_general_contract_input_tax_to_output_invoice_registration_sync.py,,,FORMAL_PRODUCT_REFERENCE,true,true,false,false,false,true,readonly_nonstored,,,E_STALE_ALIAS_CANDIDATE_DEPRECATION,UNPUBLISH_FROM_PRODUCT_UI,true,HIGH_STALE_GLOBAL_METADATA,FORMAL_CONTRACT_ALIAS_COUNT_ZERO,REMOVED_FROM_PRODUCT_PUBLICATION,runtime:sc.legacy.payment.residual.fact.p1_visible_06fa8c6f628f;global_ir_model_fields;;;literal_view_reference
sc.legacy.payment.residual.fact,p1_visible_099c01b9d72a,,,,,product runtime,,,,FORMAL_PRODUCT_REFERENCE,true,true,false,false,false,true,readonly_nonstored,,,E_STALE_ALIAS_CANDIDATE_DEPRECATION,UNPUBLISH_FROM_PRODUCT_UI,true,HIGH_STALE_GLOBAL_METADATA,FORMAL_CONTRACT_ALIAS_COUNT_ZERO,REMOVED_FROM_PRODUCT_PUBLICATION,runtime:sc.legacy.payment.residual.fact.p1_visible_099c01b9d72a;global_ir_model_fields;;;literal_view_reference
sc.legacy.payment.residual.fact,p1_visible_3e7255522b33,,,,,product runtime,addons/smart_construction_core/core_extension.py;addons/smart_construction_core/views/support/p1_daily_business_visible_alias_views.xml;addons/smart_core/tests/test_ui_contract_v2_boundaries.py;addons/smart_core/tests/test_action_dispatcher_server_mapping.py;scripts/ops/output_invoice_application_visible_contract_sync.py;scripts/ops/engineering_progress_income_visible_contract_sync.py;scripts/ops/output_invoice_registration_visible_contract_sync.py;scripts/ops/direct_general_contract_input_tax_to_output_invoice_registration_sync.py,,,FORMAL_PRODUCT_REFERENCE,true,true,false,false,false,true,readonly_nonstored,,,E_STALE_ALIAS_CANDIDATE_DEPRECATION,UNPUBLISH_FROM_PRODUCT_UI,true,HIGH_STALE_GLOBAL_METADATA,FORMAL_CONTRACT_ALIAS_COUNT_ZERO,REMOVED_FROM_PRODUCT_PUBLICATION,runtime:sc.legacy.payment.residual.fact.p1_visible_3e7255522b33;global_ir_model_fields;;;literal_view_reference
sc.legacy.payment.residual.fact,p1_visible_43c2e2732d0a,,,,,product runtime,,,,FORMAL_PRODUCT_REFERENCE,true,true,false,false,false,true,readonly_nonstored,,,E_STALE_ALIAS_CANDIDATE_DEPRECATION,UNPUBLISH_FROM_PRODUCT_UI,true,HIGH_STALE_GLOBAL_METADATA,FORMAL_CONTRACT_ALIAS_COUNT_ZERO,REMOVED_FROM_PRODUCT_PUBLICATION,runtime:sc.legacy.payment.residual.fact.p1_visible_43c2e2732d0a;global_ir_model_fields;;;literal_view_reference
sc.legacy.payment.residual.fact,p1_visible_46c54c70dedb,,,,,product runtime,,,,FORMAL_PRODUCT_REFERENCE,true,true,false,false,false,true,readonly_nonstored,,,E_STALE_ALIAS_CANDIDATE_DEPRECATION,UNPUBLISH_FROM_PRODUCT_UI,true,HIGH_STALE_GLOBAL_METADATA,FORMAL_CONTRACT_ALIAS_COUNT_ZERO,REMOVED_FROM_PRODUCT_PUBLICATION,runtime:sc.legacy.payment.residual.fact.p1_visible_46c54c70dedb;global_ir_model_fields;;;literal_view_reference
sc.legacy.payment.residual.fact,p1_visible_75e856a13c7c,,,,,product runtime,addons/smart_construction_core/views/support/p1_daily_business_visible_alias_views.xml,,,FORMAL_PRODUCT_REFERENCE,true,true,false,false,false,true,readonly_nonstored,,,E_STALE_ALIAS_CANDIDATE_DEPRECATION,UNPUBLISH_FROM_PRODUCT_UI,true,HIGH_STALE_GLOBAL_METADATA,FORMAL_CONTRACT_ALIAS_COUNT_ZERO,REMOVED_FROM_PRODUCT_PUBLICATION,runtime:sc.legacy.payment.residual.fact.p1_visible_75e856a13c7c;global_ir_model_fields;;;literal_view_reference
sc.legacy.payment.residual.fact,p1_visible_764d417cabd2,,,,,product runtime,,,,FORMAL_PRODUCT_REFERENCE,true,true,false,false,false,true,readonly_nonstored,,,E_STALE_ALIAS_CANDIDATE_DEPRECATION,UNPUBLISH_FROM_PRODUCT_UI,true,HIGH_STALE_GLOBAL_METADATA,FORMAL_CONTRACT_ALIAS_COUNT_ZERO,REMOVED_FROM_PRODUCT_PUBLICATION,runtime:sc.legacy.payment.residual.fact.p1_visible_764d417cabd2;global_ir_model_fields;;;literal_view_reference
sc.legacy.payment.residual.fact,p1_visible_8fa8662ad38f,,,,,product runtime,addons/smart_construction_core/core_extension.py;addons/smart_construction_core/views/support/p1_daily_business_visible_alias_views.xml;addons/smart_core/tests/test_ui_contract_v2_boundaries.py;addons/smart_core/tests/test_action_dispatcher_server_mapping.py;scripts/ops/partner_payment_visible_contract_sync.py;scripts/ops/output_invoice_application_visible_contract_sync.py;scripts/ops/engineering_progress_income_visible_contract_sync.py;scripts/ops/output_invoice_registration_visible_contract_sync.py;scripts/ops/direct_general_contract_input_tax_to_output_invoice_registration_sync.py,,,FORMAL_PRODUCT_REFERENCE,true,true,false,false,false,true,readonly_nonstored,,,E_STALE_ALIAS_CANDIDATE_DEPRECATION,UNPUBLISH_FROM_PRODUCT_UI,true,HIGH_STALE_GLOBAL_METADATA,FORMAL_CONTRACT_ALIAS_COUNT_ZERO,REMOVED_FROM_PRODUCT_PUBLICATION,runtime:sc.legacy.payment.residual.fact.p1_visible_8fa8662ad38f;global_ir_model_fields;;;literal_view_reference
sc.legacy.payment.residual.fact,p1_visible_99f6fe6c41ad,,,,,product runtime,addons/smart_construction_core/views/support/p1_daily_business_visible_alias_views.xml;scripts/ops/partner_payment_visible_contract_sync.py;scripts/ops/output_invoice_application_visible_contract_sync.py;scripts/ops/engineering_progress_income_visible_contract_sync.py;scripts/ops/output_invoice_registration_visible_contract_sync.py;scripts/ops/direct_general_contract_input_tax_to_output_invoice_registration_sync.py,,,FORMAL_PRODUCT_REFERENCE,true,true,false,false,false,true,readonly_nonstored,,,E_STALE_ALIAS_CANDIDATE_DEPRECATION,UNPUBLISH_FROM_PRODUCT_UI,true,HIGH_STALE_GLOBAL_METADATA,FORMAL_CONTRACT_ALIAS_COUNT_ZERO,REMOVED_FROM_PRODUCT_PUBLICATION,runtime:sc.legacy.payment.residual.fact.p1_visible_99f6fe6c41ad;global_ir_model_fields;;;literal_view_reference
sc.legacy.payment.residual.fact,p1_visible_a81dc7a3d1c9,,,,,product runtime,,,,FORMAL_PRODUCT_REFERENCE,true,true,false,false,false,true,readonly_nonstored,,,E_STALE_ALIAS_CANDIDATE_DEPRECATION,UNPUBLISH_FROM_PRODUCT_UI,true,HIGH_STALE_GLOBAL_METADATA,FORMAL_CONTRACT_ALIAS_COUNT_ZERO,REMOVED_FROM_PRODUCT_PUBLICATION,runtime:sc.legacy.payment.residual.fact.p1_visible_a81dc7a3d1c9;global_ir_model_fields;;;literal_view_reference
sc.legacy.payment.residual.fact,p1_visible_a943bac2de74,,,,,product runtime,,,,FORMAL_PRODUCT_REFERENCE,true,true,false,false,false,true,readonly_nonstored,,,E_STALE_ALIAS_CANDIDATE_DEPRECATION,UNPUBLISH_FROM_PRODUCT_UI,true,HIGH_STALE_GLOBAL_METADATA,FORMAL_CONTRACT_ALIAS_COUNT_ZERO,REMOVED_FROM_PRODUCT_PUBLICATION,runtime:sc.legacy.payment.residual.fact.p1_visible_a943bac2de74;global_ir_model_fields;;;literal_view_reference
sc.legacy.payment.residual.fact,p1_visible_b8fbf277a7b1,,,,,product runtime,,,,FORMAL_PRODUCT_REFERENCE,true,true,false,false,false,true,readonly_nonstored,,,E_STALE_ALIAS_CANDIDATE_DEPRECATION,UNPUBLISH_FROM_PRODUCT_UI,true,HIGH_STALE_GLOBAL_METADATA,FORMAL_CONTRACT_ALIAS_COUNT_ZERO,REMOVED_FROM_PRODUCT_PUBLICATION,runtime:sc.legacy.payment.residual.fact.p1_visible_b8fbf277a7b1;global_ir_model_fields;;;literal_view_reference
sc.legacy.payment.residual.fact,p1_visible_ba13d5091f9a,,,,,product runtime,,,,FORMAL_PRODUCT_REFERENCE,true,true,false,false,false,true,readonly_nonstored,,,E_STALE_ALIAS_CANDIDATE_DEPRECATION,UNPUBLISH_FROM_PRODUCT_UI,true,HIGH_STALE_GLOBAL_METADATA,FORMAL_CONTRACT_ALIAS_COUNT_ZERO,REMOVED_FROM_PRODUCT_PUBLICATION,runtime:sc.legacy.payment.residual.fact.p1_visible_ba13d5091f9a;global_ir_model_fields;;;literal_view_reference
sc.legacy.payment.residual.fact,p1_visible_c1947c4b9d4a,,,,,product runtime,,,,FORMAL_PRODUCT_REFERENCE,true,true,false,false,false,true,readonly_nonstored,,,E_STALE_ALIAS_CANDIDATE_DEPRECATION,UNPUBLISH_FROM_PRODUCT_UI,true,HIGH_STALE_GLOBAL_METADATA,FORMAL_CONTRACT_ALIAS_COUNT_ZERO,REMOVED_FROM_PRODUCT_PUBLICATION,runtime:sc.legacy.payment.residual.fact.p1_visible_c1947c4b9d4a;global_ir_model_fields;;;literal_view_reference
sc.legacy.payment.residual.fact,p1_visible_c237c1b31858,,,,,product runtime,,,,FORMAL_PRODUCT_REFERENCE,true,true,false,false,false,true,readonly_nonstored,,,E_STALE_ALIAS_CANDIDATE_DEPRECATION,UNPUBLISH_FROM_PRODUCT_UI,true,HIGH_STALE_GLOBAL_METADATA,FORMAL_CONTRACT_ALIAS_COUNT_ZERO,REMOVED_FROM_PRODUCT_PUBLICATION,runtime:sc.legacy.payment.residual.fact.p1_visible_c237c1b31858;global_ir_model_fields;;;literal_view_reference
sc.legacy.payment.residual.fact,p1_visible_d2f17f6ee06c,,,,,product runtime,,,,FORMAL_PRODUCT_REFERENCE,true,true,false,false,false,true,readonly_nonstored,,,E_STALE_ALIAS_CANDIDATE_DEPRECATION,UNPUBLISH_FROM_PRODUCT_UI,true,HIGH_STALE_GLOBAL_METADATA,FORMAL_CONTRACT_ALIAS_COUNT_ZERO,REMOVED_FROM_PRODUCT_PUBLICATION,runtime:sc.legacy.payment.residual.fact.p1_visible_d2f17f6ee06c;global_ir_model_fields;;;literal_view_reference
sc.legacy.payment.residual.fact,p1_visible_dfc25d77dc39,,,,,product runtime,addons/smart_construction_core/core_extension.py;addons/smart_construction_core/views/support/p1_daily_business_visible_alias_views.xml;addons/smart_core/tests/test_action_dispatcher_server_mapping.py;scripts/ops/output_invoice_application_visible_contract_sync.py;scripts/ops/engineering_progress_income_visible_contract_sync.py;scripts/ops/output_invoice_registration_visible_contract_sync.py;scripts/ops/direct_general_contract_input_tax_to_output_invoice_registration_sync.py,,,FORMAL_PRODUCT_REFERENCE,true,true,false,false,false,true,readonly_nonstored,,,E_STALE_ALIAS_CANDIDATE_DEPRECATION,UNPUBLISH_FROM_PRODUCT_UI,true,HIGH_STALE_GLOBAL_METADATA,FORMAL_CONTRACT_ALIAS_COUNT_ZERO,REMOVED_FROM_PRODUCT_PUBLICATION,runtime:sc.legacy.payment.residual.fact.p1_visible_dfc25d77dc39;global_ir_model_fields;;;literal_view_reference
sc.legacy.payment.residual.fact,p1_visible_ee6a4d9e2956,,,,,product runtime,addons/smart_construction_core/core_extension.py;addons/smart_construction_core/views/support/p1_daily_business_visible_alias_views.xml;scripts/ops/output_invoice_application_visible_contract_sync.py;scripts/ops/engineering_progress_income_visible_contract_sync.py;scripts/ops/output_invoice_registration_visible_contract_sync.py;scripts/ops/direct_general_contract_input_tax_to_output_invoice_registration_sync.py,,,FORMAL_PRODUCT_REFERENCE,true,true,false,false,false,true,readonly_nonstored,,,E_STALE_ALIAS_CANDIDATE_DEPRECATION,UNPUBLISH_FROM_PRODUCT_UI,true,HIGH_STALE_GLOBAL_METADATA,FORMAL_CONTRACT_ALIAS_COUNT_ZERO,REMOVED_FROM_PRODUCT_PUBLICATION,runtime:sc.legacy.payment.residual.fact.p1_visible_ee6a4d9e2956;global_ir_model_fields;;;literal_view_reference
sc.legacy.user.profile,p1_visible_11e70a588ac6,,,,,product runtime,,,,FORMAL_PRODUCT_REFERENCE,true,true,false,false,false,true,readonly_nonstored,,,E_STALE_ALIAS_CANDIDATE_DEPRECATION,UNPUBLISH_FROM_PRODUCT_UI,true,HIGH_STALE_GLOBAL_METADATA,FORMAL_CONTRACT_ALIAS_COUNT_ZERO,REMOVED_FROM_PRODUCT_PUBLICATION,runtime:sc.legacy.user.profile.p1_visible_11e70a588ac6;global_ir_model_fields;;;literal_view_reference
sc.legacy.user.profile,p1_visible_1f45acad0522,,,,,product runtime,,,,FORMAL_PRODUCT_REFERENCE,true,true,false,false,false,true,readonly_nonstored,,,E_STALE_ALIAS_CANDIDATE_DEPRECATION,UNPUBLISH_FROM_PRODUCT_UI,true,HIGH_STALE_GLOBAL_METADATA,FORMAL_CONTRACT_ALIAS_COUNT_ZERO,REMOVED_FROM_PRODUCT_PUBLICATION,runtime:sc.legacy.user.profile.p1_visible_1f45acad0522;global_ir_model_fields;;;literal_view_reference
sc.legacy.user.profile,p1_visible_227aa7349ee6,,,,,product runtime,,,,FORMAL_PRODUCT_REFERENCE,true,true,false,false,false,true,readonly_nonstored,,,E_STALE_ALIAS_CANDIDATE_DEPRECATION,UNPUBLISH_FROM_PRODUCT_UI,true,HIGH_STALE_GLOBAL_METADATA,FORMAL_CONTRACT_ALIAS_COUNT_ZERO,REMOVED_FROM_PRODUCT_PUBLICATION,runtime:sc.legacy.user.profile.p1_visible_227aa7349ee6;global_ir_model_fields;;;literal_view_reference
sc.legacy.user.profile,p1_visible_24d16fdd11e9,,,,,product runtime,,,,FORMAL_PRODUCT_REFERENCE,true,true,false,false,false,true,readonly_nonstored,,,E_STALE_ALIAS_CANDIDATE_DEPRECATION,UNPUBLISH_FROM_PRODUCT_UI,true,HIGH_STALE_GLOBAL_METADATA,FORMAL_CONTRACT_ALIAS_COUNT_ZERO,REMOVED_FROM_PRODUCT_PUBLICATION,runtime:sc.legacy.user.profile.p1_visible_24d16fdd11e9;global_ir_model_fields;;;literal_view_reference
sc.legacy.user.profile,p1_visible_2934a0209489,,,,,product runtime,,,,FORMAL_PRODUCT_REFERENCE,true,true,false,false,false,true,readonly_nonstored,,,E_STALE_ALIAS_CANDIDATE_DEPRECATION,UNPUBLISH_FROM_PRODUCT_UI,true,HIGH_STALE_GLOBAL_METADATA,FORMAL_CONTRACT_ALIAS_COUNT_ZERO,REMOVED_FROM_PRODUCT_PUBLICATION,runtime:sc.legacy.user.profile.p1_visible_2934a0209489;global_ir_model_fields;;;literal_view_reference
sc.legacy.user.profile,p1_visible_3ac5adffdcf6,,,,,product runtime,,,,FORMAL_PRODUCT_REFERENCE,true,true,false,false,false,true,readonly_nonstored,,,E_STALE_ALIAS_CANDIDATE_DEPRECATION,UNPUBLISH_FROM_PRODUCT_UI,true,HIGH_STALE_GLOBAL_METADATA,FORMAL_CONTRACT_ALIAS_COUNT_ZERO,REMOVED_FROM_PRODUCT_PUBLICATION,runtime:sc.legacy.user.profile.p1_visible_3ac5adffdcf6;global_ir_model_fields;;;literal_view_reference
sc.legacy.user.profile,p1_visible_3b60c4db720a,,,,,product runtime,,,,FORMAL_PRODUCT_REFERENCE,true,true,false,false,false,true,readonly_nonstored,,,E_STALE_ALIAS_CANDIDATE_DEPRECATION,UNPUBLISH_FROM_PRODUCT_UI,true,HIGH_STALE_GLOBAL_METADATA,FORMAL_CONTRACT_ALIAS_COUNT_ZERO,REMOVED_FROM_PRODUCT_PUBLICATION,runtime:sc.legacy.user.profile.p1_visible_3b60c4db720a;global_ir_model_fields;;;literal_view_reference
sc.legacy.user.profile,p1_visible_3f253e92f54e,,,,,product runtime,,,,FORMAL_PRODUCT_REFERENCE,true,true,false,false,false,true,readonly_nonstored,,,E_STALE_ALIAS_CANDIDATE_DEPRECATION,UNPUBLISH_FROM_PRODUCT_UI,true,HIGH_STALE_GLOBAL_METADATA,FORMAL_CONTRACT_ALIAS_COUNT_ZERO,REMOVED_FROM_PRODUCT_PUBLICATION,runtime:sc.legacy.user.profile.p1_visible_3f253e92f54e;global_ir_model_fields;;;literal_view_reference
sc.legacy.user.profile,p1_visible_4ffe06c7ad15,,,,,product runtime,,,,FORMAL_PRODUCT_REFERENCE,true,true,false,false,false,true,readonly_nonstored,,,E_STALE_ALIAS_CANDIDATE_DEPRECATION,UNPUBLISH_FROM_PRODUCT_UI,true,HIGH_STALE_GLOBAL_METADATA,FORMAL_CONTRACT_ALIAS_COUNT_ZERO,REMOVED_FROM_PRODUCT_PUBLICATION,runtime:sc.legacy.user.profile.p1_visible_4ffe06c7ad15;global_ir_model_fields;;;literal_view_reference
sc.legacy.user.profile,p1_visible_5c44c9fc30d5,,,,,product runtime,,,,FORMAL_PRODUCT_REFERENCE,true,true,false,false,false,true,readonly_nonstored,,,E_STALE_ALIAS_CANDIDATE_DEPRECATION,UNPUBLISH_FROM_PRODUCT_UI,true,HIGH_STALE_GLOBAL_METADATA,FORMAL_CONTRACT_ALIAS_COUNT_ZERO,REMOVED_FROM_PRODUCT_PUBLICATION,runtime:sc.legacy.user.profile.p1_visible_5c44c9fc30d5;global_ir_model_fields;;;literal_view_reference
sc.legacy.user.profile,p1_visible_6fa4ff6b5525,,,,,product runtime,,,,FORMAL_PRODUCT_REFERENCE,true,true,false,false,false,true,readonly_nonstored,,,E_STALE_ALIAS_CANDIDATE_DEPRECATION,UNPUBLISH_FROM_PRODUCT_UI,true,HIGH_STALE_GLOBAL_METADATA,FORMAL_CONTRACT_ALIAS_COUNT_ZERO,REMOVED_FROM_PRODUCT_PUBLICATION,runtime:sc.legacy.user.profile.p1_visible_6fa4ff6b5525;global_ir_model_fields;;;literal_view_reference
sc.legacy.user.profile,p1_visible_8673de005959,,,,,product runtime,,,,FORMAL_PRODUCT_REFERENCE,true,true,false,false,false,true,readonly_nonstored,,,E_STALE_ALIAS_CANDIDATE_DEPRECATION,UNPUBLISH_FROM_PRODUCT_UI,true,HIGH_STALE_GLOBAL_METADATA,FORMAL_CONTRACT_ALIAS_COUNT_ZERO,REMOVED_FROM_PRODUCT_PUBLICATION,runtime:sc.legacy.user.profile.p1_visible_8673de005959;global_ir_model_fields;;;literal_view_reference
sc.legacy.user.profile,p1_visible_88a0e7c9869e,,,,,product runtime,,,,FORMAL_PRODUCT_REFERENCE,true,true,false,false,false,true,readonly_nonstored,,,E_STALE_ALIAS_CANDIDATE_DEPRECATION,UNPUBLISH_FROM_PRODUCT_UI,true,HIGH_STALE_GLOBAL_METADATA,FORMAL_CONTRACT_ALIAS_COUNT_ZERO,REMOVED_FROM_PRODUCT_PUBLICATION,runtime:sc.legacy.user.profile.p1_visible_88a0e7c9869e;global_ir_model_fields;;;literal_view_reference
sc.legacy.user.profile,p1_visible_8d45eb63982a,,,,,product runtime,,,,FORMAL_PRODUCT_REFERENCE,true,true,false,false,false,true,readonly_nonstored,,,E_STALE_ALIAS_CANDIDATE_DEPRECATION,UNPUBLISH_FROM_PRODUCT_UI,true,HIGH_STALE_GLOBAL_METADATA,FORMAL_CONTRACT_ALIAS_COUNT_ZERO,REMOVED_FROM_PRODUCT_PUBLICATION,runtime:sc.legacy.user.profile.p1_visible_8d45eb63982a;global_ir_model_fields;;;literal_view_reference
sc.legacy.user.profile,p1_visible_91061a56c00f,,,,,product runtime,,,,FORMAL_PRODUCT_REFERENCE,true,true,false,false,false,true,readonly_nonstored,,,E_STALE_ALIAS_CANDIDATE_DEPRECATION,UNPUBLISH_FROM_PRODUCT_UI,true,HIGH_STALE_GLOBAL_METADATA,FORMAL_CONTRACT_ALIAS_COUNT_ZERO,REMOVED_FROM_PRODUCT_PUBLICATION,runtime:sc.legacy.user.profile.p1_visible_91061a56c00f;global_ir_model_fields;;;literal_view_reference
sc.legacy.user.profile,p1_visible_9bf4a979d81d,,,,,product runtime,,,,FORMAL_PRODUCT_REFERENCE,true,true,false,false,false,true,readonly_nonstored,,,E_STALE_ALIAS_CANDIDATE_DEPRECATION,UNPUBLISH_FROM_PRODUCT_UI,true,HIGH_STALE_GLOBAL_METADATA,FORMAL_CONTRACT_ALIAS_COUNT_ZERO,REMOVED_FROM_PRODUCT_PUBLICATION,runtime:sc.legacy.user.profile.p1_visible_9bf4a979d81d;global_ir_model_fields;;;literal_view_reference
sc.legacy.user.profile,p1_visible_a1aaf352cb07,,,,,product runtime,,,,FORMAL_PRODUCT_REFERENCE,true,true,false,false,false,true,readonly_nonstored,,,E_STALE_ALIAS_CANDIDATE_DEPRECATION,UNPUBLISH_FROM_PRODUCT_UI,true,HIGH_STALE_GLOBAL_METADATA,FORMAL_CONTRACT_ALIAS_COUNT_ZERO,REMOVED_FROM_PRODUCT_PUBLICATION,runtime:sc.legacy.user.profile.p1_visible_a1aaf352cb07;global_ir_model_fields;;;literal_view_reference
sc.legacy.user.profile,p1_visible_a1cd13bcc550,,,,,product runtime,,,,FORMAL_PRODUCT_REFERENCE,true,true,false,false,false,true,readonly_nonstored,,,E_STALE_ALIAS_CANDIDATE_DEPRECATION,UNPUBLISH_FROM_PRODUCT_UI,true,HIGH_STALE_GLOBAL_METADATA,FORMAL_CONTRACT_ALIAS_COUNT_ZERO,REMOVED_FROM_PRODUCT_PUBLICATION,runtime:sc.legacy.user.profile.p1_visible_a1cd13bcc550;global_ir_model_fields;;;literal_view_reference
sc.legacy.user.profile,p1_visible_be4c2616b177,,,,,product runtime,,,,FORMAL_PRODUCT_REFERENCE,true,true,false,false,false,true,readonly_nonstored,,,E_STALE_ALIAS_CANDIDATE_DEPRECATION,UNPUBLISH_FROM_PRODUCT_UI,true,HIGH_STALE_GLOBAL_METADATA,FORMAL_CONTRACT_ALIAS_COUNT_ZERO,REMOVED_FROM_PRODUCT_PUBLICATION,runtime:sc.legacy.user.profile.p1_visible_be4c2616b177;global_ir_model_fields;;;literal_view_reference
sc.legacy.user.profile,p1_visible_df36a836d415,,,,,product runtime,,,,FORMAL_PRODUCT_REFERENCE,true,true,false,false,false,true,readonly_nonstored,,,E_STALE_ALIAS_CANDIDATE_DEPRECATION,UNPUBLISH_FROM_PRODUCT_UI,true,HIGH_STALE_GLOBAL_METADATA,FORMAL_CONTRACT_ALIAS_COUNT_ZERO,REMOVED_FROM_PRODUCT_PUBLICATION,runtime:sc.legacy.user.profile.p1_visible_df36a836d415;global_ir_model_fields;;;literal_view_reference
sc.legacy.user.profile,p1_visible_dfc25d77dc39,,,,,product runtime,addons/smart_construction_core/core_extension.py;addons/smart_construction_core/views/support/p1_daily_business_visible_alias_views.xml;addons/smart_core/tests/test_action_dispatcher_server_mapping.py;scripts/ops/output_invoice_application_visible_contract_sync.py;scripts/ops/engineering_progress_income_visible_contract_sync.py;scripts/ops/output_invoice_registration_visible_contract_sync.py;scripts/ops/direct_general_contract_input_tax_to_output_invoice_registration_sync.py,,,FORMAL_PRODUCT_REFERENCE,true,true,false,false,false,true,readonly_nonstored,,,E_STALE_ALIAS_CANDIDATE_DEPRECATION,UNPUBLISH_FROM_PRODUCT_UI,true,HIGH_STALE_GLOBAL_METADATA,FORMAL_CONTRACT_ALIAS_COUNT_ZERO,REMOVED_FROM_PRODUCT_PUBLICATION,runtime:sc.legacy.user.profile.p1_visible_dfc25d77dc39;global_ir_model_fields;;;literal_view_reference
sc.legacy.user.profile,p1_visible_ee6a4d9e2956,,,,,product runtime,addons/smart_construction_core/core_extension.py;addons/smart_construction_core/views/support/p1_daily_business_visible_alias_views.xml;scripts/ops/output_invoice_application_visible_contract_sync.py;scripts/ops/engineering_progress_income_visible_contract_sync.py;scripts/ops/output_invoice_registration_visible_contract_sync.py;scripts/ops/direct_general_contract_input_tax_to_output_invoice_registration_sync.py,,,FORMAL_PRODUCT_REFERENCE,true,true,false,false,false,true,readonly_nonstored,,,E_STALE_ALIAS_CANDIDATE_DEPRECATION,UNPUBLISH_FROM_PRODUCT_UI,true,HIGH_STALE_GLOBAL_METADATA,FORMAL_CONTRACT_ALIAS_COUNT_ZERO,REMOVED_FROM_PRODUCT_PUBLICATION,runtime:sc.legacy.user.profile.p1_visible_ee6a4d9e2956;global_ir_model_fields;;;literal_view_reference
sc.legacy.user.profile,p1_visible_f0f3e908c213,,,,,product runtime,,,,FORMAL_PRODUCT_REFERENCE,true,true,false,false,false,true,readonly_nonstored,,,E_STALE_ALIAS_CANDIDATE_DEPRECATION,UNPUBLISH_FROM_PRODUCT_UI,true,HIGH_STALE_GLOBAL_METADATA,FORMAL_CONTRACT_ALIAS_COUNT_ZERO,REMOVED_FROM_PRODUCT_PUBLICATION,runtime:sc.legacy.user.profile.p1_visible_f0f3e908c213;global_ir_model_fields;;;literal_view_reference
sc.legacy.user.profile,p1_visible_f3ea6d345e2a,,,,,product runtime,,,,FORMAL_PRODUCT_REFERENCE,true,true,false,false,false,true,readonly_nonstored,,,E_STALE_ALIAS_CANDIDATE_DEPRECATION,UNPUBLISH_FROM_PRODUCT_UI,true,HIGH_STALE_GLOBAL_METADATA,FORMAL_CONTRACT_ALIAS_COUNT_ZERO,REMOVED_FROM_PRODUCT_PUBLICATION,runtime:sc.legacy.user.profile.p1_visible_f3ea6d345e2a;global_ir_model_fields;;;literal_view_reference
sc.legacy.user.profile,p1_visible_f63da5b6950e,,,,,product runtime,addons/smart_construction_core/views/support/p1_daily_business_visible_alias_views.xml,,,FORMAL_PRODUCT_REFERENCE,true,true,false,false,false,true,readonly_nonstored,,,E_STALE_ALIAS_CANDIDATE_DEPRECATION,UNPUBLISH_FROM_PRODUCT_UI,true,HIGH_STALE_GLOBAL_METADATA,FORMAL_CONTRACT_ALIAS_COUNT_ZERO,REMOVED_FROM_PRODUCT_PUBLICATION,runtime:sc.legacy.user.profile.p1_visible_f63da5b6950e;global_ir_model_fields;;;literal_view_reference
sc.legacy.user.profile,p1_visible_f6db3f132d90,,,,,product runtime,,,,FORMAL_PRODUCT_REFERENCE,true,true,false,false,false,true,readonly_nonstored,,,E_STALE_ALIAS_CANDIDATE_DEPRECATION,UNPUBLISH_FROM_PRODUCT_UI,true,HIGH_STALE_GLOBAL_METADATA,FORMAL_CONTRACT_ALIAS_COUNT_ZERO,REMOVED_FROM_PRODUCT_PUBLICATION,runtime:sc.legacy.user.profile.p1_visible_f6db3f132d90;global_ir_model_fields;;;literal_view_reference
sc.legacy.user.profile,p1_visible_fe8aa4ef93bd,,,,,product runtime,,,,FORMAL_PRODUCT_REFERENCE,true,true,false,false,false,true,readonly_nonstored,,,E_STALE_ALIAS_CANDIDATE_DEPRECATION,UNPUBLISH_FROM_PRODUCT_UI,true,HIGH_STALE_GLOBAL_METADATA,FORMAL_CONTRACT_ALIAS_COUNT_ZERO,REMOVED_FROM_PRODUCT_PUBLICATION,runtime:sc.legacy.user.profile.p1_visible_fe8aa4ef93bd;global_ir_model_fields;;;literal_view_reference
sc.material.inbound,p1_visible_06fa8c6f628f,state,char,,,product runtime,addons/smart_construction_core/models/support/p1_daily_business_visible_alias_fields.py:832-853,,,FORMAL_PRODUCT_REFERENCE,true,true,true,true,false,true,readonly_nonstored,state;state_text,state,A_MAPPED_TO_FORMAL_PRODUCT_FIELD,MAP_TO_EXISTING_FORMAL_FIELD,true,HIGH_GLOBAL_DEFINITION,FORMAL_CONTRACT_ALIAS_COUNT_ZERO,REMOVED_FROM_PRODUCT_PUBLICATION,runtime:sc.material.inbound.p1_visible_06fa8c6f628f;global_ir_model_fields;dynamic_get_view_injection;formal_runtime_field_resolved;literal_view_reference
sc.material.inbound,p1_visible_1e62803e196c,inbound_date,char,,,product runtime,addons/smart_construction_core/models/support/p1_daily_business_visible_alias_fields.py:832-853,,,FORMAL_PRODUCT_REFERENCE,true,true,true,true,false,true,readonly_nonstored,document_date;date_request;request_date;settlement_date;snapshot_date;date_diary;inbound_date;outbound_date,inbound_date,A_MAPPED_TO_FORMAL_PRODUCT_FIELD,MAP_TO_EXISTING_FORMAL_FIELD,true,HIGH_GLOBAL_DEFINITION,FORMAL_CONTRACT_ALIAS_COUNT_ZERO,REMOVED_FROM_PRODUCT_PUBLICATION,runtime:sc.material.inbound.p1_visible_1e62803e196c;global_ir_model_fields;dynamic_get_view_injection;formal_runtime_field_resolved;literal_view_reference
sc.material.inbound,p1_visible_37d56ad493cf,tax_rate_text,char,,,product runtime,addons/smart_construction_core/models/support/p1_daily_business_visible_alias_fields.py:832-853,,,FORMAL_PRODUCT_REFERENCE,true,true,true,true,false,true,readonly_nonstored,tax_rate_text;tax_rate,tax_rate_text,A_MAPPED_TO_FORMAL_PRODUCT_FIELD,MAP_TO_EXISTING_FORMAL_FIELD,true,HIGH_GLOBAL_DEFINITION,FORMAL_CONTRACT_ALIAS_COUNT_ZERO,REMOVED_FROM_PRODUCT_PUBLICATION,runtime:sc.material.inbound.p1_visible_37d56ad493cf;global_ir_model_fields;dynamic_get_view_injection;formal_runtime_field_resolved;literal_view_reference
sc.material.inbound,p1_visible_3e7255522b33,project_id,char,,,product runtime,addons/smart_construction_core/models/support/p1_daily_business_visible_alias_fields.py:832-853,,,FORMAL_PRODUCT_REFERENCE,true,true,true,true,false,true,readonly_nonstored,project_id,project_id,A_MAPPED_TO_FORMAL_PRODUCT_FIELD,MAP_TO_EXISTING_FORMAL_FIELD,true,HIGH_GLOBAL_DEFINITION,FORMAL_CONTRACT_ALIAS_COUNT_ZERO,REMOVED_FROM_PRODUCT_PUBLICATION,runtime:sc.material.inbound.p1_visible_3e7255522b33;global_ir_model_fields;dynamic_get_view_injection;formal_runtime_field_resolved;literal_view_reference
sc.material.inbound,p1_visible_523a114e3f97,state,char,,,product runtime,addons/smart_construction_core/models/support/p1_daily_business_visible_alias_fields.py:832-853,,,FORMAL_PRODUCT_REFERENCE,true,true,true,true,false,true,readonly_nonstored,settlement_state;state,state,A_MAPPED_TO_FORMAL_PRODUCT_FIELD,MAP_TO_EXISTING_FORMAL_FIELD,true,HIGH_GLOBAL_DEFINITION,FORMAL_CONTRACT_ALIAS_COUNT_ZERO,REMOVED_FROM_PRODUCT_PUBLICATION,runtime:sc.material.inbound.p1_visible_523a114e3f97;global_ir_model_fields;dynamic_get_view_injection;formal_runtime_field_resolved;literal_view_reference
sc.material.inbound,p1_visible_7037fe48a39a,total_qty,char,,,product runtime,addons/smart_construction_core/models/support/p1_daily_business_visible_alias_fields.py:832-853,,,FORMAL_PRODUCT_REFERENCE,true,true,true,true,false,true,readonly_nonstored,total_qty,total_qty,A_MAPPED_TO_FORMAL_PRODUCT_FIELD,MAP_TO_EXISTING_FORMAL_FIELD,true,HIGH_GLOBAL_DEFINITION,FORMAL_CONTRACT_ALIAS_COUNT_ZERO,REMOVED_FROM_PRODUCT_PUBLICATION,runtime:sc.material.inbound.p1_visible_7037fe48a39a;global_ir_model_fields;dynamic_get_view_injection;formal_runtime_field_resolved;literal_view_reference
sc.material.inbound,p1_visible_7588602fb22d,source_created_by,char,,,product runtime,addons/smart_construction_core/models/support/p1_daily_business_visible_alias_fields.py:832-853,,,FORMAL_PRODUCT_REFERENCE,true,true,true,true,false,true,readonly_nonstored,buyer_id;requester_id;source_created_by;creator_name,source_created_by,A_MAPPED_TO_FORMAL_PRODUCT_FIELD,MAP_TO_EXISTING_FORMAL_FIELD,true,HIGH_GLOBAL_DEFINITION,FORMAL_CONTRACT_ALIAS_COUNT_ZERO,REMOVED_FROM_PRODUCT_PUBLICATION,runtime:sc.material.inbound.p1_visible_7588602fb22d;global_ir_model_fields;dynamic_get_view_injection;formal_runtime_field_resolved;literal_view_reference
sc.material.inbound,p1_visible_99f6fe6c41ad,attachment_ids;message_attachment_count,char,,,product runtime,addons/smart_construction_core/models/support/p1_daily_business_visible_alias_fields.py:832-853,,,FORMAL_PRODUCT_REFERENCE,true,true,true,true,false,true,readonly_nonstored,attachment_ids;biz_attachment_ids;tech_attachment_ids;message_attachment_count,attachment_ids;message_attachment_count,A_MAPPED_TO_FORMAL_PRODUCT_FIELD,MAP_TO_EXISTING_FORMAL_FIELD,true,HIGH_GLOBAL_DEFINITION,FORMAL_CONTRACT_ALIAS_COUNT_ZERO,REMOVED_FROM_PRODUCT_PUBLICATION,runtime:sc.material.inbound.p1_visible_99f6fe6c41ad;global_ir_model_fields;dynamic_get_view_injection;formal_runtime_field_resolved;literal_view_reference
sc.material.inbound,p1_visible_a22ecb7fab2f,payment_unpaid_amount,char,,,product runtime,addons/smart_construction_core/models/support/p1_daily_business_visible_alias_fields.py:832-853,,,FORMAL_PRODUCT_REFERENCE,true,true,true,true,false,true,readonly_nonstored,payment_unpaid_amount;unpaid_amount;amount,payment_unpaid_amount,A_MAPPED_TO_FORMAL_PRODUCT_FIELD,MAP_TO_EXISTING_FORMAL_FIELD,true,HIGH_GLOBAL_DEFINITION,FORMAL_CONTRACT_ALIAS_COUNT_ZERO,REMOVED_FROM_PRODUCT_PUBLICATION,runtime:sc.material.inbound.p1_visible_a22ecb7fab2f;global_ir_model_fields;dynamic_get_view_injection;formal_runtime_field_resolved;literal_view_reference
sc.material.inbound,p1_visible_ae142ac27fe4,settlement_settled_amount,char,,,product runtime,addons/smart_construction_core/models/support/p1_daily_business_visible_alias_fields.py:832-853,,,FORMAL_PRODUCT_REFERENCE,true,true,true,true,false,true,readonly_nonstored,settlement_settled_amount,settlement_settled_amount,A_MAPPED_TO_FORMAL_PRODUCT_FIELD,MAP_TO_EXISTING_FORMAL_FIELD,true,HIGH_GLOBAL_DEFINITION,FORMAL_CONTRACT_ALIAS_COUNT_ZERO,REMOVED_FROM_PRODUCT_PUBLICATION,runtime:sc.material.inbound.p1_visible_ae142ac27fe4;global_ir_model_fields;dynamic_get_view_injection;formal_runtime_field_resolved;literal_view_reference
sc.material.inbound,p1_visible_b6959bb111d9,state,char,,,product runtime,addons/smart_construction_core/models/support/p1_daily_business_visible_alias_fields.py:832-853,,,FORMAL_PRODUCT_REFERENCE,true,true,true,true,false,true,readonly_nonstored,payment_state;state,state,A_MAPPED_TO_FORMAL_PRODUCT_FIELD,MAP_TO_EXISTING_FORMAL_FIELD,true,HIGH_GLOBAL_DEFINITION,FORMAL_CONTRACT_ALIAS_COUNT_ZERO,REMOVED_FROM_PRODUCT_PUBLICATION,runtime:sc.material.inbound.p1_visible_b6959bb111d9;global_ir_model_fields;dynamic_get_view_injection;formal_runtime_field_resolved;literal_view_reference
sc.material.inbound,p1_visible_b9ae89319036,total_qty,char,,,product runtime,addons/smart_construction_core/models/support/p1_daily_business_visible_alias_fields.py:832-853,,,FORMAL_PRODUCT_REFERENCE,true,true,true,true,false,true,readonly_nonstored,total_qty;quantity;quantity_total,total_qty,A_MAPPED_TO_FORMAL_PRODUCT_FIELD,MAP_TO_EXISTING_FORMAL_FIELD,true,HIGH_GLOBAL_DEFINITION,FORMAL_CONTRACT_ALIAS_COUNT_ZERO,REMOVED_FROM_PRODUCT_PUBLICATION,runtime:sc.material.inbound.p1_visible_b9ae89319036;global_ir_model_fields;dynamic_get_view_injection;formal_runtime_field_resolved;literal_view_reference
sc.material.inbound,p1_visible_c73a8eab0d57,tax_included_amount;amount_total,char,,,product runtime,addons/smart_construction_core/models/support/p1_daily_business_visible_alias_fields.py:832-853,,,FORMAL_PRODUCT_REFERENCE,true,true,true,true,false,true,readonly_nonstored,tax_included_amount;amount_total;invoice_amount_total,tax_included_amount;amount_total,A_MAPPED_TO_FORMAL_PRODUCT_FIELD,MAP_TO_EXISTING_FORMAL_FIELD,true,HIGH_GLOBAL_DEFINITION,FORMAL_CONTRACT_ALIAS_COUNT_ZERO,REMOVED_FROM_PRODUCT_PUBLICATION,runtime:sc.material.inbound.p1_visible_c73a8eab0d57;global_ir_model_fields;dynamic_get_view_injection;formal_runtime_field_resolved;literal_view_reference
sc.material.inbound,p1_visible_cf44ec3f55f9,supplier_id,char,,,product runtime,addons/smart_construction_core/models/support/p1_daily_business_visible_alias_fields.py:832-853,,,FORMAL_PRODUCT_REFERENCE,true,true,true,true,false,true,readonly_nonstored,supplier_id;partner_id,supplier_id,A_MAPPED_TO_FORMAL_PRODUCT_FIELD,MAP_TO_EXISTING_FORMAL_FIELD,true,HIGH_GLOBAL_DEFINITION,FORMAL_CONTRACT_ALIAS_COUNT_ZERO,REMOVED_FROM_PRODUCT_PUBLICATION,runtime:sc.material.inbound.p1_visible_cf44ec3f55f9;global_ir_model_fields;dynamic_get_view_injection;formal_runtime_field_resolved;literal_view_reference
sc.material.inbound,p1_visible_d3ebd50d724b,payment_paid_amount,char,,,product runtime,addons/smart_construction_core/models/support/p1_daily_business_visible_alias_fields.py:832-853,,,FORMAL_PRODUCT_REFERENCE,true,true,true,true,false,true,readonly_nonstored,payment_paid_amount;paid_amount;paid_amount_total;amount,payment_paid_amount,A_MAPPED_TO_FORMAL_PRODUCT_FIELD,MAP_TO_EXISTING_FORMAL_FIELD,true,HIGH_GLOBAL_DEFINITION,FORMAL_CONTRACT_ALIAS_COUNT_ZERO,REMOVED_FROM_PRODUCT_PUBLICATION,runtime:sc.material.inbound.p1_visible_d3ebd50d724b;global_ir_model_fields;dynamic_get_view_injection;formal_runtime_field_resolved;literal_view_reference
sc.material.inbound,p1_visible_dfc25d77dc39,inbound_date;source_created_at,char,,,product runtime,addons/smart_construction_core/models/support/p1_daily_business_visible_alias_fields.py:832-853,,,FORMAL_PRODUCT_REFERENCE,true,true,true,true,false,true,readonly_nonstored,inbound_date;source_created_at;created_time,inbound_date;source_created_at,A_MAPPED_TO_FORMAL_PRODUCT_FIELD,MAP_TO_EXISTING_FORMAL_FIELD,true,HIGH_GLOBAL_DEFINITION,FORMAL_CONTRACT_ALIAS_COUNT_ZERO,REMOVED_FROM_PRODUCT_PUBLICATION,runtime:sc.material.inbound.p1_visible_dfc25d77dc39;global_ir_model_fields;dynamic_get_view_injection;formal_runtime_field_resolved;literal_view_reference
sc.material.inbound,p1_visible_ee6a4d9e2956,keeper_id;source_created_by,char,,,product runtime,addons/smart_construction_core/models/support/p1_daily_business_visible_alias_fields.py:832-853,,,FORMAL_PRODUCT_REFERENCE,true,true,true,true,false,true,readonly_nonstored,keeper_id;source_created_by;creator_name;requester_id;owner_id;handler_name,keeper_id;source_created_by,A_MAPPED_TO_FORMAL_PRODUCT_FIELD,MAP_TO_EXISTING_FORMAL_FIELD,true,HIGH_GLOBAL_DEFINITION,FORMAL_CONTRACT_ALIAS_COUNT_ZERO,REMOVED_FROM_PRODUCT_PUBLICATION,runtime:sc.material.inbound.p1_visible_ee6a4d9e2956;global_ir_model_fields;dynamic_get_view_injection;formal_runtime_field_resolved;literal_view_reference
sc.material.purchase.request,p1_visible_06fa8c6f628f,state,char,,,product runtime,addons/smart_construction_core/models/support/p1_daily_business_visible_alias_fields.py:832-853,,,FORMAL_PRODUCT_REFERENCE,true,true,true,true,false,true,readonly_nonstored,state;state_text,state,A_MAPPED_TO_FORMAL_PRODUCT_FIELD,MAP_TO_EXISTING_FORMAL_FIELD,true,HIGH_GLOBAL_DEFINITION,FORMAL_CONTRACT_ALIAS_COUNT_ZERO,REMOVED_FROM_PRODUCT_PUBLICATION,runtime:sc.material.purchase.request.p1_visible_06fa8c6f628f;global_ir_model_fields;dynamic_get_view_injection;formal_runtime_field_resolved;literal_view_reference
sc.material.purchase.request,p1_visible_17b341733b7b,name,char,,,product runtime,addons/smart_construction_core/models/support/p1_daily_business_visible_alias_fields.py:832-853,,,FORMAL_PRODUCT_REFERENCE,true,true,true,true,false,true,readonly_nonstored,contract_no;contract_id;name;document_no,name,A_MAPPED_TO_FORMAL_PRODUCT_FIELD,MAP_TO_EXISTING_FORMAL_FIELD,true,HIGH_GLOBAL_DEFINITION,FORMAL_CONTRACT_ALIAS_COUNT_ZERO,REMOVED_FROM_PRODUCT_PUBLICATION,runtime:sc.material.purchase.request.p1_visible_17b341733b7b;global_ir_model_fields;dynamic_get_view_injection;formal_runtime_field_resolved;literal_view_reference
sc.material.purchase.request,p1_visible_37d56ad493cf,tax_rate_text,char,,,product runtime,addons/smart_construction_core/models/support/p1_daily_business_visible_alias_fields.py:832-853,,,FORMAL_PRODUCT_REFERENCE,true,true,true,true,false,true,readonly_nonstored,tax_rate_text;tax_rate,tax_rate_text,A_MAPPED_TO_FORMAL_PRODUCT_FIELD,MAP_TO_EXISTING_FORMAL_FIELD,true,HIGH_GLOBAL_DEFINITION,FORMAL_CONTRACT_ALIAS_COUNT_ZERO,REMOVED_FROM_PRODUCT_PUBLICATION,runtime:sc.material.purchase.request.p1_visible_37d56ad493cf;global_ir_model_fields;dynamic_get_view_injection;formal_runtime_field_resolved;literal_view_reference
sc.material.purchase.request,p1_visible_3b652b9864d4,invoice_amount,char,,,product runtime,addons/smart_construction_core/models/support/p1_daily_business_visible_alias_fields.py:832-853,,,FORMAL_PRODUCT_REFERENCE,true,true,true,true,false,true,readonly_nonstored,invoice_amount;invoiced_amount,invoice_amount,A_MAPPED_TO_FORMAL_PRODUCT_FIELD,MAP_TO_EXISTING_FORMAL_FIELD,true,HIGH_GLOBAL_DEFINITION,FORMAL_CONTRACT_ALIAS_COUNT_ZERO,REMOVED_FROM_PRODUCT_PUBLICATION,runtime:sc.material.purchase.request.p1_visible_3b652b9864d4;global_ir_model_fields;dynamic_get_view_injection;formal_runtime_field_resolved;literal_view_reference
sc.material.purchase.request,p1_visible_3e7255522b33,project_id,char,,,product runtime,addons/smart_construction_core/models/support/p1_daily_business_visible_alias_fields.py:832-853,,,FORMAL_PRODUCT_REFERENCE,true,true,true,true,false,true,readonly_nonstored,project_id,project_id,A_MAPPED_TO_FORMAL_PRODUCT_FIELD,MAP_TO_EXISTING_FORMAL_FIELD,true,HIGH_GLOBAL_DEFINITION,FORMAL_CONTRACT_ALIAS_COUNT_ZERO,REMOVED_FROM_PRODUCT_PUBLICATION,runtime:sc.material.purchase.request.p1_visible_3e7255522b33;global_ir_model_fields;dynamic_get_view_injection;formal_runtime_field_resolved;literal_view_reference
sc.material.purchase.request,p1_visible_462c614de6c7,uninvoiced_amount,char,,,product runtime,addons/smart_construction_core/models/support/p1_daily_business_visible_alias_fields.py:832-853,,,FORMAL_PRODUCT_REFERENCE,true,true,true,true,false,true,readonly_nonstored,uninvoiced_amount,uninvoiced_amount,A_MAPPED_TO_FORMAL_PRODUCT_FIELD,MAP_TO_EXISTING_FORMAL_FIELD,true,HIGH_GLOBAL_DEFINITION,FORMAL_CONTRACT_ALIAS_COUNT_ZERO,REMOVED_FROM_PRODUCT_PUBLICATION,runtime:sc.material.purchase.request.p1_visible_462c614de6c7;global_ir_model_fields;dynamic_get_view_injection;formal_runtime_field_resolved;literal_view_reference
sc.material.purchase.request,p1_visible_703c9eb0f092,supplier_id,char,,,product runtime,addons/smart_construction_core/models/support/p1_daily_business_visible_alias_fields.py:832-853,,,FORMAL_PRODUCT_REFERENCE,true,true,true,true,false,true,readonly_nonstored,supplier_id;selected_supplier_id;partner_id,supplier_id,A_MAPPED_TO_FORMAL_PRODUCT_FIELD,MAP_TO_EXISTING_FORMAL_FIELD,true,HIGH_GLOBAL_DEFINITION,FORMAL_CONTRACT_ALIAS_COUNT_ZERO,REMOVED_FROM_PRODUCT_PUBLICATION,runtime:sc.material.purchase.request.p1_visible_703c9eb0f092;global_ir_model_fields;dynamic_get_view_injection;formal_runtime_field_resolved;literal_view_reference
sc.material.purchase.request,p1_visible_748d7dc7e321,name,char,,,product runtime,addons/smart_construction_core/models/support/p1_daily_business_visible_alias_fields.py:832-853,,,FORMAL_PRODUCT_REFERENCE,true,true,true,true,false,true,readonly_nonstored,title;name,name,A_MAPPED_TO_FORMAL_PRODUCT_FIELD,MAP_TO_EXISTING_FORMAL_FIELD,true,HIGH_GLOBAL_DEFINITION,FORMAL_CONTRACT_ALIAS_COUNT_ZERO,REMOVED_FROM_PRODUCT_PUBLICATION,runtime:sc.material.purchase.request.p1_visible_748d7dc7e321;global_ir_model_fields;dynamic_get_view_injection;formal_runtime_field_resolved;literal_view_reference
sc.material.purchase.request,p1_visible_824168a11b21,amount_total,char,,,product runtime,addons/smart_construction_core/models/support/p1_daily_business_visible_alias_fields.py:832-853,,,FORMAL_PRODUCT_REFERENCE,true,true,true,true,false,true,readonly_nonstored,amount_total;amount,amount_total,A_MAPPED_TO_FORMAL_PRODUCT_FIELD,MAP_TO_EXISTING_FORMAL_FIELD,true,HIGH_GLOBAL_DEFINITION,FORMAL_CONTRACT_ALIAS_COUNT_ZERO,REMOVED_FROM_PRODUCT_PUBLICATION,runtime:sc.material.purchase.request.p1_visible_824168a11b21;global_ir_model_fields;dynamic_get_view_injection;formal_runtime_field_resolved;literal_view_reference
sc.material.purchase.request,p1_visible_99f6fe6c41ad,attachment_ids;message_attachment_count,char,,,product runtime,addons/smart_construction_core/models/support/p1_daily_business_visible_alias_fields.py:832-853,,,FORMAL_PRODUCT_REFERENCE,true,true,true,true,false,true,readonly_nonstored,attachment_ids;biz_attachment_ids;tech_attachment_ids;message_attachment_count,attachment_ids;message_attachment_count,A_MAPPED_TO_FORMAL_PRODUCT_FIELD,MAP_TO_EXISTING_FORMAL_FIELD,true,HIGH_GLOBAL_DEFINITION,FORMAL_CONTRACT_ALIAS_COUNT_ZERO,REMOVED_FROM_PRODUCT_PUBLICATION,runtime:sc.material.purchase.request.p1_visible_99f6fe6c41ad;global_ir_model_fields;dynamic_get_view_injection;formal_runtime_field_resolved;literal_view_reference
sc.material.purchase.request,p1_visible_a22ecb7fab2f,payment_unpaid_amount,char,,,product runtime,addons/smart_construction_core/models/support/p1_daily_business_visible_alias_fields.py:832-853,,,FORMAL_PRODUCT_REFERENCE,true,true,true,true,false,true,readonly_nonstored,payment_unpaid_amount;unpaid_amount;amount,payment_unpaid_amount,A_MAPPED_TO_FORMAL_PRODUCT_FIELD,MAP_TO_EXISTING_FORMAL_FIELD,true,HIGH_GLOBAL_DEFINITION,FORMAL_CONTRACT_ALIAS_COUNT_ZERO,REMOVED_FROM_PRODUCT_PUBLICATION,runtime:sc.material.purchase.request.p1_visible_a22ecb7fab2f;global_ir_model_fields;dynamic_get_view_injection;formal_runtime_field_resolved;literal_view_reference
sc.material.purchase.request,p1_visible_d3ebd50d724b,payment_paid_amount,char,,,product runtime,addons/smart_construction_core/models/support/p1_daily_business_visible_alias_fields.py:832-853,,,FORMAL_PRODUCT_REFERENCE,true,true,true,true,false,true,readonly_nonstored,payment_paid_amount;paid_amount;paid_amount_total;amount,payment_paid_amount,A_MAPPED_TO_FORMAL_PRODUCT_FIELD,MAP_TO_EXISTING_FORMAL_FIELD,true,HIGH_GLOBAL_DEFINITION,FORMAL_CONTRACT_ALIAS_COUNT_ZERO,REMOVED_FROM_PRODUCT_PUBLICATION,runtime:sc.material.purchase.request.p1_visible_d3ebd50d724b;global_ir_model_fields;dynamic_get_view_injection;formal_runtime_field_resolved;literal_view_reference
sc.material.purchase.request,p1_visible_dfc25d77dc39,request_date;source_created_at,char,,,product runtime,addons/smart_construction_core/models/support/p1_daily_business_visible_alias_fields.py:832-853,,,FORMAL_PRODUCT_REFERENCE,true,true,true,true,false,true,readonly_nonstored,request_date;source_created_at;created_time,request_date;source_created_at,A_MAPPED_TO_FORMAL_PRODUCT_FIELD,MAP_TO_EXISTING_FORMAL_FIELD,true,HIGH_GLOBAL_DEFINITION,FORMAL_CONTRACT_ALIAS_COUNT_ZERO,REMOVED_FROM_PRODUCT_PUBLICATION,runtime:sc.material.purchase.request.p1_visible_dfc25d77dc39;global_ir_model_fields;dynamic_get_view_injection;formal_runtime_field_resolved;literal_view_reference
sc.material.purchase.request,p1_visible_ee6a4d9e2956,source_created_by;requester_id,char,,,product runtime,addons/smart_construction_core/models/support/p1_daily_business_visible_alias_fields.py:832-853,,,FORMAL_PRODUCT_REFERENCE,true,true,true,true,false,true,readonly_nonstored,source_created_by;creator_name;requester_id;owner_id;handler_name,source_created_by;requester_id,A_MAPPED_TO_FORMAL_PRODUCT_FIELD,MAP_TO_EXISTING_FORMAL_FIELD,true,HIGH_GLOBAL_DEFINITION,FORMAL_CONTRACT_ALIAS_COUNT_ZERO,REMOVED_FROM_PRODUCT_PUBLICATION,runtime:sc.material.purchase.request.p1_visible_ee6a4d9e2956;global_ir_model_fields;dynamic_get_view_injection;formal_runtime_field_resolved;literal_view_reference
sc.material.purchase.request,p1_visible_fb3fb348357f,project_id,char,,,product runtime,addons/smart_construction_core/models/support/p1_daily_business_visible_alias_fields.py:832-853,,,FORMAL_PRODUCT_REFERENCE,true,true,true,true,false,true,readonly_nonstored,company_id;project_id,project_id,A_MAPPED_TO_FORMAL_PRODUCT_FIELD,MAP_TO_EXISTING_FORMAL_FIELD,true,HIGH_GLOBAL_DEFINITION,FORMAL_CONTRACT_ALIAS_COUNT_ZERO,REMOVED_FROM_PRODUCT_PUBLICATION,runtime:sc.material.purchase.request.p1_visible_fb3fb348357f;global_ir_model_fields;dynamic_get_view_injection;formal_runtime_field_resolved;literal_view_reference
sc.material.rental.order,p1_visible_06fa8c6f628f,state,char,,,product runtime,addons/smart_construction_core/models/support/p1_daily_business_visible_alias_fields.py:832-853,,,FORMAL_PRODUCT_REFERENCE,true,true,true,true,false,true,readonly_nonstored,state;state_text,state,A_MAPPED_TO_FORMAL_PRODUCT_FIELD,MAP_TO_EXISTING_FORMAL_FIELD,true,HIGH_GLOBAL_DEFINITION,FORMAL_CONTRACT_ALIAS_COUNT_ZERO,REMOVED_FROM_PRODUCT_PUBLICATION,runtime:sc.material.rental.order.p1_visible_06fa8c6f628f;global_ir_model_fields;dynamic_get_view_injection;formal_runtime_field_resolved;literal_view_reference
sc.material.rental.order,p1_visible_0b370511a765,rental_unit_price_text,char,,,product runtime,addons/smart_construction_core/models/support/p1_daily_business_visible_alias_fields.py:832-853,,,FORMAL_PRODUCT_REFERENCE,true,true,true,true,false,true,readonly_nonstored,rental_unit_price_text;price_unit,rental_unit_price_text,A_MAPPED_TO_FORMAL_PRODUCT_FIELD,MAP_TO_EXISTING_FORMAL_FIELD,true,HIGH_GLOBAL_DEFINITION,FORMAL_CONTRACT_ALIAS_COUNT_ZERO,REMOVED_FROM_PRODUCT_PUBLICATION,runtime:sc.material.rental.order.p1_visible_0b370511a765;global_ir_model_fields;dynamic_get_view_injection;formal_runtime_field_resolved;literal_view_reference
sc.material.rental.order,p1_visible_139909c2662e,account_holder,char,,,product runtime,addons/smart_construction_core/models/support/p1_daily_business_visible_alias_fields.py:832-853,,,FORMAL_PRODUCT_REFERENCE,true,true,true,true,false,true,readonly_nonstored,account_holder;payment_account_name;receipt_account_name,account_holder,A_MAPPED_TO_FORMAL_PRODUCT_FIELD,MAP_TO_EXISTING_FORMAL_FIELD,true,HIGH_GLOBAL_DEFINITION,FORMAL_CONTRACT_ALIAS_COUNT_ZERO,REMOVED_FROM_PRODUCT_PUBLICATION,runtime:sc.material.rental.order.p1_visible_139909c2662e;global_ir_model_fields;dynamic_get_view_injection;formal_runtime_field_resolved;literal_view_reference
sc.material.rental.order,p1_visible_17b341733b7b,contract_id;name,char,,,product runtime,addons/smart_construction_core/models/support/p1_daily_business_visible_alias_fields.py:832-853,,,FORMAL_PRODUCT_REFERENCE,true,true,true,true,false,true,readonly_nonstored,contract_id;contract_no;name;document_no,contract_id;name,A_MAPPED_TO_FORMAL_PRODUCT_FIELD,MAP_TO_EXISTING_FORMAL_FIELD,true,HIGH_GLOBAL_DEFINITION,FORMAL_CONTRACT_ALIAS_COUNT_ZERO,REMOVED_FROM_PRODUCT_PUBLICATION,runtime:sc.material.rental.order.p1_visible_17b341733b7b;global_ir_model_fields;dynamic_get_view_injection;formal_runtime_field_resolved;literal_view_reference
sc.material.rental.order,p1_visible_1e62803e196c,rental_date,char,,,product runtime,addons/smart_construction_core/models/support/p1_daily_business_visible_alias_fields.py:832-853,,,FORMAL_PRODUCT_REFERENCE,true,true,true,true,false,true,readonly_nonstored,rental_date;document_date;date_request;request_date;settlement_date;snapshot_date;date_diary;inbound_date;outbound_date,rental_date,A_MAPPED_TO_FORMAL_PRODUCT_FIELD,MAP_TO_EXISTING_FORMAL_FIELD,true,HIGH_GLOBAL_DEFINITION,FORMAL_CONTRACT_ALIAS_COUNT_ZERO,REMOVED_FROM_PRODUCT_PUBLICATION,runtime:sc.material.rental.order.p1_visible_1e62803e196c;global_ir_model_fields;dynamic_get_view_injection;formal_runtime_field_resolved;literal_view_reference
sc.material.rental.order,p1_visible_3b652b9864d4,invoiced_amount_text,char,,,product runtime,addons/smart_construction_core/models/support/p1_daily_business_visible_alias_fields.py:832-853,,,FORMAL_PRODUCT_REFERENCE,true,true,true,true,false,true,readonly_nonstored,invoiced_amount_text;invoice_amount;invoiced_amount,invoiced_amount_text,A_MAPPED_TO_FORMAL_PRODUCT_FIELD,MAP_TO_EXISTING_FORMAL_FIELD,true,HIGH_GLOBAL_DEFINITION,FORMAL_CONTRACT_ALIAS_COUNT_ZERO,REMOVED_FROM_PRODUCT_PUBLICATION,runtime:sc.material.rental.order.p1_visible_3b652b9864d4;global_ir_model_fields;dynamic_get_view_injection;formal_runtime_field_resolved;literal_view_reference
sc.material.rental.order,p1_visible_3c6524d108d5,rental_deposit_amount_text,char,,,product runtime,addons/smart_construction_core/models/support/p1_daily_business_visible_alias_fields.py:832-853,,,FORMAL_PRODUCT_REFERENCE,true,true,true,true,false,true,readonly_nonstored,rental_deposit_amount_text;deposit_amount,rental_deposit_amount_text,A_MAPPED_TO_FORMAL_PRODUCT_FIELD,MAP_TO_EXISTING_FORMAL_FIELD,true,HIGH_GLOBAL_DEFINITION,FORMAL_CONTRACT_ALIAS_COUNT_ZERO,REMOVED_FROM_PRODUCT_PUBLICATION,runtime:sc.material.rental.order.p1_visible_3c6524d108d5;global_ir_model_fields;dynamic_get_view_injection;formal_runtime_field_resolved;literal_view_reference
sc.material.rental.order,p1_visible_3e7255522b33,project_id,char,,,product runtime,addons/smart_construction_core/models/support/p1_daily_business_visible_alias_fields.py:832-853,,,FORMAL_PRODUCT_REFERENCE,true,true,true,true,false,true,readonly_nonstored,project_id,project_id,A_MAPPED_TO_FORMAL_PRODUCT_FIELD,MAP_TO_EXISTING_FORMAL_FIELD,true,HIGH_GLOBAL_DEFINITION,FORMAL_CONTRACT_ALIAS_COUNT_ZERO,REMOVED_FROM_PRODUCT_PUBLICATION,runtime:sc.material.rental.order.p1_visible_3e7255522b33;global_ir_model_fields;dynamic_get_view_injection;formal_runtime_field_resolved;literal_view_reference
sc.material.rental.order,p1_visible_3ec01dd569e2,name,char,,,product runtime,addons/smart_construction_core/models/support/p1_daily_business_visible_alias_fields.py:832-853,,,FORMAL_PRODUCT_REFERENCE,true,true,true,true,false,true,readonly_nonstored,name;title,name,A_MAPPED_TO_FORMAL_PRODUCT_FIELD,MAP_TO_EXISTING_FORMAL_FIELD,true,HIGH_GLOBAL_DEFINITION,FORMAL_CONTRACT_ALIAS_COUNT_ZERO,REMOVED_FROM_PRODUCT_PUBLICATION,runtime:sc.material.rental.order.p1_visible_3ec01dd569e2;global_ir_model_fields;dynamic_get_view_injection;formal_runtime_field_resolved;literal_view_reference
sc.material.rental.order,p1_visible_43f2759419f3,project_id,char,,,product runtime,addons/smart_construction_core/models/support/p1_daily_business_visible_alias_fields.py:832-853,,,FORMAL_PRODUCT_REFERENCE,true,true,true,true,false,true,readonly_nonstored,receiver_id;project_id,project_id,A_MAPPED_TO_FORMAL_PRODUCT_FIELD,MAP_TO_EXISTING_FORMAL_FIELD,true,HIGH_GLOBAL_DEFINITION,FORMAL_CONTRACT_ALIAS_COUNT_ZERO,REMOVED_FROM_PRODUCT_PUBLICATION,runtime:sc.material.rental.order.p1_visible_43f2759419f3;global_ir_model_fields;dynamic_get_view_injection;formal_runtime_field_resolved;literal_view_reference
sc.material.rental.order,p1_visible_462c614de6c7,uninvoiced_amount_text,char,,,product runtime,addons/smart_construction_core/models/support/p1_daily_business_visible_alias_fields.py:832-853,,,FORMAL_PRODUCT_REFERENCE,true,true,true,true,false,true,readonly_nonstored,uninvoiced_amount_text;uninvoiced_amount,uninvoiced_amount_text,A_MAPPED_TO_FORMAL_PRODUCT_FIELD,MAP_TO_EXISTING_FORMAL_FIELD,true,HIGH_GLOBAL_DEFINITION,FORMAL_CONTRACT_ALIAS_COUNT_ZERO,REMOVED_FROM_PRODUCT_PUBLICATION,runtime:sc.material.rental.order.p1_visible_462c614de6c7;global_ir_model_fields;dynamic_get_view_injection;formal_runtime_field_resolved;literal_view_reference
sc.material.rental.order,p1_visible_48a64eb40c71,bank_name,char,,,product runtime,addons/smart_construction_core/models/support/p1_daily_business_visible_alias_fields.py:832-853,,,FORMAL_PRODUCT_REFERENCE,true,true,true,true,false,true,readonly_nonstored,payment_bank_name;receipt_bank_name;partner_bank_name;bank_name,bank_name,A_MAPPED_TO_FORMAL_PRODUCT_FIELD,MAP_TO_EXISTING_FORMAL_FIELD,true,HIGH_GLOBAL_DEFINITION,FORMAL_CONTRACT_ALIAS_COUNT_ZERO,REMOVED_FROM_PRODUCT_PUBLICATION,runtime:sc.material.rental.order.p1_visible_48a64eb40c71;global_ir_model_fields;dynamic_get_view_injection;formal_runtime_field_resolved;literal_view_reference
sc.material.rental.order,p1_visible_567b97eff5bc,rental_material_name,char,,,product runtime,addons/smart_construction_core/models/support/p1_daily_business_visible_alias_fields.py:832-853,,,FORMAL_PRODUCT_REFERENCE,true,true,true,true,false,true,readonly_nonstored,rental_material_name;material_name_summary;material_name;product_id,rental_material_name,A_MAPPED_TO_FORMAL_PRODUCT_FIELD,MAP_TO_EXISTING_FORMAL_FIELD,true,HIGH_GLOBAL_DEFINITION,FORMAL_CONTRACT_ALIAS_COUNT_ZERO,REMOVED_FROM_PRODUCT_PUBLICATION,runtime:sc.material.rental.order.p1_visible_567b97eff5bc;global_ir_model_fields;dynamic_get_view_injection;formal_runtime_field_resolved;literal_view_reference
sc.material.rental.order,p1_visible_62e951a692ff,state,char,,,product runtime,addons/smart_construction_core/models/support/p1_daily_business_visible_alias_fields.py:832-853,,,FORMAL_PRODUCT_REFERENCE,true,true,true,true,false,true,readonly_nonstored,state,state,A_MAPPED_TO_FORMAL_PRODUCT_FIELD,MAP_TO_EXISTING_FORMAL_FIELD,true,HIGH_GLOBAL_DEFINITION,FORMAL_CONTRACT_ALIAS_COUNT_ZERO,REMOVED_FROM_PRODUCT_PUBLICATION,runtime:sc.material.rental.order.p1_visible_62e951a692ff;global_ir_model_fields;dynamic_get_view_injection;formal_runtime_field_resolved
sc.material.rental.order,p1_visible_6a92ad6d5d73,rental_material_spec,char,,,product runtime,addons/smart_construction_core/models/support/p1_daily_business_visible_alias_fields.py:832-853,,,FORMAL_PRODUCT_REFERENCE,true,true,true,true,false,true,readonly_nonstored,rental_material_spec;material_spec_summary;material_spec;specification,rental_material_spec,A_MAPPED_TO_FORMAL_PRODUCT_FIELD,MAP_TO_EXISTING_FORMAL_FIELD,true,HIGH_GLOBAL_DEFINITION,FORMAL_CONTRACT_ALIAS_COUNT_ZERO,REMOVED_FROM_PRODUCT_PUBLICATION,runtime:sc.material.rental.order.p1_visible_6a92ad6d5d73;global_ir_model_fields;dynamic_get_view_injection;formal_runtime_field_resolved;literal_view_reference
sc.material.rental.order,p1_visible_7c5dccd62b11,amount_total,char,,,product runtime,addons/smart_construction_core/models/support/p1_daily_business_visible_alias_fields.py:832-853,,,FORMAL_PRODUCT_REFERENCE,true,true,true,true,false,true,readonly_nonstored,amount_total;amount,amount_total,A_MAPPED_TO_FORMAL_PRODUCT_FIELD,MAP_TO_EXISTING_FORMAL_FIELD,true,HIGH_GLOBAL_DEFINITION,FORMAL_CONTRACT_ALIAS_COUNT_ZERO,REMOVED_FROM_PRODUCT_PUBLICATION,runtime:sc.material.rental.order.p1_visible_7c5dccd62b11;global_ir_model_fields;dynamic_get_view_injection;formal_runtime_field_resolved;literal_view_reference
sc.material.rental.order,p1_visible_824168a11b21,amount_total,char,,,product runtime,addons/smart_construction_core/models/support/p1_daily_business_visible_alias_fields.py:832-853,,,FORMAL_PRODUCT_REFERENCE,true,true,true,true,false,true,readonly_nonstored,amount_total;amount,amount_total,A_MAPPED_TO_FORMAL_PRODUCT_FIELD,MAP_TO_EXISTING_FORMAL_FIELD,true,HIGH_GLOBAL_DEFINITION,FORMAL_CONTRACT_ALIAS_COUNT_ZERO,REMOVED_FROM_PRODUCT_PUBLICATION,runtime:sc.material.rental.order.p1_visible_824168a11b21;global_ir_model_fields;dynamic_get_view_injection;formal_runtime_field_resolved;literal_view_reference
sc.material.rental.order,p1_visible_8fa8662ad38f,name,char,,,product runtime,addons/smart_construction_core/models/support/p1_daily_business_visible_alias_fields.py:832-853,,,FORMAL_PRODUCT_REFERENCE,true,true,true,true,false,true,readonly_nonstored,name;document_no,name,A_MAPPED_TO_FORMAL_PRODUCT_FIELD,MAP_TO_EXISTING_FORMAL_FIELD,true,HIGH_GLOBAL_DEFINITION,FORMAL_CONTRACT_ALIAS_COUNT_ZERO,REMOVED_FROM_PRODUCT_PUBLICATION,runtime:sc.material.rental.order.p1_visible_8fa8662ad38f;global_ir_model_fields;dynamic_get_view_injection;formal_runtime_field_resolved;literal_view_reference
sc.material.rental.order,p1_visible_99f6fe6c41ad,message_attachment_count,char,,,product runtime,addons/smart_construction_core/models/support/p1_daily_business_visible_alias_fields.py:832-853,,,FORMAL_PRODUCT_REFERENCE,true,true,true,true,false,true,readonly_nonstored,attachment_ids;biz_attachment_ids;tech_attachment_ids;message_attachment_count,message_attachment_count,A_MAPPED_TO_FORMAL_PRODUCT_FIELD,MAP_TO_EXISTING_FORMAL_FIELD,true,HIGH_GLOBAL_DEFINITION,FORMAL_CONTRACT_ALIAS_COUNT_ZERO,REMOVED_FROM_PRODUCT_PUBLICATION,runtime:sc.material.rental.order.p1_visible_99f6fe6c41ad;global_ir_model_fields;dynamic_get_view_injection;formal_runtime_field_resolved;literal_view_reference
sc.material.rental.order,p1_visible_a22ecb7fab2f,unpaid_amount_text,char,,,product runtime,addons/smart_construction_core/models/support/p1_daily_business_visible_alias_fields.py:832-853,,,FORMAL_PRODUCT_REFERENCE,true,true,true,true,false,true,readonly_nonstored,unpaid_amount_text;unpaid_amount;amount,unpaid_amount_text,A_MAPPED_TO_FORMAL_PRODUCT_FIELD,MAP_TO_EXISTING_FORMAL_FIELD,true,HIGH_GLOBAL_DEFINITION,FORMAL_CONTRACT_ALIAS_COUNT_ZERO,REMOVED_FROM_PRODUCT_PUBLICATION,runtime:sc.material.rental.order.p1_visible_a22ecb7fab2f;global_ir_model_fields;dynamic_get_view_injection;formal_runtime_field_resolved;literal_view_reference
sc.material.rental.order,p1_visible_a2cf2d1a84c3,supplier_id;owner_id,char,,,product runtime,addons/smart_construction_core/models/support/p1_daily_business_visible_alias_fields.py:832-853,,,FORMAL_PRODUCT_REFERENCE,true,true,true,true,false,true,readonly_nonstored,supplier_id;partner_id;owner_id;subcontractor_id,supplier_id;owner_id,A_MAPPED_TO_FORMAL_PRODUCT_FIELD,MAP_TO_EXISTING_FORMAL_FIELD,true,HIGH_GLOBAL_DEFINITION,FORMAL_CONTRACT_ALIAS_COUNT_ZERO,REMOVED_FROM_PRODUCT_PUBLICATION,runtime:sc.material.rental.order.p1_visible_a2cf2d1a84c3;global_ir_model_fields;dynamic_get_view_injection;formal_runtime_field_resolved;literal_view_reference
sc.material.rental.order,p1_visible_b9ae89319036,rental_quantity_text,char,,,product runtime,addons/smart_construction_core/models/support/p1_daily_business_visible_alias_fields.py:832-853,,,FORMAL_PRODUCT_REFERENCE,true,true,true,true,false,true,readonly_nonstored,rental_quantity_text;quantity;quantity_total,rental_quantity_text,A_MAPPED_TO_FORMAL_PRODUCT_FIELD,MAP_TO_EXISTING_FORMAL_FIELD,true,HIGH_GLOBAL_DEFINITION,FORMAL_CONTRACT_ALIAS_COUNT_ZERO,REMOVED_FROM_PRODUCT_PUBLICATION,runtime:sc.material.rental.order.p1_visible_b9ae89319036;global_ir_model_fields;dynamic_get_view_injection;formal_runtime_field_resolved;literal_view_reference
sc.material.rental.order,p1_visible_c88947435308,contract_sign_date_text,char,,,product runtime,addons/smart_construction_core/models/support/p1_daily_business_visible_alias_fields.py:832-853,,,FORMAL_PRODUCT_REFERENCE,true,true,true,true,false,true,readonly_nonstored,contract_sign_date_text;sign_date;contract_date;request_date,contract_sign_date_text,A_MAPPED_TO_FORMAL_PRODUCT_FIELD,MAP_TO_EXISTING_FORMAL_FIELD,true,HIGH_GLOBAL_DEFINITION,FORMAL_CONTRACT_ALIAS_COUNT_ZERO,REMOVED_FROM_PRODUCT_PUBLICATION,runtime:sc.material.rental.order.p1_visible_c88947435308;global_ir_model_fields;dynamic_get_view_injection;formal_runtime_field_resolved;literal_view_reference
sc.material.rental.order,p1_visible_d1d932d7d9f5,note;line_ids,char,,,product runtime,addons/smart_construction_core/models/support/p1_daily_business_visible_alias_fields.py:832-853,,,FORMAL_PRODUCT_REFERENCE,true,true,true,true,false,true,readonly_nonstored,note;description;line_ids,note;line_ids,A_MAPPED_TO_FORMAL_PRODUCT_FIELD,MAP_TO_EXISTING_FORMAL_FIELD,true,HIGH_GLOBAL_DEFINITION,FORMAL_CONTRACT_ALIAS_COUNT_ZERO,REMOVED_FROM_PRODUCT_PUBLICATION,runtime:sc.material.rental.order.p1_visible_d1d932d7d9f5;global_ir_model_fields;dynamic_get_view_injection;formal_runtime_field_resolved;literal_view_reference
sc.material.rental.order,p1_visible_d3ebd50d724b,paid_amount_text,char,,,product runtime,addons/smart_construction_core/models/support/p1_daily_business_visible_alias_fields.py:832-853,,,FORMAL_PRODUCT_REFERENCE,true,true,true,true,false,true,readonly_nonstored,paid_amount_text;paid_amount;paid_amount_total;amount,paid_amount_text,A_MAPPED_TO_FORMAL_PRODUCT_FIELD,MAP_TO_EXISTING_FORMAL_FIELD,true,HIGH_GLOBAL_DEFINITION,FORMAL_CONTRACT_ALIAS_COUNT_ZERO,REMOVED_FROM_PRODUCT_PUBLICATION,runtime:sc.material.rental.order.p1_visible_d3ebd50d724b;global_ir_model_fields;dynamic_get_view_injection;formal_runtime_field_resolved;literal_view_reference
sc.material.rental.order,p1_visible_dfc25d77dc39,source_created_at,char,,,product runtime,addons/smart_construction_core/models/support/p1_daily_business_visible_alias_fields.py:832-853,,,FORMAL_PRODUCT_REFERENCE,true,true,true,true,false,true,readonly_nonstored,created_time;source_created_at,source_created_at,A_MAPPED_TO_FORMAL_PRODUCT_FIELD,MAP_TO_EXISTING_FORMAL_FIELD,true,HIGH_GLOBAL_DEFINITION,FORMAL_CONTRACT_ALIAS_COUNT_ZERO,REMOVED_FROM_PRODUCT_PUBLICATION,runtime:sc.material.rental.order.p1_visible_dfc25d77dc39;global_ir_model_fields;dynamic_get_view_injection;formal_runtime_field_resolved;literal_view_reference
sc.material.rental.order,p1_visible_e0361480e3a5,note,char,,,product runtime,addons/smart_construction_core/models/support/p1_daily_business_visible_alias_fields.py:832-853,,,FORMAL_PRODUCT_REFERENCE,true,true,true,true,false,true,readonly_nonstored,note;purpose;description;remark,note,A_MAPPED_TO_FORMAL_PRODUCT_FIELD,MAP_TO_EXISTING_FORMAL_FIELD,true,HIGH_GLOBAL_DEFINITION,FORMAL_CONTRACT_ALIAS_COUNT_ZERO,REMOVED_FROM_PRODUCT_PUBLICATION,runtime:sc.material.rental.order.p1_visible_e0361480e3a5;global_ir_model_fields;dynamic_get_view_injection;formal_runtime_field_resolved;literal_view_reference
sc.material.rental.order,p1_visible_ecaf440fd399,bank_account,char,,,product runtime,addons/smart_construction_core/models/support/p1_daily_business_visible_alias_fields.py:832-853,,,FORMAL_PRODUCT_REFERENCE,true,true,true,true,false,true,readonly_nonstored,account_no;bank_account,bank_account,A_MAPPED_TO_FORMAL_PRODUCT_FIELD,MAP_TO_EXISTING_FORMAL_FIELD,true,HIGH_GLOBAL_DEFINITION,FORMAL_CONTRACT_ALIAS_COUNT_ZERO,REMOVED_FROM_PRODUCT_PUBLICATION,runtime:sc.material.rental.order.p1_visible_ecaf440fd399;global_ir_model_fields;dynamic_get_view_injection;formal_runtime_field_resolved;literal_view_reference
sc.material.rental.order,p1_visible_ee6a4d9e2956,source_created_by;owner_id,char,,,product runtime,addons/smart_construction_core/models/support/p1_daily_business_visible_alias_fields.py:832-853,,,FORMAL_PRODUCT_REFERENCE,true,true,true,true,false,true,readonly_nonstored,creator_name;source_created_by;requester_id;owner_id;handler_name,source_created_by;owner_id,A_MAPPED_TO_FORMAL_PRODUCT_FIELD,MAP_TO_EXISTING_FORMAL_FIELD,true,HIGH_GLOBAL_DEFINITION,FORMAL_CONTRACT_ALIAS_COUNT_ZERO,REMOVED_FROM_PRODUCT_PUBLICATION,runtime:sc.material.rental.order.p1_visible_ee6a4d9e2956;global_ir_model_fields;dynamic_get_view_injection;formal_runtime_field_resolved;literal_view_reference
sc.material.rental.settlement,p1_visible_06fa8c6f628f,state,char,,,product runtime,addons/smart_construction_core/models/support/p1_daily_business_visible_alias_fields.py:832-853,,,FORMAL_PRODUCT_REFERENCE,true,true,true,true,false,true,readonly_nonstored,state;state_text,state,A_MAPPED_TO_FORMAL_PRODUCT_FIELD,MAP_TO_EXISTING_FORMAL_FIELD,true,HIGH_GLOBAL_DEFINITION,FORMAL_CONTRACT_ALIAS_COUNT_ZERO,REMOVED_FROM_PRODUCT_PUBLICATION,runtime:sc.material.rental.settlement.p1_visible_06fa8c6f628f;global_ir_model_fields;dynamic_get_view_injection;formal_runtime_field_resolved;literal_view_reference
sc.material.rental.settlement,p1_visible_36cae65ab40a,supplier_id,char,,,product runtime,addons/smart_construction_core/models/support/p1_daily_business_visible_alias_fields.py:832-853,,,FORMAL_PRODUCT_REFERENCE,true,true,true,true,false,true,readonly_nonstored,settlement_unit_id;supplier_id;contractor_id;subcontractor_id;partner_id,supplier_id,A_MAPPED_TO_FORMAL_PRODUCT_FIELD,MAP_TO_EXISTING_FORMAL_FIELD,true,HIGH_GLOBAL_DEFINITION,FORMAL_CONTRACT_ALIAS_COUNT_ZERO,REMOVED_FROM_PRODUCT_PUBLICATION,runtime:sc.material.rental.settlement.p1_visible_36cae65ab40a;global_ir_model_fields;dynamic_get_view_injection;formal_runtime_field_resolved;literal_view_reference
sc.material.rental.settlement,p1_visible_3e7255522b33,project_id,char,,,product runtime,addons/smart_construction_core/models/support/p1_daily_business_visible_alias_fields.py:832-853,,,FORMAL_PRODUCT_REFERENCE,true,true,true,true,false,true,readonly_nonstored,project_id,project_id,A_MAPPED_TO_FORMAL_PRODUCT_FIELD,MAP_TO_EXISTING_FORMAL_FIELD,true,HIGH_GLOBAL_DEFINITION,FORMAL_CONTRACT_ALIAS_COUNT_ZERO,REMOVED_FROM_PRODUCT_PUBLICATION,runtime:sc.material.rental.settlement.p1_visible_3e7255522b33;global_ir_model_fields;dynamic_get_view_injection;formal_runtime_field_resolved;literal_view_reference
sc.material.rental.settlement,p1_visible_8fa8662ad38f,name,char,,,product runtime,addons/smart_construction_core/models/support/p1_daily_business_visible_alias_fields.py:832-853,,,FORMAL_PRODUCT_REFERENCE,true,true,true,true,false,true,readonly_nonstored,document_no;name,name,A_MAPPED_TO_FORMAL_PRODUCT_FIELD,MAP_TO_EXISTING_FORMAL_FIELD,true,HIGH_GLOBAL_DEFINITION,FORMAL_CONTRACT_ALIAS_COUNT_ZERO,REMOVED_FROM_PRODUCT_PUBLICATION,runtime:sc.material.rental.settlement.p1_visible_8fa8662ad38f;global_ir_model_fields;dynamic_get_view_injection;formal_runtime_field_resolved;literal_view_reference
sc.material.rental.settlement,p1_visible_99f6fe6c41ad,message_attachment_count,char,,,product runtime,addons/smart_construction_core/models/support/p1_daily_business_visible_alias_fields.py:832-853,,,FORMAL_PRODUCT_REFERENCE,true,true,true,true,false,true,readonly_nonstored,attachment_ids;biz_attachment_ids;tech_attachment_ids;message_attachment_count,message_attachment_count,A_MAPPED_TO_FORMAL_PRODUCT_FIELD,MAP_TO_EXISTING_FORMAL_FIELD,true,HIGH_GLOBAL_DEFINITION,FORMAL_CONTRACT_ALIAS_COUNT_ZERO,REMOVED_FROM_PRODUCT_PUBLICATION,runtime:sc.material.rental.settlement.p1_visible_99f6fe6c41ad;global_ir_model_fields;dynamic_get_view_injection;formal_runtime_field_resolved;literal_view_reference
sc.material.rental.settlement,p1_visible_dfc25d77dc39,settlement_date;source_created_at,char,,,product runtime,addons/smart_construction_core/models/support/p1_daily_business_visible_alias_fields.py:832-853,,,FORMAL_PRODUCT_REFERENCE,true,true,true,true,false,true,readonly_nonstored,settlement_date;source_created_at;created_time,settlement_date;source_created_at,A_MAPPED_TO_FORMAL_PRODUCT_FIELD,MAP_TO_EXISTING_FORMAL_FIELD,true,HIGH_GLOBAL_DEFINITION,FORMAL_CONTRACT_ALIAS_COUNT_ZERO,REMOVED_FROM_PRODUCT_PUBLICATION,runtime:sc.material.rental.settlement.p1_visible_dfc25d77dc39;global_ir_model_fields;dynamic_get_view_injection;formal_runtime_field_resolved;literal_view_reference
sc.material.rental.settlement,p1_visible_ee6a4d9e2956,owner_id;source_created_by,char,,,product runtime,addons/smart_construction_core/models/support/p1_daily_business_visible_alias_fields.py:832-853,,,FORMAL_PRODUCT_REFERENCE,true,true,true,true,false,true,readonly_nonstored,owner_id;source_created_by;creator_name;requester_id;handler_name,owner_id;source_created_by,A_MAPPED_TO_FORMAL_PRODUCT_FIELD,MAP_TO_EXISTING_FORMAL_FIELD,true,HIGH_GLOBAL_DEFINITION,FORMAL_CONTRACT_ALIAS_COUNT_ZERO,REMOVED_FROM_PRODUCT_PUBLICATION,runtime:sc.material.rental.settlement.p1_visible_ee6a4d9e2956;global_ir_model_fields;dynamic_get_view_injection;formal_runtime_field_resolved;literal_view_reference
sc.material.settlement,p1_visible_06fa8c6f628f,state,char,,,product runtime,addons/smart_construction_core/models/support/p1_daily_business_visible_alias_fields.py:832-853,,,FORMAL_PRODUCT_REFERENCE,true,true,true,true,false,true,readonly_nonstored,state;state_text,state,A_MAPPED_TO_FORMAL_PRODUCT_FIELD,MAP_TO_EXISTING_FORMAL_FIELD,true,HIGH_GLOBAL_DEFINITION,FORMAL_CONTRACT_ALIAS_COUNT_ZERO,REMOVED_FROM_PRODUCT_PUBLICATION,runtime:sc.material.settlement.p1_visible_06fa8c6f628f;global_ir_model_fields;dynamic_get_view_injection;formal_runtime_field_resolved;literal_view_reference
sc.material.settlement,p1_visible_36cae65ab40a,supplier_id,char,,,product runtime,addons/smart_construction_core/models/support/p1_daily_business_visible_alias_fields.py:832-853,,,FORMAL_PRODUCT_REFERENCE,true,true,true,true,false,true,readonly_nonstored,settlement_unit_id;supplier_id;contractor_id;subcontractor_id;partner_id,supplier_id,A_MAPPED_TO_FORMAL_PRODUCT_FIELD,MAP_TO_EXISTING_FORMAL_FIELD,true,HIGH_GLOBAL_DEFINITION,FORMAL_CONTRACT_ALIAS_COUNT_ZERO,REMOVED_FROM_PRODUCT_PUBLICATION,runtime:sc.material.settlement.p1_visible_36cae65ab40a;global_ir_model_fields;dynamic_get_view_injection;formal_runtime_field_resolved;literal_view_reference
sc.material.settlement,p1_visible_3e7255522b33,project_id,char,,,product runtime,addons/smart_construction_core/models/support/p1_daily_business_visible_alias_fields.py:832-853,,,FORMAL_PRODUCT_REFERENCE,true,true,true,true,false,true,readonly_nonstored,project_id,project_id,A_MAPPED_TO_FORMAL_PRODUCT_FIELD,MAP_TO_EXISTING_FORMAL_FIELD,true,HIGH_GLOBAL_DEFINITION,FORMAL_CONTRACT_ALIAS_COUNT_ZERO,REMOVED_FROM_PRODUCT_PUBLICATION,runtime:sc.material.settlement.p1_visible_3e7255522b33;global_ir_model_fields;dynamic_get_view_injection;formal_runtime_field_resolved;literal_view_reference
sc.material.settlement,p1_visible_72cf58c14fc0,payment_requested_amount,char,,,product runtime,addons/smart_construction_core/models/support/p1_daily_business_visible_alias_fields.py:832-853,,,FORMAL_PRODUCT_REFERENCE,true,true,true,true,false,true,readonly_nonstored,payment_requested_amount,payment_requested_amount,A_MAPPED_TO_FORMAL_PRODUCT_FIELD,MAP_TO_EXISTING_FORMAL_FIELD,true,HIGH_GLOBAL_DEFINITION,FORMAL_CONTRACT_ALIAS_COUNT_ZERO,REMOVED_FROM_PRODUCT_PUBLICATION,runtime:sc.material.settlement.p1_visible_72cf58c14fc0;global_ir_model_fields;dynamic_get_view_injection;formal_runtime_field_resolved;literal_view_reference
sc.material.settlement,p1_visible_748d7dc7e321,name,char,,,product runtime,addons/smart_construction_core/models/support/p1_daily_business_visible_alias_fields.py:832-853,,,FORMAL_PRODUCT_REFERENCE,true,true,true,true,false,true,readonly_nonstored,title;name,name,A_MAPPED_TO_FORMAL_PRODUCT_FIELD,MAP_TO_EXISTING_FORMAL_FIELD,true,HIGH_GLOBAL_DEFINITION,FORMAL_CONTRACT_ALIAS_COUNT_ZERO,REMOVED_FROM_PRODUCT_PUBLICATION,runtime:sc.material.settlement.p1_visible_748d7dc7e321;global_ir_model_fields;dynamic_get_view_injection;formal_runtime_field_resolved;literal_view_reference
sc.material.settlement,p1_visible_816dc9f7b786,note,char,,,product runtime,addons/smart_construction_core/models/support/p1_daily_business_visible_alias_fields.py:832-853,,,FORMAL_PRODUCT_REFERENCE,true,true,true,true,false,true,readonly_nonstored,note,note,A_MAPPED_TO_FORMAL_PRODUCT_FIELD,MAP_TO_EXISTING_FORMAL_FIELD,true,HIGH_GLOBAL_DEFINITION,FORMAL_CONTRACT_ALIAS_COUNT_ZERO,REMOVED_FROM_PRODUCT_PUBLICATION,runtime:sc.material.settlement.p1_visible_816dc9f7b786;global_ir_model_fields;dynamic_get_view_injection;formal_runtime_field_resolved;literal_view_reference
sc.material.settlement,p1_visible_825a06905b09,payment_remaining_amount,char,,,product runtime,addons/smart_construction_core/models/support/p1_daily_business_visible_alias_fields.py:832-853,,,FORMAL_PRODUCT_REFERENCE,true,true,true,true,false,true,readonly_nonstored,payment_remaining_amount,payment_remaining_amount,A_MAPPED_TO_FORMAL_PRODUCT_FIELD,MAP_TO_EXISTING_FORMAL_FIELD,true,HIGH_GLOBAL_DEFINITION,FORMAL_CONTRACT_ALIAS_COUNT_ZERO,REMOVED_FROM_PRODUCT_PUBLICATION,runtime:sc.material.settlement.p1_visible_825a06905b09;global_ir_model_fields;dynamic_get_view_injection;formal_runtime_field_resolved;literal_view_reference
sc.material.settlement,p1_visible_8fa8662ad38f,name,char,,,product runtime,addons/smart_construction_core/models/support/p1_daily_business_visible_alias_fields.py:832-853,,,FORMAL_PRODUCT_REFERENCE,true,true,true,true,false,true,readonly_nonstored,document_no;name,name,A_MAPPED_TO_FORMAL_PRODUCT_FIELD,MAP_TO_EXISTING_FORMAL_FIELD,true,HIGH_GLOBAL_DEFINITION,FORMAL_CONTRACT_ALIAS_COUNT_ZERO,REMOVED_FROM_PRODUCT_PUBLICATION,runtime:sc.material.settlement.p1_visible_8fa8662ad38f;global_ir_model_fields;dynamic_get_view_injection;formal_runtime_field_resolved;literal_view_reference
sc.material.settlement,p1_visible_99f6fe6c41ad,attachment_ids;message_attachment_count,char,,,product runtime,addons/smart_construction_core/models/support/p1_daily_business_visible_alias_fields.py:832-853,,,FORMAL_PRODUCT_REFERENCE,true,true,true,true,false,true,readonly_nonstored,attachment_ids;biz_attachment_ids;tech_attachment_ids;message_attachment_count,attachment_ids;message_attachment_count,A_MAPPED_TO_FORMAL_PRODUCT_FIELD,MAP_TO_EXISTING_FORMAL_FIELD,true,HIGH_GLOBAL_DEFINITION,FORMAL_CONTRACT_ALIAS_COUNT_ZERO,REMOVED_FROM_PRODUCT_PUBLICATION,runtime:sc.material.settlement.p1_visible_99f6fe6c41ad;global_ir_model_fields;dynamic_get_view_injection;formal_runtime_field_resolved;literal_view_reference
sc.material.settlement,p1_visible_a22ecb7fab2f,payment_remaining_amount,char,,,product runtime,addons/smart_construction_core/models/support/p1_daily_business_visible_alias_fields.py:832-853,,,FORMAL_PRODUCT_REFERENCE,true,true,true,true,false,true,readonly_nonstored,payment_remaining_amount;unpaid_amount;amount,payment_remaining_amount,A_MAPPED_TO_FORMAL_PRODUCT_FIELD,MAP_TO_EXISTING_FORMAL_FIELD,true,HIGH_GLOBAL_DEFINITION,FORMAL_CONTRACT_ALIAS_COUNT_ZERO,REMOVED_FROM_PRODUCT_PUBLICATION,runtime:sc.material.settlement.p1_visible_a22ecb7fab2f;global_ir_model_fields;dynamic_get_view_injection;formal_runtime_field_resolved;literal_view_reference
sc.material.settlement,p1_visible_b6959bb111d9,state,char,,,product runtime,addons/smart_construction_core/models/support/p1_daily_business_visible_alias_fields.py:832-853,,,FORMAL_PRODUCT_REFERENCE,true,true,true,true,false,true,readonly_nonstored,payment_state;state,state,A_MAPPED_TO_FORMAL_PRODUCT_FIELD,MAP_TO_EXISTING_FORMAL_FIELD,true,HIGH_GLOBAL_DEFINITION,FORMAL_CONTRACT_ALIAS_COUNT_ZERO,REMOVED_FROM_PRODUCT_PUBLICATION,runtime:sc.material.settlement.p1_visible_b6959bb111d9;global_ir_model_fields;dynamic_get_view_injection;formal_runtime_field_resolved;literal_view_reference
sc.material.settlement,p1_visible_d3ebd50d724b,payment_paid_amount,char,,,product runtime,addons/smart_construction_core/models/support/p1_daily_business_visible_alias_fields.py:832-853,,,FORMAL_PRODUCT_REFERENCE,true,true,true,true,false,true,readonly_nonstored,payment_paid_amount;paid_amount;paid_amount_total;amount,payment_paid_amount,A_MAPPED_TO_FORMAL_PRODUCT_FIELD,MAP_TO_EXISTING_FORMAL_FIELD,true,HIGH_GLOBAL_DEFINITION,FORMAL_CONTRACT_ALIAS_COUNT_ZERO,REMOVED_FROM_PRODUCT_PUBLICATION,runtime:sc.material.settlement.p1_visible_d3ebd50d724b;global_ir_model_fields;dynamic_get_view_injection;formal_runtime_field_resolved;literal_view_reference
sc.material.settlement,p1_visible_dfc25d77dc39,settlement_date;source_created_at,char,,,product runtime,addons/smart_construction_core/models/support/p1_daily_business_visible_alias_fields.py:832-853,,,FORMAL_PRODUCT_REFERENCE,true,true,true,true,false,true,readonly_nonstored,settlement_date;source_created_at;created_time,settlement_date;source_created_at,A_MAPPED_TO_FORMAL_PRODUCT_FIELD,MAP_TO_EXISTING_FORMAL_FIELD,true,HIGH_GLOBAL_DEFINITION,FORMAL_CONTRACT_ALIAS_COUNT_ZERO,REMOVED_FROM_PRODUCT_PUBLICATION,runtime:sc.material.settlement.p1_visible_dfc25d77dc39;global_ir_model_fields;dynamic_get_view_injection;formal_runtime_field_resolved;literal_view_reference
sc.material.settlement,p1_visible_ec15903ded76,state,char,,,product runtime,addons/smart_construction_core/models/support/p1_daily_business_visible_alias_fields.py:832-853,,,FORMAL_PRODUCT_REFERENCE,true,true,true,true,false,true,readonly_nonstored,payment_request_state;state,state,A_MAPPED_TO_FORMAL_PRODUCT_FIELD,MAP_TO_EXISTING_FORMAL_FIELD,true,HIGH_GLOBAL_DEFINITION,FORMAL_CONTRACT_ALIAS_COUNT_ZERO,REMOVED_FROM_PRODUCT_PUBLICATION,runtime:sc.material.settlement.p1_visible_ec15903ded76;global_ir_model_fields;dynamic_get_view_injection;formal_runtime_field_resolved;literal_view_reference
sc.material.settlement,p1_visible_ee6a4d9e2956,source_created_by;owner_id,char,,,product runtime,addons/smart_construction_core/models/support/p1_daily_business_visible_alias_fields.py:832-853,,,FORMAL_PRODUCT_REFERENCE,true,true,true,true,false,true,readonly_nonstored,source_created_by;creator_name;requester_id;owner_id;handler_name,source_created_by;owner_id,A_MAPPED_TO_FORMAL_PRODUCT_FIELD,MAP_TO_EXISTING_FORMAL_FIELD,true,HIGH_GLOBAL_DEFINITION,FORMAL_CONTRACT_ALIAS_COUNT_ZERO,REMOVED_FROM_PRODUCT_PUBLICATION,runtime:sc.material.settlement.p1_visible_ee6a4d9e2956;global_ir_model_fields;dynamic_get_view_injection;formal_runtime_field_resolved;literal_view_reference
sc.office.admin.document,p1_visible_06fa8c6f628f,state,char,,,product runtime,addons/smart_construction_core/models/support/p1_daily_business_visible_alias_fields.py:832-853,,,FORMAL_PRODUCT_REFERENCE,true,true,true,true,false,true,readonly_nonstored,state;state_text,state,A_MAPPED_TO_FORMAL_PRODUCT_FIELD,MAP_TO_EXISTING_FORMAL_FIELD,true,HIGH_GLOBAL_DEFINITION,FORMAL_CONTRACT_ALIAS_COUNT_ZERO,REMOVED_FROM_PRODUCT_PUBLICATION,runtime:sc.office.admin.document.p1_visible_06fa8c6f628f;global_ir_model_fields;dynamic_get_view_injection;formal_runtime_field_resolved;literal_view_reference
sc.office.admin.document,p1_visible_1509ea5aa328,leave_type,char,,,product runtime,addons/smart_construction_core/models/support/p1_daily_business_visible_alias_fields.py:832-853,,,FORMAL_PRODUCT_REFERENCE,true,true,true,true,false,true,readonly_nonstored,leave_type,leave_type,A_MAPPED_TO_FORMAL_PRODUCT_FIELD,MAP_TO_EXISTING_FORMAL_FIELD,true,HIGH_GLOBAL_DEFINITION,FORMAL_CONTRACT_ALIAS_COUNT_ZERO,REMOVED_FROM_PRODUCT_PUBLICATION,runtime:sc.office.admin.document.p1_visible_1509ea5aa328;global_ir_model_fields;dynamic_get_view_injection;formal_runtime_field_resolved;literal_view_reference
sc.office.admin.document,p1_visible_17b341733b7b,seal_contract_no;name;document_no,char,,,product runtime,addons/smart_construction_core/models/support/p1_daily_business_visible_alias_fields.py:832-853,,,FORMAL_PRODUCT_REFERENCE,true,true,true,true,false,true,readonly_nonstored,seal_contract_no;name;document_no;contract_no;contract_id,seal_contract_no;name;document_no,A_MAPPED_TO_FORMAL_PRODUCT_FIELD,MAP_TO_EXISTING_FORMAL_FIELD,true,HIGH_GLOBAL_DEFINITION,FORMAL_CONTRACT_ALIAS_COUNT_ZERO,REMOVED_FROM_PRODUCT_PUBLICATION,runtime:sc.office.admin.document.p1_visible_17b341733b7b;global_ir_model_fields;dynamic_get_view_injection;formal_runtime_field_resolved;literal_view_reference
sc.office.admin.document,p1_visible_2559d3f7672e,seal_company_name,char,,,product runtime,addons/smart_construction_core/models/support/p1_daily_business_visible_alias_fields.py:832-853,,,FORMAL_PRODUCT_REFERENCE,true,true,true,true,false,true,readonly_nonstored,seal_company_name,seal_company_name,A_MAPPED_TO_FORMAL_PRODUCT_FIELD,MAP_TO_EXISTING_FORMAL_FIELD,true,HIGH_GLOBAL_DEFINITION,FORMAL_CONTRACT_ALIAS_COUNT_ZERO,REMOVED_FROM_PRODUCT_PUBLICATION,runtime:sc.office.admin.document.p1_visible_2559d3f7672e;global_ir_model_fields;dynamic_get_view_injection;formal_runtime_field_resolved;literal_view_reference
sc.office.admin.document,p1_visible_2715f827834b,seal_applicant_name;requester_id,char,,,product runtime,addons/smart_construction_core/models/support/p1_daily_business_visible_alias_fields.py:832-853,,,FORMAL_PRODUCT_REFERENCE,true,true,true,true,false,true,readonly_nonstored,seal_applicant_name;requester_id,seal_applicant_name;requester_id,A_MAPPED_TO_FORMAL_PRODUCT_FIELD,MAP_TO_EXISTING_FORMAL_FIELD,true,HIGH_GLOBAL_DEFINITION,FORMAL_CONTRACT_ALIAS_COUNT_ZERO,REMOVED_FROM_PRODUCT_PUBLICATION,runtime:sc.office.admin.document.p1_visible_2715f827834b;global_ir_model_fields;dynamic_get_view_injection;formal_runtime_field_resolved;literal_view_reference
sc.office.admin.document,p1_visible_2d158ad0c744,seal_copy_count,char,,,product runtime,addons/smart_construction_core/models/support/p1_daily_business_visible_alias_fields.py:832-853,,,FORMAL_PRODUCT_REFERENCE,true,true,true,true,false,true,readonly_nonstored,seal_copy_count,seal_copy_count,A_MAPPED_TO_FORMAL_PRODUCT_FIELD,MAP_TO_EXISTING_FORMAL_FIELD,true,HIGH_GLOBAL_DEFINITION,FORMAL_CONTRACT_ALIAS_COUNT_ZERO,REMOVED_FROM_PRODUCT_PUBLICATION,runtime:sc.office.admin.document.p1_visible_2d158ad0c744;global_ir_model_fields;dynamic_get_view_injection;formal_runtime_field_resolved;literal_view_reference
sc.office.admin.document,p1_visible_2d3cea857f5c,seal_return_date;return_date,char,,,product runtime,addons/smart_construction_core/models/support/p1_daily_business_visible_alias_fields.py:832-853,,,FORMAL_PRODUCT_REFERENCE,true,true,true,true,false,true,readonly_nonstored,seal_return_date;return_date,seal_return_date;return_date,A_MAPPED_TO_FORMAL_PRODUCT_FIELD,MAP_TO_EXISTING_FORMAL_FIELD,true,HIGH_GLOBAL_DEFINITION,FORMAL_CONTRACT_ALIAS_COUNT_ZERO,REMOVED_FROM_PRODUCT_PUBLICATION,runtime:sc.office.admin.document.p1_visible_2d3cea857f5c;global_ir_model_fields;dynamic_get_view_injection;formal_runtime_field_resolved;literal_view_reference
sc.office.admin.document,p1_visible_324929811990,seal_handler_sign,char,,,product runtime,addons/smart_construction_core/models/support/p1_daily_business_visible_alias_fields.py:832-853,,,FORMAL_PRODUCT_REFERENCE,true,true,true,true,false,true,readonly_nonstored,seal_handler_sign,seal_handler_sign,A_MAPPED_TO_FORMAL_PRODUCT_FIELD,MAP_TO_EXISTING_FORMAL_FIELD,true,HIGH_GLOBAL_DEFINITION,FORMAL_CONTRACT_ALIAS_COUNT_ZERO,REMOVED_FROM_PRODUCT_PUBLICATION,runtime:sc.office.admin.document.p1_visible_324929811990;global_ir_model_fields;dynamic_get_view_injection;formal_runtime_field_resolved;literal_view_reference
sc.office.admin.document,p1_visible_342372602a87,office_admin_applicant_name,char,,,product runtime,addons/smart_construction_core/models/support/p1_daily_business_visible_alias_fields.py:832-853,,,FORMAL_PRODUCT_REFERENCE,true,true,true,true,false,true,readonly_nonstored,office_admin_applicant_name,office_admin_applicant_name,A_MAPPED_TO_FORMAL_PRODUCT_FIELD,MAP_TO_EXISTING_FORMAL_FIELD,true,HIGH_GLOBAL_DEFINITION,FORMAL_CONTRACT_ALIAS_COUNT_ZERO,REMOVED_FROM_PRODUCT_PUBLICATION,runtime:sc.office.admin.document.p1_visible_342372602a87;global_ir_model_fields;dynamic_get_view_injection;formal_runtime_field_resolved;literal_view_reference
sc.office.admin.document,p1_visible_39169745e6a4,seal_text;use_purpose,char,,,product runtime,addons/smart_construction_core/models/support/p1_daily_business_visible_alias_fields.py:832-853,,,FORMAL_PRODUCT_REFERENCE,true,true,true,true,false,true,readonly_nonstored,seal_text;use_purpose,seal_text;use_purpose,A_MAPPED_TO_FORMAL_PRODUCT_FIELD,MAP_TO_EXISTING_FORMAL_FIELD,true,HIGH_GLOBAL_DEFINITION,FORMAL_CONTRACT_ALIAS_COUNT_ZERO,REMOVED_FROM_PRODUCT_PUBLICATION,runtime:sc.office.admin.document.p1_visible_39169745e6a4;global_ir_model_fields;dynamic_get_view_injection;formal_runtime_field_resolved;literal_view_reference
sc.office.admin.document,p1_visible_3e7255522b33,project_id,char,,,product runtime,addons/smart_construction_core/models/support/p1_daily_business_visible_alias_fields.py:832-853,,,FORMAL_PRODUCT_REFERENCE,true,true,true,true,false,true,readonly_nonstored,project_id,project_id,A_MAPPED_TO_FORMAL_PRODUCT_FIELD,MAP_TO_EXISTING_FORMAL_FIELD,true,HIGH_GLOBAL_DEFINITION,FORMAL_CONTRACT_ALIAS_COUNT_ZERO,REMOVED_FROM_PRODUCT_PUBLICATION,runtime:sc.office.admin.document.p1_visible_3e7255522b33;global_ir_model_fields;dynamic_get_view_injection;formal_runtime_field_resolved;literal_view_reference
sc.office.admin.document,p1_visible_3f36b5502196,office_admin_leave_time,char,,,product runtime,addons/smart_construction_core/models/support/p1_daily_business_visible_alias_fields.py:832-853,,,FORMAL_PRODUCT_REFERENCE,true,true,true,true,false,true,readonly_nonstored,office_admin_leave_time,office_admin_leave_time,A_MAPPED_TO_FORMAL_PRODUCT_FIELD,MAP_TO_EXISTING_FORMAL_FIELD,true,HIGH_GLOBAL_DEFINITION,FORMAL_CONTRACT_ALIAS_COUNT_ZERO,REMOVED_FROM_PRODUCT_PUBLICATION,runtime:sc.office.admin.document.p1_visible_3f36b5502196;global_ir_model_fields;dynamic_get_view_injection;formal_runtime_field_resolved;literal_view_reference
sc.office.admin.document,p1_visible_4f1b37216d49,office_admin_cancel_time,char,,,product runtime,addons/smart_construction_core/models/support/p1_daily_business_visible_alias_fields.py:832-853,,,FORMAL_PRODUCT_REFERENCE,true,true,true,true,false,true,readonly_nonstored,office_admin_cancel_time,office_admin_cancel_time,A_MAPPED_TO_FORMAL_PRODUCT_FIELD,MAP_TO_EXISTING_FORMAL_FIELD,true,HIGH_GLOBAL_DEFINITION,FORMAL_CONTRACT_ALIAS_COUNT_ZERO,REMOVED_FROM_PRODUCT_PUBLICATION,runtime:sc.office.admin.document.p1_visible_4f1b37216d49;global_ir_model_fields;dynamic_get_view_injection;formal_runtime_field_resolved;literal_view_reference
sc.office.admin.document,p1_visible_6c35ddfb6034,seal_department_manager_sign,char,,,product runtime,addons/smart_construction_core/models/support/p1_daily_business_visible_alias_fields.py:832-853,,,FORMAL_PRODUCT_REFERENCE,true,true,true,true,false,true,readonly_nonstored,seal_department_manager_sign,seal_department_manager_sign,A_MAPPED_TO_FORMAL_PRODUCT_FIELD,MAP_TO_EXISTING_FORMAL_FIELD,true,HIGH_GLOBAL_DEFINITION,FORMAL_CONTRACT_ALIAS_COUNT_ZERO,REMOVED_FROM_PRODUCT_PUBLICATION,runtime:sc.office.admin.document.p1_visible_6c35ddfb6034;global_ir_model_fields;dynamic_get_view_injection;formal_runtime_field_resolved;literal_view_reference
sc.office.admin.document,p1_visible_75e856a13c7c,seal_contract_amount;amount,char,,,product runtime,addons/smart_construction_core/models/support/p1_daily_business_visible_alias_fields.py:832-853,,,FORMAL_PRODUCT_REFERENCE,true,true,true,true,false,true,readonly_nonstored,seal_contract_amount;amount;contract_amount_total;amount_total,seal_contract_amount;amount,A_MAPPED_TO_FORMAL_PRODUCT_FIELD,MAP_TO_EXISTING_FORMAL_FIELD,true,HIGH_GLOBAL_DEFINITION,FORMAL_CONTRACT_ALIAS_COUNT_ZERO,REMOVED_FROM_PRODUCT_PUBLICATION,runtime:sc.office.admin.document.p1_visible_75e856a13c7c;global_ir_model_fields;dynamic_get_view_injection;formal_runtime_field_resolved;literal_view_reference
sc.office.admin.document,p1_visible_7abb0844fb4c,seal_department_name;department_id,char,,,product runtime,addons/smart_construction_core/models/support/p1_daily_business_visible_alias_fields.py:832-853,,,FORMAL_PRODUCT_REFERENCE,true,true,true,true,false,true,readonly_nonstored,seal_department_name;department_id,seal_department_name;department_id,A_MAPPED_TO_FORMAL_PRODUCT_FIELD,MAP_TO_EXISTING_FORMAL_FIELD,true,HIGH_GLOBAL_DEFINITION,FORMAL_CONTRACT_ALIAS_COUNT_ZERO,REMOVED_FROM_PRODUCT_PUBLICATION,runtime:sc.office.admin.document.p1_visible_7abb0844fb4c;global_ir_model_fields;dynamic_get_view_injection;formal_runtime_field_resolved;literal_view_reference
sc.office.admin.document,p1_visible_88c9f74d6c60,seal_leader_sign,char,,,product runtime,addons/smart_construction_core/models/support/p1_daily_business_visible_alias_fields.py:832-853,,,FORMAL_PRODUCT_REFERENCE,true,true,true,true,false,true,readonly_nonstored,seal_leader_sign,seal_leader_sign,A_MAPPED_TO_FORMAL_PRODUCT_FIELD,MAP_TO_EXISTING_FORMAL_FIELD,true,HIGH_GLOBAL_DEFINITION,FORMAL_CONTRACT_ALIAS_COUNT_ZERO,REMOVED_FROM_PRODUCT_PUBLICATION,runtime:sc.office.admin.document.p1_visible_88c9f74d6c60;global_ir_model_fields;dynamic_get_view_injection;formal_runtime_field_resolved;literal_view_reference
sc.office.admin.document,p1_visible_8fa8662ad38f,name;document_no,char,,,product runtime,addons/smart_construction_core/models/support/p1_daily_business_visible_alias_fields.py:832-853,,,FORMAL_PRODUCT_REFERENCE,true,true,true,true,false,true,readonly_nonstored,name;document_no,name;document_no,A_MAPPED_TO_FORMAL_PRODUCT_FIELD,MAP_TO_EXISTING_FORMAL_FIELD,true,HIGH_GLOBAL_DEFINITION,FORMAL_CONTRACT_ALIAS_COUNT_ZERO,REMOVED_FROM_PRODUCT_PUBLICATION,runtime:sc.office.admin.document.p1_visible_8fa8662ad38f;global_ir_model_fields;dynamic_get_view_injection;formal_runtime_field_resolved;literal_view_reference
sc.office.admin.document,p1_visible_99f6fe6c41ad,attachment_ids;message_attachment_count,char,,,product runtime,addons/smart_construction_core/models/support/p1_daily_business_visible_alias_fields.py:832-853,,,FORMAL_PRODUCT_REFERENCE,true,true,true,true,false,true,readonly_nonstored,attachment_ids;biz_attachment_ids;tech_attachment_ids;message_attachment_count,attachment_ids;message_attachment_count,A_MAPPED_TO_FORMAL_PRODUCT_FIELD,MAP_TO_EXISTING_FORMAL_FIELD,true,HIGH_GLOBAL_DEFINITION,FORMAL_CONTRACT_ALIAS_COUNT_ZERO,REMOVED_FROM_PRODUCT_PUBLICATION,runtime:sc.office.admin.document.p1_visible_99f6fe6c41ad;global_ir_model_fields;dynamic_get_view_injection;formal_runtime_field_resolved;literal_view_reference
sc.office.admin.document,p1_visible_9be1ef3a84d7,seal_take_out_flag,char,,,product runtime,addons/smart_construction_core/models/support/p1_daily_business_visible_alias_fields.py:832-853,,,FORMAL_PRODUCT_REFERENCE,true,true,true,true,false,true,readonly_nonstored,seal_take_out_flag,seal_take_out_flag,A_MAPPED_TO_FORMAL_PRODUCT_FIELD,MAP_TO_EXISTING_FORMAL_FIELD,true,HIGH_GLOBAL_DEFINITION,FORMAL_CONTRACT_ALIAS_COUNT_ZERO,REMOVED_FROM_PRODUCT_PUBLICATION,runtime:sc.office.admin.document.p1_visible_9be1ef3a84d7;global_ir_model_fields;dynamic_get_view_injection;formal_runtime_field_resolved;literal_view_reference
sc.office.admin.document,p1_visible_a8b6e96c9036,seal_use_date;use_date,char,,,product runtime,addons/smart_construction_core/models/support/p1_daily_business_visible_alias_fields.py:832-853,,,FORMAL_PRODUCT_REFERENCE,true,true,true,true,false,true,readonly_nonstored,seal_use_date;use_date,seal_use_date;use_date,A_MAPPED_TO_FORMAL_PRODUCT_FIELD,MAP_TO_EXISTING_FORMAL_FIELD,true,HIGH_GLOBAL_DEFINITION,FORMAL_CONTRACT_ALIAS_COUNT_ZERO,REMOVED_FROM_PRODUCT_PUBLICATION,runtime:sc.office.admin.document.p1_visible_a8b6e96c9036;global_ir_model_fields;dynamic_get_view_injection;formal_runtime_field_resolved;literal_view_reference
sc.office.admin.document,p1_visible_a8e78b10a188,office_admin_department_name,char,,,product runtime,addons/smart_construction_core/models/support/p1_daily_business_visible_alias_fields.py:832-853,,,FORMAL_PRODUCT_REFERENCE,true,true,true,true,false,true,readonly_nonstored,office_admin_department_name,office_admin_department_name,A_MAPPED_TO_FORMAL_PRODUCT_FIELD,MAP_TO_EXISTING_FORMAL_FIELD,true,HIGH_GLOBAL_DEFINITION,FORMAL_CONTRACT_ALIAS_COUNT_ZERO,REMOVED_FROM_PRODUCT_PUBLICATION,runtime:sc.office.admin.document.p1_visible_a8e78b10a188;global_ir_model_fields;dynamic_get_view_injection;formal_runtime_field_resolved;literal_view_reference
sc.office.admin.document,p1_visible_b03bc1337add,office_admin_leave_duration,char,,,product runtime,addons/smart_construction_core/models/support/p1_daily_business_visible_alias_fields.py:832-853,,,FORMAL_PRODUCT_REFERENCE,true,true,true,true,false,true,readonly_nonstored,office_admin_leave_duration,office_admin_leave_duration,A_MAPPED_TO_FORMAL_PRODUCT_FIELD,MAP_TO_EXISTING_FORMAL_FIELD,true,HIGH_GLOBAL_DEFINITION,FORMAL_CONTRACT_ALIAS_COUNT_ZERO,REMOVED_FROM_PRODUCT_PUBLICATION,runtime:sc.office.admin.document.p1_visible_b03bc1337add;global_ir_model_fields;dynamic_get_view_injection;formal_runtime_field_resolved;literal_view_reference
sc.office.admin.document,p1_visible_b56f68e8a4db,office_admin_leave_days,char,,,product runtime,addons/smart_construction_core/models/support/p1_daily_business_visible_alias_fields.py:832-853,,,FORMAL_PRODUCT_REFERENCE,true,true,true,true,false,true,readonly_nonstored,office_admin_leave_days,office_admin_leave_days,A_MAPPED_TO_FORMAL_PRODUCT_FIELD,MAP_TO_EXISTING_FORMAL_FIELD,true,HIGH_GLOBAL_DEFINITION,FORMAL_CONTRACT_ALIAS_COUNT_ZERO,REMOVED_FROM_PRODUCT_PUBLICATION,runtime:sc.office.admin.document.p1_visible_b56f68e8a4db;global_ir_model_fields;dynamic_get_view_injection;formal_runtime_field_resolved;literal_view_reference
sc.office.admin.document,p1_visible_b74d956638f0,seal_type_name;seal_type,char,,,product runtime,addons/smart_construction_core/models/support/p1_daily_business_visible_alias_fields.py:832-853,,,FORMAL_PRODUCT_REFERENCE,true,true,true,true,false,true,readonly_nonstored,seal_type_name;seal_type,seal_type_name;seal_type,A_MAPPED_TO_FORMAL_PRODUCT_FIELD,MAP_TO_EXISTING_FORMAL_FIELD,true,HIGH_GLOBAL_DEFINITION,FORMAL_CONTRACT_ALIAS_COUNT_ZERO,REMOVED_FROM_PRODUCT_PUBLICATION,runtime:sc.office.admin.document.p1_visible_b74d956638f0;global_ir_model_fields;dynamic_get_view_injection;formal_runtime_field_resolved;literal_view_reference
sc.office.admin.document,p1_visible_dfc25d77dc39,source_created_at,char,,,product runtime,addons/smart_construction_core/models/support/p1_daily_business_visible_alias_fields.py:832-853,,,FORMAL_PRODUCT_REFERENCE,true,true,true,true,false,true,readonly_nonstored,source_created_at;created_time,source_created_at,A_MAPPED_TO_FORMAL_PRODUCT_FIELD,MAP_TO_EXISTING_FORMAL_FIELD,true,HIGH_GLOBAL_DEFINITION,FORMAL_CONTRACT_ALIAS_COUNT_ZERO,REMOVED_FROM_PRODUCT_PUBLICATION,runtime:sc.office.admin.document.p1_visible_dfc25d77dc39;global_ir_model_fields;dynamic_get_view_injection;formal_runtime_field_resolved;literal_view_reference
sc.office.admin.document,p1_visible_e0361480e3a5,description,char,,,product runtime,addons/smart_construction_core/models/support/p1_daily_business_visible_alias_fields.py:832-853,,,FORMAL_PRODUCT_REFERENCE,true,true,true,true,false,true,readonly_nonstored,note;purpose;description;remark,description,A_MAPPED_TO_FORMAL_PRODUCT_FIELD,MAP_TO_EXISTING_FORMAL_FIELD,true,HIGH_GLOBAL_DEFINITION,FORMAL_CONTRACT_ALIAS_COUNT_ZERO,REMOVED_FROM_PRODUCT_PUBLICATION,runtime:sc.office.admin.document.p1_visible_e0361480e3a5;global_ir_model_fields;dynamic_get_view_injection;formal_runtime_field_resolved;literal_view_reference
sc.office.admin.document,p1_visible_e8f87f5bc217,seal_using_company_name,char,,,product runtime,addons/smart_construction_core/models/support/p1_daily_business_visible_alias_fields.py:832-853,,,FORMAL_PRODUCT_REFERENCE,true,true,true,true,false,true,readonly_nonstored,seal_using_company_name,seal_using_company_name,A_MAPPED_TO_FORMAL_PRODUCT_FIELD,MAP_TO_EXISTING_FORMAL_FIELD,true,HIGH_GLOBAL_DEFINITION,FORMAL_CONTRACT_ALIAS_COUNT_ZERO,REMOVED_FROM_PRODUCT_PUBLICATION,runtime:sc.office.admin.document.p1_visible_e8f87f5bc217;global_ir_model_fields;dynamic_get_view_injection;formal_runtime_field_resolved;literal_view_reference
sc.office.admin.document,p1_visible_ee6a4d9e2956,source_created_by;requester_id,char,,,product runtime,addons/smart_construction_core/models/support/p1_daily_business_visible_alias_fields.py:832-853,,,FORMAL_PRODUCT_REFERENCE,true,true,true,true,false,true,readonly_nonstored,source_created_by;creator_name;requester_id;owner_id;handler_name,source_created_by;requester_id,A_MAPPED_TO_FORMAL_PRODUCT_FIELD,MAP_TO_EXISTING_FORMAL_FIELD,true,HIGH_GLOBAL_DEFINITION,FORMAL_CONTRACT_ALIAS_COUNT_ZERO,REMOVED_FROM_PRODUCT_PUBLICATION,runtime:sc.office.admin.document.p1_visible_ee6a4d9e2956;global_ir_model_fields;dynamic_get_view_injection;formal_runtime_field_resolved;literal_view_reference
sc.payment.execution,p1_visible_058f511c98cf,partner_payment_date_display;date_payment,char,,,product runtime,addons/smart_construction_core/models/support/p1_daily_business_visible_alias_fields.py:832-853,,,FORMAL_PRODUCT_REFERENCE,true,true,true,true,false,true,readonly_nonstored,partner_payment_date_display;date_payment;payment_date;paid_at;document_date,partner_payment_date_display;date_payment,A_MAPPED_TO_FORMAL_PRODUCT_FIELD,MAP_TO_EXISTING_FORMAL_FIELD,true,HIGH_GLOBAL_DEFINITION,FORMAL_CONTRACT_ALIAS_COUNT_ZERO,REMOVED_FROM_PRODUCT_PUBLICATION,runtime:sc.payment.execution.p1_visible_058f511c98cf;global_ir_model_fields;dynamic_get_view_injection;formal_runtime_field_resolved;literal_view_reference
sc.payment.execution,p1_visible_06fa8c6f628f,partner_payment_status_display;state,char,,,product runtime,addons/smart_construction_core/models/support/p1_daily_business_visible_alias_fields.py:832-853,,,FORMAL_PRODUCT_REFERENCE,true,true,true,true,false,true,readonly_nonstored,partner_payment_status_display;state;state_text,partner_payment_status_display;state,A_MAPPED_TO_FORMAL_PRODUCT_FIELD,MAP_TO_EXISTING_FORMAL_FIELD,true,HIGH_GLOBAL_DEFINITION,FORMAL_CONTRACT_ALIAS_COUNT_ZERO,REMOVED_FROM_PRODUCT_PUBLICATION,runtime:sc.payment.execution.p1_visible_06fa8c6f628f;global_ir_model_fields;dynamic_get_view_injection;formal_runtime_field_resolved;literal_view_reference
sc.payment.execution,p1_visible_3e7255522b33,partner_payment_project_name;project_id,char,,,product runtime,addons/smart_construction_core/models/support/p1_daily_business_visible_alias_fields.py:832-853,,,FORMAL_PRODUCT_REFERENCE,true,true,true,true,false,true,readonly_nonstored,partner_payment_project_name;project_id,partner_payment_project_name;project_id,A_MAPPED_TO_FORMAL_PRODUCT_FIELD,MAP_TO_EXISTING_FORMAL_FIELD,true,HIGH_GLOBAL_DEFINITION,FORMAL_CONTRACT_ALIAS_COUNT_ZERO,REMOVED_FROM_PRODUCT_PUBLICATION,runtime:sc.payment.execution.p1_visible_3e7255522b33;global_ir_model_fields;dynamic_get_view_injection;formal_runtime_field_resolved;literal_view_reference
sc.payment.execution,p1_visible_48312867161c,created_time,char,,,product runtime,addons/smart_construction_core/models/support/p1_daily_business_visible_alias_fields.py:832-853,,,FORMAL_PRODUCT_REFERENCE,true,true,true,true,false,true,readonly_nonstored,created_time,created_time,A_MAPPED_TO_FORMAL_PRODUCT_FIELD,MAP_TO_EXISTING_FORMAL_FIELD,true,HIGH_GLOBAL_DEFINITION,FORMAL_CONTRACT_ALIAS_COUNT_ZERO,REMOVED_FROM_PRODUCT_PUBLICATION,runtime:sc.payment.execution.p1_visible_48312867161c;global_ir_model_fields;dynamic_get_view_injection;formal_runtime_field_resolved;literal_view_reference
sc.payment.execution,p1_visible_48a64eb40c71,receipt_bank_name;payment_bank_name,char,,,product runtime,addons/smart_construction_core/models/support/p1_daily_business_visible_alias_fields.py:832-853,,,FORMAL_PRODUCT_REFERENCE,true,true,true,true,false,true,readonly_nonstored,receipt_bank_name;payment_bank_name;partner_bank_name;bank_name,receipt_bank_name;payment_bank_name,A_MAPPED_TO_FORMAL_PRODUCT_FIELD,MAP_TO_EXISTING_FORMAL_FIELD,true,HIGH_GLOBAL_DEFINITION,FORMAL_CONTRACT_ALIAS_COUNT_ZERO,REMOVED_FROM_PRODUCT_PUBLICATION,runtime:sc.payment.execution.p1_visible_48a64eb40c71;global_ir_model_fields;dynamic_get_view_injection;formal_runtime_field_resolved;literal_view_reference
sc.payment.execution,p1_visible_48eb67df430f,payment_account_no;bank_account,char,,,product runtime,addons/smart_construction_core/models/support/p1_daily_business_visible_alias_fields.py:832-853,,,FORMAL_PRODUCT_REFERENCE,true,true,true,true,false,true,readonly_nonstored,payment_account_no;bank_account,payment_account_no;bank_account,A_MAPPED_TO_FORMAL_PRODUCT_FIELD,MAP_TO_EXISTING_FORMAL_FIELD,true,HIGH_GLOBAL_DEFINITION,FORMAL_CONTRACT_ALIAS_COUNT_ZERO,REMOVED_FROM_PRODUCT_PUBLICATION,runtime:sc.payment.execution.p1_visible_48eb67df430f;global_ir_model_fields;dynamic_get_view_injection;formal_runtime_field_resolved;literal_view_reference
sc.payment.execution,p1_visible_514ce8cde553,note,char,,,product runtime,addons/smart_construction_core/models/support/p1_daily_business_visible_alias_fields.py:832-853,,,FORMAL_PRODUCT_REFERENCE,true,true,true,true,false,true,readonly_nonstored,other_note;note,note,A_MAPPED_TO_FORMAL_PRODUCT_FIELD,MAP_TO_EXISTING_FORMAL_FIELD,true,HIGH_GLOBAL_DEFINITION,FORMAL_CONTRACT_ALIAS_COUNT_ZERO,REMOVED_FROM_PRODUCT_PUBLICATION,runtime:sc.payment.execution.p1_visible_514ce8cde553;global_ir_model_fields;dynamic_get_view_injection;formal_runtime_field_resolved;literal_view_reference
sc.payment.execution,p1_visible_6c5a21ae4538,partner_payment_voucher_no;kingdee_document_no,char,,,product runtime,addons/smart_construction_core/models/support/p1_daily_business_visible_alias_fields.py:832-853,,,FORMAL_PRODUCT_REFERENCE,true,true,true,true,false,true,readonly_nonstored,partner_payment_voucher_no;kingdee_document_no,partner_payment_voucher_no;kingdee_document_no,A_MAPPED_TO_FORMAL_PRODUCT_FIELD,MAP_TO_EXISTING_FORMAL_FIELD,true,HIGH_GLOBAL_DEFINITION,FORMAL_CONTRACT_ALIAS_COUNT_ZERO,REMOVED_FROM_PRODUCT_PUBLICATION,runtime:sc.payment.execution.p1_visible_6c5a21ae4538;global_ir_model_fields;dynamic_get_view_injection;formal_runtime_field_resolved
sc.payment.execution,p1_visible_71e47f617269,partner_payment_writer;handler_name;creator_name,char,,,product runtime,addons/smart_construction_core/models/support/p1_daily_business_visible_alias_fields.py:832-853,,,FORMAL_PRODUCT_REFERENCE,true,true,true,true,false,true,readonly_nonstored,partner_payment_writer;handler_name;creator_name;source_created_by;requester_id;owner_id,partner_payment_writer;handler_name;creator_name,A_MAPPED_TO_FORMAL_PRODUCT_FIELD,MAP_TO_EXISTING_FORMAL_FIELD,true,HIGH_GLOBAL_DEFINITION,FORMAL_CONTRACT_ALIAS_COUNT_ZERO,REMOVED_FROM_PRODUCT_PUBLICATION,runtime:sc.payment.execution.p1_visible_71e47f617269;global_ir_model_fields;dynamic_get_view_injection;formal_runtime_field_resolved;literal_view_reference
sc.payment.execution,p1_visible_7f5da566c14e,kingdee_document_no;document_no;name,char,,,product runtime,addons/smart_construction_core/models/support/p1_daily_business_visible_alias_fields.py:832-853,,,FORMAL_PRODUCT_REFERENCE,true,true,true,true,false,true,readonly_nonstored,kingdee_document_no;external_document_no;extra_ref;document_no;name,kingdee_document_no;document_no;name,A_MAPPED_TO_FORMAL_PRODUCT_FIELD,MAP_TO_EXISTING_FORMAL_FIELD,true,HIGH_GLOBAL_DEFINITION,FORMAL_CONTRACT_ALIAS_COUNT_ZERO,REMOVED_FROM_PRODUCT_PUBLICATION,runtime:sc.payment.execution.p1_visible_7f5da566c14e;global_ir_model_fields;dynamic_get_view_injection;formal_runtime_field_resolved;literal_view_reference
sc.payment.execution,p1_visible_80f75ce4d56c,partner_payment_project_name;project_id,char,,,product runtime,addons/smart_construction_core/models/support/p1_daily_business_visible_alias_fields.py:832-853,,,FORMAL_PRODUCT_REFERENCE,true,true,true,true,false,true,readonly_nonstored,partner_payment_project_name;project_id,partner_payment_project_name;project_id,A_MAPPED_TO_FORMAL_PRODUCT_FIELD,MAP_TO_EXISTING_FORMAL_FIELD,true,HIGH_GLOBAL_DEFINITION,FORMAL_CONTRACT_ALIAS_COUNT_ZERO,REMOVED_FROM_PRODUCT_PUBLICATION,runtime:sc.payment.execution.p1_visible_80f75ce4d56c;global_ir_model_fields;dynamic_get_view_injection;formal_runtime_field_resolved;literal_view_reference
sc.payment.execution,p1_visible_876617c2cb2b,partner_payment_source_text;payment_request_id;document_no;name,char,,,product runtime,addons/smart_construction_core/models/support/p1_daily_business_visible_alias_fields.py:832-853,,,FORMAL_PRODUCT_REFERENCE,true,true,true,true,false,true,readonly_nonstored,partner_payment_source_text;payment_request_id;document_no;name,partner_payment_source_text;payment_request_id;document_no;name,A_MAPPED_TO_FORMAL_PRODUCT_FIELD,MAP_TO_EXISTING_FORMAL_FIELD,true,HIGH_GLOBAL_DEFINITION,FORMAL_CONTRACT_ALIAS_COUNT_ZERO,REMOVED_FROM_PRODUCT_PUBLICATION,runtime:sc.payment.execution.p1_visible_876617c2cb2b;global_ir_model_fields;dynamic_get_view_injection;formal_runtime_field_resolved
sc.payment.execution,p1_visible_8fa8662ad38f,partner_payment_document_no;document_no;name,char,,,product runtime,addons/smart_construction_core/models/support/p1_daily_business_visible_alias_fields.py:832-853,,,FORMAL_PRODUCT_REFERENCE,true,true,true,true,false,true,readonly_nonstored,partner_payment_document_no;document_no;name,partner_payment_document_no;document_no;name,A_MAPPED_TO_FORMAL_PRODUCT_FIELD,MAP_TO_EXISTING_FORMAL_FIELD,true,HIGH_GLOBAL_DEFINITION,FORMAL_CONTRACT_ALIAS_COUNT_ZERO,REMOVED_FROM_PRODUCT_PUBLICATION,runtime:sc.payment.execution.p1_visible_8fa8662ad38f;global_ir_model_fields;dynamic_get_view_injection;formal_runtime_field_resolved;literal_view_reference
sc.payment.execution,p1_visible_99f6fe6c41ad,partner_payment_attachment_text;attachment_ids;message_attachment_count,char,,,product runtime,addons/smart_construction_core/models/support/p1_daily_business_visible_alias_fields.py:832-853,,,FORMAL_PRODUCT_REFERENCE,true,true,true,true,false,true,readonly_nonstored,partner_payment_attachment_text;attachment_ids;biz_attachment_ids;tech_attachment_ids;message_attachment_count,partner_payment_attachment_text;attachment_ids;message_attachment_count,A_MAPPED_TO_FORMAL_PRODUCT_FIELD,MAP_TO_EXISTING_FORMAL_FIELD,true,HIGH_GLOBAL_DEFINITION,FORMAL_CONTRACT_ALIAS_COUNT_ZERO,REMOVED_FROM_PRODUCT_PUBLICATION,runtime:sc.payment.execution.p1_visible_99f6fe6c41ad;global_ir_model_fields;dynamic_get_view_injection;formal_runtime_field_resolved;literal_view_reference
sc.payment.execution,p1_visible_9b388243bdd8,partner_payment_category_display;payment_family;source_kind;payment_method,char,,,product runtime,addons/smart_construction_core/models/support/p1_daily_business_visible_alias_fields.py:832-853,,,FORMAL_PRODUCT_REFERENCE,true,true,true,true,false,true,readonly_nonstored,partner_payment_category_display;payment_family;source_kind;payment_method,partner_payment_category_display;payment_family;source_kind;payment_method,A_MAPPED_TO_FORMAL_PRODUCT_FIELD,MAP_TO_EXISTING_FORMAL_FIELD,true,HIGH_GLOBAL_DEFINITION,FORMAL_CONTRACT_ALIAS_COUNT_ZERO,REMOVED_FROM_PRODUCT_PUBLICATION,runtime:sc.payment.execution.p1_visible_9b388243bdd8;global_ir_model_fields;dynamic_get_view_injection;formal_runtime_field_resolved
sc.payment.execution,p1_visible_a4aa6578aa87,payment_request_id;document_no,char,,,product runtime,addons/smart_construction_core/models/support/p1_daily_business_visible_alias_fields.py:832-853,,,FORMAL_PRODUCT_REFERENCE,true,true,true,true,false,true,readonly_nonstored,payment_request_id;document_no;payment_request_no,payment_request_id;document_no,A_MAPPED_TO_FORMAL_PRODUCT_FIELD,MAP_TO_EXISTING_FORMAL_FIELD,true,HIGH_GLOBAL_DEFINITION,FORMAL_CONTRACT_ALIAS_COUNT_ZERO,REMOVED_FROM_PRODUCT_PUBLICATION,runtime:sc.payment.execution.p1_visible_a4aa6578aa87;global_ir_model_fields;dynamic_get_view_injection;formal_runtime_field_resolved;literal_view_reference
sc.payment.execution,p1_visible_c3d92b20c8a3,receipt_account_no;payment_account_no;bank_account;name,char,,,product runtime,addons/smart_construction_core/models/support/p1_daily_business_visible_alias_fields.py:832-853,,,FORMAL_PRODUCT_REFERENCE,true,true,true,true,false,true,readonly_nonstored,receipt_account_no;payment_account_no;bank_account;account_no;name,receipt_account_no;payment_account_no;bank_account;name,A_MAPPED_TO_FORMAL_PRODUCT_FIELD,MAP_TO_EXISTING_FORMAL_FIELD,true,HIGH_GLOBAL_DEFINITION,FORMAL_CONTRACT_ALIAS_COUNT_ZERO,REMOVED_FROM_PRODUCT_PUBLICATION,runtime:sc.payment.execution.p1_visible_c3d92b20c8a3;global_ir_model_fields;dynamic_get_view_injection;formal_runtime_field_resolved;literal_view_reference
sc.payment.execution,p1_visible_c7133de10947,partner_payment_content_display;note,char,,,product runtime,addons/smart_construction_core/models/support/p1_daily_business_visible_alias_fields.py:832-853,,,FORMAL_PRODUCT_REFERENCE,true,true,true,true,false,true,readonly_nonstored,partner_payment_content_display;note,partner_payment_content_display;note,A_MAPPED_TO_FORMAL_PRODUCT_FIELD,MAP_TO_EXISTING_FORMAL_FIELD,true,HIGH_GLOBAL_DEFINITION,FORMAL_CONTRACT_ALIAS_COUNT_ZERO,REMOVED_FROM_PRODUCT_PUBLICATION,runtime:sc.payment.execution.p1_visible_c7133de10947;global_ir_model_fields;dynamic_get_view_injection;formal_runtime_field_resolved
sc.payment.execution,p1_visible_ccfa1326c88f,partner_payment_payee_unit;partner_id;receipt_account_name,char,,,product runtime,addons/smart_construction_core/models/support/p1_daily_business_visible_alias_fields.py:832-853,,,FORMAL_PRODUCT_REFERENCE,true,true,true,true,false,true,readonly_nonstored,partner_payment_payee_unit;partner_id;receipt_account_name;receipt_partner_name;owner_id,partner_payment_payee_unit;partner_id;receipt_account_name,A_MAPPED_TO_FORMAL_PRODUCT_FIELD,MAP_TO_EXISTING_FORMAL_FIELD,true,HIGH_GLOBAL_DEFINITION,FORMAL_CONTRACT_ALIAS_COUNT_ZERO,REMOVED_FROM_PRODUCT_PUBLICATION,runtime:sc.payment.execution.p1_visible_ccfa1326c88f;global_ir_model_fields;dynamic_get_view_injection;formal_runtime_field_resolved
sc.payment.execution,p1_visible_cdac00d3097d,partner_payment_cost_type_display;business_category_id;payment_family;payment_method,char,,,product runtime,addons/smart_construction_core/models/support/p1_daily_business_visible_alias_fields.py:832-853,,,FORMAL_PRODUCT_REFERENCE,true,true,true,true,false,true,readonly_nonstored,partner_payment_cost_type_display;business_category_id;payment_family;payment_method,partner_payment_cost_type_display;business_category_id;payment_family;payment_method,A_MAPPED_TO_FORMAL_PRODUCT_FIELD,MAP_TO_EXISTING_FORMAL_FIELD,true,HIGH_GLOBAL_DEFINITION,FORMAL_CONTRACT_ALIAS_COUNT_ZERO,REMOVED_FROM_PRODUCT_PUBLICATION,runtime:sc.payment.execution.p1_visible_cdac00d3097d;global_ir_model_fields;dynamic_get_view_injection;formal_runtime_field_resolved
sc.payment.execution,p1_visible_cf2988988f42,partner_payment_actual_payee_unit;receipt_account_name;partner_id,char,,,product runtime,addons/smart_construction_core/models/support/p1_daily_business_visible_alias_fields.py:832-853,,,FORMAL_PRODUCT_REFERENCE,true,true,true,true,false,true,readonly_nonstored,partner_payment_actual_payee_unit;receipt_account_name;partner_id,partner_payment_actual_payee_unit;receipt_account_name;partner_id,A_MAPPED_TO_FORMAL_PRODUCT_FIELD,MAP_TO_EXISTING_FORMAL_FIELD,true,HIGH_GLOBAL_DEFINITION,FORMAL_CONTRACT_ALIAS_COUNT_ZERO,REMOVED_FROM_PRODUCT_PUBLICATION,runtime:sc.payment.execution.p1_visible_cf2988988f42;global_ir_model_fields;dynamic_get_view_injection;formal_runtime_field_resolved
sc.payment.execution,p1_visible_cf44ec3f55f9,partner_payment_payee_unit;partner_id,char,,,product runtime,addons/smart_construction_core/models/support/p1_daily_business_visible_alias_fields.py:832-853,,,FORMAL_PRODUCT_REFERENCE,true,true,true,true,false,true,readonly_nonstored,partner_payment_payee_unit;partner_id;supplier_id,partner_payment_payee_unit;partner_id,A_MAPPED_TO_FORMAL_PRODUCT_FIELD,MAP_TO_EXISTING_FORMAL_FIELD,true,HIGH_GLOBAL_DEFINITION,FORMAL_CONTRACT_ALIAS_COUNT_ZERO,REMOVED_FROM_PRODUCT_PUBLICATION,runtime:sc.payment.execution.p1_visible_cf44ec3f55f9;global_ir_model_fields;dynamic_get_view_injection;formal_runtime_field_resolved;literal_view_reference
sc.payment.execution,p1_visible_d890d302f7f7,paid_amount,char,,,product runtime,addons/smart_construction_core/models/support/p1_daily_business_visible_alias_fields.py:832-853,,,FORMAL_PRODUCT_REFERENCE,true,true,true,true,false,true,readonly_nonstored,paid_amount;amount,paid_amount,A_MAPPED_TO_FORMAL_PRODUCT_FIELD,MAP_TO_EXISTING_FORMAL_FIELD,true,HIGH_GLOBAL_DEFINITION,FORMAL_CONTRACT_ALIAS_COUNT_ZERO,REMOVED_FROM_PRODUCT_PUBLICATION,runtime:sc.payment.execution.p1_visible_d890d302f7f7;global_ir_model_fields;dynamic_get_view_injection;formal_runtime_field_resolved;literal_view_reference
sc.payment.execution,p1_visible_dacbd33c31fd,partner_payment_account_name_display;payment_account_name,char,,,product runtime,addons/smart_construction_core/models/support/p1_daily_business_visible_alias_fields.py:832-853,,,FORMAL_PRODUCT_REFERENCE,true,true,true,true,false,true,readonly_nonstored,partner_payment_account_name_display;payment_account_name,partner_payment_account_name_display;payment_account_name,A_MAPPED_TO_FORMAL_PRODUCT_FIELD,MAP_TO_EXISTING_FORMAL_FIELD,true,HIGH_GLOBAL_DEFINITION,FORMAL_CONTRACT_ALIAS_COUNT_ZERO,REMOVED_FROM_PRODUCT_PUBLICATION,runtime:sc.payment.execution.p1_visible_dacbd33c31fd;global_ir_model_fields;dynamic_get_view_injection;formal_runtime_field_resolved;literal_view_reference
sc.payment.execution,p1_visible_e0361480e3a5,note,char,,,product runtime,addons/smart_construction_core/models/support/p1_daily_business_visible_alias_fields.py:832-853,,,FORMAL_PRODUCT_REFERENCE,true,true,true,true,false,true,readonly_nonstored,note;purpose;description;remark,note,A_MAPPED_TO_FORMAL_PRODUCT_FIELD,MAP_TO_EXISTING_FORMAL_FIELD,true,HIGH_GLOBAL_DEFINITION,FORMAL_CONTRACT_ALIAS_COUNT_ZERO,REMOVED_FROM_PRODUCT_PUBLICATION,runtime:sc.payment.execution.p1_visible_e0361480e3a5;global_ir_model_fields;dynamic_get_view_injection;formal_runtime_field_resolved;literal_view_reference
sc.payment.execution,p1_visible_e560f90bd049,note,char,,,product runtime,addons/smart_construction_core/models/support/p1_daily_business_visible_alias_fields.py:832-853,,,FORMAL_PRODUCT_REFERENCE,true,true,true,true,false,true,readonly_nonstored,other_note;note,note,A_MAPPED_TO_FORMAL_PRODUCT_FIELD,MAP_TO_EXISTING_FORMAL_FIELD,true,HIGH_GLOBAL_DEFINITION,FORMAL_CONTRACT_ALIAS_COUNT_ZERO,REMOVED_FROM_PRODUCT_PUBLICATION,runtime:sc.payment.execution.p1_visible_e560f90bd049;global_ir_model_fields;dynamic_get_view_injection;formal_runtime_field_resolved;literal_view_reference
sc.payment.execution,p1_visible_ee6a4d9e2956,partner_payment_source_created_by;creator_name;handler_name,char,,,product runtime,addons/smart_construction_core/models/support/p1_daily_business_visible_alias_fields.py:832-853,,,FORMAL_PRODUCT_REFERENCE,true,true,true,true,false,true,readonly_nonstored,partner_payment_source_created_by;creator_name;source_created_by;requester_id;owner_id;handler_name,partner_payment_source_created_by;creator_name;handler_name,A_MAPPED_TO_FORMAL_PRODUCT_FIELD,MAP_TO_EXISTING_FORMAL_FIELD,true,HIGH_GLOBAL_DEFINITION,FORMAL_CONTRACT_ALIAS_COUNT_ZERO,REMOVED_FROM_PRODUCT_PUBLICATION,runtime:sc.payment.execution.p1_visible_ee6a4d9e2956;global_ir_model_fields;dynamic_get_view_injection;formal_runtime_field_resolved
sc.payment.execution,p1_visible_f22832ce4781,push_result;state,char,,,product runtime,addons/smart_construction_core/models/support/p1_daily_business_visible_alias_fields.py:832-853,,,FORMAL_PRODUCT_REFERENCE,true,true,true,true,false,true,readonly_nonstored,push_result;sync_state;state,push_result;state,A_MAPPED_TO_FORMAL_PRODUCT_FIELD,MAP_TO_EXISTING_FORMAL_FIELD,true,HIGH_GLOBAL_DEFINITION,FORMAL_CONTRACT_ALIAS_COUNT_ZERO,REMOVED_FROM_PRODUCT_PUBLICATION,runtime:sc.payment.execution.p1_visible_f22832ce4781;global_ir_model_fields;dynamic_get_view_injection;formal_runtime_field_resolved;literal_view_reference
sc.payment.execution,p1_visible_f35ba3fab897,partner_payment_method_display;payment_family;payment_method,char,,,product runtime,addons/smart_construction_core/models/support/p1_daily_business_visible_alias_fields.py:832-853,,,FORMAL_PRODUCT_REFERENCE,true,true,true,true,false,true,readonly_nonstored,partner_payment_method_display;payment_family;payment_method;receipt_type;type,partner_payment_method_display;payment_family;payment_method,A_MAPPED_TO_FORMAL_PRODUCT_FIELD,MAP_TO_EXISTING_FORMAL_FIELD,true,HIGH_GLOBAL_DEFINITION,FORMAL_CONTRACT_ALIAS_COUNT_ZERO,REMOVED_FROM_PRODUCT_PUBLICATION,runtime:sc.payment.execution.p1_visible_f35ba3fab897;global_ir_model_fields;dynamic_get_view_injection;formal_runtime_field_resolved;literal_view_reference
sc.receipt.income,p1_visible_00381a68b952,partner_id,char,,,product runtime,addons/smart_construction_core/models/support/p1_daily_business_visible_alias_fields.py:832-853,,,FORMAL_PRODUCT_REFERENCE,true,true,true,true,false,true,readonly_nonstored,partner_id,partner_id,A_MAPPED_TO_FORMAL_PRODUCT_FIELD,MAP_TO_EXISTING_FORMAL_FIELD,true,HIGH_GLOBAL_DEFINITION,FORMAL_CONTRACT_ALIAS_COUNT_ZERO,REMOVED_FROM_PRODUCT_PUBLICATION,runtime:sc.receipt.income.p1_visible_00381a68b952;global_ir_model_fields;dynamic_get_view_injection;formal_runtime_field_resolved;literal_view_reference
sc.receipt.income,p1_visible_06fa8c6f628f,state,char,,,product runtime,addons/smart_construction_core/models/support/p1_daily_business_visible_alias_fields.py:832-853,,,FORMAL_PRODUCT_REFERENCE,true,true,true,true,false,true,readonly_nonstored,state;state_text,state,A_MAPPED_TO_FORMAL_PRODUCT_FIELD,MAP_TO_EXISTING_FORMAL_FIELD,true,HIGH_GLOBAL_DEFINITION,FORMAL_CONTRACT_ALIAS_COUNT_ZERO,REMOVED_FROM_PRODUCT_PUBLICATION,runtime:sc.receipt.income.p1_visible_06fa8c6f628f;global_ir_model_fields;dynamic_get_view_injection;formal_runtime_field_resolved;literal_view_reference
sc.receipt.income,p1_visible_0d20172efa91,date_receipt,char,,,product runtime,addons/smart_construction_core/models/support/p1_daily_business_visible_alias_fields.py:832-853,,,FORMAL_PRODUCT_REFERENCE,true,true,true,true,false,true,readonly_nonstored,date_receipt,date_receipt,A_MAPPED_TO_FORMAL_PRODUCT_FIELD,MAP_TO_EXISTING_FORMAL_FIELD,true,HIGH_GLOBAL_DEFINITION,FORMAL_CONTRACT_ALIAS_COUNT_ZERO,REMOVED_FROM_PRODUCT_PUBLICATION,runtime:sc.receipt.income.p1_visible_0d20172efa91;global_ir_model_fields;dynamic_get_view_injection;formal_runtime_field_resolved;literal_view_reference
sc.receipt.income,p1_visible_0d8979d08c09,,,,,product runtime,addons/smart_construction_core/models/support/p1_daily_business_visible_alias_fields.py:832-853,,,FORMAL_PRODUCT_REFERENCE,true,true,true,true,false,true,readonly_nonstored,invoice_amount;invoice_amount_total;amount_total,,F_BUSINESS_DECISION_FORMAL_SOURCE_MISSING,UNPUBLISH_FROM_PRODUCT_UI,true,CRITICAL_UNRESOLVED_FORMAL_SOURCE,FORMAL_CONTRACT_ALIAS_COUNT_ZERO,REMOVED_FROM_PRODUCT_PUBLICATION,runtime:sc.receipt.income.p1_visible_0d8979d08c09;global_ir_model_fields;dynamic_get_view_injection;formal_runtime_field_unresolved
sc.receipt.income,p1_visible_17d0f48c07fb,partner_id,char,,,product runtime,addons/smart_construction_core/models/support/p1_daily_business_visible_alias_fields.py:832-853,,,FORMAL_PRODUCT_REFERENCE,true,true,true,true,false,true,readonly_nonstored,construction_unit;partner_id,partner_id,A_MAPPED_TO_FORMAL_PRODUCT_FIELD,MAP_TO_EXISTING_FORMAL_FIELD,true,HIGH_GLOBAL_DEFINITION,FORMAL_CONTRACT_ALIAS_COUNT_ZERO,REMOVED_FROM_PRODUCT_PUBLICATION,runtime:sc.receipt.income.p1_visible_17d0f48c07fb;global_ir_model_fields;dynamic_get_view_injection;formal_runtime_field_resolved;literal_view_reference
sc.receipt.income,p1_visible_205fcc1bc5d4,contract_id,char,,,product runtime,addons/smart_construction_core/models/support/p1_daily_business_visible_alias_fields.py:832-853,,,FORMAL_PRODUCT_REFERENCE,true,true,true,true,false,true,readonly_nonstored,contract_id,contract_id,A_MAPPED_TO_FORMAL_PRODUCT_FIELD,MAP_TO_EXISTING_FORMAL_FIELD,true,HIGH_GLOBAL_DEFINITION,FORMAL_CONTRACT_ALIAS_COUNT_ZERO,REMOVED_FROM_PRODUCT_PUBLICATION,runtime:sc.receipt.income.p1_visible_205fcc1bc5d4;global_ir_model_fields;dynamic_get_view_injection;formal_runtime_field_resolved;literal_view_reference
sc.receipt.income,p1_visible_2ff90909b29b,amount,char,,,product runtime,addons/smart_construction_core/models/support/p1_daily_business_visible_alias_fields.py:832-853,,,FORMAL_PRODUCT_REFERENCE,true,true,true,true,false,true,readonly_nonstored,amount,amount,A_MAPPED_TO_FORMAL_PRODUCT_FIELD,MAP_TO_EXISTING_FORMAL_FIELD,true,HIGH_GLOBAL_DEFINITION,FORMAL_CONTRACT_ALIAS_COUNT_ZERO,REMOVED_FROM_PRODUCT_PUBLICATION,runtime:sc.receipt.income.p1_visible_2ff90909b29b;global_ir_model_fields;dynamic_get_view_injection;formal_runtime_field_resolved;literal_view_reference
sc.receipt.income,p1_visible_389372a58a16,,,,,product runtime,addons/smart_construction_core/models/support/p1_daily_business_visible_alias_fields.py:832-853,,,FORMAL_PRODUCT_REFERENCE,true,true,true,true,false,true,readonly_nonstored,period_no;report_period_start,,F_BUSINESS_DECISION_FORMAL_SOURCE_MISSING,UNPUBLISH_FROM_PRODUCT_UI,true,CRITICAL_UNRESOLVED_FORMAL_SOURCE,FORMAL_CONTRACT_ALIAS_COUNT_ZERO,REMOVED_FROM_PRODUCT_PUBLICATION,runtime:sc.receipt.income.p1_visible_389372a58a16;global_ir_model_fields;dynamic_get_view_injection;formal_runtime_field_unresolved
sc.receipt.income,p1_visible_3e7255522b33,project_id,char,,,product runtime,addons/smart_construction_core/models/support/p1_daily_business_visible_alias_fields.py:832-853,,,FORMAL_PRODUCT_REFERENCE,true,true,true,true,false,true,readonly_nonstored,project_id,project_id,A_MAPPED_TO_FORMAL_PRODUCT_FIELD,MAP_TO_EXISTING_FORMAL_FIELD,true,HIGH_GLOBAL_DEFINITION,FORMAL_CONTRACT_ALIAS_COUNT_ZERO,REMOVED_FROM_PRODUCT_PUBLICATION,runtime:sc.receipt.income.p1_visible_3e7255522b33;global_ir_model_fields;dynamic_get_view_injection;formal_runtime_field_resolved;literal_view_reference
sc.receipt.income,p1_visible_49a5d541678c,receiving_account_name;receiving_account;receiving_account_no,char,,,product runtime,addons/smart_construction_core/models/support/p1_daily_business_visible_alias_fields.py:832-853,,,FORMAL_PRODUCT_REFERENCE,true,true,true,true,false,true,readonly_nonstored,receiving_account_name;receiving_account;receiving_account_no,receiving_account_name;receiving_account;receiving_account_no,A_MAPPED_TO_FORMAL_PRODUCT_FIELD,MAP_TO_EXISTING_FORMAL_FIELD,true,HIGH_GLOBAL_DEFINITION,FORMAL_CONTRACT_ALIAS_COUNT_ZERO,REMOVED_FROM_PRODUCT_PUBLICATION,runtime:sc.receipt.income.p1_visible_49a5d541678c;global_ir_model_fields;dynamic_get_view_injection;formal_runtime_field_resolved;literal_view_reference
sc.receipt.income,p1_visible_50f529884746,amount,char,,,product runtime,addons/smart_construction_core/models/support/p1_daily_business_visible_alias_fields.py:832-853,,,FORMAL_PRODUCT_REFERENCE,true,true,true,true,false,true,readonly_nonstored,paid_amount;amount,amount,A_MAPPED_TO_FORMAL_PRODUCT_FIELD,MAP_TO_EXISTING_FORMAL_FIELD,true,HIGH_GLOBAL_DEFINITION,FORMAL_CONTRACT_ALIAS_COUNT_ZERO,REMOVED_FROM_PRODUCT_PUBLICATION,runtime:sc.receipt.income.p1_visible_50f529884746;global_ir_model_fields;dynamic_get_view_injection;formal_runtime_field_resolved;literal_view_reference
sc.receipt.income,p1_visible_689407e406ab,,,,,product runtime,addons/smart_construction_core/models/support/p1_daily_business_visible_alias_fields.py:832-853,,,FORMAL_PRODUCT_REFERENCE,true,true,true,true,false,true,readonly_nonstored,progress_description;description,,F_BUSINESS_DECISION_FORMAL_SOURCE_MISSING,UNPUBLISH_FROM_PRODUCT_UI,true,CRITICAL_UNRESOLVED_FORMAL_SOURCE,FORMAL_CONTRACT_ALIAS_COUNT_ZERO,REMOVED_FROM_PRODUCT_PUBLICATION,runtime:sc.receipt.income.p1_visible_689407e406ab;global_ir_model_fields;dynamic_get_view_injection;formal_runtime_field_unresolved
sc.receipt.income,p1_visible_71e47f617269,creator_name,char,,,product runtime,addons/smart_construction_core/models/support/p1_daily_business_visible_alias_fields.py:832-853,,,FORMAL_PRODUCT_REFERENCE,true,true,true,true,false,true,readonly_nonstored,creator_name;source_created_by;requester_id;owner_id;handler_name,creator_name,A_MAPPED_TO_FORMAL_PRODUCT_FIELD,MAP_TO_EXISTING_FORMAL_FIELD,true,HIGH_GLOBAL_DEFINITION,FORMAL_CONTRACT_ALIAS_COUNT_ZERO,REMOVED_FROM_PRODUCT_PUBLICATION,runtime:sc.receipt.income.p1_visible_71e47f617269;global_ir_model_fields;dynamic_get_view_injection;formal_runtime_field_resolved;literal_view_reference
sc.receipt.income,p1_visible_75e856a13c7c,amount,char,,,product runtime,addons/smart_construction_core/models/support/p1_daily_business_visible_alias_fields.py:832-853,,,FORMAL_PRODUCT_REFERENCE,true,true,true,true,false,true,readonly_nonstored,contract_amount_total;amount_total;amount,amount,A_MAPPED_TO_FORMAL_PRODUCT_FIELD,MAP_TO_EXISTING_FORMAL_FIELD,true,HIGH_GLOBAL_DEFINITION,FORMAL_CONTRACT_ALIAS_COUNT_ZERO,REMOVED_FROM_PRODUCT_PUBLICATION,runtime:sc.receipt.income.p1_visible_75e856a13c7c;global_ir_model_fields;dynamic_get_view_injection;formal_runtime_field_resolved;literal_view_reference
sc.receipt.income,p1_visible_807b71479e35,income_category,char,,,product runtime,addons/smart_construction_core/models/support/p1_daily_business_visible_alias_fields.py:832-853,,,FORMAL_PRODUCT_REFERENCE,true,true,true,true,false,true,readonly_nonstored,income_category,income_category,A_MAPPED_TO_FORMAL_PRODUCT_FIELD,MAP_TO_EXISTING_FORMAL_FIELD,true,HIGH_GLOBAL_DEFINITION,FORMAL_CONTRACT_ALIAS_COUNT_ZERO,REMOVED_FROM_PRODUCT_PUBLICATION,runtime:sc.receipt.income.p1_visible_807b71479e35;global_ir_model_fields;dynamic_get_view_injection;formal_runtime_field_resolved;literal_view_reference
sc.receipt.income,p1_visible_89b4aa6364ce,date_receipt;created_time,char,,,product runtime,addons/smart_construction_core/models/support/p1_daily_business_visible_alias_fields.py:832-853,,,FORMAL_PRODUCT_REFERENCE,true,true,true,true,false,true,readonly_nonstored,date_receipt;receipt_date;document_date;created_time,date_receipt;created_time,A_MAPPED_TO_FORMAL_PRODUCT_FIELD,MAP_TO_EXISTING_FORMAL_FIELD,true,HIGH_GLOBAL_DEFINITION,FORMAL_CONTRACT_ALIAS_COUNT_ZERO,REMOVED_FROM_PRODUCT_PUBLICATION,runtime:sc.receipt.income.p1_visible_89b4aa6364ce;global_ir_model_fields;dynamic_get_view_injection;formal_runtime_field_resolved;literal_view_reference
sc.receipt.income,p1_visible_8cd973ab9373,company_id,char,,,product runtime,addons/smart_construction_core/models/support/p1_daily_business_visible_alias_fields.py:832-853,,,FORMAL_PRODUCT_REFERENCE,true,true,true,true,false,true,readonly_nonstored,company_id,company_id,A_MAPPED_TO_FORMAL_PRODUCT_FIELD,MAP_TO_EXISTING_FORMAL_FIELD,true,HIGH_GLOBAL_DEFINITION,FORMAL_CONTRACT_ALIAS_COUNT_ZERO,REMOVED_FROM_PRODUCT_PUBLICATION,runtime:sc.receipt.income.p1_visible_8cd973ab9373;global_ir_model_fields;dynamic_get_view_injection;formal_runtime_field_resolved;literal_view_reference
sc.receipt.income,p1_visible_8fa8662ad38f,document_no;name,char,,,product runtime,addons/smart_construction_core/models/support/p1_daily_business_visible_alias_fields.py:832-853,,,FORMAL_PRODUCT_REFERENCE,true,true,true,true,false,true,readonly_nonstored,document_no;name,document_no;name,A_MAPPED_TO_FORMAL_PRODUCT_FIELD,MAP_TO_EXISTING_FORMAL_FIELD,true,HIGH_GLOBAL_DEFINITION,FORMAL_CONTRACT_ALIAS_COUNT_ZERO,REMOVED_FROM_PRODUCT_PUBLICATION,runtime:sc.receipt.income.p1_visible_8fa8662ad38f;global_ir_model_fields;dynamic_get_view_injection;formal_runtime_field_resolved;literal_view_reference
sc.receipt.income,p1_visible_99219180c1b9,deducted_invoice_amount,char,,,product runtime,addons/smart_construction_core/models/support/p1_daily_business_visible_alias_fields.py:832-853,,,FORMAL_PRODUCT_REFERENCE,true,true,true,true,false,true,readonly_nonstored,deducted_invoice_amount;tax_amount,deducted_invoice_amount,A_MAPPED_TO_FORMAL_PRODUCT_FIELD,MAP_TO_EXISTING_FORMAL_FIELD,true,HIGH_GLOBAL_DEFINITION,FORMAL_CONTRACT_ALIAS_COUNT_ZERO,REMOVED_FROM_PRODUCT_PUBLICATION,runtime:sc.receipt.income.p1_visible_99219180c1b9;global_ir_model_fields;dynamic_get_view_injection;formal_runtime_field_resolved;literal_view_reference
sc.receipt.income,p1_visible_99f6fe6c41ad,attachment_ids;message_attachment_count,char,,,product runtime,addons/smart_construction_core/models/support/p1_daily_business_visible_alias_fields.py:832-853,,,FORMAL_PRODUCT_REFERENCE,true,true,true,true,false,true,readonly_nonstored,attachment_ids;biz_attachment_ids;tech_attachment_ids;message_attachment_count,attachment_ids;message_attachment_count,A_MAPPED_TO_FORMAL_PRODUCT_FIELD,MAP_TO_EXISTING_FORMAL_FIELD,true,HIGH_GLOBAL_DEFINITION,FORMAL_CONTRACT_ALIAS_COUNT_ZERO,REMOVED_FROM_PRODUCT_PUBLICATION,runtime:sc.receipt.income.p1_visible_99f6fe6c41ad;global_ir_model_fields;dynamic_get_view_injection;formal_runtime_field_resolved;literal_view_reference
sc.receipt.income,p1_visible_aa6152009ab0,,,,,product runtime,addons/smart_construction_core/models/support/p1_daily_business_visible_alias_fields.py:832-853,,,FORMAL_PRODUCT_REFERENCE,true,true,true,true,false,true,readonly_nonstored,remaining_amount;settlement_remaining_amount,,F_BUSINESS_DECISION_FORMAL_SOURCE_MISSING,UNPUBLISH_FROM_PRODUCT_UI,true,CRITICAL_UNRESOLVED_FORMAL_SOURCE,FORMAL_CONTRACT_ALIAS_COUNT_ZERO,REMOVED_FROM_PRODUCT_PUBLICATION,runtime:sc.receipt.income.p1_visible_aa6152009ab0;global_ir_model_fields;dynamic_get_view_injection;formal_runtime_field_unresolved
sc.receipt.income,p1_visible_dfc25d77dc39,created_time,char,,,product runtime,addons/smart_construction_core/models/support/p1_daily_business_visible_alias_fields.py:832-853,,,FORMAL_PRODUCT_REFERENCE,true,true,true,true,false,true,readonly_nonstored,created_time;source_created_at,created_time,A_MAPPED_TO_FORMAL_PRODUCT_FIELD,MAP_TO_EXISTING_FORMAL_FIELD,true,HIGH_GLOBAL_DEFINITION,FORMAL_CONTRACT_ALIAS_COUNT_ZERO,REMOVED_FROM_PRODUCT_PUBLICATION,runtime:sc.receipt.income.p1_visible_dfc25d77dc39;global_ir_model_fields;dynamic_get_view_injection;formal_runtime_field_resolved;literal_view_reference
sc.receipt.income,p1_visible_e0361480e3a5,note,char,,,product runtime,addons/smart_construction_core/models/support/p1_daily_business_visible_alias_fields.py:832-853,,,FORMAL_PRODUCT_REFERENCE,true,true,true,true,false,true,readonly_nonstored,note;purpose;description;remark,note,A_MAPPED_TO_FORMAL_PRODUCT_FIELD,MAP_TO_EXISTING_FORMAL_FIELD,true,HIGH_GLOBAL_DEFINITION,FORMAL_CONTRACT_ALIAS_COUNT_ZERO,REMOVED_FROM_PRODUCT_PUBLICATION,runtime:sc.receipt.income.p1_visible_e0361480e3a5;global_ir_model_fields;dynamic_get_view_injection;formal_runtime_field_resolved;literal_view_reference
sc.receipt.income,p1_visible_ee6a4d9e2956,creator_name,char,,,product runtime,addons/smart_construction_core/models/support/p1_daily_business_visible_alias_fields.py:832-853,,,FORMAL_PRODUCT_REFERENCE,true,true,true,true,false,true,readonly_nonstored,creator_name;source_created_by;requester_id;owner_id;handler_name,creator_name,A_MAPPED_TO_FORMAL_PRODUCT_FIELD,MAP_TO_EXISTING_FORMAL_FIELD,true,HIGH_GLOBAL_DEFINITION,FORMAL_CONTRACT_ALIAS_COUNT_ZERO,REMOVED_FROM_PRODUCT_PUBLICATION,runtime:sc.receipt.income.p1_visible_ee6a4d9e2956;global_ir_model_fields;dynamic_get_view_injection;formal_runtime_field_resolved;literal_view_reference
sc.receipt.income,p1_visible_fc06f3f3d307,amount,char,,,product runtime,addons/smart_construction_core/models/support/p1_daily_business_visible_alias_fields.py:832-853,,,FORMAL_PRODUCT_REFERENCE,true,true,true,true,false,true,readonly_nonstored,amount;received_amount,amount,A_MAPPED_TO_FORMAL_PRODUCT_FIELD,MAP_TO_EXISTING_FORMAL_FIELD,true,HIGH_GLOBAL_DEFINITION,FORMAL_CONTRACT_ALIAS_COUNT_ZERO,REMOVED_FROM_PRODUCT_PUBLICATION,runtime:sc.receipt.income.p1_visible_fc06f3f3d307;global_ir_model_fields;dynamic_get_view_injection;formal_runtime_field_resolved;literal_view_reference
sc.receipt.invoice.line,p1_visible_00381a68b952,partner_id,char,,,product runtime,addons/smart_construction_core/models/support/p1_daily_business_visible_alias_fields.py:832-853,,,FORMAL_PRODUCT_REFERENCE,true,true,true,true,false,true,readonly_nonstored,partner_id,partner_id,A_MAPPED_TO_FORMAL_PRODUCT_FIELD,MAP_TO_EXISTING_FORMAL_FIELD,true,HIGH_GLOBAL_DEFINITION,FORMAL_CONTRACT_ALIAS_COUNT_ZERO,REMOVED_FROM_PRODUCT_PUBLICATION,runtime:sc.receipt.invoice.line.p1_visible_00381a68b952;global_ir_model_fields;dynamic_get_view_injection;formal_runtime_field_resolved
sc.receipt.invoice.line,p1_visible_0d8979d08c09,invoiced_before_amount;invoice_amount,char,,,product runtime,addons/smart_construction_core/models/support/p1_daily_business_visible_alias_fields.py:832-853,,,FORMAL_PRODUCT_REFERENCE,true,true,true,true,false,true,readonly_nonstored,invoiced_before_amount;invoice_amount;invoice_amount_total;amount_total,invoiced_before_amount;invoice_amount,A_MAPPED_TO_FORMAL_PRODUCT_FIELD,MAP_TO_EXISTING_FORMAL_FIELD,true,HIGH_GLOBAL_DEFINITION,FORMAL_CONTRACT_ALIAS_COUNT_ZERO,REMOVED_FROM_PRODUCT_PUBLICATION,runtime:sc.receipt.invoice.line.p1_visible_0d8979d08c09;global_ir_model_fields;dynamic_get_view_injection;formal_runtime_field_resolved
sc.receipt.invoice.line,p1_visible_17b341733b7b,contract_id,char,,,product runtime,addons/smart_construction_core/models/support/p1_daily_business_visible_alias_fields.py:832-853,,,FORMAL_PRODUCT_REFERENCE,true,true,true,true,false,true,readonly_nonstored,contract_no;contract_id;name;document_no,contract_id,A_MAPPED_TO_FORMAL_PRODUCT_FIELD,MAP_TO_EXISTING_FORMAL_FIELD,true,HIGH_GLOBAL_DEFINITION,FORMAL_CONTRACT_ALIAS_COUNT_ZERO,REMOVED_FROM_PRODUCT_PUBLICATION,runtime:sc.receipt.invoice.line.p1_visible_17b341733b7b;global_ir_model_fields;dynamic_get_view_injection;formal_runtime_field_resolved
sc.receipt.invoice.line,p1_visible_3362368978f0,invoice_amount,char,,,product runtime,addons/smart_construction_core/models/support/p1_daily_business_visible_alias_fields.py:832-853,,,FORMAL_PRODUCT_REFERENCE,true,true,true,true,false,true,readonly_nonstored,invoice_amount,invoice_amount,A_MAPPED_TO_FORMAL_PRODUCT_FIELD,MAP_TO_EXISTING_FORMAL_FIELD,true,HIGH_GLOBAL_DEFINITION,FORMAL_CONTRACT_ALIAS_COUNT_ZERO,REMOVED_FROM_PRODUCT_PUBLICATION,runtime:sc.receipt.invoice.line.p1_visible_3362368978f0;global_ir_model_fields;dynamic_get_view_injection;formal_runtime_field_resolved
sc.receipt.invoice.line,p1_visible_3e7255522b33,project_id,char,,,product runtime,addons/smart_construction_core/models/support/p1_daily_business_visible_alias_fields.py:832-853,,,FORMAL_PRODUCT_REFERENCE,true,true,true,true,false,true,readonly_nonstored,project_id,project_id,A_MAPPED_TO_FORMAL_PRODUCT_FIELD,MAP_TO_EXISTING_FORMAL_FIELD,true,HIGH_GLOBAL_DEFINITION,FORMAL_CONTRACT_ALIAS_COUNT_ZERO,REMOVED_FROM_PRODUCT_PUBLICATION,runtime:sc.receipt.invoice.line.p1_visible_3e7255522b33;global_ir_model_fields;dynamic_get_view_injection;formal_runtime_field_resolved
sc.receipt.invoice.line,p1_visible_4bf07688dedc,invoice_document_no,char,,,product runtime,addons/smart_construction_core/models/support/p1_daily_business_visible_alias_fields.py:832-853,,,FORMAL_PRODUCT_REFERENCE,true,true,true,true,false,true,readonly_nonstored,invoice_document_no,invoice_document_no,A_MAPPED_TO_FORMAL_PRODUCT_FIELD,MAP_TO_EXISTING_FORMAL_FIELD,true,HIGH_GLOBAL_DEFINITION,FORMAL_CONTRACT_ALIAS_COUNT_ZERO,REMOVED_FROM_PRODUCT_PUBLICATION,runtime:sc.receipt.invoice.line.p1_visible_4bf07688dedc;global_ir_model_fields;dynamic_get_view_injection;formal_runtime_field_resolved
sc.receipt.invoice.line,p1_visible_68fa54544e2f,invoice_document_state,char,,,product runtime,addons/smart_construction_core/models/support/p1_daily_business_visible_alias_fields.py:832-853,,,FORMAL_PRODUCT_REFERENCE,true,true,true,true,false,true,readonly_nonstored,invoice_document_state,invoice_document_state,A_MAPPED_TO_FORMAL_PRODUCT_FIELD,MAP_TO_EXISTING_FORMAL_FIELD,true,HIGH_GLOBAL_DEFINITION,FORMAL_CONTRACT_ALIAS_COUNT_ZERO,REMOVED_FROM_PRODUCT_PUBLICATION,runtime:sc.receipt.invoice.line.p1_visible_68fa54544e2f;global_ir_model_fields;dynamic_get_view_injection;formal_runtime_field_resolved
sc.receipt.invoice.line,p1_visible_764d417cabd2,operation_strategy,char,,,product runtime,addons/smart_construction_core/models/support/p1_daily_business_visible_alias_fields.py:832-853,,,FORMAL_PRODUCT_REFERENCE,true,true,true,true,false,true,readonly_nonstored,operation_strategy,operation_strategy,A_MAPPED_TO_FORMAL_PRODUCT_FIELD,MAP_TO_EXISTING_FORMAL_FIELD,true,HIGH_GLOBAL_DEFINITION,FORMAL_CONTRACT_ALIAS_COUNT_ZERO,REMOVED_FROM_PRODUCT_PUBLICATION,runtime:sc.receipt.invoice.line.p1_visible_764d417cabd2;global_ir_model_fields;dynamic_get_view_injection;formal_runtime_field_resolved
sc.receipt.invoice.line,p1_visible_8fa8662ad38f,source_document_no;invoice_document_no;request_id,char,,,product runtime,addons/smart_construction_core/models/support/p1_daily_business_visible_alias_fields.py:832-853,,,FORMAL_PRODUCT_REFERENCE,true,true,true,true,false,true,readonly_nonstored,source_document_no;invoice_document_no;request_id;document_no;name,source_document_no;invoice_document_no;request_id,A_MAPPED_TO_FORMAL_PRODUCT_FIELD,MAP_TO_EXISTING_FORMAL_FIELD,true,HIGH_GLOBAL_DEFINITION,FORMAL_CONTRACT_ALIAS_COUNT_ZERO,REMOVED_FROM_PRODUCT_PUBLICATION,runtime:sc.receipt.invoice.line.p1_visible_8fa8662ad38f;global_ir_model_fields;dynamic_get_view_injection;formal_runtime_field_resolved
sc.receipt.invoice.line,p1_visible_99f6fe6c41ad,visible_attachment_count;attachment_count,char,,,product runtime,addons/smart_construction_core/models/support/p1_daily_business_visible_alias_fields.py:832-853,,,FORMAL_PRODUCT_REFERENCE,true,true,true,true,false,true,readonly_nonstored,visible_attachment_count;attachment_count;attachment_ids;biz_attachment_ids;tech_attachment_ids;message_attachment_count,visible_attachment_count;attachment_count,A_MAPPED_TO_FORMAL_PRODUCT_FIELD,MAP_TO_EXISTING_FORMAL_FIELD,true,HIGH_GLOBAL_DEFINITION,FORMAL_CONTRACT_ALIAS_COUNT_ZERO,REMOVED_FROM_PRODUCT_PUBLICATION,runtime:sc.receipt.invoice.line.p1_visible_99f6fe6c41ad;global_ir_model_fields;dynamic_get_view_injection;formal_runtime_field_resolved
sc.receipt.invoice.line,p1_visible_ada9a85eab00,invoice_no,char,,,product runtime,addons/smart_construction_core/models/support/p1_daily_business_visible_alias_fields.py:832-853,,,FORMAL_PRODUCT_REFERENCE,true,true,true,true,false,true,readonly_nonstored,invoice_no,invoice_no,A_MAPPED_TO_FORMAL_PRODUCT_FIELD,MAP_TO_EXISTING_FORMAL_FIELD,true,HIGH_GLOBAL_DEFINITION,FORMAL_CONTRACT_ALIAS_COUNT_ZERO,REMOVED_FROM_PRODUCT_PUBLICATION,runtime:sc.receipt.invoice.line.p1_visible_ada9a85eab00;global_ir_model_fields;dynamic_get_view_injection;formal_runtime_field_resolved
sc.receipt.invoice.line,p1_visible_be5462bd6a62,invoice_issue_company;partner_id,char,,,product runtime,addons/smart_construction_core/models/support/p1_daily_business_visible_alias_fields.py:832-853,,,FORMAL_PRODUCT_REFERENCE,true,true,true,true,false,true,readonly_nonstored,invoice_issue_company;invoice_company_name;company_id;partner_id,invoice_issue_company;partner_id,A_MAPPED_TO_FORMAL_PRODUCT_FIELD,MAP_TO_EXISTING_FORMAL_FIELD,true,HIGH_GLOBAL_DEFINITION,FORMAL_CONTRACT_ALIAS_COUNT_ZERO,REMOVED_FROM_PRODUCT_PUBLICATION,runtime:sc.receipt.invoice.line.p1_visible_be5462bd6a62;global_ir_model_fields;dynamic_get_view_injection;formal_runtime_field_resolved
sc.receipt.invoice.line,p1_visible_c1b95b8ca332,surcharge_amount,char,,,product runtime,addons/smart_construction_core/models/support/p1_daily_business_visible_alias_fields.py:832-853,,,FORMAL_PRODUCT_REFERENCE,true,true,true,true,false,true,readonly_nonstored,surcharge_amount;deduction_surcharge_amount;tax_amount,surcharge_amount,A_MAPPED_TO_FORMAL_PRODUCT_FIELD,MAP_TO_EXISTING_FORMAL_FIELD,true,HIGH_GLOBAL_DEFINITION,FORMAL_CONTRACT_ALIAS_COUNT_ZERO,REMOVED_FROM_PRODUCT_PUBLICATION,runtime:sc.receipt.invoice.line.p1_visible_c1b95b8ca332;global_ir_model_fields;dynamic_get_view_injection;formal_runtime_field_resolved
sc.receipt.invoice.line,p1_visible_c3aef70a75e6,current_receipt_amount,char,,,product runtime,addons/smart_construction_core/models/support/p1_daily_business_visible_alias_fields.py:832-853,,,FORMAL_PRODUCT_REFERENCE,true,true,true,true,false,true,readonly_nonstored,current_receipt_amount,current_receipt_amount,A_MAPPED_TO_FORMAL_PRODUCT_FIELD,MAP_TO_EXISTING_FORMAL_FIELD,true,HIGH_GLOBAL_DEFINITION,FORMAL_CONTRACT_ALIAS_COUNT_ZERO,REMOVED_FROM_PRODUCT_PUBLICATION,runtime:sc.receipt.invoice.line.p1_visible_c3aef70a75e6;global_ir_model_fields;dynamic_get_view_injection;formal_runtime_field_resolved
sc.receipt.invoice.line,p1_visible_d42c2d26610f,invoice_date,char,,,product runtime,addons/smart_construction_core/models/support/p1_daily_business_visible_alias_fields.py:832-853,,,FORMAL_PRODUCT_REFERENCE,true,true,true,true,false,true,readonly_nonstored,invoice_date;document_date,invoice_date,A_MAPPED_TO_FORMAL_PRODUCT_FIELD,MAP_TO_EXISTING_FORMAL_FIELD,true,HIGH_GLOBAL_DEFINITION,FORMAL_CONTRACT_ALIAS_COUNT_ZERO,REMOVED_FROM_PRODUCT_PUBLICATION,runtime:sc.receipt.invoice.line.p1_visible_d42c2d26610f;global_ir_model_fields;dynamic_get_view_injection;formal_runtime_field_resolved
sc.receipt.invoice.line,p1_visible_f9cc22d53aff,invoice_party_name;partner_id,char,,,product runtime,addons/smart_construction_core/models/support/p1_daily_business_visible_alias_fields.py:832-853,,,FORMAL_PRODUCT_REFERENCE,true,true,true,true,false,true,readonly_nonstored,invoice_party_name;partner_id,invoice_party_name;partner_id,A_MAPPED_TO_FORMAL_PRODUCT_FIELD,MAP_TO_EXISTING_FORMAL_FIELD,true,HIGH_GLOBAL_DEFINITION,FORMAL_CONTRACT_ALIAS_COUNT_ZERO,REMOVED_FROM_PRODUCT_PUBLICATION,runtime:sc.receipt.invoice.line.p1_visible_f9cc22d53aff;global_ir_model_fields;dynamic_get_view_injection;formal_runtime_field_resolved
sc.subcontract.register,p1_visible_17b341733b7b,contract_id;name,char,,,product runtime,addons/smart_construction_core/models/support/p1_daily_business_visible_alias_fields.py:832-853,,,FORMAL_PRODUCT_REFERENCE,true,true,true,true,false,true,readonly_nonstored,contract_no;contract_id;name;document_no,contract_id;name,A_MAPPED_TO_FORMAL_PRODUCT_FIELD,MAP_TO_EXISTING_FORMAL_FIELD,true,HIGH_GLOBAL_DEFINITION,FORMAL_CONTRACT_ALIAS_COUNT_ZERO,REMOVED_FROM_PRODUCT_PUBLICATION,runtime:sc.subcontract.register.p1_visible_17b341733b7b;global_ir_model_fields;dynamic_get_view_injection;formal_runtime_field_resolved;literal_view_reference
sc.subcontract.register,p1_visible_34943c40c9af,amount_total;paid_amount,char,,,product runtime,addons/smart_construction_core/models/support/p1_daily_business_visible_alias_fields.py:832-853,,,FORMAL_PRODUCT_REFERENCE,true,true,true,true,false,true,readonly_nonstored,amount;amount_total;paid_amount;invoice_amount_total,amount_total;paid_amount,A_MAPPED_TO_FORMAL_PRODUCT_FIELD,MAP_TO_EXISTING_FORMAL_FIELD,true,HIGH_GLOBAL_DEFINITION,FORMAL_CONTRACT_ALIAS_COUNT_ZERO,REMOVED_FROM_PRODUCT_PUBLICATION,runtime:sc.subcontract.register.p1_visible_34943c40c9af;global_ir_model_fields;dynamic_get_view_injection;formal_runtime_field_resolved;literal_view_reference
sc.subcontract.register,p1_visible_3b652b9864d4,invoice_amount,char,,,product runtime,addons/smart_construction_core/models/support/p1_daily_business_visible_alias_fields.py:832-853,,,FORMAL_PRODUCT_REFERENCE,true,true,true,true,false,true,readonly_nonstored,invoice_amount;invoiced_amount,invoice_amount,A_MAPPED_TO_FORMAL_PRODUCT_FIELD,MAP_TO_EXISTING_FORMAL_FIELD,true,HIGH_GLOBAL_DEFINITION,FORMAL_CONTRACT_ALIAS_COUNT_ZERO,REMOVED_FROM_PRODUCT_PUBLICATION,runtime:sc.subcontract.register.p1_visible_3b652b9864d4;global_ir_model_fields;dynamic_get_view_injection;formal_runtime_field_resolved;literal_view_reference
sc.subcontract.register,p1_visible_3e7255522b33,project_id,char,,,product runtime,addons/smart_construction_core/models/support/p1_daily_business_visible_alias_fields.py:832-853,,,FORMAL_PRODUCT_REFERENCE,true,true,true,true,false,true,readonly_nonstored,project_id,project_id,A_MAPPED_TO_FORMAL_PRODUCT_FIELD,MAP_TO_EXISTING_FORMAL_FIELD,true,HIGH_GLOBAL_DEFINITION,FORMAL_CONTRACT_ALIAS_COUNT_ZERO,REMOVED_FROM_PRODUCT_PUBLICATION,runtime:sc.subcontract.register.p1_visible_3e7255522b33;global_ir_model_fields;dynamic_get_view_injection;formal_runtime_field_resolved;literal_view_reference
sc.subcontract.register,p1_visible_462c614de6c7,uninvoiced_amount,char,,,product runtime,addons/smart_construction_core/models/support/p1_daily_business_visible_alias_fields.py:832-853,,,FORMAL_PRODUCT_REFERENCE,true,true,true,true,false,true,readonly_nonstored,uninvoiced_amount,uninvoiced_amount,A_MAPPED_TO_FORMAL_PRODUCT_FIELD,MAP_TO_EXISTING_FORMAL_FIELD,true,HIGH_GLOBAL_DEFINITION,FORMAL_CONTRACT_ALIAS_COUNT_ZERO,REMOVED_FROM_PRODUCT_PUBLICATION,runtime:sc.subcontract.register.p1_visible_462c614de6c7;global_ir_model_fields;dynamic_get_view_injection;formal_runtime_field_resolved;literal_view_reference
sc.subcontract.register,p1_visible_6b40af3eee21,subcontract_scope;note,char,,,product runtime,addons/smart_construction_core/models/support/p1_daily_business_visible_alias_fields.py:832-853,,,FORMAL_PRODUCT_REFERENCE,true,true,true,true,false,true,readonly_nonstored,subcontract_scope;description;note,subcontract_scope;note,A_MAPPED_TO_FORMAL_PRODUCT_FIELD,MAP_TO_EXISTING_FORMAL_FIELD,true,HIGH_GLOBAL_DEFINITION,FORMAL_CONTRACT_ALIAS_COUNT_ZERO,REMOVED_FROM_PRODUCT_PUBLICATION,runtime:sc.subcontract.register.p1_visible_6b40af3eee21;global_ir_model_fields;dynamic_get_view_injection;formal_runtime_field_resolved;literal_view_reference
sc.subcontract.register,p1_visible_748d7dc7e321,name,char,,,product runtime,addons/smart_construction_core/models/support/p1_daily_business_visible_alias_fields.py:832-853,,,FORMAL_PRODUCT_REFERENCE,true,true,true,true,false,true,readonly_nonstored,title;name,name,A_MAPPED_TO_FORMAL_PRODUCT_FIELD,MAP_TO_EXISTING_FORMAL_FIELD,true,HIGH_GLOBAL_DEFINITION,FORMAL_CONTRACT_ALIAS_COUNT_ZERO,REMOVED_FROM_PRODUCT_PUBLICATION,runtime:sc.subcontract.register.p1_visible_748d7dc7e321;global_ir_model_fields;dynamic_get_view_injection;formal_runtime_field_resolved;literal_view_reference
sc.subcontract.register,p1_visible_8fa8662ad38f,name,char,,,product runtime,addons/smart_construction_core/models/support/p1_daily_business_visible_alias_fields.py:832-853,,,FORMAL_PRODUCT_REFERENCE,true,true,true,true,false,true,readonly_nonstored,document_no;name,name,A_MAPPED_TO_FORMAL_PRODUCT_FIELD,MAP_TO_EXISTING_FORMAL_FIELD,true,HIGH_GLOBAL_DEFINITION,FORMAL_CONTRACT_ALIAS_COUNT_ZERO,REMOVED_FROM_PRODUCT_PUBLICATION,runtime:sc.subcontract.register.p1_visible_8fa8662ad38f;global_ir_model_fields;dynamic_get_view_injection;formal_runtime_field_resolved;literal_view_reference
sc.subcontract.register,p1_visible_99f6fe6c41ad,message_attachment_count,char,,,product runtime,addons/smart_construction_core/models/support/p1_daily_business_visible_alias_fields.py:832-853,,,FORMAL_PRODUCT_REFERENCE,true,true,true,true,false,true,readonly_nonstored,attachment_ids;biz_attachment_ids;tech_attachment_ids;message_attachment_count,message_attachment_count,A_MAPPED_TO_FORMAL_PRODUCT_FIELD,MAP_TO_EXISTING_FORMAL_FIELD,true,HIGH_GLOBAL_DEFINITION,FORMAL_CONTRACT_ALIAS_COUNT_ZERO,REMOVED_FROM_PRODUCT_PUBLICATION,runtime:sc.subcontract.register.p1_visible_99f6fe6c41ad;global_ir_model_fields;dynamic_get_view_injection;formal_runtime_field_resolved;literal_view_reference
sc.subcontract.register,p1_visible_a22ecb7fab2f,unpaid_amount,char,,,product runtime,addons/smart_construction_core/models/support/p1_daily_business_visible_alias_fields.py:832-853,,,FORMAL_PRODUCT_REFERENCE,true,true,true,true,false,true,readonly_nonstored,unpaid_amount;amount,unpaid_amount,A_MAPPED_TO_FORMAL_PRODUCT_FIELD,MAP_TO_EXISTING_FORMAL_FIELD,true,HIGH_GLOBAL_DEFINITION,FORMAL_CONTRACT_ALIAS_COUNT_ZERO,REMOVED_FROM_PRODUCT_PUBLICATION,runtime:sc.subcontract.register.p1_visible_a22ecb7fab2f;global_ir_model_fields;dynamic_get_view_injection;formal_runtime_field_resolved;literal_view_reference
sc.subcontract.register,p1_visible_c2bdcf08e8a5,quantity_total,char,,,product runtime,addons/smart_construction_core/models/support/p1_daily_business_visible_alias_fields.py:832-853,,,FORMAL_PRODUCT_REFERENCE,true,true,true,true,false,true,readonly_nonstored,quantity_total;quantity,quantity_total,A_MAPPED_TO_FORMAL_PRODUCT_FIELD,MAP_TO_EXISTING_FORMAL_FIELD,true,HIGH_GLOBAL_DEFINITION,FORMAL_CONTRACT_ALIAS_COUNT_ZERO,REMOVED_FROM_PRODUCT_PUBLICATION,runtime:sc.subcontract.register.p1_visible_c2bdcf08e8a5;global_ir_model_fields;dynamic_get_view_injection;formal_runtime_field_resolved;literal_view_reference
sc.subcontract.register,p1_visible_c88947435308,sign_date,char,,,product runtime,addons/smart_construction_core/models/support/p1_daily_business_visible_alias_fields.py:832-853,,,FORMAL_PRODUCT_REFERENCE,true,true,true,true,false,true,readonly_nonstored,sign_date;contract_date;request_date,sign_date,A_MAPPED_TO_FORMAL_PRODUCT_FIELD,MAP_TO_EXISTING_FORMAL_FIELD,true,HIGH_GLOBAL_DEFINITION,FORMAL_CONTRACT_ALIAS_COUNT_ZERO,REMOVED_FROM_PRODUCT_PUBLICATION,runtime:sc.subcontract.register.p1_visible_c88947435308;global_ir_model_fields;dynamic_get_view_injection;formal_runtime_field_resolved;literal_view_reference
sc.subcontract.register,p1_visible_d3ebd50d724b,paid_amount,char,,,product runtime,addons/smart_construction_core/models/support/p1_daily_business_visible_alias_fields.py:832-853,,,FORMAL_PRODUCT_REFERENCE,true,true,true,true,false,true,readonly_nonstored,paid_amount;paid_amount_total;amount,paid_amount,A_MAPPED_TO_FORMAL_PRODUCT_FIELD,MAP_TO_EXISTING_FORMAL_FIELD,true,HIGH_GLOBAL_DEFINITION,FORMAL_CONTRACT_ALIAS_COUNT_ZERO,REMOVED_FROM_PRODUCT_PUBLICATION,runtime:sc.subcontract.register.p1_visible_d3ebd50d724b;global_ir_model_fields;dynamic_get_view_injection;formal_runtime_field_resolved;literal_view_reference
sc.subcontract.register,p1_visible_dfc25d77dc39,register_date;source_created_at,char,,,product runtime,addons/smart_construction_core/models/support/p1_daily_business_visible_alias_fields.py:832-853,,,FORMAL_PRODUCT_REFERENCE,true,true,true,true,false,true,readonly_nonstored,register_date;source_created_at;created_time,register_date;source_created_at,A_MAPPED_TO_FORMAL_PRODUCT_FIELD,MAP_TO_EXISTING_FORMAL_FIELD,true,HIGH_GLOBAL_DEFINITION,FORMAL_CONTRACT_ALIAS_COUNT_ZERO,REMOVED_FROM_PRODUCT_PUBLICATION,runtime:sc.subcontract.register.p1_visible_dfc25d77dc39;global_ir_model_fields;dynamic_get_view_injection;formal_runtime_field_resolved;literal_view_reference
sc.subcontract.register,p1_visible_e0361480e3a5,note,char,,,product runtime,addons/smart_construction_core/models/support/p1_daily_business_visible_alias_fields.py:832-853,,,FORMAL_PRODUCT_REFERENCE,true,true,true,true,false,true,readonly_nonstored,note;purpose;description;remark,note,A_MAPPED_TO_FORMAL_PRODUCT_FIELD,MAP_TO_EXISTING_FORMAL_FIELD,true,HIGH_GLOBAL_DEFINITION,FORMAL_CONTRACT_ALIAS_COUNT_ZERO,REMOVED_FROM_PRODUCT_PUBLICATION,runtime:sc.subcontract.register.p1_visible_e0361480e3a5;global_ir_model_fields;dynamic_get_view_injection;formal_runtime_field_resolved;literal_view_reference
sc.subcontract.register,p1_visible_ee6a4d9e2956,responsible_id;source_created_by,char,,,product runtime,addons/smart_construction_core/models/support/p1_daily_business_visible_alias_fields.py:832-853,,,FORMAL_PRODUCT_REFERENCE,true,true,true,true,false,true,readonly_nonstored,responsible_id;source_created_by;creator_name;requester_id;owner_id;handler_name,responsible_id;source_created_by,A_MAPPED_TO_FORMAL_PRODUCT_FIELD,MAP_TO_EXISTING_FORMAL_FIELD,true,HIGH_GLOBAL_DEFINITION,FORMAL_CONTRACT_ALIAS_COUNT_ZERO,REMOVED_FROM_PRODUCT_PUBLICATION,runtime:sc.subcontract.register.p1_visible_ee6a4d9e2956;global_ir_model_fields;dynamic_get_view_injection;formal_runtime_field_resolved;literal_view_reference
sc.subcontract.request,p1_visible_06fa8c6f628f,state,char,,,product runtime,addons/smart_construction_core/models/support/p1_daily_business_visible_alias_fields.py:832-853,,,FORMAL_PRODUCT_REFERENCE,true,true,true,true,false,true,readonly_nonstored,state;state_text,state,A_MAPPED_TO_FORMAL_PRODUCT_FIELD,MAP_TO_EXISTING_FORMAL_FIELD,true,HIGH_GLOBAL_DEFINITION,FORMAL_CONTRACT_ALIAS_COUNT_ZERO,REMOVED_FROM_PRODUCT_PUBLICATION,runtime:sc.subcontract.request.p1_visible_06fa8c6f628f;global_ir_model_fields;dynamic_get_view_injection;formal_runtime_field_resolved;literal_view_reference
sc.subcontract.request,p1_visible_0b370511a765,price_unit,char,,,product runtime,addons/smart_construction_core/models/support/p1_daily_business_visible_alias_fields.py:832-853,,,FORMAL_PRODUCT_REFERENCE,true,true,true,true,false,true,readonly_nonstored,price_unit,price_unit,A_MAPPED_TO_FORMAL_PRODUCT_FIELD,MAP_TO_EXISTING_FORMAL_FIELD,true,HIGH_GLOBAL_DEFINITION,FORMAL_CONTRACT_ALIAS_COUNT_ZERO,REMOVED_FROM_PRODUCT_PUBLICATION,runtime:sc.subcontract.request.p1_visible_0b370511a765;global_ir_model_fields;dynamic_get_view_injection;formal_runtime_field_resolved;literal_view_reference
sc.subcontract.request,p1_visible_34943c40c9af,amount_total,char,,,product runtime,addons/smart_construction_core/models/support/p1_daily_business_visible_alias_fields.py:832-853,,,FORMAL_PRODUCT_REFERENCE,true,true,true,true,false,true,readonly_nonstored,amount_total;amount;paid_amount;invoice_amount_total,amount_total,A_MAPPED_TO_FORMAL_PRODUCT_FIELD,MAP_TO_EXISTING_FORMAL_FIELD,true,HIGH_GLOBAL_DEFINITION,FORMAL_CONTRACT_ALIAS_COUNT_ZERO,REMOVED_FROM_PRODUCT_PUBLICATION,runtime:sc.subcontract.request.p1_visible_34943c40c9af;global_ir_model_fields;dynamic_get_view_injection;formal_runtime_field_resolved;literal_view_reference
sc.subcontract.request,p1_visible_3e7255522b33,project_id,char,,,product runtime,addons/smart_construction_core/models/support/p1_daily_business_visible_alias_fields.py:832-853,,,FORMAL_PRODUCT_REFERENCE,true,true,true,true,false,true,readonly_nonstored,project_id,project_id,A_MAPPED_TO_FORMAL_PRODUCT_FIELD,MAP_TO_EXISTING_FORMAL_FIELD,true,HIGH_GLOBAL_DEFINITION,FORMAL_CONTRACT_ALIAS_COUNT_ZERO,REMOVED_FROM_PRODUCT_PUBLICATION,runtime:sc.subcontract.request.p1_visible_3e7255522b33;global_ir_model_fields;dynamic_get_view_injection;formal_runtime_field_resolved;literal_view_reference
sc.subcontract.request,p1_visible_6b40af3eee21,subcontract_scope;note,char,,,product runtime,addons/smart_construction_core/models/support/p1_daily_business_visible_alias_fields.py:832-853,,,FORMAL_PRODUCT_REFERENCE,true,true,true,true,false,true,readonly_nonstored,subcontract_scope;description;note,subcontract_scope;note,A_MAPPED_TO_FORMAL_PRODUCT_FIELD,MAP_TO_EXISTING_FORMAL_FIELD,true,HIGH_GLOBAL_DEFINITION,FORMAL_CONTRACT_ALIAS_COUNT_ZERO,REMOVED_FROM_PRODUCT_PUBLICATION,runtime:sc.subcontract.request.p1_visible_6b40af3eee21;global_ir_model_fields;dynamic_get_view_injection;formal_runtime_field_resolved;literal_view_reference
sc.subcontract.request,p1_visible_748d7dc7e321,name,char,,,product runtime,addons/smart_construction_core/models/support/p1_daily_business_visible_alias_fields.py:832-853,,,FORMAL_PRODUCT_REFERENCE,true,true,true,true,false,true,readonly_nonstored,title;name,name,A_MAPPED_TO_FORMAL_PRODUCT_FIELD,MAP_TO_EXISTING_FORMAL_FIELD,true,HIGH_GLOBAL_DEFINITION,FORMAL_CONTRACT_ALIAS_COUNT_ZERO,REMOVED_FROM_PRODUCT_PUBLICATION,runtime:sc.subcontract.request.p1_visible_748d7dc7e321;global_ir_model_fields;dynamic_get_view_injection;formal_runtime_field_resolved;literal_view_reference
sc.subcontract.request,p1_visible_8fa8662ad38f,name,char,,,product runtime,addons/smart_construction_core/models/support/p1_daily_business_visible_alias_fields.py:832-853,,,FORMAL_PRODUCT_REFERENCE,true,true,true,true,false,true,readonly_nonstored,document_no;name,name,A_MAPPED_TO_FORMAL_PRODUCT_FIELD,MAP_TO_EXISTING_FORMAL_FIELD,true,HIGH_GLOBAL_DEFINITION,FORMAL_CONTRACT_ALIAS_COUNT_ZERO,REMOVED_FROM_PRODUCT_PUBLICATION,runtime:sc.subcontract.request.p1_visible_8fa8662ad38f;global_ir_model_fields;dynamic_get_view_injection;formal_runtime_field_resolved;literal_view_reference
sc.subcontract.request,p1_visible_99f6fe6c41ad,attachment_ids;message_attachment_count,char,,,product runtime,addons/smart_construction_core/models/support/p1_daily_business_visible_alias_fields.py:832-853,,,FORMAL_PRODUCT_REFERENCE,true,true,true,true,false,true,readonly_nonstored,attachment_ids;biz_attachment_ids;tech_attachment_ids;message_attachment_count,attachment_ids;message_attachment_count,A_MAPPED_TO_FORMAL_PRODUCT_FIELD,MAP_TO_EXISTING_FORMAL_FIELD,true,HIGH_GLOBAL_DEFINITION,FORMAL_CONTRACT_ALIAS_COUNT_ZERO,REMOVED_FROM_PRODUCT_PUBLICATION,runtime:sc.subcontract.request.p1_visible_99f6fe6c41ad;global_ir_model_fields;dynamic_get_view_injection;formal_runtime_field_resolved;literal_view_reference
sc.subcontract.request,p1_visible_ac666c1a3967,monthly_amount_total;amount_total,char,,,product runtime,addons/smart_construction_core/models/support/p1_daily_business_visible_alias_fields.py:832-853,,,FORMAL_PRODUCT_REFERENCE,true,true,true,true,false,true,readonly_nonstored,monthly_amount_total;amount_total;amount,monthly_amount_total;amount_total,A_MAPPED_TO_FORMAL_PRODUCT_FIELD,MAP_TO_EXISTING_FORMAL_FIELD,true,HIGH_GLOBAL_DEFINITION,FORMAL_CONTRACT_ALIAS_COUNT_ZERO,REMOVED_FROM_PRODUCT_PUBLICATION,runtime:sc.subcontract.request.p1_visible_ac666c1a3967;global_ir_model_fields;dynamic_get_view_injection;formal_runtime_field_resolved;literal_view_reference
sc.subcontract.request,p1_visible_b9ae89319036,quantity_total,char,,,product runtime,addons/smart_construction_core/models/support/p1_daily_business_visible_alias_fields.py:832-853,,,FORMAL_PRODUCT_REFERENCE,true,true,true,true,false,true,readonly_nonstored,quantity_total;quantity,quantity_total,A_MAPPED_TO_FORMAL_PRODUCT_FIELD,MAP_TO_EXISTING_FORMAL_FIELD,true,HIGH_GLOBAL_DEFINITION,FORMAL_CONTRACT_ALIAS_COUNT_ZERO,REMOVED_FROM_PRODUCT_PUBLICATION,runtime:sc.subcontract.request.p1_visible_b9ae89319036;global_ir_model_fields;dynamic_get_view_injection;formal_runtime_field_resolved;literal_view_reference
sc.subcontract.request,p1_visible_c2183068c097,suggested_subcontractor_id,char,,,product runtime,addons/smart_construction_core/models/support/p1_daily_business_visible_alias_fields.py:832-853,,,FORMAL_PRODUCT_REFERENCE,true,true,true,true,false,true,readonly_nonstored,suggested_subcontractor_id;subcontractor_id;partner_id,suggested_subcontractor_id,A_MAPPED_TO_FORMAL_PRODUCT_FIELD,MAP_TO_EXISTING_FORMAL_FIELD,true,HIGH_GLOBAL_DEFINITION,FORMAL_CONTRACT_ALIAS_COUNT_ZERO,REMOVED_FROM_PRODUCT_PUBLICATION,runtime:sc.subcontract.request.p1_visible_c2183068c097;global_ir_model_fields;dynamic_get_view_injection;formal_runtime_field_resolved;literal_view_reference
sc.subcontract.request,p1_visible_cd47577e8847,subcontract_type_text,char,,,product runtime,addons/smart_construction_core/models/support/p1_daily_business_visible_alias_fields.py:832-853,,,FORMAL_PRODUCT_REFERENCE,true,true,true,true,false,true,readonly_nonstored,subcontract_type_text,subcontract_type_text,A_MAPPED_TO_FORMAL_PRODUCT_FIELD,MAP_TO_EXISTING_FORMAL_FIELD,true,HIGH_GLOBAL_DEFINITION,FORMAL_CONTRACT_ALIAS_COUNT_ZERO,REMOVED_FROM_PRODUCT_PUBLICATION,runtime:sc.subcontract.request.p1_visible_cd47577e8847;global_ir_model_fields;dynamic_get_view_injection;formal_runtime_field_resolved;literal_view_reference
sc.subcontract.request,p1_visible_dfc25d77dc39,source_created_at,char,,,product runtime,addons/smart_construction_core/models/support/p1_daily_business_visible_alias_fields.py:832-853,,,FORMAL_PRODUCT_REFERENCE,true,true,true,true,false,true,readonly_nonstored,source_created_at;created_time,source_created_at,A_MAPPED_TO_FORMAL_PRODUCT_FIELD,MAP_TO_EXISTING_FORMAL_FIELD,true,HIGH_GLOBAL_DEFINITION,FORMAL_CONTRACT_ALIAS_COUNT_ZERO,REMOVED_FROM_PRODUCT_PUBLICATION,runtime:sc.subcontract.request.p1_visible_dfc25d77dc39;global_ir_model_fields;dynamic_get_view_injection;formal_runtime_field_resolved;literal_view_reference
sc.subcontract.request,p1_visible_e0361480e3a5,note;request_reason,char,,,product runtime,addons/smart_construction_core/models/support/p1_daily_business_visible_alias_fields.py:832-853,,,FORMAL_PRODUCT_REFERENCE,true,true,true,true,false,true,readonly_nonstored,note;request_reason;purpose;description;remark,note;request_reason,A_MAPPED_TO_FORMAL_PRODUCT_FIELD,MAP_TO_EXISTING_FORMAL_FIELD,true,HIGH_GLOBAL_DEFINITION,FORMAL_CONTRACT_ALIAS_COUNT_ZERO,REMOVED_FROM_PRODUCT_PUBLICATION,runtime:sc.subcontract.request.p1_visible_e0361480e3a5;global_ir_model_fields;dynamic_get_view_injection;formal_runtime_field_resolved;literal_view_reference
sc.subcontract.request,p1_visible_ee6a4d9e2956,source_created_by,char,,,product runtime,addons/smart_construction_core/models/support/p1_daily_business_visible_alias_fields.py:832-853,,,FORMAL_PRODUCT_REFERENCE,true,true,true,true,false,true,readonly_nonstored,source_created_by;creator_name;requester_id;owner_id;handler_name,source_created_by,A_MAPPED_TO_FORMAL_PRODUCT_FIELD,MAP_TO_EXISTING_FORMAL_FIELD,true,HIGH_GLOBAL_DEFINITION,FORMAL_CONTRACT_ALIAS_COUNT_ZERO,REMOVED_FROM_PRODUCT_PUBLICATION,runtime:sc.subcontract.request.p1_visible_ee6a4d9e2956;global_ir_model_fields;dynamic_get_view_injection;formal_runtime_field_resolved;literal_view_reference
sc.subcontract.settlement,p1_visible_17b341733b7b,contract_id;name,char,,,product runtime,addons/smart_construction_core/models/support/p1_daily_business_visible_alias_fields.py:832-853,,,FORMAL_PRODUCT_REFERENCE,true,true,true,true,false,true,readonly_nonstored,contract_no;contract_id;name;document_no,contract_id;name,A_MAPPED_TO_FORMAL_PRODUCT_FIELD,MAP_TO_EXISTING_FORMAL_FIELD,true,HIGH_GLOBAL_DEFINITION,FORMAL_CONTRACT_ALIAS_COUNT_ZERO,REMOVED_FROM_PRODUCT_PUBLICATION,runtime:sc.subcontract.settlement.p1_visible_17b341733b7b;global_ir_model_fields;dynamic_get_view_injection;formal_runtime_field_resolved;literal_view_reference
sc.subcontract.settlement,p1_visible_2e2adb177c13,settlement_date,char,,,product runtime,addons/smart_construction_core/models/support/p1_daily_business_visible_alias_fields.py:832-853,,,FORMAL_PRODUCT_REFERENCE,true,true,true,true,false,true,readonly_nonstored,settlement_end_date;settlement_date,settlement_date,A_MAPPED_TO_FORMAL_PRODUCT_FIELD,MAP_TO_EXISTING_FORMAL_FIELD,true,HIGH_GLOBAL_DEFINITION,FORMAL_CONTRACT_ALIAS_COUNT_ZERO,REMOVED_FROM_PRODUCT_PUBLICATION,runtime:sc.subcontract.settlement.p1_visible_2e2adb177c13;global_ir_model_fields;dynamic_get_view_injection;formal_runtime_field_resolved;literal_view_reference
sc.subcontract.settlement,p1_visible_3684e69e670b,settlement_date,char,,,product runtime,addons/smart_construction_core/models/support/p1_daily_business_visible_alias_fields.py:832-853,,,FORMAL_PRODUCT_REFERENCE,true,true,true,true,false,true,readonly_nonstored,settlement_start_date;settlement_date,settlement_date,A_MAPPED_TO_FORMAL_PRODUCT_FIELD,MAP_TO_EXISTING_FORMAL_FIELD,true,HIGH_GLOBAL_DEFINITION,FORMAL_CONTRACT_ALIAS_COUNT_ZERO,REMOVED_FROM_PRODUCT_PUBLICATION,runtime:sc.subcontract.settlement.p1_visible_3684e69e670b;global_ir_model_fields;dynamic_get_view_injection;formal_runtime_field_resolved;literal_view_reference
sc.subcontract.settlement,p1_visible_36cae65ab40a,subcontractor_id,char,,,product runtime,addons/smart_construction_core/models/support/p1_daily_business_visible_alias_fields.py:832-853,,,FORMAL_PRODUCT_REFERENCE,true,true,true,true,false,true,readonly_nonstored,settlement_unit_id;supplier_id;contractor_id;subcontractor_id;partner_id,subcontractor_id,A_MAPPED_TO_FORMAL_PRODUCT_FIELD,MAP_TO_EXISTING_FORMAL_FIELD,true,HIGH_GLOBAL_DEFINITION,FORMAL_CONTRACT_ALIAS_COUNT_ZERO,REMOVED_FROM_PRODUCT_PUBLICATION,runtime:sc.subcontract.settlement.p1_visible_36cae65ab40a;global_ir_model_fields;dynamic_get_view_injection;formal_runtime_field_resolved;literal_view_reference
sc.subcontract.settlement,p1_visible_3e7255522b33,project_id,char,,,product runtime,addons/smart_construction_core/models/support/p1_daily_business_visible_alias_fields.py:832-853,,,FORMAL_PRODUCT_REFERENCE,true,true,true,true,false,true,readonly_nonstored,project_id,project_id,A_MAPPED_TO_FORMAL_PRODUCT_FIELD,MAP_TO_EXISTING_FORMAL_FIELD,true,HIGH_GLOBAL_DEFINITION,FORMAL_CONTRACT_ALIAS_COUNT_ZERO,REMOVED_FROM_PRODUCT_PUBLICATION,runtime:sc.subcontract.settlement.p1_visible_3e7255522b33;global_ir_model_fields;dynamic_get_view_injection;formal_runtime_field_resolved;literal_view_reference
sc.subcontract.settlement,p1_visible_72cf58c14fc0,payment_requested_amount,char,,,product runtime,addons/smart_construction_core/models/support/p1_daily_business_visible_alias_fields.py:832-853,,,FORMAL_PRODUCT_REFERENCE,true,true,true,true,false,true,readonly_nonstored,payment_requested_amount,payment_requested_amount,A_MAPPED_TO_FORMAL_PRODUCT_FIELD,MAP_TO_EXISTING_FORMAL_FIELD,true,HIGH_GLOBAL_DEFINITION,FORMAL_CONTRACT_ALIAS_COUNT_ZERO,REMOVED_FROM_PRODUCT_PUBLICATION,runtime:sc.subcontract.settlement.p1_visible_72cf58c14fc0;global_ir_model_fields;dynamic_get_view_injection;formal_runtime_field_resolved;literal_view_reference
sc.subcontract.settlement,p1_visible_748d7dc7e321,name,char,,,product runtime,addons/smart_construction_core/models/support/p1_daily_business_visible_alias_fields.py:832-853,,,FORMAL_PRODUCT_REFERENCE,true,true,true,true,false,true,readonly_nonstored,title;name,name,A_MAPPED_TO_FORMAL_PRODUCT_FIELD,MAP_TO_EXISTING_FORMAL_FIELD,true,HIGH_GLOBAL_DEFINITION,FORMAL_CONTRACT_ALIAS_COUNT_ZERO,REMOVED_FROM_PRODUCT_PUBLICATION,runtime:sc.subcontract.settlement.p1_visible_748d7dc7e321;global_ir_model_fields;dynamic_get_view_injection;formal_runtime_field_resolved;literal_view_reference
sc.subcontract.settlement,p1_visible_816dc9f7b786,note,char,,,product runtime,addons/smart_construction_core/models/support/p1_daily_business_visible_alias_fields.py:832-853,,,FORMAL_PRODUCT_REFERENCE,true,true,true,true,false,true,readonly_nonstored,note,note,A_MAPPED_TO_FORMAL_PRODUCT_FIELD,MAP_TO_EXISTING_FORMAL_FIELD,true,HIGH_GLOBAL_DEFINITION,FORMAL_CONTRACT_ALIAS_COUNT_ZERO,REMOVED_FROM_PRODUCT_PUBLICATION,runtime:sc.subcontract.settlement.p1_visible_816dc9f7b786;global_ir_model_fields;dynamic_get_view_injection;formal_runtime_field_resolved;literal_view_reference
sc.subcontract.settlement,p1_visible_825a06905b09,payment_unrequested_amount,char,,,product runtime,addons/smart_construction_core/models/support/p1_daily_business_visible_alias_fields.py:832-853,,,FORMAL_PRODUCT_REFERENCE,true,true,true,true,false,true,readonly_nonstored,payment_unrequested_amount,payment_unrequested_amount,A_MAPPED_TO_FORMAL_PRODUCT_FIELD,MAP_TO_EXISTING_FORMAL_FIELD,true,HIGH_GLOBAL_DEFINITION,FORMAL_CONTRACT_ALIAS_COUNT_ZERO,REMOVED_FROM_PRODUCT_PUBLICATION,runtime:sc.subcontract.settlement.p1_visible_825a06905b09;global_ir_model_fields;dynamic_get_view_injection;formal_runtime_field_resolved;literal_view_reference
sc.subcontract.settlement,p1_visible_8fa8662ad38f,name,char,,,product runtime,addons/smart_construction_core/models/support/p1_daily_business_visible_alias_fields.py:832-853,,,FORMAL_PRODUCT_REFERENCE,true,true,true,true,false,true,readonly_nonstored,document_no;name,name,A_MAPPED_TO_FORMAL_PRODUCT_FIELD,MAP_TO_EXISTING_FORMAL_FIELD,true,HIGH_GLOBAL_DEFINITION,FORMAL_CONTRACT_ALIAS_COUNT_ZERO,REMOVED_FROM_PRODUCT_PUBLICATION,runtime:sc.subcontract.settlement.p1_visible_8fa8662ad38f;global_ir_model_fields;dynamic_get_view_injection;formal_runtime_field_resolved;literal_view_reference
sc.subcontract.settlement,p1_visible_99f6fe6c41ad,message_attachment_count,char,,,product runtime,addons/smart_construction_core/models/support/p1_daily_business_visible_alias_fields.py:832-853,,,FORMAL_PRODUCT_REFERENCE,true,true,true,true,false,true,readonly_nonstored,attachment_ids;biz_attachment_ids;tech_attachment_ids;message_attachment_count,message_attachment_count,A_MAPPED_TO_FORMAL_PRODUCT_FIELD,MAP_TO_EXISTING_FORMAL_FIELD,true,HIGH_GLOBAL_DEFINITION,FORMAL_CONTRACT_ALIAS_COUNT_ZERO,REMOVED_FROM_PRODUCT_PUBLICATION,runtime:sc.subcontract.settlement.p1_visible_99f6fe6c41ad;global_ir_model_fields;dynamic_get_view_injection;formal_runtime_field_resolved;literal_view_reference
sc.subcontract.settlement,p1_visible_a22ecb7fab2f,payment_unpaid_amount,char,,,product runtime,addons/smart_construction_core/models/support/p1_daily_business_visible_alias_fields.py:832-853,,,FORMAL_PRODUCT_REFERENCE,true,true,true,true,false,true,readonly_nonstored,payment_unpaid_amount;unpaid_amount;amount,payment_unpaid_amount,A_MAPPED_TO_FORMAL_PRODUCT_FIELD,MAP_TO_EXISTING_FORMAL_FIELD,true,HIGH_GLOBAL_DEFINITION,FORMAL_CONTRACT_ALIAS_COUNT_ZERO,REMOVED_FROM_PRODUCT_PUBLICATION,runtime:sc.subcontract.settlement.p1_visible_a22ecb7fab2f;global_ir_model_fields;dynamic_get_view_injection;formal_runtime_field_resolved;literal_view_reference
sc.subcontract.settlement,p1_visible_b6959bb111d9,state,char,,,product runtime,addons/smart_construction_core/models/support/p1_daily_business_visible_alias_fields.py:832-853,,,FORMAL_PRODUCT_REFERENCE,true,true,true,true,false,true,readonly_nonstored,payment_state;state,state,A_MAPPED_TO_FORMAL_PRODUCT_FIELD,MAP_TO_EXISTING_FORMAL_FIELD,true,HIGH_GLOBAL_DEFINITION,FORMAL_CONTRACT_ALIAS_COUNT_ZERO,REMOVED_FROM_PRODUCT_PUBLICATION,runtime:sc.subcontract.settlement.p1_visible_b6959bb111d9;global_ir_model_fields;dynamic_get_view_injection;formal_runtime_field_resolved;literal_view_reference
sc.subcontract.settlement,p1_visible_d3ebd50d724b,payment_paid_amount,char,,,product runtime,addons/smart_construction_core/models/support/p1_daily_business_visible_alias_fields.py:832-853,,,FORMAL_PRODUCT_REFERENCE,true,true,true,true,false,true,readonly_nonstored,payment_paid_amount;paid_amount;paid_amount_total;amount,payment_paid_amount,A_MAPPED_TO_FORMAL_PRODUCT_FIELD,MAP_TO_EXISTING_FORMAL_FIELD,true,HIGH_GLOBAL_DEFINITION,FORMAL_CONTRACT_ALIAS_COUNT_ZERO,REMOVED_FROM_PRODUCT_PUBLICATION,runtime:sc.subcontract.settlement.p1_visible_d3ebd50d724b;global_ir_model_fields;dynamic_get_view_injection;formal_runtime_field_resolved;literal_view_reference
sc.subcontract.settlement,p1_visible_dfc25d77dc39,settlement_date;source_created_at,char,,,product runtime,addons/smart_construction_core/models/support/p1_daily_business_visible_alias_fields.py:832-853,,,FORMAL_PRODUCT_REFERENCE,true,true,true,true,false,true,readonly_nonstored,settlement_date;source_created_at;created_time,settlement_date;source_created_at,A_MAPPED_TO_FORMAL_PRODUCT_FIELD,MAP_TO_EXISTING_FORMAL_FIELD,true,HIGH_GLOBAL_DEFINITION,FORMAL_CONTRACT_ALIAS_COUNT_ZERO,REMOVED_FROM_PRODUCT_PUBLICATION,runtime:sc.subcontract.settlement.p1_visible_dfc25d77dc39;global_ir_model_fields;dynamic_get_view_injection;formal_runtime_field_resolved;literal_view_reference
sc.subcontract.settlement,p1_visible_ec15903ded76,state,char,,,product runtime,addons/smart_construction_core/models/support/p1_daily_business_visible_alias_fields.py:832-853,,,FORMAL_PRODUCT_REFERENCE,true,true,true,true,false,true,readonly_nonstored,payment_request_state;state,state,A_MAPPED_TO_FORMAL_PRODUCT_FIELD,MAP_TO_EXISTING_FORMAL_FIELD,true,HIGH_GLOBAL_DEFINITION,FORMAL_CONTRACT_ALIAS_COUNT_ZERO,REMOVED_FROM_PRODUCT_PUBLICATION,runtime:sc.subcontract.settlement.p1_visible_ec15903ded76;global_ir_model_fields;dynamic_get_view_injection;formal_runtime_field_resolved;literal_view_reference
sc.subcontract.settlement,p1_visible_ee6a4d9e2956,source_created_by;owner_id,char,,,product runtime,addons/smart_construction_core/models/support/p1_daily_business_visible_alias_fields.py:832-853,,,FORMAL_PRODUCT_REFERENCE,true,true,true,true,false,true,readonly_nonstored,source_created_by;creator_name;requester_id;owner_id;handler_name,source_created_by;owner_id,A_MAPPED_TO_FORMAL_PRODUCT_FIELD,MAP_TO_EXISTING_FORMAL_FIELD,true,HIGH_GLOBAL_DEFINITION,FORMAL_CONTRACT_ALIAS_COUNT_ZERO,REMOVED_FROM_PRODUCT_PUBLICATION,runtime:sc.subcontract.settlement.p1_visible_ee6a4d9e2956;global_ir_model_fields;dynamic_get_view_injection;formal_runtime_field_resolved;literal_view_reference
sc.tax.deduction.registration,p1_visible_007363f27191,invoice_amount_untaxed,char,,,product runtime,addons/smart_construction_core/models/support/p1_daily_business_visible_alias_fields.py:832-853,,,FORMAL_PRODUCT_REFERENCE,true,true,true,true,false,true,readonly_nonstored,amount_untaxed;invoice_amount_untaxed,invoice_amount_untaxed,A_MAPPED_TO_FORMAL_PRODUCT_FIELD,MAP_TO_EXISTING_FORMAL_FIELD,true,HIGH_GLOBAL_DEFINITION,FORMAL_CONTRACT_ALIAS_COUNT_ZERO,REMOVED_FROM_PRODUCT_PUBLICATION,runtime:sc.tax.deduction.registration.p1_visible_007363f27191;global_ir_model_fields;dynamic_get_view_injection;formal_runtime_field_resolved
sc.tax.deduction.registration,p1_visible_06fa8c6f628f,state,char,,,product runtime,addons/smart_construction_core/models/support/p1_daily_business_visible_alias_fields.py:832-853,,,FORMAL_PRODUCT_REFERENCE,true,true,true,true,false,true,readonly_nonstored,state;state_text,state,A_MAPPED_TO_FORMAL_PRODUCT_FIELD,MAP_TO_EXISTING_FORMAL_FIELD,true,HIGH_GLOBAL_DEFINITION,FORMAL_CONTRACT_ALIAS_COUNT_ZERO,REMOVED_FROM_PRODUCT_PUBLICATION,runtime:sc.tax.deduction.registration.p1_visible_06fa8c6f628f;global_ir_model_fields;dynamic_get_view_injection;formal_runtime_field_resolved;literal_view_reference
sc.tax.deduction.registration,p1_visible_16e91e3d2738,deduction_reason;note,char,,,product runtime,addons/smart_construction_core/models/support/p1_daily_business_visible_alias_fields.py:832-853,,,FORMAL_PRODUCT_REFERENCE,true,true,true,true,false,true,readonly_nonstored,deduction_reason;note;purpose,deduction_reason;note,A_MAPPED_TO_FORMAL_PRODUCT_FIELD,MAP_TO_EXISTING_FORMAL_FIELD,true,HIGH_GLOBAL_DEFINITION,FORMAL_CONTRACT_ALIAS_COUNT_ZERO,REMOVED_FROM_PRODUCT_PUBLICATION,runtime:sc.tax.deduction.registration.p1_visible_16e91e3d2738;global_ir_model_fields;dynamic_get_view_injection;formal_runtime_field_resolved;literal_view_reference
sc.tax.deduction.registration,p1_visible_1da8ed2551df,state,char,,,product runtime,addons/smart_construction_core/models/support/p1_daily_business_visible_alias_fields.py:832-853,,,FORMAL_PRODUCT_REFERENCE,true,true,true,true,false,true,readonly_nonstored,is_refund;state,state,A_MAPPED_TO_FORMAL_PRODUCT_FIELD,MAP_TO_EXISTING_FORMAL_FIELD,true,HIGH_GLOBAL_DEFINITION,FORMAL_CONTRACT_ALIAS_COUNT_ZERO,REMOVED_FROM_PRODUCT_PUBLICATION,runtime:sc.tax.deduction.registration.p1_visible_1da8ed2551df;global_ir_model_fields;dynamic_get_view_injection;formal_runtime_field_resolved;literal_view_reference
sc.tax.deduction.registration,p1_visible_1e62803e196c,document_date,char,,,product runtime,addons/smart_construction_core/models/support/p1_daily_business_visible_alias_fields.py:832-853,,,FORMAL_PRODUCT_REFERENCE,true,true,true,true,false,true,readonly_nonstored,document_date;date_request;request_date;settlement_date;snapshot_date;date_diary;inbound_date;outbound_date,document_date,A_MAPPED_TO_FORMAL_PRODUCT_FIELD,MAP_TO_EXISTING_FORMAL_FIELD,true,HIGH_GLOBAL_DEFINITION,FORMAL_CONTRACT_ALIAS_COUNT_ZERO,REMOVED_FROM_PRODUCT_PUBLICATION,runtime:sc.tax.deduction.registration.p1_visible_1e62803e196c;global_ir_model_fields;dynamic_get_view_injection;formal_runtime_field_resolved;literal_view_reference
sc.tax.deduction.registration,p1_visible_34943c40c9af,invoice_amount_total,char,,,product runtime,addons/smart_construction_core/models/support/p1_daily_business_visible_alias_fields.py:832-853,,,FORMAL_PRODUCT_REFERENCE,true,true,true,true,false,true,readonly_nonstored,amount;amount_total;paid_amount;invoice_amount_total,invoice_amount_total,A_MAPPED_TO_FORMAL_PRODUCT_FIELD,MAP_TO_EXISTING_FORMAL_FIELD,true,HIGH_GLOBAL_DEFINITION,FORMAL_CONTRACT_ALIAS_COUNT_ZERO,REMOVED_FROM_PRODUCT_PUBLICATION,runtime:sc.tax.deduction.registration.p1_visible_34943c40c9af;global_ir_model_fields;dynamic_get_view_injection;formal_runtime_field_resolved
sc.tax.deduction.registration,p1_visible_3540b47897be,is_transfer_out;state,char,,,product runtime,addons/smart_construction_core/models/support/p1_daily_business_visible_alias_fields.py:832-853,,,FORMAL_PRODUCT_REFERENCE,true,true,true,true,false,true,readonly_nonstored,is_transfer_out;state,is_transfer_out;state,A_MAPPED_TO_FORMAL_PRODUCT_FIELD,MAP_TO_EXISTING_FORMAL_FIELD,true,HIGH_GLOBAL_DEFINITION,FORMAL_CONTRACT_ALIAS_COUNT_ZERO,REMOVED_FROM_PRODUCT_PUBLICATION,runtime:sc.tax.deduction.registration.p1_visible_3540b47897be;global_ir_model_fields;dynamic_get_view_injection;formal_runtime_field_resolved;literal_view_reference
sc.tax.deduction.registration,p1_visible_37d56ad493cf,tax_rate_text,char,,,product runtime,addons/smart_construction_core/models/support/p1_daily_business_visible_alias_fields.py:832-853,,,FORMAL_PRODUCT_REFERENCE,true,true,true,true,false,true,readonly_nonstored,tax_rate;tax_rate_text,tax_rate_text,A_MAPPED_TO_FORMAL_PRODUCT_FIELD,MAP_TO_EXISTING_FORMAL_FIELD,true,HIGH_GLOBAL_DEFINITION,FORMAL_CONTRACT_ALIAS_COUNT_ZERO,REMOVED_FROM_PRODUCT_PUBLICATION,runtime:sc.tax.deduction.registration.p1_visible_37d56ad493cf;global_ir_model_fields;dynamic_get_view_injection;formal_runtime_field_resolved
sc.tax.deduction.registration,p1_visible_3ade9df90bf8,deduction_amount,char,,,product runtime,addons/smart_construction_core/models/support/p1_daily_business_visible_alias_fields.py:832-853,,,FORMAL_PRODUCT_REFERENCE,true,true,true,true,false,true,readonly_nonstored,refund_amount;deduction_amount;amount,deduction_amount,A_MAPPED_TO_FORMAL_PRODUCT_FIELD,MAP_TO_EXISTING_FORMAL_FIELD,true,HIGH_GLOBAL_DEFINITION,FORMAL_CONTRACT_ALIAS_COUNT_ZERO,REMOVED_FROM_PRODUCT_PUBLICATION,runtime:sc.tax.deduction.registration.p1_visible_3ade9df90bf8;global_ir_model_fields;dynamic_get_view_injection;formal_runtime_field_resolved;literal_view_reference
sc.tax.deduction.registration,p1_visible_3d0afdf3736d,,,,,product runtime,addons/smart_construction_core/models/support/p1_daily_business_visible_alias_fields.py:832-853,,,FORMAL_PRODUCT_REFERENCE,true,true,true,true,false,true,readonly_nonstored,invoice_type;type,,F_BUSINESS_DECISION_FORMAL_SOURCE_MISSING,UNPUBLISH_FROM_PRODUCT_UI,true,CRITICAL_UNRESOLVED_FORMAL_SOURCE,FORMAL_CONTRACT_ALIAS_COUNT_ZERO,REMOVED_FROM_PRODUCT_PUBLICATION,runtime:sc.tax.deduction.registration.p1_visible_3d0afdf3736d;global_ir_model_fields;dynamic_get_view_injection;formal_runtime_field_unresolved
sc.tax.deduction.registration,p1_visible_3e7255522b33,project_id,char,,,product runtime,addons/smart_construction_core/models/support/p1_daily_business_visible_alias_fields.py:832-853,,,FORMAL_PRODUCT_REFERENCE,true,true,true,true,false,true,readonly_nonstored,project_id,project_id,A_MAPPED_TO_FORMAL_PRODUCT_FIELD,MAP_TO_EXISTING_FORMAL_FIELD,true,HIGH_GLOBAL_DEFINITION,FORMAL_CONTRACT_ALIAS_COUNT_ZERO,REMOVED_FROM_PRODUCT_PUBLICATION,runtime:sc.tax.deduction.registration.p1_visible_3e7255522b33;global_ir_model_fields;dynamic_get_view_injection;formal_runtime_field_resolved;literal_view_reference
sc.tax.deduction.registration,p1_visible_61b3896f8414,operation_strategy,char,,,product runtime,addons/smart_construction_core/models/support/p1_daily_business_visible_alias_fields.py:832-853,,,FORMAL_PRODUCT_REFERENCE,true,true,true,true,false,true,readonly_nonstored,tax_type;operation_strategy,operation_strategy,A_MAPPED_TO_FORMAL_PRODUCT_FIELD,MAP_TO_EXISTING_FORMAL_FIELD,true,HIGH_GLOBAL_DEFINITION,FORMAL_CONTRACT_ALIAS_COUNT_ZERO,REMOVED_FROM_PRODUCT_PUBLICATION,runtime:sc.tax.deduction.registration.p1_visible_61b3896f8414;global_ir_model_fields;dynamic_get_view_injection;formal_runtime_field_resolved
sc.tax.deduction.registration,p1_visible_62319711f425,document_date,char,,,product runtime,addons/smart_construction_core/models/support/p1_daily_business_visible_alias_fields.py:832-853,,,FORMAL_PRODUCT_REFERENCE,true,true,true,true,false,true,readonly_nonstored,prepaid_tax_date;document_date,document_date,A_MAPPED_TO_FORMAL_PRODUCT_FIELD,MAP_TO_EXISTING_FORMAL_FIELD,true,HIGH_GLOBAL_DEFINITION,FORMAL_CONTRACT_ALIAS_COUNT_ZERO,REMOVED_FROM_PRODUCT_PUBLICATION,runtime:sc.tax.deduction.registration.p1_visible_62319711f425;global_ir_model_fields;dynamic_get_view_injection;formal_runtime_field_resolved
sc.tax.deduction.registration,p1_visible_62e5cf441092,deduction_amount,char,,,product runtime,addons/smart_construction_core/models/support/p1_daily_business_visible_alias_fields.py:832-853,,,FORMAL_PRODUCT_REFERENCE,true,true,true,true,false,true,readonly_nonstored,paid_amount;deduction_amount;amount,deduction_amount,A_MAPPED_TO_FORMAL_PRODUCT_FIELD,MAP_TO_EXISTING_FORMAL_FIELD,true,HIGH_GLOBAL_DEFINITION,FORMAL_CONTRACT_ALIAS_COUNT_ZERO,REMOVED_FROM_PRODUCT_PUBLICATION,runtime:sc.tax.deduction.registration.p1_visible_62e5cf441092;global_ir_model_fields;dynamic_get_view_injection;formal_runtime_field_resolved;literal_view_reference
sc.tax.deduction.registration,p1_visible_62e951a692ff,state,char,,,product runtime,addons/smart_construction_core/models/support/p1_daily_business_visible_alias_fields.py:832-853,,,FORMAL_PRODUCT_REFERENCE,true,true,true,true,false,true,readonly_nonstored,state,state,A_MAPPED_TO_FORMAL_PRODUCT_FIELD,MAP_TO_EXISTING_FORMAL_FIELD,true,HIGH_GLOBAL_DEFINITION,FORMAL_CONTRACT_ALIAS_COUNT_ZERO,REMOVED_FROM_PRODUCT_PUBLICATION,runtime:sc.tax.deduction.registration.p1_visible_62e951a692ff;global_ir_model_fields;dynamic_get_view_injection;formal_runtime_field_resolved
sc.tax.deduction.registration,p1_visible_6514c1bee4d7,invoice_no,char,,,product runtime,addons/smart_construction_core/models/support/p1_daily_business_visible_alias_fields.py:832-853,,,FORMAL_PRODUCT_REFERENCE,true,true,true,true,false,true,readonly_nonstored,tax_certificate_no;invoice_no,invoice_no,A_MAPPED_TO_FORMAL_PRODUCT_FIELD,MAP_TO_EXISTING_FORMAL_FIELD,true,HIGH_GLOBAL_DEFINITION,FORMAL_CONTRACT_ALIAS_COUNT_ZERO,REMOVED_FROM_PRODUCT_PUBLICATION,runtime:sc.tax.deduction.registration.p1_visible_6514c1bee4d7;global_ir_model_fields;dynamic_get_view_injection;formal_runtime_field_resolved
sc.tax.deduction.registration,p1_visible_6bb76c93367b,partner_id,char,,,product runtime,addons/smart_construction_core/models/support/p1_daily_business_visible_alias_fields.py:832-853,,,FORMAL_PRODUCT_REFERENCE,true,true,true,true,false,true,readonly_nonstored,partner_id,partner_id,A_MAPPED_TO_FORMAL_PRODUCT_FIELD,MAP_TO_EXISTING_FORMAL_FIELD,true,HIGH_GLOBAL_DEFINITION,FORMAL_CONTRACT_ALIAS_COUNT_ZERO,REMOVED_FROM_PRODUCT_PUBLICATION,runtime:sc.tax.deduction.registration.p1_visible_6bb76c93367b;global_ir_model_fields;dynamic_get_view_injection;formal_runtime_field_resolved
sc.tax.deduction.registration,p1_visible_748d7dc7e321,name,char,,,product runtime,addons/smart_construction_core/models/support/p1_daily_business_visible_alias_fields.py:832-853,,,FORMAL_PRODUCT_REFERENCE,true,true,true,true,false,true,readonly_nonstored,title;name,name,A_MAPPED_TO_FORMAL_PRODUCT_FIELD,MAP_TO_EXISTING_FORMAL_FIELD,true,HIGH_GLOBAL_DEFINITION,FORMAL_CONTRACT_ALIAS_COUNT_ZERO,REMOVED_FROM_PRODUCT_PUBLICATION,runtime:sc.tax.deduction.registration.p1_visible_748d7dc7e321;global_ir_model_fields;dynamic_get_view_injection;formal_runtime_field_resolved;literal_view_reference
sc.tax.deduction.registration,p1_visible_8acf4918f1f1,deduction_tax_amount,char,,,product runtime,addons/smart_construction_core/models/support/p1_daily_business_visible_alias_fields.py:832-853,,,FORMAL_PRODUCT_REFERENCE,true,true,true,true,false,true,readonly_nonstored,deduction_tax_amount,deduction_tax_amount,A_MAPPED_TO_FORMAL_PRODUCT_FIELD,MAP_TO_EXISTING_FORMAL_FIELD,true,HIGH_GLOBAL_DEFINITION,FORMAL_CONTRACT_ALIAS_COUNT_ZERO,REMOVED_FROM_PRODUCT_PUBLICATION,runtime:sc.tax.deduction.registration.p1_visible_8acf4918f1f1;global_ir_model_fields;dynamic_get_view_injection;formal_runtime_field_resolved;literal_view_reference
sc.tax.deduction.registration,p1_visible_8fa8662ad38f,document_no;name,char,,,product runtime,addons/smart_construction_core/models/support/p1_daily_business_visible_alias_fields.py:832-853,,,FORMAL_PRODUCT_REFERENCE,true,true,true,true,false,true,readonly_nonstored,document_no;name,document_no;name,A_MAPPED_TO_FORMAL_PRODUCT_FIELD,MAP_TO_EXISTING_FORMAL_FIELD,true,HIGH_GLOBAL_DEFINITION,FORMAL_CONTRACT_ALIAS_COUNT_ZERO,REMOVED_FROM_PRODUCT_PUBLICATION,runtime:sc.tax.deduction.registration.p1_visible_8fa8662ad38f;global_ir_model_fields;dynamic_get_view_injection;formal_runtime_field_resolved;literal_view_reference
sc.tax.deduction.registration,p1_visible_99f6fe6c41ad,attachment_ids;message_attachment_count,char,,,product runtime,addons/smart_construction_core/models/support/p1_daily_business_visible_alias_fields.py:832-853,,,FORMAL_PRODUCT_REFERENCE,true,true,true,true,false,true,readonly_nonstored,attachment_ids;biz_attachment_ids;tech_attachment_ids;message_attachment_count,attachment_ids;message_attachment_count,A_MAPPED_TO_FORMAL_PRODUCT_FIELD,MAP_TO_EXISTING_FORMAL_FIELD,true,HIGH_GLOBAL_DEFINITION,FORMAL_CONTRACT_ALIAS_COUNT_ZERO,REMOVED_FROM_PRODUCT_PUBLICATION,runtime:sc.tax.deduction.registration.p1_visible_99f6fe6c41ad;global_ir_model_fields;dynamic_get_view_injection;formal_runtime_field_resolved;literal_view_reference
sc.tax.deduction.registration,p1_visible_99f753ed6262,invoice_tax_amount,char,,,product runtime,addons/smart_construction_core/models/support/p1_daily_business_visible_alias_fields.py:832-853,,,FORMAL_PRODUCT_REFERENCE,true,true,true,true,false,true,readonly_nonstored,tax_amount;invoice_tax_amount,invoice_tax_amount,A_MAPPED_TO_FORMAL_PRODUCT_FIELD,MAP_TO_EXISTING_FORMAL_FIELD,true,HIGH_GLOBAL_DEFINITION,FORMAL_CONTRACT_ALIAS_COUNT_ZERO,REMOVED_FROM_PRODUCT_PUBLICATION,runtime:sc.tax.deduction.registration.p1_visible_99f753ed6262;global_ir_model_fields;dynamic_get_view_injection;formal_runtime_field_resolved
sc.tax.deduction.registration,p1_visible_9b5c1b5cbd69,withholding_amount;deduction_amount,char,,,product runtime,addons/smart_construction_core/models/support/p1_daily_business_visible_alias_fields.py:832-853,,,FORMAL_PRODUCT_REFERENCE,true,true,true,true,false,true,readonly_nonstored,withholding_amount;deduction_amount;amount,withholding_amount;deduction_amount,A_MAPPED_TO_FORMAL_PRODUCT_FIELD,MAP_TO_EXISTING_FORMAL_FIELD,true,HIGH_GLOBAL_DEFINITION,FORMAL_CONTRACT_ALIAS_COUNT_ZERO,REMOVED_FROM_PRODUCT_PUBLICATION,runtime:sc.tax.deduction.registration.p1_visible_9b5c1b5cbd69;global_ir_model_fields;dynamic_get_view_injection;formal_runtime_field_resolved;literal_view_reference
sc.tax.deduction.registration,p1_visible_a3c1a28bd34c,invoice_date;document_date,char,,,product runtime,addons/smart_construction_core/models/support/p1_daily_business_visible_alias_fields.py:832-853,,,FORMAL_PRODUCT_REFERENCE,true,true,true,true,false,true,readonly_nonstored,invoice_date;document_date,invoice_date;document_date,A_MAPPED_TO_FORMAL_PRODUCT_FIELD,MAP_TO_EXISTING_FORMAL_FIELD,true,HIGH_GLOBAL_DEFINITION,FORMAL_CONTRACT_ALIAS_COUNT_ZERO,REMOVED_FROM_PRODUCT_PUBLICATION,runtime:sc.tax.deduction.registration.p1_visible_a3c1a28bd34c;global_ir_model_fields;dynamic_get_view_injection;formal_runtime_field_resolved
sc.tax.deduction.registration,p1_visible_ada9a85eab00,invoice_no,char,,,product runtime,addons/smart_construction_core/models/support/p1_daily_business_visible_alias_fields.py:832-853,,,FORMAL_PRODUCT_REFERENCE,true,true,true,true,false,true,readonly_nonstored,invoice_no,invoice_no,A_MAPPED_TO_FORMAL_PRODUCT_FIELD,MAP_TO_EXISTING_FORMAL_FIELD,true,HIGH_GLOBAL_DEFINITION,FORMAL_CONTRACT_ALIAS_COUNT_ZERO,REMOVED_FROM_PRODUCT_PUBLICATION,runtime:sc.tax.deduction.registration.p1_visible_ada9a85eab00;global_ir_model_fields;dynamic_get_view_injection;formal_runtime_field_resolved;literal_view_reference
sc.tax.deduction.registration,p1_visible_b0bff5c45de7,deduction_amount,char,,,product runtime,addons/smart_construction_core/models/support/p1_daily_business_visible_alias_fields.py:832-853,,,FORMAL_PRODUCT_REFERENCE,true,true,true,true,false,true,readonly_nonstored,planned_paid_amount;deduction_amount;amount,deduction_amount,A_MAPPED_TO_FORMAL_PRODUCT_FIELD,MAP_TO_EXISTING_FORMAL_FIELD,true,HIGH_GLOBAL_DEFINITION,FORMAL_CONTRACT_ALIAS_COUNT_ZERO,REMOVED_FROM_PRODUCT_PUBLICATION,runtime:sc.tax.deduction.registration.p1_visible_b0bff5c45de7;global_ir_model_fields;dynamic_get_view_injection;formal_runtime_field_resolved;literal_view_reference
sc.tax.deduction.registration,p1_visible_b9ae89319036,,,,,product runtime,addons/smart_construction_core/models/support/p1_daily_business_visible_alias_fields.py:832-853,,,FORMAL_PRODUCT_REFERENCE,true,true,true,true,false,true,readonly_nonstored,quantity;quantity_total,,F_BUSINESS_DECISION_FORMAL_SOURCE_MISSING,UNPUBLISH_FROM_PRODUCT_UI,true,CRITICAL_UNRESOLVED_FORMAL_SOURCE,FORMAL_CONTRACT_ALIAS_COUNT_ZERO,REMOVED_FROM_PRODUCT_PUBLICATION,runtime:sc.tax.deduction.registration.p1_visible_b9ae89319036;global_ir_model_fields;dynamic_get_view_injection;formal_runtime_field_unresolved
sc.tax.deduction.registration,p1_visible_be5462bd6a62,partner_name;partner_id;company_id,char,,,product runtime,addons/smart_construction_core/models/support/p1_daily_business_visible_alias_fields.py:832-853,,,FORMAL_PRODUCT_REFERENCE,true,true,true,true,false,true,readonly_nonstored,partner_name;partner_id;invoice_company_name;company_id,partner_name;partner_id;company_id,A_MAPPED_TO_FORMAL_PRODUCT_FIELD,MAP_TO_EXISTING_FORMAL_FIELD,true,HIGH_GLOBAL_DEFINITION,FORMAL_CONTRACT_ALIAS_COUNT_ZERO,REMOVED_FROM_PRODUCT_PUBLICATION,runtime:sc.tax.deduction.registration.p1_visible_be5462bd6a62;global_ir_model_fields;dynamic_get_view_injection;formal_runtime_field_resolved;literal_view_reference
sc.tax.deduction.registration,p1_visible_d09b05103331,invoice_amount_total,char,,,product runtime,addons/smart_construction_core/models/support/p1_daily_business_visible_alias_fields.py:832-853,,,FORMAL_PRODUCT_REFERENCE,true,true,true,true,false,true,readonly_nonstored,invoice_amount_total;amount_total,invoice_amount_total,A_MAPPED_TO_FORMAL_PRODUCT_FIELD,MAP_TO_EXISTING_FORMAL_FIELD,true,HIGH_GLOBAL_DEFINITION,FORMAL_CONTRACT_ALIAS_COUNT_ZERO,REMOVED_FROM_PRODUCT_PUBLICATION,runtime:sc.tax.deduction.registration.p1_visible_d09b05103331;global_ir_model_fields;dynamic_get_view_injection;formal_runtime_field_resolved
sc.tax.deduction.registration,p1_visible_dbbcd74271cd,note,char,,,product runtime,addons/smart_construction_core/models/support/p1_daily_business_visible_alias_fields.py:832-853,,,FORMAL_PRODUCT_REFERENCE,true,true,true,true,false,true,readonly_nonstored,description;note,note,A_MAPPED_TO_FORMAL_PRODUCT_FIELD,MAP_TO_EXISTING_FORMAL_FIELD,true,HIGH_GLOBAL_DEFINITION,FORMAL_CONTRACT_ALIAS_COUNT_ZERO,REMOVED_FROM_PRODUCT_PUBLICATION,runtime:sc.tax.deduction.registration.p1_visible_dbbcd74271cd;global_ir_model_fields;dynamic_get_view_injection;formal_runtime_field_resolved;literal_view_reference
sc.tax.deduction.registration,p1_visible_dfc25d77dc39,created_time;source_created_at,char,,,product runtime,addons/smart_construction_core/models/support/p1_daily_business_visible_alias_fields.py:832-853,,,FORMAL_PRODUCT_REFERENCE,true,true,true,true,false,true,readonly_nonstored,created_time;source_created_at,created_time;source_created_at,A_MAPPED_TO_FORMAL_PRODUCT_FIELD,MAP_TO_EXISTING_FORMAL_FIELD,true,HIGH_GLOBAL_DEFINITION,FORMAL_CONTRACT_ALIAS_COUNT_ZERO,REMOVED_FROM_PRODUCT_PUBLICATION,runtime:sc.tax.deduction.registration.p1_visible_dfc25d77dc39;global_ir_model_fields;dynamic_get_view_injection;formal_runtime_field_resolved;literal_view_reference
sc.tax.deduction.registration,p1_visible_e0361480e3a5,note,char,,,product runtime,addons/smart_construction_core/models/support/p1_daily_business_visible_alias_fields.py:832-853,,,FORMAL_PRODUCT_REFERENCE,true,true,true,true,false,true,readonly_nonstored,note;purpose;description;remark,note,A_MAPPED_TO_FORMAL_PRODUCT_FIELD,MAP_TO_EXISTING_FORMAL_FIELD,true,HIGH_GLOBAL_DEFINITION,FORMAL_CONTRACT_ALIAS_COUNT_ZERO,REMOVED_FROM_PRODUCT_PUBLICATION,runtime:sc.tax.deduction.registration.p1_visible_e0361480e3a5;global_ir_model_fields;dynamic_get_view_injection;formal_runtime_field_resolved;literal_view_reference
sc.tax.deduction.registration,p1_visible_ea75d3bba41c,deduction_unit_name;partner_name;partner_id,char,,,product runtime,addons/smart_construction_core/models/support/p1_daily_business_visible_alias_fields.py:832-853,,,FORMAL_PRODUCT_REFERENCE,true,true,true,true,false,true,readonly_nonstored,deduction_unit_name;partner_name;partner_id,deduction_unit_name;partner_name;partner_id,A_MAPPED_TO_FORMAL_PRODUCT_FIELD,MAP_TO_EXISTING_FORMAL_FIELD,true,HIGH_GLOBAL_DEFINITION,FORMAL_CONTRACT_ALIAS_COUNT_ZERO,REMOVED_FROM_PRODUCT_PUBLICATION,runtime:sc.tax.deduction.registration.p1_visible_ea75d3bba41c;global_ir_model_fields;dynamic_get_view_injection;formal_runtime_field_resolved;literal_view_reference
sc.tax.deduction.registration,p1_visible_eaa05c7105f7,deduction_surcharge_amount,char,,,product runtime,addons/smart_construction_core/models/support/p1_daily_business_visible_alias_fields.py:832-853,,,FORMAL_PRODUCT_REFERENCE,true,true,true,true,false,true,readonly_nonstored,deduction_surcharge_amount,deduction_surcharge_amount,A_MAPPED_TO_FORMAL_PRODUCT_FIELD,MAP_TO_EXISTING_FORMAL_FIELD,true,HIGH_GLOBAL_DEFINITION,FORMAL_CONTRACT_ALIAS_COUNT_ZERO,REMOVED_FROM_PRODUCT_PUBLICATION,runtime:sc.tax.deduction.registration.p1_visible_eaa05c7105f7;global_ir_model_fields;dynamic_get_view_injection;formal_runtime_field_resolved;literal_view_reference
sc.tax.deduction.registration,p1_visible_ed582efc6e34,invoice_no,char,,,product runtime,addons/smart_construction_core/models/support/p1_daily_business_visible_alias_fields.py:832-853,,,FORMAL_PRODUCT_REFERENCE,true,true,true,true,false,true,readonly_nonstored,invoice_no,invoice_no,A_MAPPED_TO_FORMAL_PRODUCT_FIELD,MAP_TO_EXISTING_FORMAL_FIELD,true,HIGH_GLOBAL_DEFINITION,FORMAL_CONTRACT_ALIAS_COUNT_ZERO,REMOVED_FROM_PRODUCT_PUBLICATION,runtime:sc.tax.deduction.registration.p1_visible_ed582efc6e34;global_ir_model_fields;dynamic_get_view_injection;formal_runtime_field_resolved
sc.tax.deduction.registration,p1_visible_ee19dd75350c,deduction_amount;invoice_amount_total,char,,,product runtime,addons/smart_construction_core/models/support/p1_daily_business_visible_alias_fields.py:832-853,,,FORMAL_PRODUCT_REFERENCE,true,true,true,true,false,true,readonly_nonstored,deduction_amount;invoice_amount_total,deduction_amount;invoice_amount_total,A_MAPPED_TO_FORMAL_PRODUCT_FIELD,MAP_TO_EXISTING_FORMAL_FIELD,true,HIGH_GLOBAL_DEFINITION,FORMAL_CONTRACT_ALIAS_COUNT_ZERO,REMOVED_FROM_PRODUCT_PUBLICATION,runtime:sc.tax.deduction.registration.p1_visible_ee19dd75350c;global_ir_model_fields;dynamic_get_view_injection;formal_runtime_field_resolved;literal_view_reference
sc.tax.deduction.registration,p1_visible_ee6a4d9e2956,creator_name;source_created_by,char,,,product runtime,addons/smart_construction_core/models/support/p1_daily_business_visible_alias_fields.py:832-853,,,FORMAL_PRODUCT_REFERENCE,true,true,true,true,false,true,readonly_nonstored,creator_name;source_created_by;requester_id;owner_id;handler_name,creator_name;source_created_by,A_MAPPED_TO_FORMAL_PRODUCT_FIELD,MAP_TO_EXISTING_FORMAL_FIELD,true,HIGH_GLOBAL_DEFINITION,FORMAL_CONTRACT_ALIAS_COUNT_ZERO,REMOVED_FROM_PRODUCT_PUBLICATION,runtime:sc.tax.deduction.registration.p1_visible_ee6a4d9e2956;global_ir_model_fields;dynamic_get_view_injection;formal_runtime_field_resolved;literal_view_reference
sc.tax.deduction.registration,p1_visible_f286b41bd7f0,partner_id,char,,,product runtime,addons/smart_construction_core/models/support/p1_daily_business_visible_alias_fields.py:832-853,,,FORMAL_PRODUCT_REFERENCE,true,true,true,true,false,true,readonly_nonstored,actual_invoice_company_name;partner_id,partner_id,A_MAPPED_TO_FORMAL_PRODUCT_FIELD,MAP_TO_EXISTING_FORMAL_FIELD,true,HIGH_GLOBAL_DEFINITION,FORMAL_CONTRACT_ALIAS_COUNT_ZERO,REMOVED_FROM_PRODUCT_PUBLICATION,runtime:sc.tax.deduction.registration.p1_visible_f286b41bd7f0;global_ir_model_fields;dynamic_get_view_injection;formal_runtime_field_resolved
sc.tax.deduction.registration,p1_visible_f9cc22d53aff,partner_id,char,,,product runtime,addons/smart_construction_core/models/support/p1_daily_business_visible_alias_fields.py:832-853,,,FORMAL_PRODUCT_REFERENCE,true,true,true,true,false,true,readonly_nonstored,partner_id,partner_id,A_MAPPED_TO_FORMAL_PRODUCT_FIELD,MAP_TO_EXISTING_FORMAL_FIELD,true,HIGH_GLOBAL_DEFINITION,FORMAL_CONTRACT_ALIAS_COUNT_ZERO,REMOVED_FROM_PRODUCT_PUBLICATION,runtime:sc.tax.deduction.registration.p1_visible_f9cc22d53aff;global_ir_model_fields;dynamic_get_view_injection;formal_runtime_field_resolved
tender.bid,p1_visible_06fa8c6f628f,tender_bid_status_display;state,char,,,product runtime,addons/smart_construction_core/models/support/p1_daily_business_visible_alias_fields.py:832-853,,,FORMAL_PRODUCT_REFERENCE,true,true,true,true,false,true,readonly_nonstored,tender_bid_status_display;state;state_text,tender_bid_status_display;state,A_MAPPED_TO_FORMAL_PRODUCT_FIELD,MAP_TO_EXISTING_FORMAL_FIELD,true,HIGH_GLOBAL_DEFINITION,FORMAL_CONTRACT_ALIAS_COUNT_ZERO,REMOVED_FROM_PRODUCT_PUBLICATION,runtime:tender.bid.p1_visible_06fa8c6f628f;global_ir_model_fields;dynamic_get_view_injection;formal_runtime_field_resolved;literal_view_reference
tender.bid,p1_visible_2c346345746e,apply_date;create_date,char,,,product runtime,addons/smart_construction_core/models/support/p1_daily_business_visible_alias_fields.py:832-853,,,FORMAL_PRODUCT_REFERENCE,true,true,true,true,false,true,readonly_nonstored,apply_date;request_date;date_request;document_date;create_date,apply_date;create_date,A_MAPPED_TO_FORMAL_PRODUCT_FIELD,MAP_TO_EXISTING_FORMAL_FIELD,true,HIGH_GLOBAL_DEFINITION,FORMAL_CONTRACT_ALIAS_COUNT_ZERO,REMOVED_FROM_PRODUCT_PUBLICATION,runtime:tender.bid.p1_visible_2c346345746e;global_ir_model_fields;dynamic_get_view_injection;formal_runtime_field_resolved;literal_view_reference
tender.bid,p1_visible_34943c40c9af,bid_amount;amount_total,char,,,product runtime,addons/smart_construction_core/models/support/p1_daily_business_visible_alias_fields.py:832-853,,,FORMAL_PRODUCT_REFERENCE,true,true,true,true,false,true,readonly_nonstored,bid_amount;amount_total;amount;paid_amount;invoice_amount_total,bid_amount;amount_total,A_MAPPED_TO_FORMAL_PRODUCT_FIELD,MAP_TO_EXISTING_FORMAL_FIELD,true,HIGH_GLOBAL_DEFINITION,FORMAL_CONTRACT_ALIAS_COUNT_ZERO,REMOVED_FROM_PRODUCT_PUBLICATION,runtime:tender.bid.p1_visible_34943c40c9af;global_ir_model_fields;dynamic_get_view_injection;formal_runtime_field_resolved;literal_view_reference
tender.bid,p1_visible_3e5fd432c9df,,,,,product runtime,addons/smart_construction_core/models/support/p1_daily_business_visible_alias_fields.py:832-853,,,FORMAL_PRODUCT_REFERENCE,true,true,true,true,false,true,readonly_nonstored,receipt_account_no;receipt_bank_account;bank_account_id,,F_BUSINESS_DECISION_FORMAL_SOURCE_MISSING,UNPUBLISH_FROM_PRODUCT_UI,true,CRITICAL_UNRESOLVED_FORMAL_SOURCE,FORMAL_CONTRACT_ALIAS_COUNT_ZERO,REMOVED_FROM_PRODUCT_PUBLICATION,runtime:tender.bid.p1_visible_3e5fd432c9df;global_ir_model_fields;dynamic_get_view_injection;formal_runtime_field_unresolved
tender.bid,p1_visible_3e7255522b33,tender_bid_project_name;project_id,char,,,product runtime,addons/smart_construction_core/models/support/p1_daily_business_visible_alias_fields.py:832-853,,,FORMAL_PRODUCT_REFERENCE,true,true,true,true,false,true,readonly_nonstored,tender_bid_project_name;project_id,tender_bid_project_name;project_id,A_MAPPED_TO_FORMAL_PRODUCT_FIELD,MAP_TO_EXISTING_FORMAL_FIELD,true,HIGH_GLOBAL_DEFINITION,FORMAL_CONTRACT_ALIAS_COUNT_ZERO,REMOVED_FROM_PRODUCT_PUBLICATION,runtime:tender.bid.p1_visible_3e7255522b33;global_ir_model_fields;dynamic_get_view_injection;formal_runtime_field_resolved;literal_view_reference
tender.bid,p1_visible_3f2c92346bec,tender_bid_registration_time;created_time;source_created_at;create_date,char,,,product runtime,addons/smart_construction_core/models/support/p1_daily_business_visible_alias_fields.py:832-853,,,FORMAL_PRODUCT_REFERENCE,true,true,true,true,false,true,readonly_nonstored,tender_bid_registration_time;created_time;source_created_at;document_date;create_date,tender_bid_registration_time;created_time;source_created_at;create_date,A_MAPPED_TO_FORMAL_PRODUCT_FIELD,MAP_TO_EXISTING_FORMAL_FIELD,true,HIGH_GLOBAL_DEFINITION,FORMAL_CONTRACT_ALIAS_COUNT_ZERO,REMOVED_FROM_PRODUCT_PUBLICATION,runtime:tender.bid.p1_visible_3f2c92346bec;global_ir_model_fields;dynamic_get_view_injection;formal_runtime_field_resolved;literal_view_reference
tender.bid,p1_visible_48a64eb40c71,,,,,product runtime,addons/smart_construction_core/models/support/p1_daily_business_visible_alias_fields.py:832-853,,,FORMAL_PRODUCT_REFERENCE,true,true,true,true,false,true,readonly_nonstored,payment_bank_name;receipt_bank_name;partner_bank_name;bank_name,,F_BUSINESS_DECISION_FORMAL_SOURCE_MISSING,UNPUBLISH_FROM_PRODUCT_UI,true,CRITICAL_UNRESOLVED_FORMAL_SOURCE,FORMAL_CONTRACT_ALIAS_COUNT_ZERO,REMOVED_FROM_PRODUCT_PUBLICATION,runtime:tender.bid.p1_visible_48a64eb40c71;global_ir_model_fields;dynamic_get_view_injection;formal_runtime_field_unresolved
tender.bid,p1_visible_7ebedce2d014,open_date,char,,,product runtime,addons/smart_construction_core/models/support/p1_daily_business_visible_alias_fields.py:832-853,,,FORMAL_PRODUCT_REFERENCE,true,true,true,true,false,true,readonly_nonstored,open_date,open_date,A_MAPPED_TO_FORMAL_PRODUCT_FIELD,MAP_TO_EXISTING_FORMAL_FIELD,true,HIGH_GLOBAL_DEFINITION,FORMAL_CONTRACT_ALIAS_COUNT_ZERO,REMOVED_FROM_PRODUCT_PUBLICATION,runtime:tender.bid.p1_visible_7ebedce2d014;global_ir_model_fields;dynamic_get_view_injection;formal_runtime_field_resolved;literal_view_reference
tender.bid,p1_visible_880ab989a872,applicant_name;source_created_by,char,,,product runtime,addons/smart_construction_core/models/support/p1_daily_business_visible_alias_fields.py:832-853,,,FORMAL_PRODUCT_REFERENCE,true,true,true,true,false,true,readonly_nonstored,applicant_name;requester_id;source_created_by;creator_name,applicant_name;source_created_by,A_MAPPED_TO_FORMAL_PRODUCT_FIELD,MAP_TO_EXISTING_FORMAL_FIELD,true,HIGH_GLOBAL_DEFINITION,FORMAL_CONTRACT_ALIAS_COUNT_ZERO,REMOVED_FROM_PRODUCT_PUBLICATION,runtime:tender.bid.p1_visible_880ab989a872;global_ir_model_fields;dynamic_get_view_injection;formal_runtime_field_resolved;literal_view_reference
tender.bid,p1_visible_8fa8662ad38f,tender_bid_document_no;name,char,,,product runtime,addons/smart_construction_core/models/support/p1_daily_business_visible_alias_fields.py:832-853,,,FORMAL_PRODUCT_REFERENCE,true,true,true,true,false,true,readonly_nonstored,tender_bid_document_no;name;document_no,tender_bid_document_no;name,A_MAPPED_TO_FORMAL_PRODUCT_FIELD,MAP_TO_EXISTING_FORMAL_FIELD,true,HIGH_GLOBAL_DEFINITION,FORMAL_CONTRACT_ALIAS_COUNT_ZERO,REMOVED_FROM_PRODUCT_PUBLICATION,runtime:tender.bid.p1_visible_8fa8662ad38f;global_ir_model_fields;dynamic_get_view_injection;formal_runtime_field_resolved;literal_view_reference
tender.bid,p1_visible_99f6fe6c41ad,tech_attachment_ids;biz_attachment_ids;message_attachment_count,char,,,product runtime,addons/smart_construction_core/models/support/p1_daily_business_visible_alias_fields.py:832-853,,,FORMAL_PRODUCT_REFERENCE,true,true,true,true,false,true,readonly_nonstored,tech_attachment_ids;biz_attachment_ids;attachment_ids;message_attachment_count,tech_attachment_ids;biz_attachment_ids;message_attachment_count,A_MAPPED_TO_FORMAL_PRODUCT_FIELD,MAP_TO_EXISTING_FORMAL_FIELD,true,HIGH_GLOBAL_DEFINITION,FORMAL_CONTRACT_ALIAS_COUNT_ZERO,REMOVED_FROM_PRODUCT_PUBLICATION,runtime:tender.bid.p1_visible_99f6fe6c41ad;global_ir_model_fields;dynamic_get_view_injection;formal_runtime_field_resolved;literal_view_reference
tender.bid,p1_visible_bb7c7aeff3e4,,,,,product runtime,addons/smart_construction_core/models/support/p1_daily_business_visible_alias_fields.py:832-853,,,FORMAL_PRODUCT_REFERENCE,true,true,true,true,false,true,readonly_nonstored,receipt_partner_name;partner_id,,F_BUSINESS_DECISION_FORMAL_SOURCE_MISSING,UNPUBLISH_FROM_PRODUCT_UI,true,CRITICAL_UNRESOLVED_FORMAL_SOURCE,FORMAL_CONTRACT_ALIAS_COUNT_ZERO,REMOVED_FROM_PRODUCT_PUBLICATION,runtime:tender.bid.p1_visible_bb7c7aeff3e4;global_ir_model_fields;dynamic_get_view_injection;formal_runtime_field_unresolved
tender.bid,p1_visible_c6b9a8cfdb21,,,,,product runtime,addons/smart_construction_core/models/support/p1_daily_business_visible_alias_fields.py:832-853,,,FORMAL_PRODUCT_REFERENCE,true,true,true,true,false,true,readonly_nonstored,payment_method;receipt_type;type,,F_BUSINESS_DECISION_FORMAL_SOURCE_MISSING,UNPUBLISH_FROM_PRODUCT_UI,true,CRITICAL_UNRESOLVED_FORMAL_SOURCE,FORMAL_CONTRACT_ALIAS_COUNT_ZERO,REMOVED_FROM_PRODUCT_PUBLICATION,runtime:tender.bid.p1_visible_c6b9a8cfdb21;global_ir_model_fields;dynamic_get_view_injection;formal_runtime_field_unresolved
tender.bid,p1_visible_dfc25d77dc39,created_time;source_created_at,char,,,product runtime,addons/smart_construction_core/models/support/p1_daily_business_visible_alias_fields.py:832-853,,,FORMAL_PRODUCT_REFERENCE,true,true,true,true,false,true,readonly_nonstored,created_time;source_created_at,created_time;source_created_at,A_MAPPED_TO_FORMAL_PRODUCT_FIELD,MAP_TO_EXISTING_FORMAL_FIELD,true,HIGH_GLOBAL_DEFINITION,FORMAL_CONTRACT_ALIAS_COUNT_ZERO,REMOVED_FROM_PRODUCT_PUBLICATION,runtime:tender.bid.p1_visible_dfc25d77dc39;global_ir_model_fields;dynamic_get_view_injection;formal_runtime_field_resolved;literal_view_reference
tender.bid,p1_visible_e0361480e3a5,note,char,,,product runtime,addons/smart_construction_core/models/support/p1_daily_business_visible_alias_fields.py:832-853,,,FORMAL_PRODUCT_REFERENCE,true,true,true,true,false,true,readonly_nonstored,note;purpose;description;remark,note,A_MAPPED_TO_FORMAL_PRODUCT_FIELD,MAP_TO_EXISTING_FORMAL_FIELD,true,HIGH_GLOBAL_DEFINITION,FORMAL_CONTRACT_ALIAS_COUNT_ZERO,REMOVED_FROM_PRODUCT_PUBLICATION,runtime:tender.bid.p1_visible_e0361480e3a5;global_ir_model_fields;dynamic_get_view_injection;formal_runtime_field_resolved;literal_view_reference
tender.bid,p1_visible_ee6a4d9e2956,tender_bid_source_created_by;applicant_name;source_created_by;owner_id,char,,,product runtime,addons/smart_construction_core/models/support/p1_daily_business_visible_alias_fields.py:832-853,,,FORMAL_PRODUCT_REFERENCE,true,true,true,true,false,true,readonly_nonstored,tender_bid_source_created_by;applicant_name;source_created_by;creator_name;requester_id;owner_id;handler_name,tender_bid_source_created_by;applicant_name;source_created_by;owner_id,A_MAPPED_TO_FORMAL_PRODUCT_FIELD,MAP_TO_EXISTING_FORMAL_FIELD,true,HIGH_GLOBAL_DEFINITION,FORMAL_CONTRACT_ALIAS_COUNT_ZERO,REMOVED_FROM_PRODUCT_PUBLICATION,runtime:tender.bid.p1_visible_ee6a4d9e2956;global_ir_model_fields;dynamic_get_view_injection;formal_runtime_field_resolved;literal_view_reference
tender.bid,p1_visible_f22832ce4781,tender_bid_push_result;state,char,,,product runtime,addons/smart_construction_core/models/support/p1_daily_business_visible_alias_fields.py:832-853,,,FORMAL_PRODUCT_REFERENCE,true,true,true,true,false,true,readonly_nonstored,tender_bid_push_result;state;push_result;sync_state,tender_bid_push_result;state,A_MAPPED_TO_FORMAL_PRODUCT_FIELD,MAP_TO_EXISTING_FORMAL_FIELD,true,HIGH_GLOBAL_DEFINITION,FORMAL_CONTRACT_ALIAS_COUNT_ZERO,REMOVED_FROM_PRODUCT_PUBLICATION,runtime:tender.bid.p1_visible_f22832ce4781;global_ir_model_fields;dynamic_get_view_injection;formal_runtime_field_resolved;literal_view_reference
tender.doc.purchase,p1_visible_06fa8c6f628f,state,char,,,product runtime,addons/smart_construction_core/models/support/p1_daily_business_visible_alias_fields.py:832-853,,,FORMAL_PRODUCT_REFERENCE,true,true,true,true,false,true,readonly_nonstored,state;state_text,state,A_MAPPED_TO_FORMAL_PRODUCT_FIELD,MAP_TO_EXISTING_FORMAL_FIELD,true,HIGH_GLOBAL_DEFINITION,FORMAL_CONTRACT_ALIAS_COUNT_ZERO,REMOVED_FROM_PRODUCT_PUBLICATION,runtime:tender.doc.purchase.p1_visible_06fa8c6f628f;global_ir_model_fields;dynamic_get_view_injection;formal_runtime_field_resolved;literal_view_reference
tender.doc.purchase,p1_visible_2c346345746e,apply_date;create_date,char,,,product runtime,addons/smart_construction_core/models/support/p1_daily_business_visible_alias_fields.py:832-853,,,FORMAL_PRODUCT_REFERENCE,true,true,true,true,false,true,readonly_nonstored,apply_date;request_date;date_request;document_date;create_date,apply_date;create_date,A_MAPPED_TO_FORMAL_PRODUCT_FIELD,MAP_TO_EXISTING_FORMAL_FIELD,true,HIGH_GLOBAL_DEFINITION,FORMAL_CONTRACT_ALIAS_COUNT_ZERO,REMOVED_FROM_PRODUCT_PUBLICATION,runtime:tender.doc.purchase.p1_visible_2c346345746e;global_ir_model_fields;dynamic_get_view_injection;formal_runtime_field_resolved;literal_view_reference
tender.doc.purchase,p1_visible_34943c40c9af,amount,char,,,product runtime,addons/smart_construction_core/models/support/p1_daily_business_visible_alias_fields.py:832-853,,,FORMAL_PRODUCT_REFERENCE,true,true,true,true,false,true,readonly_nonstored,amount;amount_total;paid_amount;invoice_amount_total,amount,A_MAPPED_TO_FORMAL_PRODUCT_FIELD,MAP_TO_EXISTING_FORMAL_FIELD,true,HIGH_GLOBAL_DEFINITION,FORMAL_CONTRACT_ALIAS_COUNT_ZERO,REMOVED_FROM_PRODUCT_PUBLICATION,runtime:tender.doc.purchase.p1_visible_34943c40c9af;global_ir_model_fields;dynamic_get_view_injection;formal_runtime_field_resolved;literal_view_reference
tender.doc.purchase,p1_visible_3e5fd432c9df,receipt_bank_account,char,,,product runtime,addons/smart_construction_core/models/support/p1_daily_business_visible_alias_fields.py:832-853,,,FORMAL_PRODUCT_REFERENCE,true,true,true,true,false,true,readonly_nonstored,receipt_bank_account;receipt_account_no;bank_account_id,receipt_bank_account,A_MAPPED_TO_FORMAL_PRODUCT_FIELD,MAP_TO_EXISTING_FORMAL_FIELD,true,HIGH_GLOBAL_DEFINITION,FORMAL_CONTRACT_ALIAS_COUNT_ZERO,REMOVED_FROM_PRODUCT_PUBLICATION,runtime:tender.doc.purchase.p1_visible_3e5fd432c9df;global_ir_model_fields;dynamic_get_view_injection;formal_runtime_field_resolved;literal_view_reference
tender.doc.purchase,p1_visible_3e7255522b33,project_id,char,,,product runtime,addons/smart_construction_core/models/support/p1_daily_business_visible_alias_fields.py:832-853,,,FORMAL_PRODUCT_REFERENCE,true,true,true,true,false,true,readonly_nonstored,project_id,project_id,A_MAPPED_TO_FORMAL_PRODUCT_FIELD,MAP_TO_EXISTING_FORMAL_FIELD,true,HIGH_GLOBAL_DEFINITION,FORMAL_CONTRACT_ALIAS_COUNT_ZERO,REMOVED_FROM_PRODUCT_PUBLICATION,runtime:tender.doc.purchase.p1_visible_3e7255522b33;global_ir_model_fields;dynamic_get_view_injection;formal_runtime_field_resolved;literal_view_reference
tender.doc.purchase,p1_visible_48a64eb40c71,receipt_bank_name,char,,,product runtime,addons/smart_construction_core/models/support/p1_daily_business_visible_alias_fields.py:832-853,,,FORMAL_PRODUCT_REFERENCE,true,true,true,true,false,true,readonly_nonstored,receipt_bank_name;payment_bank_name;partner_bank_name;bank_name,receipt_bank_name,A_MAPPED_TO_FORMAL_PRODUCT_FIELD,MAP_TO_EXISTING_FORMAL_FIELD,true,HIGH_GLOBAL_DEFINITION,FORMAL_CONTRACT_ALIAS_COUNT_ZERO,REMOVED_FROM_PRODUCT_PUBLICATION,runtime:tender.doc.purchase.p1_visible_48a64eb40c71;global_ir_model_fields;dynamic_get_view_injection;formal_runtime_field_resolved;literal_view_reference
tender.doc.purchase,p1_visible_880ab989a872,applicant_id,char,,,product runtime,addons/smart_construction_core/models/support/p1_daily_business_visible_alias_fields.py:832-853,,,FORMAL_PRODUCT_REFERENCE,true,true,true,true,false,true,readonly_nonstored,applicant_id;requester_id;source_created_by;creator_name,applicant_id,A_MAPPED_TO_FORMAL_PRODUCT_FIELD,MAP_TO_EXISTING_FORMAL_FIELD,true,HIGH_GLOBAL_DEFINITION,FORMAL_CONTRACT_ALIAS_COUNT_ZERO,REMOVED_FROM_PRODUCT_PUBLICATION,runtime:tender.doc.purchase.p1_visible_880ab989a872;global_ir_model_fields;dynamic_get_view_injection;formal_runtime_field_resolved;literal_view_reference
tender.doc.purchase,p1_visible_8fa8662ad38f,invoice_no,char,,,product runtime,addons/smart_construction_core/models/support/p1_daily_business_visible_alias_fields.py:832-853,,,FORMAL_PRODUCT_REFERENCE,true,true,true,true,false,true,readonly_nonstored,invoice_no;document_no;name,invoice_no,A_MAPPED_TO_FORMAL_PRODUCT_FIELD,MAP_TO_EXISTING_FORMAL_FIELD,true,HIGH_GLOBAL_DEFINITION,FORMAL_CONTRACT_ALIAS_COUNT_ZERO,REMOVED_FROM_PRODUCT_PUBLICATION,runtime:tender.doc.purchase.p1_visible_8fa8662ad38f;global_ir_model_fields;dynamic_get_view_injection;formal_runtime_field_resolved;literal_view_reference
tender.doc.purchase,p1_visible_99f6fe6c41ad,attachment_ids;message_attachment_count,char,,,product runtime,addons/smart_construction_core/models/support/p1_daily_business_visible_alias_fields.py:832-853,,,FORMAL_PRODUCT_REFERENCE,true,true,true,true,false,true,readonly_nonstored,attachment_ids;biz_attachment_ids;tech_attachment_ids;message_attachment_count,attachment_ids;message_attachment_count,A_MAPPED_TO_FORMAL_PRODUCT_FIELD,MAP_TO_EXISTING_FORMAL_FIELD,true,HIGH_GLOBAL_DEFINITION,FORMAL_CONTRACT_ALIAS_COUNT_ZERO,REMOVED_FROM_PRODUCT_PUBLICATION,runtime:tender.doc.purchase.p1_visible_99f6fe6c41ad;global_ir_model_fields;dynamic_get_view_injection;formal_runtime_field_resolved;literal_view_reference
tender.doc.purchase,p1_visible_bb7c7aeff3e4,receipt_payee_name;receipt_partner_name,char,,,product runtime,addons/smart_construction_core/models/support/p1_daily_business_visible_alias_fields.py:832-853,,,FORMAL_PRODUCT_REFERENCE,true,true,true,true,false,true,readonly_nonstored,receipt_payee_name;receipt_partner_name;partner_id,receipt_payee_name;receipt_partner_name,A_MAPPED_TO_FORMAL_PRODUCT_FIELD,MAP_TO_EXISTING_FORMAL_FIELD,true,HIGH_GLOBAL_DEFINITION,FORMAL_CONTRACT_ALIAS_COUNT_ZERO,REMOVED_FROM_PRODUCT_PUBLICATION,runtime:tender.doc.purchase.p1_visible_bb7c7aeff3e4;global_ir_model_fields;dynamic_get_view_injection;formal_runtime_field_resolved;literal_view_reference
tender.doc.purchase,p1_visible_c6b9a8cfdb21,payment_method,char,,,product runtime,addons/smart_construction_core/models/support/p1_daily_business_visible_alias_fields.py:832-853,,,FORMAL_PRODUCT_REFERENCE,true,true,true,true,false,true,readonly_nonstored,payment_method;receipt_type;type,payment_method,A_MAPPED_TO_FORMAL_PRODUCT_FIELD,MAP_TO_EXISTING_FORMAL_FIELD,true,HIGH_GLOBAL_DEFINITION,FORMAL_CONTRACT_ALIAS_COUNT_ZERO,REMOVED_FROM_PRODUCT_PUBLICATION,runtime:tender.doc.purchase.p1_visible_c6b9a8cfdb21;global_ir_model_fields;dynamic_get_view_injection;formal_runtime_field_resolved;literal_view_reference
tender.doc.purchase,p1_visible_dfc25d77dc39,apply_date,char,,,product runtime,addons/smart_construction_core/models/support/p1_daily_business_visible_alias_fields.py:832-853,,,FORMAL_PRODUCT_REFERENCE,true,true,true,true,false,true,readonly_nonstored,apply_date;source_created_at;created_time,apply_date,A_MAPPED_TO_FORMAL_PRODUCT_FIELD,MAP_TO_EXISTING_FORMAL_FIELD,true,HIGH_GLOBAL_DEFINITION,FORMAL_CONTRACT_ALIAS_COUNT_ZERO,REMOVED_FROM_PRODUCT_PUBLICATION,runtime:tender.doc.purchase.p1_visible_dfc25d77dc39;global_ir_model_fields;dynamic_get_view_injection;formal_runtime_field_resolved;literal_view_reference
tender.doc.purchase,p1_visible_e0361480e3a5,remark,char,,,product runtime,addons/smart_construction_core/models/support/p1_daily_business_visible_alias_fields.py:832-853,,,FORMAL_PRODUCT_REFERENCE,true,true,true,true,false,true,readonly_nonstored,remark;note;purpose;description,remark,A_MAPPED_TO_FORMAL_PRODUCT_FIELD,MAP_TO_EXISTING_FORMAL_FIELD,true,HIGH_GLOBAL_DEFINITION,FORMAL_CONTRACT_ALIAS_COUNT_ZERO,REMOVED_FROM_PRODUCT_PUBLICATION,runtime:tender.doc.purchase.p1_visible_e0361480e3a5;global_ir_model_fields;dynamic_get_view_injection;formal_runtime_field_resolved;literal_view_reference
tender.doc.purchase,p1_visible_ee6a4d9e2956,applicant_id,char,,,product runtime,addons/smart_construction_core/models/support/p1_daily_business_visible_alias_fields.py:832-853,,,FORMAL_PRODUCT_REFERENCE,true,true,true,true,false,true,readonly_nonstored,applicant_id;source_created_by;creator_name;requester_id;owner_id;handler_name,applicant_id,A_MAPPED_TO_FORMAL_PRODUCT_FIELD,MAP_TO_EXISTING_FORMAL_FIELD,true,HIGH_GLOBAL_DEFINITION,FORMAL_CONTRACT_ALIAS_COUNT_ZERO,REMOVED_FROM_PRODUCT_PUBLICATION,runtime:tender.doc.purchase.p1_visible_ee6a4d9e2956;global_ir_model_fields;dynamic_get_view_injection;formal_runtime_field_resolved;literal_view_reference
tender.guarantee,p1_visible_1484fc99a1d3,deposit_payment_account;bank_account_id,char,,,product runtime,addons/smart_construction_core/models/support/p1_daily_business_visible_alias_fields.py:832-853,,,FORMAL_PRODUCT_REFERENCE,true,true,true,true,false,true,readonly_nonstored,deposit_payment_account;bank_account_id,deposit_payment_account;bank_account_id,A_MAPPED_TO_FORMAL_PRODUCT_FIELD,MAP_TO_EXISTING_FORMAL_FIELD,true,HIGH_GLOBAL_DEFINITION,FORMAL_CONTRACT_ALIAS_COUNT_ZERO,REMOVED_FROM_PRODUCT_PUBLICATION,runtime:tender.guarantee.p1_visible_1484fc99a1d3;global_ir_model_fields;dynamic_get_view_injection;formal_runtime_field_resolved;literal_view_reference
tender.guarantee,p1_visible_1932637f45ee,deposit_receipt_account_name,char,,,product runtime,addons/smart_construction_core/models/support/p1_daily_business_visible_alias_fields.py:832-853,,,FORMAL_PRODUCT_REFERENCE,true,true,true,true,false,true,readonly_nonstored,deposit_receipt_account_name,deposit_receipt_account_name,A_MAPPED_TO_FORMAL_PRODUCT_FIELD,MAP_TO_EXISTING_FORMAL_FIELD,true,HIGH_GLOBAL_DEFINITION,FORMAL_CONTRACT_ALIAS_COUNT_ZERO,REMOVED_FROM_PRODUCT_PUBLICATION,runtime:tender.guarantee.p1_visible_1932637f45ee;global_ir_model_fields;dynamic_get_view_injection;formal_runtime_field_resolved;literal_view_reference
tender.guarantee,p1_visible_1ccf3b6408df,deposit_receipt_bank_name,char,,,product runtime,addons/smart_construction_core/models/support/p1_daily_business_visible_alias_fields.py:832-853,,,FORMAL_PRODUCT_REFERENCE,true,true,true,true,false,true,readonly_nonstored,deposit_receipt_bank_name,deposit_receipt_bank_name,A_MAPPED_TO_FORMAL_PRODUCT_FIELD,MAP_TO_EXISTING_FORMAL_FIELD,true,HIGH_GLOBAL_DEFINITION,FORMAL_CONTRACT_ALIAS_COUNT_ZERO,REMOVED_FROM_PRODUCT_PUBLICATION,runtime:tender.guarantee.p1_visible_1ccf3b6408df;global_ir_model_fields;dynamic_get_view_injection;formal_runtime_field_resolved;literal_view_reference
tender.guarantee,p1_visible_2559d3f7672e,deposit_company_name,char,,,product runtime,addons/smart_construction_core/models/support/p1_daily_business_visible_alias_fields.py:832-853,,,FORMAL_PRODUCT_REFERENCE,true,true,true,true,false,true,readonly_nonstored,deposit_company_name,deposit_company_name,A_MAPPED_TO_FORMAL_PRODUCT_FIELD,MAP_TO_EXISTING_FORMAL_FIELD,true,HIGH_GLOBAL_DEFINITION,FORMAL_CONTRACT_ALIAS_COUNT_ZERO,REMOVED_FROM_PRODUCT_PUBLICATION,runtime:tender.guarantee.p1_visible_2559d3f7672e;global_ir_model_fields;dynamic_get_view_injection;formal_runtime_field_resolved;literal_view_reference
tender.guarantee,p1_visible_2f40d268a798,deposit_need_return_text,char,,,product runtime,addons/smart_construction_core/models/support/p1_daily_business_visible_alias_fields.py:832-853,,,FORMAL_PRODUCT_REFERENCE,true,true,true,true,false,true,readonly_nonstored,deposit_need_return_text,deposit_need_return_text,A_MAPPED_TO_FORMAL_PRODUCT_FIELD,MAP_TO_EXISTING_FORMAL_FIELD,true,HIGH_GLOBAL_DEFINITION,FORMAL_CONTRACT_ALIAS_COUNT_ZERO,REMOVED_FROM_PRODUCT_PUBLICATION,runtime:tender.guarantee.p1_visible_2f40d268a798;global_ir_model_fields;dynamic_get_view_injection;formal_runtime_field_resolved;literal_view_reference
tender.guarantee,p1_visible_34943c40c9af,deposit_amount_display;amount,char,,,product runtime,addons/smart_construction_core/models/support/p1_daily_business_visible_alias_fields.py:832-853,,,FORMAL_PRODUCT_REFERENCE,true,true,true,true,false,true,readonly_nonstored,deposit_amount_display;amount;amount_total;paid_amount;invoice_amount_total,deposit_amount_display;amount,A_MAPPED_TO_FORMAL_PRODUCT_FIELD,MAP_TO_EXISTING_FORMAL_FIELD,true,HIGH_GLOBAL_DEFINITION,FORMAL_CONTRACT_ALIAS_COUNT_ZERO,REMOVED_FROM_PRODUCT_PUBLICATION,runtime:tender.guarantee.p1_visible_34943c40c9af;global_ir_model_fields;dynamic_get_view_injection;formal_runtime_field_resolved;literal_view_reference
tender.guarantee,p1_visible_3e5fd432c9df,bank_account_id,char,,,product runtime,addons/smart_construction_core/models/support/p1_daily_business_visible_alias_fields.py:832-853,,,FORMAL_PRODUCT_REFERENCE,true,true,true,true,false,true,readonly_nonstored,receipt_account_no;receipt_bank_account;bank_account_id,bank_account_id,A_MAPPED_TO_FORMAL_PRODUCT_FIELD,MAP_TO_EXISTING_FORMAL_FIELD,true,HIGH_GLOBAL_DEFINITION,FORMAL_CONTRACT_ALIAS_COUNT_ZERO,REMOVED_FROM_PRODUCT_PUBLICATION,runtime:tender.guarantee.p1_visible_3e5fd432c9df;global_ir_model_fields;dynamic_get_view_injection;formal_runtime_field_resolved;literal_view_reference
tender.guarantee,p1_visible_3e7255522b33,deposit_engineering_project_name;project_id,char,,,product runtime,addons/smart_construction_core/models/support/p1_daily_business_visible_alias_fields.py:832-853,,,FORMAL_PRODUCT_REFERENCE,true,true,true,true,false,true,readonly_nonstored,deposit_engineering_project_name;project_id,deposit_engineering_project_name;project_id,A_MAPPED_TO_FORMAL_PRODUCT_FIELD,MAP_TO_EXISTING_FORMAL_FIELD,true,HIGH_GLOBAL_DEFINITION,FORMAL_CONTRACT_ALIAS_COUNT_ZERO,REMOVED_FROM_PRODUCT_PUBLICATION,runtime:tender.guarantee.p1_visible_3e7255522b33;global_ir_model_fields;dynamic_get_view_injection;formal_runtime_field_resolved;literal_view_reference
tender.guarantee,p1_visible_488cfebeaf9d,deposit_document_no,char,,,product runtime,addons/smart_construction_core/models/support/p1_daily_business_visible_alias_fields.py:832-853,,,FORMAL_PRODUCT_REFERENCE,true,true,true,true,false,true,readonly_nonstored,deposit_document_no,deposit_document_no,A_MAPPED_TO_FORMAL_PRODUCT_FIELD,MAP_TO_EXISTING_FORMAL_FIELD,true,HIGH_GLOBAL_DEFINITION,FORMAL_CONTRACT_ALIAS_COUNT_ZERO,REMOVED_FROM_PRODUCT_PUBLICATION,runtime:tender.guarantee.p1_visible_488cfebeaf9d;global_ir_model_fields;dynamic_get_view_injection;formal_runtime_field_resolved;literal_view_reference
tender.guarantee,p1_visible_49a5d541678c,receipt_bank_account_id,char,,,product runtime,addons/smart_construction_core/models/support/p1_daily_business_visible_alias_fields.py:832-853,,,FORMAL_PRODUCT_REFERENCE,true,true,true,true,false,true,readonly_nonstored,receipt_bank_account_id,receipt_bank_account_id,A_MAPPED_TO_FORMAL_PRODUCT_FIELD,MAP_TO_EXISTING_FORMAL_FIELD,true,HIGH_GLOBAL_DEFINITION,FORMAL_CONTRACT_ALIAS_COUNT_ZERO,REMOVED_FROM_PRODUCT_PUBLICATION,runtime:tender.guarantee.p1_visible_49a5d541678c;global_ir_model_fields;dynamic_get_view_injection;formal_runtime_field_resolved;literal_view_reference
tender.guarantee,p1_visible_62e951a692ff,deposit_status_display;state,char,,,product runtime,addons/smart_construction_core/models/support/p1_daily_business_visible_alias_fields.py:832-853,,,FORMAL_PRODUCT_REFERENCE,true,true,true,true,false,true,readonly_nonstored,deposit_status_display;state,deposit_status_display;state,A_MAPPED_TO_FORMAL_PRODUCT_FIELD,MAP_TO_EXISTING_FORMAL_FIELD,true,HIGH_GLOBAL_DEFINITION,FORMAL_CONTRACT_ALIAS_COUNT_ZERO,REMOVED_FROM_PRODUCT_PUBLICATION,runtime:tender.guarantee.p1_visible_62e951a692ff;global_ir_model_fields;dynamic_get_view_injection;formal_runtime_field_resolved;literal_view_reference
tender.guarantee,p1_visible_667eee716adf,deposit_bid_project_name;project_id,char,,,product runtime,addons/smart_construction_core/models/support/p1_daily_business_visible_alias_fields.py:832-853,,,FORMAL_PRODUCT_REFERENCE,true,true,true,true,false,true,readonly_nonstored,deposit_bid_project_name;project_id,deposit_bid_project_name;project_id,A_MAPPED_TO_FORMAL_PRODUCT_FIELD,MAP_TO_EXISTING_FORMAL_FIELD,true,HIGH_GLOBAL_DEFINITION,FORMAL_CONTRACT_ALIAS_COUNT_ZERO,REMOVED_FROM_PRODUCT_PUBLICATION,runtime:tender.guarantee.p1_visible_667eee716adf;global_ir_model_fields;dynamic_get_view_injection;formal_runtime_field_resolved;literal_view_reference
tender.guarantee,p1_visible_6b05c4e240c0,amount,char,,,product runtime,addons/smart_construction_core/models/support/p1_daily_business_visible_alias_fields.py:832-853,,,FORMAL_PRODUCT_REFERENCE,true,true,true,true,false,true,readonly_nonstored,amount,amount,A_MAPPED_TO_FORMAL_PRODUCT_FIELD,MAP_TO_EXISTING_FORMAL_FIELD,true,HIGH_GLOBAL_DEFINITION,FORMAL_CONTRACT_ALIAS_COUNT_ZERO,REMOVED_FROM_PRODUCT_PUBLICATION,runtime:tender.guarantee.p1_visible_6b05c4e240c0;global_ir_model_fields;dynamic_get_view_injection;formal_runtime_field_resolved;literal_view_reference
tender.guarantee,p1_visible_6eceee6e57dd,deposit_amount_display;amount,char,,,product runtime,addons/smart_construction_core/models/support/p1_daily_business_visible_alias_fields.py:832-853,,,FORMAL_PRODUCT_REFERENCE,true,true,true,true,false,true,readonly_nonstored,deposit_amount_display;amount,deposit_amount_display;amount,A_MAPPED_TO_FORMAL_PRODUCT_FIELD,MAP_TO_EXISTING_FORMAL_FIELD,true,HIGH_GLOBAL_DEFINITION,FORMAL_CONTRACT_ALIAS_COUNT_ZERO,REMOVED_FROM_PRODUCT_PUBLICATION,runtime:tender.guarantee.p1_visible_6eceee6e57dd;global_ir_model_fields;dynamic_get_view_injection;formal_runtime_field_resolved;literal_view_reference
tender.guarantee,p1_visible_6ef508189cc0,deposit_refund_bank_name,char,,,product runtime,addons/smart_construction_core/models/support/p1_daily_business_visible_alias_fields.py:832-853,,,FORMAL_PRODUCT_REFERENCE,true,true,true,true,false,true,readonly_nonstored,deposit_refund_bank_name,deposit_refund_bank_name,A_MAPPED_TO_FORMAL_PRODUCT_FIELD,MAP_TO_EXISTING_FORMAL_FIELD,true,HIGH_GLOBAL_DEFINITION,FORMAL_CONTRACT_ALIAS_COUNT_ZERO,REMOVED_FROM_PRODUCT_PUBLICATION,runtime:tender.guarantee.p1_visible_6ef508189cc0;global_ir_model_fields;dynamic_get_view_injection;formal_runtime_field_resolved;literal_view_reference
tender.guarantee,p1_visible_7f5da566c14e,deposit_kingdee_document_no,char,,,product runtime,addons/smart_construction_core/models/support/p1_daily_business_visible_alias_fields.py:832-853,,,FORMAL_PRODUCT_REFERENCE,true,true,true,true,false,true,readonly_nonstored,deposit_kingdee_document_no;kingdee_document_no;external_document_no;extra_ref;document_no;name,deposit_kingdee_document_no,A_MAPPED_TO_FORMAL_PRODUCT_FIELD,MAP_TO_EXISTING_FORMAL_FIELD,true,HIGH_GLOBAL_DEFINITION,FORMAL_CONTRACT_ALIAS_COUNT_ZERO,REMOVED_FROM_PRODUCT_PUBLICATION,runtime:tender.guarantee.p1_visible_7f5da566c14e;global_ir_model_fields;dynamic_get_view_injection;formal_runtime_field_resolved;literal_view_reference
tender.guarantee,p1_visible_87fa6ef6554a,deposit_remittance_method,char,,,product runtime,addons/smart_construction_core/models/support/p1_daily_business_visible_alias_fields.py:832-853,,,FORMAL_PRODUCT_REFERENCE,true,true,true,true,false,true,readonly_nonstored,deposit_remittance_method,deposit_remittance_method,A_MAPPED_TO_FORMAL_PRODUCT_FIELD,MAP_TO_EXISTING_FORMAL_FIELD,true,HIGH_GLOBAL_DEFINITION,FORMAL_CONTRACT_ALIAS_COUNT_ZERO,REMOVED_FROM_PRODUCT_PUBLICATION,runtime:tender.guarantee.p1_visible_87fa6ef6554a;global_ir_model_fields;dynamic_get_view_injection;formal_runtime_field_resolved;literal_view_reference
tender.guarantee,p1_visible_8ec8c8c712be,deposit_unit_name,char,,,product runtime,addons/smart_construction_core/models/support/p1_daily_business_visible_alias_fields.py:832-853,,,FORMAL_PRODUCT_REFERENCE,true,true,true,true,false,true,readonly_nonstored,deposit_unit_name;material_uom_summary;uom_id;product_uom_id,deposit_unit_name,A_MAPPED_TO_FORMAL_PRODUCT_FIELD,MAP_TO_EXISTING_FORMAL_FIELD,true,HIGH_GLOBAL_DEFINITION,FORMAL_CONTRACT_ALIAS_COUNT_ZERO,REMOVED_FROM_PRODUCT_PUBLICATION,runtime:tender.guarantee.p1_visible_8ec8c8c712be;global_ir_model_fields;dynamic_get_view_injection;formal_runtime_field_resolved;literal_view_reference
tender.guarantee,p1_visible_8fa8662ad38f,deposit_document_no,char,,,product runtime,addons/smart_construction_core/models/support/p1_daily_business_visible_alias_fields.py:832-853,,,FORMAL_PRODUCT_REFERENCE,true,true,true,true,false,true,readonly_nonstored,deposit_document_no;document_no;name,deposit_document_no,A_MAPPED_TO_FORMAL_PRODUCT_FIELD,MAP_TO_EXISTING_FORMAL_FIELD,true,HIGH_GLOBAL_DEFINITION,FORMAL_CONTRACT_ALIAS_COUNT_ZERO,REMOVED_FROM_PRODUCT_PUBLICATION,runtime:tender.guarantee.p1_visible_8fa8662ad38f;global_ir_model_fields;dynamic_get_view_injection;formal_runtime_field_resolved;literal_view_reference
tender.guarantee,p1_visible_93997ec88a8a,amount,char,,,product runtime,addons/smart_construction_core/models/support/p1_daily_business_visible_alias_fields.py:832-853,,,FORMAL_PRODUCT_REFERENCE,true,true,true,true,false,true,readonly_nonstored,amount,amount,A_MAPPED_TO_FORMAL_PRODUCT_FIELD,MAP_TO_EXISTING_FORMAL_FIELD,true,HIGH_GLOBAL_DEFINITION,FORMAL_CONTRACT_ALIAS_COUNT_ZERO,REMOVED_FROM_PRODUCT_PUBLICATION,runtime:tender.guarantee.p1_visible_93997ec88a8a;global_ir_model_fields;dynamic_get_view_injection;formal_runtime_field_resolved;literal_view_reference
tender.guarantee,p1_visible_9664566d48ce,deposit_type_display;type,char,,,product runtime,addons/smart_construction_core/models/support/p1_daily_business_visible_alias_fields.py:832-853,,,FORMAL_PRODUCT_REFERENCE,true,true,true,true,false,true,readonly_nonstored,deposit_type_display;type,deposit_type_display;type,A_MAPPED_TO_FORMAL_PRODUCT_FIELD,MAP_TO_EXISTING_FORMAL_FIELD,true,HIGH_GLOBAL_DEFINITION,FORMAL_CONTRACT_ALIAS_COUNT_ZERO,REMOVED_FROM_PRODUCT_PUBLICATION,runtime:tender.guarantee.p1_visible_9664566d48ce;global_ir_model_fields;dynamic_get_view_injection;formal_runtime_field_resolved;literal_view_reference
tender.guarantee,p1_visible_9909f5df1a75,deposit_return_date,char,,,product runtime,addons/smart_construction_core/models/support/p1_daily_business_visible_alias_fields.py:832-853,,,FORMAL_PRODUCT_REFERENCE,true,true,true,true,false,true,readonly_nonstored,deposit_return_date,deposit_return_date,A_MAPPED_TO_FORMAL_PRODUCT_FIELD,MAP_TO_EXISTING_FORMAL_FIELD,true,HIGH_GLOBAL_DEFINITION,FORMAL_CONTRACT_ALIAS_COUNT_ZERO,REMOVED_FROM_PRODUCT_PUBLICATION,runtime:tender.guarantee.p1_visible_9909f5df1a75;global_ir_model_fields;dynamic_get_view_injection;formal_runtime_field_resolved;literal_view_reference
tender.guarantee,p1_visible_99f6fe6c41ad,deposit_attachment_text;attachment_ids;message_attachment_count,char,,,product runtime,addons/smart_construction_core/models/support/p1_daily_business_visible_alias_fields.py:832-853,,,FORMAL_PRODUCT_REFERENCE,true,true,true,true,false,true,readonly_nonstored,deposit_attachment_text;attachment_ids;biz_attachment_ids;tech_attachment_ids;message_attachment_count,deposit_attachment_text;attachment_ids;message_attachment_count,A_MAPPED_TO_FORMAL_PRODUCT_FIELD,MAP_TO_EXISTING_FORMAL_FIELD,true,HIGH_GLOBAL_DEFINITION,FORMAL_CONTRACT_ALIAS_COUNT_ZERO,REMOVED_FROM_PRODUCT_PUBLICATION,runtime:tender.guarantee.p1_visible_99f6fe6c41ad;global_ir_model_fields;dynamic_get_view_injection;formal_runtime_field_resolved;literal_view_reference
tender.guarantee,p1_visible_9ea4037225af,deposit_engineering_project_name;project_id,char,,,product runtime,addons/smart_construction_core/models/support/p1_daily_business_visible_alias_fields.py:832-853,,,FORMAL_PRODUCT_REFERENCE,true,true,true,true,false,true,readonly_nonstored,deposit_engineering_project_name;project_id,deposit_engineering_project_name;project_id,A_MAPPED_TO_FORMAL_PRODUCT_FIELD,MAP_TO_EXISTING_FORMAL_FIELD,true,HIGH_GLOBAL_DEFINITION,FORMAL_CONTRACT_ALIAS_COUNT_ZERO,REMOVED_FROM_PRODUCT_PUBLICATION,runtime:tender.guarantee.p1_visible_9ea4037225af;global_ir_model_fields;dynamic_get_view_injection;formal_runtime_field_resolved;literal_view_reference
tender.guarantee,p1_visible_a0b2e8bb26c8,deposit_document_no,char,,,product runtime,addons/smart_construction_core/models/support/p1_daily_business_visible_alias_fields.py:832-853,,,FORMAL_PRODUCT_REFERENCE,true,true,true,true,false,true,readonly_nonstored,deposit_document_no,deposit_document_no,A_MAPPED_TO_FORMAL_PRODUCT_FIELD,MAP_TO_EXISTING_FORMAL_FIELD,true,HIGH_GLOBAL_DEFINITION,FORMAL_CONTRACT_ALIAS_COUNT_ZERO,REMOVED_FROM_PRODUCT_PUBLICATION,runtime:tender.guarantee.p1_visible_a0b2e8bb26c8;global_ir_model_fields;dynamic_get_view_injection;formal_runtime_field_resolved;literal_view_reference
tender.guarantee,p1_visible_af37d8d6ef07,deposit_transfer_unit,char,,,product runtime,addons/smart_construction_core/models/support/p1_daily_business_visible_alias_fields.py:832-853,,,FORMAL_PRODUCT_REFERENCE,true,true,true,true,false,true,readonly_nonstored,deposit_transfer_unit,deposit_transfer_unit,A_MAPPED_TO_FORMAL_PRODUCT_FIELD,MAP_TO_EXISTING_FORMAL_FIELD,true,HIGH_GLOBAL_DEFINITION,FORMAL_CONTRACT_ALIAS_COUNT_ZERO,REMOVED_FROM_PRODUCT_PUBLICATION,runtime:tender.guarantee.p1_visible_af37d8d6ef07;global_ir_model_fields;dynamic_get_view_injection;formal_runtime_field_resolved;literal_view_reference
tender.guarantee,p1_visible_c6baf132e1dd,deposit_return_account,char,,,product runtime,addons/smart_construction_core/models/support/p1_daily_business_visible_alias_fields.py:832-853,,,FORMAL_PRODUCT_REFERENCE,true,true,true,true,false,true,readonly_nonstored,deposit_return_account,deposit_return_account,A_MAPPED_TO_FORMAL_PRODUCT_FIELD,MAP_TO_EXISTING_FORMAL_FIELD,true,HIGH_GLOBAL_DEFINITION,FORMAL_CONTRACT_ALIAS_COUNT_ZERO,REMOVED_FROM_PRODUCT_PUBLICATION,runtime:tender.guarantee.p1_visible_c6baf132e1dd;global_ir_model_fields;dynamic_get_view_injection;formal_runtime_field_resolved;literal_view_reference
tender.guarantee,p1_visible_c8839fd18cdd,deposit_refund_account_no,char,,,product runtime,addons/smart_construction_core/models/support/p1_daily_business_visible_alias_fields.py:832-853,,,FORMAL_PRODUCT_REFERENCE,true,true,true,true,false,true,readonly_nonstored,deposit_refund_account_no,deposit_refund_account_no,A_MAPPED_TO_FORMAL_PRODUCT_FIELD,MAP_TO_EXISTING_FORMAL_FIELD,true,HIGH_GLOBAL_DEFINITION,FORMAL_CONTRACT_ALIAS_COUNT_ZERO,REMOVED_FROM_PRODUCT_PUBLICATION,runtime:tender.guarantee.p1_visible_c8839fd18cdd;global_ir_model_fields;dynamic_get_view_injection;formal_runtime_field_resolved;literal_view_reference
tender.guarantee,p1_visible_ccfa1326c88f,deposit_payee_unit;receipt_bank_account_id,char,,,product runtime,addons/smart_construction_core/models/support/p1_daily_business_visible_alias_fields.py:832-853,,,FORMAL_PRODUCT_REFERENCE,true,true,true,true,false,true,readonly_nonstored,deposit_payee_unit;receipt_bank_account_id;partner_id;receipt_partner_name;owner_id,deposit_payee_unit;receipt_bank_account_id,A_MAPPED_TO_FORMAL_PRODUCT_FIELD,MAP_TO_EXISTING_FORMAL_FIELD,true,HIGH_GLOBAL_DEFINITION,FORMAL_CONTRACT_ALIAS_COUNT_ZERO,REMOVED_FROM_PRODUCT_PUBLICATION,runtime:tender.guarantee.p1_visible_ccfa1326c88f;global_ir_model_fields;dynamic_get_view_injection;formal_runtime_field_resolved;literal_view_reference
tender.guarantee,p1_visible_dfc25d77dc39,deposit_source_created_at;source_created_at,char,,,product runtime,addons/smart_construction_core/models/support/p1_daily_business_visible_alias_fields.py:832-853,,,FORMAL_PRODUCT_REFERENCE,true,true,true,true,false,true,readonly_nonstored,deposit_source_created_at;source_created_at;created_time,deposit_source_created_at;source_created_at,A_MAPPED_TO_FORMAL_PRODUCT_FIELD,MAP_TO_EXISTING_FORMAL_FIELD,true,HIGH_GLOBAL_DEFINITION,FORMAL_CONTRACT_ALIAS_COUNT_ZERO,REMOVED_FROM_PRODUCT_PUBLICATION,runtime:tender.guarantee.p1_visible_dfc25d77dc39;global_ir_model_fields;dynamic_get_view_injection;formal_runtime_field_resolved;literal_view_reference
tender.guarantee,p1_visible_e0361480e3a5,deposit_note_display;remark,char,,,product runtime,addons/smart_construction_core/models/support/p1_daily_business_visible_alias_fields.py:832-853,,,FORMAL_PRODUCT_REFERENCE,true,true,true,true,false,true,readonly_nonstored,deposit_note_display;remark;note;purpose;description,deposit_note_display;remark,A_MAPPED_TO_FORMAL_PRODUCT_FIELD,MAP_TO_EXISTING_FORMAL_FIELD,true,HIGH_GLOBAL_DEFINITION,FORMAL_CONTRACT_ALIAS_COUNT_ZERO,REMOVED_FROM_PRODUCT_PUBLICATION,runtime:tender.guarantee.p1_visible_e0361480e3a5;global_ir_model_fields;dynamic_get_view_injection;formal_runtime_field_resolved;literal_view_reference
tender.guarantee,p1_visible_e1182de05c3f,deposit_received_amount_display,char,,,product runtime,addons/smart_construction_core/models/support/p1_daily_business_visible_alias_fields.py:832-853,,,FORMAL_PRODUCT_REFERENCE,true,true,true,true,false,true,readonly_nonstored,deposit_received_amount_display,deposit_received_amount_display,A_MAPPED_TO_FORMAL_PRODUCT_FIELD,MAP_TO_EXISTING_FORMAL_FIELD,true,HIGH_GLOBAL_DEFINITION,FORMAL_CONTRACT_ALIAS_COUNT_ZERO,REMOVED_FROM_PRODUCT_PUBLICATION,runtime:tender.guarantee.p1_visible_e1182de05c3f;global_ir_model_fields;dynamic_get_view_injection;formal_runtime_field_resolved;literal_view_reference
tender.guarantee,p1_visible_e32341fe14e8,deposit_bid_project_name;project_id,char,,,product runtime,addons/smart_construction_core/models/support/p1_daily_business_visible_alias_fields.py:832-853,,,FORMAL_PRODUCT_REFERENCE,true,true,true,true,false,true,readonly_nonstored,deposit_bid_project_name;project_id,deposit_bid_project_name;project_id,A_MAPPED_TO_FORMAL_PRODUCT_FIELD,MAP_TO_EXISTING_FORMAL_FIELD,true,HIGH_GLOBAL_DEFINITION,FORMAL_CONTRACT_ALIAS_COUNT_ZERO,REMOVED_FROM_PRODUCT_PUBLICATION,runtime:tender.guarantee.p1_visible_e32341fe14e8;global_ir_model_fields;dynamic_get_view_injection;formal_runtime_field_resolved;literal_view_reference
tender.guarantee,p1_visible_e626b428509f,deposit_returned_amount_display,char,,,product runtime,addons/smart_construction_core/models/support/p1_daily_business_visible_alias_fields.py:832-853,,,FORMAL_PRODUCT_REFERENCE,true,true,true,true,false,true,readonly_nonstored,deposit_returned_amount_display,deposit_returned_amount_display,A_MAPPED_TO_FORMAL_PRODUCT_FIELD,MAP_TO_EXISTING_FORMAL_FIELD,true,HIGH_GLOBAL_DEFINITION,FORMAL_CONTRACT_ALIAS_COUNT_ZERO,REMOVED_FROM_PRODUCT_PUBLICATION,runtime:tender.guarantee.p1_visible_e626b428509f;global_ir_model_fields;dynamic_get_view_injection;formal_runtime_field_resolved;literal_view_reference
tender.guarantee,p1_visible_ee6a4d9e2956,deposit_source_created_by;source_created_by,char,,,product runtime,addons/smart_construction_core/models/support/p1_daily_business_visible_alias_fields.py:832-853,,,FORMAL_PRODUCT_REFERENCE,true,true,true,true,false,true,readonly_nonstored,deposit_source_created_by;source_created_by;creator_name;requester_id;owner_id;handler_name,deposit_source_created_by;source_created_by,A_MAPPED_TO_FORMAL_PRODUCT_FIELD,MAP_TO_EXISTING_FORMAL_FIELD,true,HIGH_GLOBAL_DEFINITION,FORMAL_CONTRACT_ALIAS_COUNT_ZERO,REMOVED_FROM_PRODUCT_PUBLICATION,runtime:tender.guarantee.p1_visible_ee6a4d9e2956;global_ir_model_fields;dynamic_get_view_injection;formal_runtime_field_resolved;literal_view_reference
tender.guarantee,p1_visible_efb7cd864aa6,deposit_engineering_project_name;project_id,char,,,product runtime,addons/smart_construction_core/models/support/p1_daily_business_visible_alias_fields.py:832-853,,,FORMAL_PRODUCT_REFERENCE,true,true,true,true,false,true,readonly_nonstored,deposit_engineering_project_name;project_id,deposit_engineering_project_name;project_id,A_MAPPED_TO_FORMAL_PRODUCT_FIELD,MAP_TO_EXISTING_FORMAL_FIELD,true,HIGH_GLOBAL_DEFINITION,FORMAL_CONTRACT_ALIAS_COUNT_ZERO,REMOVED_FROM_PRODUCT_PUBLICATION,runtime:tender.guarantee.p1_visible_efb7cd864aa6;global_ir_model_fields;dynamic_get_view_injection;formal_runtime_field_resolved;literal_view_reference
tender.guarantee,p1_visible_f22832ce4781,deposit_push_result;state,char,,,product runtime,addons/smart_construction_core/models/support/p1_daily_business_visible_alias_fields.py:832-853,,,FORMAL_PRODUCT_REFERENCE,true,true,true,true,false,true,readonly_nonstored,deposit_push_result;push_result;sync_state;state,deposit_push_result;state,A_MAPPED_TO_FORMAL_PRODUCT_FIELD,MAP_TO_EXISTING_FORMAL_FIELD,true,HIGH_GLOBAL_DEFINITION,FORMAL_CONTRACT_ALIAS_COUNT_ZERO,REMOVED_FROM_PRODUCT_PUBLICATION,runtime:tender.guarantee.p1_visible_f22832ce4781;global_ir_model_fields;dynamic_get_view_injection;formal_runtime_field_resolved;literal_view_reference
tender.guarantee,p1_visible_fff7e95a48d8,deposit_unreturned_amount_display,char,,,product runtime,addons/smart_construction_core/models/support/p1_daily_business_visible_alias_fields.py:832-853,,,FORMAL_PRODUCT_REFERENCE,true,true,true,true,false,true,readonly_nonstored,deposit_unreturned_amount_display,deposit_unreturned_amount_display,A_MAPPED_TO_FORMAL_PRODUCT_FIELD,MAP_TO_EXISTING_FORMAL_FIELD,true,HIGH_GLOBAL_DEFINITION,FORMAL_CONTRACT_ALIAS_COUNT_ZERO,REMOVED_FROM_PRODUCT_PUBLICATION,runtime:tender.guarantee.p1_visible_fff7e95a48d8;global_ir_model_fields;dynamic_get_view_injection;formal_runtime_field_resolved;literal_view_reference
