menu_xmlid,current_path,current_name,action_xmlid,group_xmlids,level,technical_name_risk,proposed_level_1,proposed_level_2,proposed_level_3,decision,product_owner_evidence,runtime_evidence,migration_compatibility,unresolved_reason
base.menu_action_res_groups,base.menu_action_res_groups,,,"smart_construction_core.group_sc_super_admin,smart_core.group_smart_core_admin",1,false,,,,investigate,,,preserve_xmlid_action_until_M5,product_and_runtime_evidence_not_yet_available
base.menu_administration,base.menu_administration,,,base.group_system,1,false,,,,investigate,,,preserve_xmlid_action_until_M5,product_and_runtime_evidence_not_yet_available
base.menu_apps,base.menu_apps,,,base.group_system,1,false,,,,investigate,,,preserve_xmlid_action_until_M5,product_and_runtime_evidence_not_yet_available
base.menu_management,base.menu_management,,,base.group_system,1,false,,,,investigate,,,preserve_xmlid_action_until_M5,product_and_runtime_evidence_not_yet_available
project.menu_main_pm,project.menu_main_pm,,,smart_construction_core.group_sc_cap_config_admin,1,false,,,,investigate,,,preserve_xmlid_action_until_M5,product_and_runtime_evidence_not_yet_available
smart_construction_core.menu_payment_ledger,智慧施工管理平台 / 统计分析 / 财务分析 / 付款统计表,付款统计表,smart_construction_core.action_sc_treasury_ledger_payment,"smart_construction_core.group_sc_cap_finance_manager,smart_construction_core.group_sc_cap_finance_read,smart_construction_core.group_sc_cap_finance_user",3,false,,,,investigate,,,preserve_xmlid_action_until_M5,product_and_runtime_evidence_not_yet_available
smart_construction_core.menu_payment_request,智慧施工管理平台 / 财务中心 / 付款事实 / 付款申请,付款申请,smart_construction_core.action_payment_request_pay,"smart_construction_core.group_sc_cap_business_initiator,smart_construction_core.group_sc_cap_finance_manager,smart_construction_core.group_sc_cap_finance_read,smart_construction_core.group_sc_cap_finance_user",3,false,,,,investigate,,,preserve_xmlid_action_until_M5,product_and_runtime_evidence_not_yet_available
smart_construction_core.menu_payment_request_line,智慧施工管理平台 / 财务中心 / 付款事实 / 付款申请明细,付款申请明细,smart_construction_core.action_payment_request_line,"smart_construction_core.group_sc_cap_finance_manager,smart_construction_core.group_sc_cap_finance_read,smart_construction_core.group_sc_cap_finance_user",3,false,,,,investigate,,,preserve_xmlid_action_until_M5,product_and_runtime_evidence_not_yet_available
smart_construction_core.menu_payment_request_receive,智慧施工管理平台 / 财务中心 / 收付款办理 / 收款申请,收款申请,smart_construction_core.action_payment_request_receive,"smart_construction_core.group_sc_cap_business_initiator,smart_construction_core.group_sc_cap_finance_manager,smart_construction_core.group_sc_cap_finance_read,smart_construction_core.group_sc_cap_finance_user",3,false,,,,investigate,,,preserve_xmlid_action_until_M5,product_and_runtime_evidence_not_yet_available
smart_construction_core.menu_project_budget,project.menu_main_pm / 项目预算,项目预算,smart_construction_core.action_project_budget,smart_construction_core.group_sc_cap_cost_read,2,false,,,,investigate,,,preserve_xmlid_action_until_M5,product_and_runtime_evidence_not_yet_available
smart_construction_core.menu_project_funding_actual_event_allocation,智慧施工管理平台 / 财务中心 / 资金计划实际付款分配,资金计划实际付款分配,smart_construction_core.action_project_funding_actual_event_allocation,"smart_construction_core.group_sc_cap_finance_manager,smart_construction_core.group_sc_cap_finance_read,smart_construction_core.group_sc_cap_finance_user",2,false,,,,investigate,,,preserve_xmlid_action_until_M5,product_and_runtime_evidence_not_yet_available
smart_construction_core.menu_project_material_plan,智慧施工管理平台 / 物资与分包 / 材料管理 / 材料计划,材料计划,smart_construction_core.action_project_material_plan,"smart_construction_core.group_sc_cap_business_initiator,smart_construction_core.group_sc_cap_material_manager,smart_construction_core.group_sc_cap_material_user",3,false,,,,investigate,,,preserve_xmlid_action_until_M5,product_and_runtime_evidence_not_yet_available
smart_construction_core.menu_project_quota_center,智慧施工管理平台 / 系统配置 / 定额库 / 定额中心（左树右明细）,定额中心（左树右明细）,smart_construction_core.action_project_quota_tree,smart_construction_core.group_sc_cap_business_config_admin,3,false,,,,investigate,,,preserve_xmlid_action_until_M5,product_and_runtime_evidence_not_yet_available
smart_construction_core.menu_project_quota_root,智慧施工管理平台 / 系统配置 / 定额库,定额库,,smart_construction_core.group_sc_cap_business_config_admin,2,false,,,,investigate,,,preserve_xmlid_action_until_M5,product_and_runtime_evidence_not_yet_available
smart_construction_core.menu_project_quota_subitem,智慧施工管理平台 / 系统配置 / 定额库 / 定额子目,定额子目,smart_construction_core.action_project_quota_subitem,smart_construction_core.group_sc_cap_business_config_admin,3,false,,,,investigate,,,preserve_xmlid_action_until_M5,product_and_runtime_evidence_not_yet_available
smart_construction_core.menu_project_quota_tree,智慧施工管理平台 / 系统配置 / 定额库 / 定额层级,定额层级,smart_construction_core.action_project_quota_tree,smart_construction_core.group_sc_cap_business_config_admin,3,false,,,,investigate,,,preserve_xmlid_action_until_M5,product_and_runtime_evidence_not_yet_available
smart_construction_core.menu_quota_import_wizard,智慧施工管理平台 / 系统配置 / 定额字典 / 四川定额导入,四川定额导入,smart_construction_core.action_quota_import_wizard,smart_construction_core.group_sc_cap_business_config_admin,3,false,,,,investigate,,,preserve_xmlid_action_until_M5,product_and_runtime_evidence_not_yet_available
smart_construction_core.menu_receipt_invoice_line,智慧施工管理平台 / 财务中心 / 发票台账 / 收款发票,收款发票,smart_construction_core.action_receipt_invoice_line,"smart_construction_core.group_sc_cap_finance_manager,smart_construction_core.group_sc_cap_finance_read,smart_construction_core.group_sc_cap_finance_user",3,false,,,,investigate,,,preserve_xmlid_action_until_M5,product_and_runtime_evidence_not_yet_available
smart_construction_core.menu_sc_advance_fund,智慧施工管理平台 / 财务中心 / 费用与保证金 / 备用金,备用金,smart_construction_core.action_sc_expense_claim_advance_fund,"smart_construction_core.group_sc_cap_finance_manager,smart_construction_core.group_sc_cap_finance_read,smart_construction_core.group_sc_cap_finance_user",3,false,,,,investigate,,,preserve_xmlid_action_until_M5,product_and_runtime_evidence_not_yet_available
smart_construction_core.menu_sc_analysis_project_operation,智慧施工管理平台 / 统计分析 / 经营分析 / 项目经营分析,项目经营分析,smart_construction_core.action_sc_operating_metrics_project,"smart_construction_core.group_sc_cap_cost_manager,smart_construction_core.group_sc_cap_cost_read,smart_construction_core.group_sc_cap_cost_user,smart_construction_core.group_sc_cap_data_read",3,false,,,,investigate,,,preserve_xmlid_action_until_M5,product_and_runtime_evidence_not_yet_available
smart_construction_core.menu_sc_approval_policy,智慧施工管理平台 / 配置中心 / 业务基础数据 / 审批配置,审批配置,smart_construction_core.action_sc_approval_policy,smart_construction_core.group_sc_cap_business_config_admin,3,false,,,,investigate,,,preserve_xmlid_action_until_M5,product_and_runtime_evidence_not_yet_available
smart_construction_core.menu_sc_approval_scope,智慧施工管理平台 / 配置中心 / 业务基础数据 / 审批岗位人员,审批岗位人员,smart_construction_core.action_sc_approval_scope,smart_construction_core.group_sc_cap_business_config_admin,3,false,,,,investigate,,,preserve_xmlid_action_until_M5,product_and_runtime_evidence_not_yet_available
smart_construction_core.menu_sc_ar_ap_company_summary,智慧施工管理平台 / 统计分析 / 财务分析 / 供应商账款,供应商账款,smart_construction_core.action_sc_ar_ap_company_summary,"smart_construction_core.group_sc_cap_business_initiator,smart_construction_core.group_sc_cap_contract_manager,smart_construction_core.group_sc_cap_contract_read,smart_construction_core.group_sc_cap_contract_user,smart_construction_core.group_sc_cap_finance_manager,smart_construction_core.group_sc_cap_finance_read,smart_construction_core.group_sc_cap_finance_user",3,false,,,,investigate,,,preserve_xmlid_action_until_M5,product_and_runtime_evidence_not_yet_available
smart_construction_core.menu_sc_ar_ap_finance_tax_report,智慧施工管理平台 / 税务中心 / 财税报表 / 应收应付报表,应收应付报表,smart_construction_core.action_sc_ar_ap_company_summary,"smart_construction_core.group_sc_cap_contract_manager,smart_construction_core.group_sc_cap_contract_read,smart_construction_core.group_sc_cap_contract_user,smart_construction_core.group_sc_cap_finance_manager,smart_construction_core.group_sc_cap_finance_read,smart_construction_core.group_sc_cap_finance_user",3,false,,,,investigate,,,preserve_xmlid_action_until_M5,product_and_runtime_evidence_not_yet_available
smart_construction_core.menu_sc_ar_ap_project_summary,智慧施工管理平台 / 统计分析 / 财务分析 / 客户账款,客户账款,smart_construction_core.action_sc_ar_ap_project_summary,"smart_construction_core.group_sc_cap_business_initiator,smart_construction_core.group_sc_cap_contract_manager,smart_construction_core.group_sc_cap_contract_read,smart_construction_core.group_sc_cap_contract_user,smart_construction_core.group_sc_cap_finance_manager,smart_construction_core.group_sc_cap_finance_read,smart_construction_core.group_sc_cap_finance_user",3,false,,,,investigate,,,preserve_xmlid_action_until_M5,product_and_runtime_evidence_not_yet_available
smart_construction_core.menu_sc_arrival_confirmation,智慧施工管理平台 / 财务中心 / 到款确认表,到款确认表,smart_construction_core.action_sc_receipt_income_arrival_confirmation,"smart_construction_core.group_sc_cap_business_initiator,smart_construction_core.group_sc_cap_finance_manager,smart_construction_core.group_sc_cap_finance_read,smart_construction_core.group_sc_cap_finance_user",2,false,,,,investigate,,,preserve_xmlid_action_until_M5,product_and_runtime_evidence_not_yet_available
smart_construction_core.menu_sc_attendance_checkin,智慧施工管理平台 / 物资与分包 / 劳务管理 / 考勤记录,考勤记录,smart_construction_core.action_sc_attendance_checkin,smart_construction_core.group_sc_internal_user,3,false,,,,investigate,,,preserve_xmlid_action_until_M5,product_and_runtime_evidence_not_yet_available
smart_construction_core.menu_sc_bid_deposit_pay,智慧施工管理平台 / 财务中心 / 费用与保证金 / 投标保证金支付,投标保证金支付,smart_construction_core.action_sc_bid_deposit_pay,"smart_construction_core.group_sc_cap_business_initiator,smart_construction_core.group_sc_cap_finance_manager,smart_construction_core.group_sc_cap_finance_read,smart_construction_core.group_sc_cap_finance_user",3,false,,,,investigate,,,preserve_xmlid_action_until_M5,product_and_runtime_evidence_not_yet_available
smart_construction_core.menu_sc_bid_deposit_return,智慧施工管理平台 / 财务中心 / 费用与保证金 / 投标保证金退回,投标保证金退回,smart_construction_core.action_sc_bid_deposit_return,"smart_construction_core.group_sc_cap_business_initiator,smart_construction_core.group_sc_cap_finance_manager,smart_construction_core.group_sc_cap_finance_read,smart_construction_core.group_sc_cap_finance_user",3,false,,,,investigate,,,preserve_xmlid_action_until_M5,product_and_runtime_evidence_not_yet_available
smart_construction_core.menu_sc_bonus,智慧施工管理平台 / 人事行政 / 奖金,奖金,smart_construction_core.action_sc_bonus,"smart_construction_core.group_sc_cap_business_config_admin,smart_construction_core.group_sc_cap_business_initiator",2,false,,,,investigate,,,preserve_xmlid_action_until_M5,product_and_runtime_evidence_not_yet_available
smart_construction_core.menu_sc_borrowing_bill,智慧施工管理平台 / 财务中心 / 费用与保证金 / 借款单,借款单,smart_construction_core.action_sc_financing_loan_borrowing,"smart_construction_core.group_sc_cap_finance_manager,smart_construction_core.group_sc_cap_finance_read,smart_construction_core.group_sc_cap_finance_user",3,false,,,,investigate,,,preserve_xmlid_action_until_M5,product_and_runtime_evidence_not_yet_available
smart_construction_core.menu_sc_borrowing_request,智慧施工管理平台 / 财务中心 / 资金往来办理 / 借款申请,借款申请,smart_construction_core.action_sc_financing_loan_borrowing_request,"smart_construction_core.group_sc_cap_business_initiator,smart_construction_core.group_sc_cap_finance_manager,smart_construction_core.group_sc_cap_finance_read,smart_construction_core.group_sc_cap_finance_user",3,false,,,,investigate,,,preserve_xmlid_action_until_M5,product_and_runtime_evidence_not_yet_available
smart_construction_core.menu_sc_budget_alloc,智慧施工管理平台 / 成本中心 / 预算清单分摊,预算清单分摊,smart_construction_core.action_project_budget_cost_alloc,"smart_construction_core.group_sc_cap_cost_manager,smart_construction_core.group_sc_cap_cost_user",2,false,,,,investigate,,,preserve_xmlid_action_until_M5,product_and_runtime_evidence_not_yet_available
smart_construction_core.menu_sc_business_analysis_group,智慧施工管理平台 / 统计分析 / 经营分析,经营分析,,,2,false,,,,investigate,,,preserve_xmlid_action_until_M5,product_and_runtime_evidence_not_yet_available
smart_construction_core.menu_sc_business_base_config_group,智慧施工管理平台 / 配置中心 / 业务基础数据,业务基础数据,,smart_construction_core.group_sc_cap_business_config_admin,2,false,,,,investigate,,,preserve_xmlid_action_until_M5,product_and_runtime_evidence_not_yet_available
smart_construction_core.menu_sc_business_category,智慧施工管理平台 / 配置中心 / 业务基础数据 / 业务分类字典,业务分类字典,smart_construction_core.action_sc_business_category,smart_construction_core.group_sc_cap_business_config_admin,3,false,,,,investigate,,,preserve_xmlid_action_until_M5,product_and_runtime_evidence_not_yet_available
smart_construction_core.menu_sc_business_config_center,智慧施工管理平台 / 配置中心,配置中心,,smart_construction_core.group_sc_cap_business_config_admin,1,false,,,,investigate,,,preserve_xmlid_action_until_M5,product_and_runtime_evidence_not_yet_available
smart_construction_core.menu_sc_business_config_workbench,智慧施工管理平台 / 配置中心 / 低代码系统配置 / 配置工作台,配置工作台,smart_construction_core.action_sc_business_config_workbench,"smart_construction_core.group_sc_cap_business_config_admin,smart_core.group_smart_core_admin,smart_core.group_smart_core_business_config_admin",3,false,,,,investigate,,,preserve_xmlid_action_until_M5,product_and_runtime_evidence_not_yet_available
smart_construction_core.menu_sc_business_entity,智慧施工管理平台 / 统计分析 / 业务核算主体,业务核算主体,smart_construction_core.action_sc_business_entity,smart_construction_core.group_sc_cap_business_config_admin,2,false,,,,investigate,,,preserve_xmlid_action_until_M5,product_and_runtime_evidence_not_yet_available
smart_construction_core.menu_sc_capability,智慧施工管理平台 / 系统配置 / 场景与能力 / 能力目录,能力目录,smart_construction_core.action_sc_capability,smart_core.group_smart_core_admin,3,false,,,,investigate,,,preserve_xmlid_action_until_M5,product_and_runtime_evidence_not_yet_available
smart_construction_core.menu_sc_capability_group,智慧施工管理平台 / 系统配置 / 场景与能力 / 能力分组,能力分组,smart_construction_core.action_sc_capability_group,smart_core.group_smart_core_admin,3,false,,,,investigate,,,preserve_xmlid_action_until_M5,product_and_runtime_evidence_not_yet_available
smart_construction_core.menu_sc_certificate_registration,智慧施工管理平台 / 资料证照 / 证照登记,证照登记,smart_construction_core.action_sc_certificate_registration,"smart_construction_core.group_sc_cap_business_config_admin,smart_construction_core.group_sc_cap_business_initiator",2,false,,,,investigate,,,preserve_xmlid_action_until_M5,product_and_runtime_evidence_not_yet_available
smart_construction_core.menu_sc_company_contractor_responsibility_fact,智慧施工管理平台 / 财务中心 / 资金分析 / 公司-承包人资金责任明细,公司-承包人资金责任明细,smart_construction_core.action_sc_company_contractor_responsibility_fact,"smart_construction_core.group_sc_cap_finance_manager,smart_construction_core.group_sc_cap_finance_read,smart_construction_core.group_sc_cap_finance_user",3,false,,,,investigate,,,preserve_xmlid_action_until_M5,product_and_runtime_evidence_not_yet_available
smart_construction_core.menu_sc_company_contractor_responsibility_summary,智慧施工管理平台 / 财务中心 / 资金分析 / 公司-承包人资金责任余额,公司-承包人资金责任余额,smart_construction_core.action_sc_company_contractor_responsibility_summary,"smart_construction_core.group_sc_cap_finance_manager,smart_construction_core.group_sc_cap_finance_read,smart_construction_core.group_sc_cap_finance_user",3,false,,,,investigate,,,preserve_xmlid_action_until_M5,product_and_runtime_evidence_not_yet_available
smart_construction_core.menu_sc_company_deduction,智慧施工管理平台 / 财务中心 / 费用与保证金 / 公司扣款,公司扣款,smart_construction_core.action_sc_expense_claim_expense,"smart_construction_core.group_sc_cap_finance_manager,smart_construction_core.group_sc_cap_finance_read,smart_construction_core.group_sc_cap_finance_user",3,false,,,,investigate,,,preserve_xmlid_action_until_M5,product_and_runtime_evidence_not_yet_available
smart_construction_core.menu_sc_company_document_archive,智慧施工管理平台 / 资料证照 / 公司资料存档,公司资料存档,smart_construction_core.action_sc_company_document_archive,"smart_construction_core.group_sc_cap_business_config_admin,smart_construction_core.group_sc_cap_business_initiator",2,false,,,,investigate,,,preserve_xmlid_action_until_M5,product_and_runtime_evidence_not_yet_available
smart_construction_core.menu_sc_company_expense,智慧施工管理平台 / 财务中心 / 费用与保证金 / 公司支出,公司支出,smart_construction_core.action_sc_payment_execution,"smart_construction_core.group_sc_cap_finance_manager,smart_construction_core.group_sc_cap_finance_read,smart_construction_core.group_sc_cap_finance_user",3,false,,,,investigate,,,preserve_xmlid_action_until_M5,product_and_runtime_evidence_not_yet_available
smart_construction_core.menu_sc_company_finance_expense,智慧施工管理平台 / 财务中心 / 收付款办理 / 公司财务支出,公司财务支出,smart_construction_core.action_sc_payment_execution_company_finance_expense,"smart_construction_core.group_sc_cap_business_initiator,smart_construction_core.group_sc_cap_finance_manager,smart_construction_core.group_sc_cap_finance_read,smart_construction_core.group_sc_cap_finance_user",3,false,,,,investigate,,,preserve_xmlid_action_until_M5,product_and_runtime_evidence_not_yet_available
smart_construction_core.menu_sc_company_income,智慧施工管理平台 / 财务中心 / 费用与保证金 / 公司收入,公司收入,smart_construction_core.action_sc_receipt_income,"smart_construction_core.group_sc_cap_finance_manager,smart_construction_core.group_sc_cap_finance_read,smart_construction_core.group_sc_cap_finance_user",3,false,,,,investigate,,,preserve_xmlid_action_until_M5,product_and_runtime_evidence_not_yet_available
smart_construction_core.menu_sc_company_operation_summary_report,智慧施工管理平台 / 税务中心 / 财税报表 / 公司经营情况表,公司经营情况表,smart_construction_core.action_sc_company_operation_summary,"smart_construction_core.group_sc_cap_cost_manager,smart_construction_core.group_sc_cap_cost_read,smart_construction_core.group_sc_cap_cost_user,smart_construction_core.group_sc_cap_finance_manager,smart_construction_core.group_sc_cap_finance_read,smart_construction_core.group_sc_cap_finance_user",3,false,,,,investigate,,,preserve_xmlid_action_until_M5,product_and_runtime_evidence_not_yet_available
smart_construction_core.menu_sc_comprehensive_cost_statistics_report,智慧施工管理平台 / 统计分析 / 成本报表 / 成本统计表（综合）,成本统计表（综合）,smart_construction_core.action_sc_comprehensive_cost_statistics_report,"smart_construction_core.group_sc_cap_business_initiator,smart_construction_core.group_sc_cap_contract_manager,smart_construction_core.group_sc_cap_contract_read,smart_construction_core.group_sc_cap_contract_user,smart_construction_core.group_sc_cap_cost_manager,smart_construction_core.group_sc_cap_cost_read,smart_construction_core.group_sc_cap_cost_user,smart_construction_core.group_sc_cap_finance_manager,smart_construction_core.group_sc_cap_finance_read,smart_construction_core.group_sc_cap_finance_user",3,false,,,,investigate,,,preserve_xmlid_action_until_M5,product_and_runtime_evidence_not_yet_available
smart_construction_core.menu_sc_config_center,智慧施工管理平台 / 系统配置,系统配置,,smart_core.group_smart_core_admin,1,false,,,,investigate,,,preserve_xmlid_action_until_M5,product_and_runtime_evidence_not_yet_available
smart_construction_core.menu_sc_construction_contract,智慧施工管理平台 / 合同中心 / 合同办理,合同办理,smart_construction_core.action_construction_contract_handling,"smart_construction_core.group_sc_cap_business_initiator,smart_construction_core.group_sc_cap_contract_manager,smart_construction_core.group_sc_cap_contract_read,smart_construction_core.group_sc_cap_contract_user",2,false,,,,investigate,,,preserve_xmlid_action_until_M5,product_and_runtime_evidence_not_yet_available
smart_construction_core.menu_sc_construction_diary,智慧施工管理平台 / 施工管理 / 施工日志,施工日志,smart_construction_core.action_sc_construction_diary,"smart_construction_core.group_sc_cap_project_manager,smart_construction_core.group_sc_cap_project_read,smart_construction_core.group_sc_cap_project_user",2,false,,,,investigate,,,preserve_xmlid_action_until_M5,product_and_runtime_evidence_not_yet_available
smart_construction_core.menu_sc_construction_management_center,智慧施工管理平台 / 施工管理,施工管理,,,1,false,,,,investigate,,,preserve_xmlid_action_until_M5,product_and_runtime_evidence_not_yet_available
smart_construction_core.menu_sc_construction_progress,智慧施工管理平台 / 施工管理 / 进度管理,进度管理,smart_construction_core.action_project_progress_entry,"smart_construction_core.group_sc_cap_cost_manager,smart_construction_core.group_sc_cap_cost_user",2,false,,,,investigate,,,preserve_xmlid_action_until_M5,product_and_runtime_evidence_not_yet_available
smart_construction_core.menu_sc_contract_center,智慧施工管理平台 / 合同中心,合同中心,smart_construction_core.action_construction_contract_handling,"smart_construction_core.group_sc_cap_business_initiator,smart_construction_core.group_sc_cap_contract_manager,smart_construction_core.group_sc_cap_contract_read,smart_construction_core.group_sc_cap_contract_user,smart_construction_core.group_sc_cap_purchase_manager",1,false,,,,investigate,,,preserve_xmlid_action_until_M5,product_and_runtime_evidence_not_yet_available
smart_construction_core.menu_sc_contract_deposit_register,智慧施工管理平台 / 财务中心 / 费用与保证金 / 合同保证金支付,合同保证金支付,smart_construction_core.action_sc_contract_deposit_pay,"smart_construction_core.group_sc_cap_business_initiator,smart_construction_core.group_sc_cap_finance_manager,smart_construction_core.group_sc_cap_finance_read,smart_construction_core.group_sc_cap_finance_user",3,false,,,,investigate,,,preserve_xmlid_action_until_M5,product_and_runtime_evidence_not_yet_available
smart_construction_core.menu_sc_contract_deposit_return,智慧施工管理平台 / 财务中心 / 费用与保证金 / 合同保证金退回,合同保证金退回,smart_construction_core.action_sc_contract_deposit_return,"smart_construction_core.group_sc_cap_business_initiator,smart_construction_core.group_sc_cap_finance_manager,smart_construction_core.group_sc_cap_finance_read,smart_construction_core.group_sc_cap_finance_user",3,false,,,,investigate,,,preserve_xmlid_action_until_M5,product_and_runtime_evidence_not_yet_available
smart_construction_core.menu_sc_contract_event,智慧施工管理平台 / 合同中心 / 收入合同台账 / 合同履约事件,合同履约事件,smart_construction_core.action_sc_contract_event,"smart_construction_core.group_sc_cap_contract_manager,smart_construction_core.group_sc_cap_contract_read,smart_construction_core.group_sc_cap_contract_user",3,false,,,,investigate,,,preserve_xmlid_action_until_M5,product_and_runtime_evidence_not_yet_available
smart_construction_core.menu_sc_contract_expense,智慧施工管理平台 / 合同中心 / 支出合同台账 / 支出合同台账,支出合同台账,smart_construction_core.action_sc_expense_contract_ledger,"smart_construction_core.group_sc_cap_business_initiator,smart_construction_core.group_sc_cap_contract_manager,smart_construction_core.group_sc_cap_contract_read,smart_construction_core.group_sc_cap_contract_user",3,false,,,,investigate,,,preserve_xmlid_action_until_M5,product_and_runtime_evidence_not_yet_available
smart_construction_core.menu_sc_contract_handling,智慧施工管理平台 / 合同中心 / 合同办理,合同办理,smart_construction_core.action_construction_contract_handling,"smart_construction_core.group_sc_cap_contract_manager,smart_construction_core.group_sc_cap_contract_read,smart_construction_core.group_sc_cap_contract_user",2,false,,,,investigate,,,preserve_xmlid_action_until_M5,product_and_runtime_evidence_not_yet_available
smart_construction_core.menu_sc_contract_income,智慧施工管理平台 / 合同中心 / 收入合同台账 / 收入合同台账,收入合同台账,smart_construction_core.action_sc_income_contract_ledger,"smart_construction_core.group_sc_cap_business_initiator,smart_construction_core.group_sc_cap_contract_manager,smart_construction_core.group_sc_cap_contract_read,smart_construction_core.group_sc_cap_contract_user",3,false,,,,investigate,,,preserve_xmlid_action_until_M5,product_and_runtime_evidence_not_yet_available
smart_construction_core.menu_sc_contractor_project_borrow,智慧施工管理平台 / 财务中心 / 资金往来办理 / 承包人借项目款,承包人借项目款,smart_construction_core.action_sc_financing_loan_contractor_project_borrow,"smart_construction_core.group_sc_cap_business_initiator,smart_construction_core.group_sc_cap_finance_manager,smart_construction_core.group_sc_cap_finance_read,smart_construction_core.group_sc_cap_finance_user",3,false,,,,investigate,,,preserve_xmlid_action_until_M5,product_and_runtime_evidence_not_yet_available
smart_construction_core.menu_sc_contractor_project_repay,智慧施工管理平台 / 财务中心 / 资金往来办理 / 承包人还项目款,承包人还项目款,smart_construction_core.action_sc_expense_claim_contractor_project_repay,"smart_construction_core.group_sc_cap_business_initiator,smart_construction_core.group_sc_cap_finance_manager,smart_construction_core.group_sc_cap_finance_read,smart_construction_core.group_sc_cap_finance_user",3,false,,,,investigate,,,preserve_xmlid_action_until_M5,product_and_runtime_evidence_not_yet_available
smart_construction_core.menu_sc_cost_big_screen_delivery,智慧施工管理平台 / 智慧大屏 / 成本大屏,成本大屏,smart_construction_core.action_sc_cost_big_screen_delivery,"smart_construction_core.group_sc_cap_cost_manager,smart_construction_core.group_sc_cap_cost_read,smart_construction_core.group_sc_cap_cost_user,smart_construction_core.group_sc_cap_finance_manager,smart_construction_core.group_sc_cap_finance_read,smart_construction_core.group_sc_cap_finance_user",2,false,,,,investigate,,,preserve_xmlid_action_until_M5,product_and_runtime_evidence_not_yet_available
smart_construction_core.menu_sc_cost_center,智慧施工管理平台 / 成本中心,成本中心,,"smart_construction_core.group_sc_cap_cost_manager,smart_construction_core.group_sc_cap_cost_user",1,false,,,,investigate,,,preserve_xmlid_action_until_M5,product_and_runtime_evidence_not_yet_available
smart_construction_core.menu_sc_cost_report_group,智慧施工管理平台 / 统计分析 / 成本报表,成本报表,,,2,false,,,,investigate,,,preserve_xmlid_action_until_M5,product_and_runtime_evidence_not_yet_available
smart_construction_core.menu_sc_cost_reports,智慧施工管理平台 / 成本中心 / 成本汇总,成本汇总,smart_construction_core.action_project_cost_compare,"smart_construction_core.group_sc_cap_cost_manager,smart_construction_core.group_sc_cap_cost_user",2,false,,,,investigate,,,preserve_xmlid_action_until_M5,product_and_runtime_evidence_not_yet_available
smart_construction_core.menu_sc_customer_partner,智慧施工管理平台 / 基础资料 / 客户,客户,smart_construction_core.action_sc_customer_partner,smart_construction_core.group_sc_cap_contact_manager,2,false,,,,investigate,,,preserve_xmlid_action_until_M5,product_and_runtime_evidence_not_yet_available
smart_construction_core.menu_sc_dashboard_cost_cockpit_fact,智慧施工管理平台 / 智慧大屏 / 成本驾驶舱,成本驾驶舱,smart_construction_core.action_sc_dashboard_cost_cockpit_fact,,2,false,,,,investigate,,,preserve_xmlid_action_until_M5,product_and_runtime_evidence_not_yet_available
smart_construction_core.menu_sc_dashboard_fund_cockpit_fact,智慧施工管理平台 / 智慧大屏 / 资金驾驶舱,资金驾驶舱,smart_construction_core.action_sc_dashboard_fund_cockpit_fact,,2,false,,,,investigate,,,preserve_xmlid_action_until_M5,product_and_runtime_evidence_not_yet_available
smart_construction_core.menu_sc_data_center,智慧施工管理平台 / 统计分析,统计分析,,"smart_construction_core.group_sc_cap_cost_manager,smart_construction_core.group_sc_cap_cost_read,smart_construction_core.group_sc_cap_cost_user,smart_construction_core.group_sc_cap_data_read,smart_construction_core.group_sc_cap_finance_manager,smart_construction_core.group_sc_cap_finance_read,smart_construction_core.group_sc_cap_finance_user",1,false,,,,investigate,,,preserve_xmlid_action_until_M5,product_and_runtime_evidence_not_yet_available
smart_construction_core.menu_sc_deduction_bill,智慧施工管理平台 / 财务中心 / 扣款与非现金 / 扣款登记,扣款登记,smart_construction_core.action_sc_expense_claim_deduction_bill,"smart_construction_core.group_sc_cap_business_initiator,smart_construction_core.group_sc_cap_finance_manager,smart_construction_core.group_sc_cap_finance_read,smart_construction_core.group_sc_cap_finance_user",3,false,,,,investigate,,,preserve_xmlid_action_until_M5,product_and_runtime_evidence_not_yet_available
smart_construction_core.menu_sc_deduction_paid,智慧施工管理平台 / 财务中心 / 费用与保证金 / 扣款实缴登记,扣款实缴登记,smart_construction_core.action_sc_expense_claim_deduction_paid,"smart_construction_core.group_sc_cap_business_initiator,smart_construction_core.group_sc_cap_finance_manager,smart_construction_core.group_sc_cap_finance_read,smart_construction_core.group_sc_cap_finance_user",3,false,,,,investigate,,,preserve_xmlid_action_until_M5,product_and_runtime_evidence_not_yet_available
smart_construction_core.menu_sc_deduction_paid_refund,智慧施工管理平台 / 财务中心 / 费用与保证金 / 扣款实缴退回,扣款实缴退回,smart_construction_core.action_sc_expense_claim_deduction_paid_refund,"smart_construction_core.group_sc_cap_business_initiator,smart_construction_core.group_sc_cap_finance_manager,smart_construction_core.group_sc_cap_finance_read,smart_construction_core.group_sc_cap_finance_user",3,false,,,,investigate,,,preserve_xmlid_action_until_M5,product_and_runtime_evidence_not_yet_available
smart_construction_core.menu_sc_deduction_user_group,智慧施工管理平台 / 财务中心 / 扣款,扣款,,,2,false,,,,investigate,,,preserve_xmlid_action_until_M5,product_and_runtime_evidence_not_yet_available
smart_construction_core.menu_sc_deposit_management_group,智慧施工管理平台 / 财务中心 / 保证金管理,保证金管理,,,2,false,,,,investigate,,,preserve_xmlid_action_until_M5,product_and_runtime_evidence_not_yet_available
smart_construction_core.menu_sc_deposit_receive,智慧施工管理平台 / 财务中心 / 保证金管理 / 保证金收取,保证金收取,smart_construction_core.action_sc_expense_claim_deposit_receive,"smart_construction_core.group_sc_cap_finance_manager,smart_construction_core.group_sc_cap_finance_read,smart_construction_core.group_sc_cap_finance_user",3,false,,,,investigate,,,preserve_xmlid_action_until_M5,product_and_runtime_evidence_not_yet_available
smart_construction_core.menu_sc_dictionary,智慧施工管理平台 / 配置中心 / 业务基础数据 / 数据字典,数据字典,smart_construction_core.action_sc_dictionary_manage,smart_construction_core.group_sc_cap_business_config_admin,3,false,,,,investigate,,,preserve_xmlid_action_until_M5,product_and_runtime_evidence_not_yet_available
smart_construction_core.menu_sc_dictionary_all,智慧施工管理平台 / 系统配置 / 定额字典 / 全部定额字典,全部定额字典,smart_construction_core.action_project_dictionary,smart_construction_core.group_sc_cap_business_config_admin,3,false,,,,investigate,,,preserve_xmlid_action_until_M5,product_and_runtime_evidence_not_yet_available
smart_construction_core.menu_sc_dictionary_chapter,智慧施工管理平台 / 系统配置 / 定额字典 / 章节,章节,smart_construction_core.action_project_dictionary_chapter,smart_construction_core.group_sc_cap_business_config_admin,3,false,,,,investigate,,,preserve_xmlid_action_until_M5,product_and_runtime_evidence_not_yet_available
smart_construction_core.menu_sc_dictionary_discipline,智慧施工管理平台 / 系统配置 / 定额字典 / 专业,专业,smart_construction_core.action_project_dictionary_discipline,smart_construction_core.group_sc_cap_business_config_admin,3,false,,,,investigate,,,preserve_xmlid_action_until_M5,product_and_runtime_evidence_not_yet_available
smart_construction_core.menu_sc_dictionary_quota_item,智慧施工管理平台 / 系统配置 / 定额字典 / 定额项目,定额项目,smart_construction_core.action_project_dictionary_quota_item,smart_construction_core.group_sc_cap_business_config_admin,3,false,,,,investigate,,,preserve_xmlid_action_until_M5,product_and_runtime_evidence_not_yet_available
smart_construction_core.menu_sc_dictionary_root,智慧施工管理平台 / 系统配置 / 定额字典,定额字典,,smart_construction_core.group_sc_cap_business_config_admin,2,false,,,,investigate,,,preserve_xmlid_action_until_M5,product_and_runtime_evidence_not_yet_available
smart_construction_core.menu_sc_dictionary_sub_item,智慧施工管理平台 / 系统配置 / 定额字典 / 子目,子目,smart_construction_core.action_project_dictionary_sub_item,smart_construction_core.group_sc_cap_business_config_admin,3,false,,,,investigate,,,preserve_xmlid_action_until_M5,product_and_runtime_evidence_not_yet_available
smart_construction_core.menu_sc_doc_center,智慧施工管理平台 / 项目中心 / 施工资料,施工资料,,smart_construction_core.group_sc_cap_project_read,2,false,,,,investigate,,,preserve_xmlid_action_until_M5,product_and_runtime_evidence_not_yet_available
smart_construction_core.menu_sc_document_admin_center,智慧施工管理平台 / 资料证照,资料证照,,"smart_construction_core.group_sc_cap_business_config_admin,smart_construction_core.group_sc_cap_business_initiator",1,false,,,,investigate,,,preserve_xmlid_action_until_M5,product_and_runtime_evidence_not_yet_available
smart_construction_core.menu_sc_document_borrow,智慧施工管理平台 / 资料证照 / 借阅申请,借阅申请,smart_construction_core.action_sc_document_borrow,"smart_construction_core.group_sc_cap_business_config_admin,smart_construction_core.group_sc_cap_business_initiator",2,false,,,,investigate,,,preserve_xmlid_action_until_M5,product_and_runtime_evidence_not_yet_available
smart_construction_core.menu_sc_engineering_progress_income,智慧施工管理平台 / 财务中心 / 收付款办理 / 工程进度款收入登记,工程进度款收入登记,smart_construction_core.action_sc_receipt_income_engineering_progress,"smart_construction_core.group_sc_cap_business_initiator,smart_construction_core.group_sc_cap_finance_manager,smart_construction_core.group_sc_cap_finance_read,smart_construction_core.group_sc_cap_finance_user",3,false,,,,investigate,,,preserve_xmlid_action_until_M5,product_and_runtime_evidence_not_yet_available
smart_construction_core.menu_sc_equipment_management_group,智慧施工管理平台 / 物资与分包 / 机械设备,机械设备,,,2,false,,,,investigate,,,preserve_xmlid_action_until_M5,product_and_runtime_evidence_not_yet_available
smart_construction_core.menu_sc_equipment_plan,智慧施工管理平台 / 物资与分包 / 机械设备 / 设备计划,设备计划,smart_construction_core.action_sc_equipment_plan,smart_construction_core.group_sc_internal_user,3,false,,,,investigate,,,preserve_xmlid_action_until_M5,product_and_runtime_evidence_not_yet_available
smart_construction_core.menu_sc_equipment_request,智慧施工管理平台 / 物资与分包 / 机械设备 / 设备申请,设备申请,smart_construction_core.action_sc_equipment_request,smart_construction_core.group_sc_internal_user,3,false,,,,investigate,,,preserve_xmlid_action_until_M5,product_and_runtime_evidence_not_yet_available
smart_construction_core.menu_sc_equipment_settlement,智慧施工管理平台 / 物资与分包 / 机械设备 / 设备结算,设备结算,smart_construction_core.action_sc_equipment_settlement,smart_construction_core.group_sc_internal_user,3,false,,,,investigate,,,preserve_xmlid_action_until_M5,product_and_runtime_evidence_not_yet_available
smart_construction_core.menu_sc_equipment_shift_acceptance,智慧施工管理平台 / 物资与分包 / 机械设备 / 机械台班记录,机械台班记录,"'ir.actions.act_window,%d' % ref('smart_construction_core.action_sc_equipment_usage_shift_user_confirmed')",smart_construction_core.group_sc_internal_user,3,false,,,,investigate,,,preserve_xmlid_action_until_M5,product_and_runtime_evidence_not_yet_available
smart_construction_core.menu_sc_equipment_usage,智慧施工管理平台 / 物资与分包 / 机械设备 / 设备使用登记,设备使用登记,smart_construction_core.action_sc_equipment_usage,smart_construction_core.group_sc_internal_user,3,false,,,,investigate,,,preserve_xmlid_action_until_M5,product_and_runtime_evidence_not_yet_available
smart_construction_core.menu_sc_expense_claim,智慧施工管理平台 / 财务中心 / 费用与保证金 / 费用报销单,费用报销单,smart_construction_core.action_sc_expense_claim_expense,"smart_construction_core.group_sc_cap_business_initiator,smart_construction_core.group_sc_cap_finance_manager,smart_construction_core.group_sc_cap_finance_read,smart_construction_core.group_sc_cap_finance_user",3,false,,,,investigate,,,preserve_xmlid_action_until_M5,product_and_runtime_evidence_not_yet_available
smart_construction_core.menu_sc_expense_contract_execution,智慧施工管理平台 / 合同中心 / 支出合同台账 / 支出合同执行,支出合同执行,smart_construction_core.action_construction_contract_expense_execution,smart_construction_core.group_sc_cap_contract_read,3,false,,,,investigate,,,preserve_xmlid_action_until_M5,product_and_runtime_evidence_not_yet_available
smart_construction_core.menu_sc_expense_contract_group,智慧施工管理平台 / 合同中心 / 支出合同台账,支出合同台账,smart_construction_core.action_sc_expense_contract_ledger,"smart_construction_core.group_sc_cap_business_initiator,smart_construction_core.group_sc_cap_contract_manager,smart_construction_core.group_sc_cap_contract_read,smart_construction_core.group_sc_cap_contract_user",2,false,,,,investigate,,,preserve_xmlid_action_until_M5,product_and_runtime_evidence_not_yet_available
smart_construction_core.menu_sc_expense_contract_labor,智慧施工管理平台 / 合同中心 / 支出合同台账 / 劳务合同,劳务合同,smart_construction_core.action_construction_contract_expense_labor,"smart_construction_core.group_sc_cap_contract_manager,smart_construction_core.group_sc_cap_contract_read,smart_construction_core.group_sc_cap_contract_user",3,false,,,,investigate,,,preserve_xmlid_action_until_M5,product_and_runtime_evidence_not_yet_available
smart_construction_core.menu_sc_expense_contract_material,智慧施工管理平台 / 合同中心 / 支出合同台账 / 材料合同,材料合同,smart_construction_core.action_construction_contract_expense_material,"smart_construction_core.group_sc_cap_contract_manager,smart_construction_core.group_sc_cap_contract_read,smart_construction_core.group_sc_cap_contract_user",3,false,,,,investigate,,,preserve_xmlid_action_until_M5,product_and_runtime_evidence_not_yet_available
smart_construction_core.menu_sc_expense_contract_normal,智慧施工管理平台 / 合同中心 / 支出合同台账 / 正常合同,正常合同,smart_construction_core.action_construction_contract_expense_normal,"smart_construction_core.group_sc_cap_contract_manager,smart_construction_core.group_sc_cap_contract_read,smart_construction_core.group_sc_cap_contract_user",3,false,,,,investigate,,,preserve_xmlid_action_until_M5,product_and_runtime_evidence_not_yet_available
smart_construction_core.menu_sc_expense_contract_other,智慧施工管理平台 / 合同中心 / 支出合同台账 / 其他合同,其他合同,smart_construction_core.action_construction_contract_expense_other,"smart_construction_core.group_sc_cap_contract_manager,smart_construction_core.group_sc_cap_contract_read,smart_construction_core.group_sc_cap_contract_user",3,false,,,,investigate,,,preserve_xmlid_action_until_M5,product_and_runtime_evidence_not_yet_available
smart_construction_core.menu_sc_expense_contract_rental,智慧施工管理平台 / 合同中心 / 支出合同台账 / 租赁合同,租赁合同,smart_construction_core.action_construction_contract_expense_rental,"smart_construction_core.group_sc_cap_contract_manager,smart_construction_core.group_sc_cap_contract_read,smart_construction_core.group_sc_cap_contract_user",3,false,,,,investigate,,,preserve_xmlid_action_until_M5,product_and_runtime_evidence_not_yet_available
smart_construction_core.menu_sc_expense_contract_settlement,智慧施工管理平台 / 合同中心 / 支出合同台账 / 支出合同结算,支出合同结算,smart_construction_core.action_sc_settlement_order_expense,smart_construction_core.group_sc_cap_settlement_read,3,false,,,,investigate,,,preserve_xmlid_action_until_M5,product_and_runtime_evidence_not_yet_available
smart_construction_core.menu_sc_expense_contract_subcontract,智慧施工管理平台 / 合同中心 / 支出合同台账 / 分包合同,分包合同,smart_construction_core.action_construction_contract_expense_subcontract,"smart_construction_core.group_sc_cap_contract_manager,smart_construction_core.group_sc_cap_contract_read,smart_construction_core.group_sc_cap_contract_user",3,false,,,,investigate,,,preserve_xmlid_action_until_M5,product_and_runtime_evidence_not_yet_available
smart_construction_core.menu_sc_expense_contract_supplement,智慧施工管理平台 / 合同中心 / 支出合同台账 / 补充合同,补充合同,smart_construction_core.action_construction_contract_expense_supplement,"smart_construction_core.group_sc_cap_contract_manager,smart_construction_core.group_sc_cap_contract_read,smart_construction_core.group_sc_cap_contract_user",3,false,,,,investigate,,,preserve_xmlid_action_until_M5,product_and_runtime_evidence_not_yet_available
smart_construction_core.menu_sc_expense_contract_variation,智慧施工管理平台 / 合同中心 / 支出合同台账 / 支出合同签证,支出合同签证,smart_construction_core.action_sc_expense_contract_variation,smart_construction_core.group_sc_cap_settlement_read,3,false,,,,investigate,,,preserve_xmlid_action_until_M5,product_and_runtime_evidence_not_yet_available
smart_construction_core.menu_sc_expense_reimbursement_group,智慧施工管理平台 / 财务中心 / 费用与保证金,费用与保证金,smart_construction_core.action_sc_expense_claim_reimbursement_request,,2,false,,,,investigate,,,preserve_xmlid_action_until_M5,product_and_runtime_evidence_not_yet_available
smart_construction_core.menu_sc_expense_reimbursement_summary_report,智慧施工管理平台 / 统计分析 / 成本报表 / 报销统计,报销统计,smart_construction_core.action_sc_expense_reimbursement_summary,"smart_construction_core.group_sc_cap_business_initiator,smart_construction_core.group_sc_cap_finance_manager,smart_construction_core.group_sc_cap_finance_read,smart_construction_core.group_sc_cap_finance_user",3,false,,,,investigate,,,preserve_xmlid_action_until_M5,product_and_runtime_evidence_not_yet_available
smart_construction_core.menu_sc_expense_tax_adjustment_fact_group,智慧施工管理平台 / 财务中心 / 扣款税费核对,扣款税费核对,,"smart_construction_core.group_sc_cap_finance_manager,smart_construction_core.group_sc_cap_finance_read,smart_construction_core.group_sc_cap_finance_user",2,false,,,,investigate,,,preserve_xmlid_action_until_M5,product_and_runtime_evidence_not_yet_available
smart_construction_core.menu_sc_finance_analysis_group,智慧施工管理平台 / 统计分析 / 财务分析,财务分析,,,2,false,,,,investigate,,,preserve_xmlid_action_until_M5,product_and_runtime_evidence_not_yet_available
smart_construction_core.menu_sc_finance_business_fact,智慧施工管理平台 / 财务中心 / 资金分析 / 项目收付款来源明细,项目收付款来源明细,smart_construction_core.action_sc_finance_business_fact,"smart_construction_core.group_sc_cap_finance_manager,smart_construction_core.group_sc_cap_finance_read,smart_construction_core.group_sc_cap_finance_user",3,false,,,,investigate,,,preserve_xmlid_action_until_M5,product_and_runtime_evidence_not_yet_available
smart_construction_core.menu_sc_finance_business_project_summary,智慧施工管理平台 / 财务中心 / 资金分析 / 项目收付款汇总,项目收付款汇总,smart_construction_core.action_sc_finance_business_project_summary,"smart_construction_core.group_sc_cap_finance_manager,smart_construction_core.group_sc_cap_finance_read,smart_construction_core.group_sc_cap_finance_user",3,false,,,,investigate,,,preserve_xmlid_action_until_M5,product_and_runtime_evidence_not_yet_available
smart_construction_core.menu_sc_finance_center,智慧施工管理平台 / 财务中心,财务中心,,"smart_construction_core.group_sc_cap_business_initiator,smart_construction_core.group_sc_cap_finance_manager,smart_construction_core.group_sc_cap_finance_read,smart_construction_core.group_sc_cap_finance_user,smart_construction_core.group_sc_cap_settlement_manager,smart_construction_core.group_sc_cap_settlement_read,smart_construction_core.group_sc_cap_settlement_user",1,false,,,,investigate,,,preserve_xmlid_action_until_M5,product_and_runtime_evidence_not_yet_available
smart_construction_core.menu_sc_finance_counterparty_position_summary,智慧施工管理平台 / 财务中心 / 资金分析 / 往来对象资金总览,往来对象资金总览,smart_construction_core.action_sc_finance_counterparty_position_summary,"smart_construction_core.group_sc_cap_finance_manager,smart_construction_core.group_sc_cap_finance_read,smart_construction_core.group_sc_cap_finance_user",3,false,,,,investigate,,,preserve_xmlid_action_until_M5,product_and_runtime_evidence_not_yet_available
smart_construction_core.menu_sc_finance_interfund_analysis,智慧施工管理平台 / 财务中心 / 资金分析,资金分析,,"smart_construction_core.group_sc_cap_finance_manager,smart_construction_core.group_sc_cap_finance_read,smart_construction_core.group_sc_cap_finance_user",2,false,,,,investigate,,,preserve_xmlid_action_until_M5,product_and_runtime_evidence_not_yet_available
smart_construction_core.menu_sc_finance_project_capital_position,智慧施工管理平台 / 财务中心 / 资金分析 / 项目资金总览,项目资金总览,smart_construction_core.action_sc_finance_project_capital_position,"smart_construction_core.group_sc_cap_finance_manager,smart_construction_core.group_sc_cap_finance_read,smart_construction_core.group_sc_cap_finance_user",3,false,,,,investigate,,,preserve_xmlid_action_until_M5,product_and_runtime_evidence_not_yet_available
smart_construction_core.menu_sc_finance_project_counterparty_position,智慧施工管理平台 / 财务中心 / 资金分析 / 项目与对象资金往来,项目与对象资金往来,smart_construction_core.action_sc_finance_project_counterparty_position,"smart_construction_core.group_sc_cap_finance_manager,smart_construction_core.group_sc_cap_finance_read,smart_construction_core.group_sc_cap_finance_user",3,false,,,,investigate,,,preserve_xmlid_action_until_M5,product_and_runtime_evidence_not_yet_available
smart_construction_core.menu_sc_financing_loan,智慧施工管理平台 / 财务中心 / 资金往来办理 / 借款申请,借款申请,smart_construction_core.action_sc_financing_loan_borrowing,"smart_construction_core.group_sc_cap_business_initiator,smart_construction_core.group_sc_cap_finance_manager,smart_construction_core.group_sc_cap_finance_read,smart_construction_core.group_sc_cap_finance_user",3,false,,,,investigate,,,preserve_xmlid_action_until_M5,product_and_runtime_evidence_not_yet_available
smart_construction_core.menu_sc_financing_loan_registration,智慧施工管理平台 / 财务中心 / 资金往来办理 / 贷款登记,贷款登记,smart_construction_core.action_sc_financing_loan_registration,"smart_construction_core.group_sc_cap_finance_manager,smart_construction_core.group_sc_cap_finance_read,smart_construction_core.group_sc_cap_finance_user",3,false,,,,investigate,,,preserve_xmlid_action_until_M5,product_and_runtime_evidence_not_yet_available
smart_construction_core.menu_sc_fuel_card_archive_group,智慧施工管理平台 / 财务中心 / 油卡管理,油卡管理,,smart_construction_core.group_sc_cap_finance_read,2,false,,,,investigate,,,preserve_xmlid_action_until_M5,product_and_runtime_evidence_not_yet_available
smart_construction_core.menu_sc_fund_account_between_user,智慧施工管理平台 / 财务中心 / 资金往来办理 / 账户间资金往来,账户间资金往来,smart_construction_core.action_sc_fund_account_between_user,"smart_construction_core.group_sc_cap_business_initiator,smart_construction_core.group_sc_cap_finance_manager,smart_construction_core.group_sc_cap_finance_read,smart_construction_core.group_sc_cap_finance_user",3,false,,,,investigate,,,preserve_xmlid_action_until_M5,product_and_runtime_evidence_not_yet_available
smart_construction_core.menu_sc_fund_account_group,智慧施工管理平台 / 财务中心 / 资金往来办理,资金往来办理,,,2,false,,,,investigate,,,preserve_xmlid_action_until_M5,product_and_runtime_evidence_not_yet_available
smart_construction_core.menu_sc_fund_account_user_group,智慧施工管理平台 / 财务中心 / 资金账户,资金账户,,,2,false,,,,investigate,,,preserve_xmlid_action_until_M5,product_and_runtime_evidence_not_yet_available
smart_construction_core.menu_sc_fund_balance_adjustment,智慧施工管理平台 / 财务中心 / 资金往来办理 / 余额调整,余额调整,smart_construction_core.action_sc_fund_balance_adjustment,"smart_construction_core.group_sc_cap_finance_manager,smart_construction_core.group_sc_cap_finance_read,smart_construction_core.group_sc_cap_finance_user",3,false,,,,investigate,,,preserve_xmlid_action_until_M5,product_and_runtime_evidence_not_yet_available
smart_construction_core.menu_sc_fund_daily_summary,智慧施工管理平台 / 统计分析 / 财务分析 / 企业资金日报汇总,企业资金日报汇总,smart_construction_core.action_sc_fund_daily_summary,"smart_construction_core.group_sc_cap_finance_manager,smart_construction_core.group_sc_cap_finance_read,smart_construction_core.group_sc_cap_finance_user",3,false,,,,investigate,,,preserve_xmlid_action_until_M5,product_and_runtime_evidence_not_yet_available
smart_construction_core.menu_sc_fund_daily_user_group,智慧施工管理平台 / 财务中心 / 资金日报,资金日报,,,2,false,,,,investigate,,,preserve_xmlid_action_until_M5,product_and_runtime_evidence_not_yet_available
smart_construction_core.menu_sc_fund_daily_user_report,智慧施工管理平台 / 财务中心 / 资金往来办理 / 资金日报表,资金日报表,smart_construction_core.action_sc_fund_daily_user_report,"smart_construction_core.group_sc_cap_business_initiator,smart_construction_core.group_sc_cap_finance_manager,smart_construction_core.group_sc_cap_finance_read,smart_construction_core.group_sc_cap_finance_user",3,false,,,,investigate,,,preserve_xmlid_action_until_M5,product_and_runtime_evidence_not_yet_available
smart_construction_core.menu_sc_fund_loan_repayment_group,智慧施工管理平台 / 财务中心 / 借还款办理,借还款办理,,,2,false,,,,investigate,,,preserve_xmlid_action_until_M5,product_and_runtime_evidence_not_yet_available
smart_construction_core.menu_sc_fund_transfer_between,智慧施工管理平台 / 财务中心 / 资金往来办理 / 资金调拨,资金调拨,smart_construction_core.action_sc_fund_transfer_between,"smart_construction_core.group_sc_cap_finance_manager,smart_construction_core.group_sc_cap_finance_read,smart_construction_core.group_sc_cap_finance_user",3,false,,,,investigate,,,preserve_xmlid_action_until_M5,product_and_runtime_evidence_not_yet_available
smart_construction_core.menu_sc_fund_transfer_out,智慧施工管理平台 / 财务中心 / 资金往来办理 / 资金划拨,资金划拨,smart_construction_core.action_sc_fund_transfer_out,"smart_construction_core.group_sc_cap_finance_manager,smart_construction_core.group_sc_cap_finance_read,smart_construction_core.group_sc_cap_finance_user",3,false,,,,investigate,,,preserve_xmlid_action_until_M5,product_and_runtime_evidence_not_yet_available
smart_construction_core.menu_sc_funding_plan_declaration,智慧施工管理平台 / 财务中心 / 资金计划 / 资金计划申报,资金计划申报,smart_construction_core.action_project_funding_baseline,"smart_construction_core.group_sc_cap_finance_manager,smart_construction_core.group_sc_cap_finance_read,smart_construction_core.group_sc_cap_finance_user",3,false,,,,investigate,,,preserve_xmlid_action_until_M5,product_and_runtime_evidence_not_yet_available
smart_construction_core.menu_sc_funding_plan_group,智慧施工管理平台 / 财务中心 / 资金计划,资金计划,,,2,false,,,,investigate,,,preserve_xmlid_action_until_M5,product_and_runtime_evidence_not_yet_available
smart_construction_core.menu_sc_funding_plan_summary,智慧施工管理平台 / 财务中心 / 资金计划 / 资金计划汇总,资金计划汇总,smart_construction_core.action_project_funding_baseline_summary,"smart_construction_core.group_sc_cap_finance_manager,smart_construction_core.group_sc_cap_finance_read,smart_construction_core.group_sc_cap_finance_user",3,false,,,,investigate,,,preserve_xmlid_action_until_M5,product_and_runtime_evidence_not_yet_available
smart_construction_core.menu_sc_general_contract,智慧施工管理平台 / 合同中心 / 支出合同台账 / 一般合同（公司）,一般合同（公司）,smart_construction_core.action_sc_general_contract,"smart_construction_core.group_sc_cap_business_initiator,smart_construction_core.group_sc_cap_contract_manager,smart_construction_core.group_sc_cap_contract_read,smart_construction_core.group_sc_cap_contract_user",3,false,,,,investigate,,,preserve_xmlid_action_until_M5,product_and_runtime_evidence_not_yet_available
smart_construction_core.menu_sc_historical_payment_fact,智慧施工管理平台 / 财务中心 / 历史付款,历史付款,smart_construction_core.action_sc_historical_payment_fact,"smart_construction_core.group_sc_cap_finance_manager,smart_construction_core.group_sc_cap_finance_read,smart_construction_core.group_sc_cap_finance_user",2,false,,,,investigate,,,preserve_xmlid_action_until_M5,product_and_runtime_evidence_not_yet_available
smart_construction_core.menu_sc_history_acceptance_archive_center,智慧施工管理平台 / 系统配置 / 历史验收归档（内部）,历史验收归档（内部）,,smart_core.group_smart_core_admin,2,false,,,,investigate,,,preserve_xmlid_action_until_M5,product_and_runtime_evidence_not_yet_available
smart_construction_core.menu_sc_hr_admin_center,智慧施工管理平台 / 人事行政,人事行政,,"smart_construction_core.group_sc_cap_business_config_admin,smart_construction_core.group_sc_cap_business_initiator",1,false,,,,investigate,,,preserve_xmlid_action_until_M5,product_and_runtime_evidence_not_yet_available
smart_construction_core.menu_sc_income_contract_execution,智慧施工管理平台 / 合同中心 / 收入合同台账 / 收入合同执行,收入合同执行,smart_construction_core.action_construction_contract_income_execution,smart_construction_core.group_sc_cap_contract_read,3,false,,,,investigate,,,preserve_xmlid_action_until_M5,product_and_runtime_evidence_not_yet_available
smart_construction_core.menu_sc_income_contract_group,智慧施工管理平台 / 合同中心 / 收入合同台账,收入合同台账,smart_construction_core.action_sc_income_contract_ledger,"smart_construction_core.group_sc_cap_business_initiator,smart_construction_core.group_sc_cap_contract_manager,smart_construction_core.group_sc_cap_contract_read,smart_construction_core.group_sc_cap_contract_user",2,false,,,,investigate,,,preserve_xmlid_action_until_M5,product_and_runtime_evidence_not_yet_available
smart_construction_core.menu_sc_income_contract_settlement,智慧施工管理平台 / 合同中心 / 收入合同台账 / 收入合同结算,收入合同结算,smart_construction_core.action_sc_settlement_order_income,smart_construction_core.group_sc_cap_settlement_read,3,false,,,,investigate,,,preserve_xmlid_action_until_M5,product_and_runtime_evidence_not_yet_available
smart_construction_core.menu_sc_income_contract_variation,智慧施工管理平台 / 合同中心 / 收入合同台账 / 收入合同签证,收入合同签证,smart_construction_core.action_sc_income_contract_variation,smart_construction_core.group_sc_cap_settlement_read,3,false,,,,investigate,,,preserve_xmlid_action_until_M5,product_and_runtime_evidence_not_yet_available
smart_construction_core.menu_sc_income_expense_user_group,智慧施工管理平台 / 财务中心 / 收支,收支,,,2,false,,,,investigate,,,preserve_xmlid_action_until_M5,product_and_runtime_evidence_not_yet_available
smart_construction_core.menu_sc_input_invoice_detail_report,智慧施工管理平台 / 统计分析 / 成本报表 / 进项发票明细表,进项发票明细表,smart_construction_core.action_sc_input_invoice_detail_report,"smart_construction_core.group_sc_cap_business_initiator,smart_construction_core.group_sc_cap_finance_manager,smart_construction_core.group_sc_cap_finance_read,smart_construction_core.group_sc_cap_finance_user",3,false,,,,investigate,,,preserve_xmlid_action_until_M5,product_and_runtime_evidence_not_yet_available
smart_construction_core.menu_sc_interfund_movement_fact,智慧施工管理平台 / 财务中心 / 资金分析 / 借款还款与调拨明细,借款还款与调拨明细,smart_construction_core.action_sc_interfund_movement_fact,"smart_construction_core.group_sc_cap_finance_manager,smart_construction_core.group_sc_cap_finance_read,smart_construction_core.group_sc_cap_finance_user",3,false,,,,investigate,,,preserve_xmlid_action_until_M5,product_and_runtime_evidence_not_yet_available
smart_construction_core.menu_sc_interfund_movement_project_summary,智慧施工管理平台 / 财务中心 / 资金分析 / 项目借还调拨汇总,项目借还调拨汇总,smart_construction_core.action_sc_interfund_movement_project_summary,"smart_construction_core.group_sc_cap_finance_manager,smart_construction_core.group_sc_cap_finance_read,smart_construction_core.group_sc_cap_finance_user",3,false,,,,investigate,,,preserve_xmlid_action_until_M5,product_and_runtime_evidence_not_yet_available
smart_construction_core.menu_sc_invoice_analysis_report,智慧施工管理平台 / 统计分析 / 成本报表 / 发票分析报表,发票分析报表,smart_construction_core.action_sc_invoice_analysis_report,"smart_construction_core.group_sc_cap_business_initiator,smart_construction_core.group_sc_cap_finance_manager,smart_construction_core.group_sc_cap_finance_read,smart_construction_core.group_sc_cap_finance_user",3,false,,,,investigate,,,preserve_xmlid_action_until_M5,product_and_runtime_evidence_not_yet_available
smart_construction_core.menu_sc_invoice_application_user,智慧施工管理平台 / 财务中心 / 发票税务 / 销项开票申请,销项开票申请,smart_construction_core.action_sc_invoice_application_user,"smart_construction_core.group_sc_cap_business_initiator,smart_construction_core.group_sc_cap_finance_manager,smart_construction_core.group_sc_cap_finance_read,smart_construction_core.group_sc_cap_finance_user",3,false,,,,investigate,,,preserve_xmlid_action_until_M5,product_and_runtime_evidence_not_yet_available
smart_construction_core.menu_sc_invoice_category_summary_report,智慧施工管理平台 / 统计分析 / 成本报表 / 发票分类汇总表,发票分类汇总表,smart_construction_core.action_sc_invoice_category_summary,"smart_construction_core.group_sc_cap_business_initiator,smart_construction_core.group_sc_cap_finance_manager,smart_construction_core.group_sc_cap_finance_read,smart_construction_core.group_sc_cap_finance_user",3,false,,,,investigate,,,preserve_xmlid_action_until_M5,product_and_runtime_evidence_not_yet_available
smart_construction_core.menu_sc_invoice_input,智慧施工管理平台 / 财务中心 / 发票台账 / 进项发票,进项发票,smart_construction_core.action_sc_invoice_input,"smart_construction_core.group_sc_cap_finance_manager,smart_construction_core.group_sc_cap_finance_read,smart_construction_core.group_sc_cap_finance_user",3,false,,,,investigate,,,preserve_xmlid_action_until_M5,product_and_runtime_evidence_not_yet_available
smart_construction_core.menu_sc_invoice_input_report_user,智慧施工管理平台 / 财务中心 / 发票税务 / 进项税额上报,进项税额上报,smart_construction_core.action_sc_invoice_input_report_user,"smart_construction_core.group_sc_cap_business_initiator,smart_construction_core.group_sc_cap_finance_manager,smart_construction_core.group_sc_cap_finance_read,smart_construction_core.group_sc_cap_finance_user",3,false,,,,investigate,,,preserve_xmlid_action_until_M5,product_and_runtime_evidence_not_yet_available
smart_construction_core.menu_sc_invoice_management_group,智慧施工管理平台 / 财务中心 / 发票台账,发票台账,,,2,false,,,,investigate,,,preserve_xmlid_action_until_M5,product_and_runtime_evidence_not_yet_available
smart_construction_core.menu_sc_invoice_output,智慧施工管理平台 / 财务中心 / 发票台账 / 销项发票,销项发票,smart_construction_core.action_sc_invoice_output,"smart_construction_core.group_sc_cap_finance_manager,smart_construction_core.group_sc_cap_finance_read,smart_construction_core.group_sc_cap_finance_user",3,false,,,,investigate,,,preserve_xmlid_action_until_M5,product_and_runtime_evidence_not_yet_available
smart_construction_core.menu_sc_invoice_prepaid_tax_user,智慧施工管理平台 / 财务中心 / 发票税务 / 预缴税款,预缴税款,smart_construction_core.action_sc_invoice_prepaid_tax_user,"smart_construction_core.group_sc_cap_business_initiator,smart_construction_core.group_sc_cap_finance_manager,smart_construction_core.group_sc_cap_finance_read,smart_construction_core.group_sc_cap_finance_user",3,false,,,,investigate,,,preserve_xmlid_action_until_M5,product_and_runtime_evidence_not_yet_available
smart_construction_core.menu_sc_invoice_registration,智慧施工管理平台 / 财务中心 / 发票台账 / 发票总台账,发票总台账,smart_construction_core.action_sc_invoice_registration,"smart_construction_core.group_sc_cap_business_initiator,smart_construction_core.group_sc_cap_finance_manager,smart_construction_core.group_sc_cap_finance_read,smart_construction_core.group_sc_cap_finance_user",3,false,,,,investigate,,,preserve_xmlid_action_until_M5,product_and_runtime_evidence_not_yet_available
smart_construction_core.menu_sc_invoice_registration_user,智慧施工管理平台 / 财务中心 / 发票税务 / 销项开票登记,销项开票登记,smart_construction_core.action_sc_invoice_registration_user,"smart_construction_core.group_sc_cap_business_initiator,smart_construction_core.group_sc_cap_finance_manager,smart_construction_core.group_sc_cap_finance_read,smart_construction_core.group_sc_cap_finance_user",3,false,,,,investigate,,,preserve_xmlid_action_until_M5,product_and_runtime_evidence_not_yet_available
smart_construction_core.menu_sc_invoice_tax_user_group,智慧施工管理平台 / 财务中心 / 发票税务,发票税务,,,2,false,,,,investigate,,,preserve_xmlid_action_until_M5,product_and_runtime_evidence_not_yet_available
smart_construction_core.menu_sc_labor_casual_acceptance,智慧施工管理平台 / 物资与分包 / 劳务管理 / 零星用工,零星用工,smart_construction_core.action_sc_labor_usage_casual,smart_construction_core.group_sc_internal_user,3,false,,,,investigate,,,preserve_xmlid_action_until_M5,product_and_runtime_evidence_not_yet_available
smart_construction_core.menu_sc_labor_management_group,智慧施工管理平台 / 物资与分包 / 劳务管理,劳务管理,,,2,false,,,,investigate,,,preserve_xmlid_action_until_M5,product_and_runtime_evidence_not_yet_available
smart_construction_core.menu_sc_labor_plan,智慧施工管理平台 / 物资与分包 / 劳务管理 / 劳务计划,劳务计划,smart_construction_core.action_sc_labor_plan,smart_construction_core.group_sc_internal_user,3,false,,,,investigate,,,preserve_xmlid_action_until_M5,product_and_runtime_evidence_not_yet_available
smart_construction_core.menu_sc_labor_request,智慧施工管理平台 / 物资与分包 / 劳务管理 / 劳务申请,劳务申请,smart_construction_core.action_sc_labor_request,smart_construction_core.group_sc_internal_user,3,false,,,,investigate,,,preserve_xmlid_action_until_M5,product_and_runtime_evidence_not_yet_available
smart_construction_core.menu_sc_labor_settlement,智慧施工管理平台 / 物资与分包 / 劳务管理 / 劳务结算,劳务结算,smart_construction_core.action_sc_labor_settlement,smart_construction_core.group_sc_internal_user,3,false,,,,investigate,,,preserve_xmlid_action_until_M5,product_and_runtime_evidence_not_yet_available
smart_construction_core.menu_sc_labor_usage_acceptance,智慧施工管理平台 / 物资与分包 / 劳务管理 / 方单,方单,smart_construction_core.action_sc_labor_usage_ticket,smart_construction_core.group_sc_internal_user,3,false,,,,investigate,,,preserve_xmlid_action_until_M5,product_and_runtime_evidence_not_yet_available
smart_construction_core.menu_sc_leave_request,智慧施工管理平台 / 人事行政 / 请假/休假审批单,请假/休假审批单,smart_construction_core.action_sc_leave_request,"smart_construction_core.group_sc_cap_business_config_admin,smart_construction_core.group_sc_cap_business_initiator",2,true,,,,investigate,,,preserve_xmlid_action_until_M5,product_and_runtime_evidence_not_yet_available
smart_construction_core.menu_sc_legacy_fuel_card_fact_acceptance,智慧施工管理平台 / 财务中心 / 油卡管理 / 油卡登记,油卡登记,smart_construction_core.action_sc_fuel_card_registration_formal,smart_construction_core.group_sc_cap_finance_read,3,false,,,,investigate,,,preserve_xmlid_action_until_M5,product_and_runtime_evidence_not_yet_available
smart_construction_core.menu_sc_legacy_fuel_card_recharge_fact_acceptance,智慧施工管理平台 / 财务中心 / 油卡管理 / 充值登记,充值登记,smart_construction_core.action_sc_fuel_card_recharge_formal,smart_construction_core.group_sc_cap_finance_read,3,false,,,,investigate,,,preserve_xmlid_action_until_M5,product_and_runtime_evidence_not_yet_available
smart_construction_core.menu_sc_lowcode_system_config_group,智慧施工管理平台 / 配置中心 / 低代码系统配置,低代码系统配置,,"smart_construction_core.group_sc_cap_business_config_admin,smart_core.group_smart_core_admin,smart_core.group_smart_core_business_config_admin",2,false,,,,investigate,,,preserve_xmlid_action_until_M5,product_and_runtime_evidence_not_yet_available
smart_construction_core.menu_sc_master_data_center,智慧施工管理平台 / 基础资料,基础资料,,,1,false,,,,investigate,,,preserve_xmlid_action_until_M5,product_and_runtime_evidence_not_yet_available
smart_construction_core.menu_sc_material_acceptance,智慧施工管理平台 / 物资与分包 / 材料管理 / 材料进场验收,材料进场验收,smart_construction_core.action_sc_material_acceptance,"smart_construction_core.group_sc_cap_material_manager,smart_construction_core.group_sc_cap_material_read,smart_construction_core.group_sc_cap_material_user",3,false,,,,investigate,,,preserve_xmlid_action_until_M5,product_and_runtime_evidence_not_yet_available
smart_construction_core.menu_sc_material_catalog,智慧施工管理平台 / 物资与分包 / 材料管理 / 材料档案,材料档案,smart_construction_core.action_sc_material_product_template,"smart_construction_core.group_sc_cap_material_manager,smart_construction_core.group_sc_cap_material_read,smart_construction_core.group_sc_cap_material_user",3,false,,,,investigate,,,preserve_xmlid_action_until_M5,product_and_runtime_evidence_not_yet_available
smart_construction_core.menu_sc_material_center,智慧施工管理平台 / 物资与分包,物资与分包,,"smart_construction_core.group_sc_cap_material_manager,smart_construction_core.group_sc_cap_material_read,smart_construction_core.group_sc_cap_material_user",1,false,,,,investigate,,,preserve_xmlid_action_until_M5,product_and_runtime_evidence_not_yet_available
smart_construction_core.menu_sc_material_inbound,智慧施工管理平台 / 物资与分包 / 材料管理 / 入库单,入库单,smart_construction_core.action_sc_material_inbound_handling,"smart_construction_core.group_sc_cap_material_manager,smart_construction_core.group_sc_cap_material_read,smart_construction_core.group_sc_cap_material_user",3,false,,,,investigate,,,preserve_xmlid_action_until_M5,product_and_runtime_evidence_not_yet_available
smart_construction_core.menu_sc_material_loss,智慧施工管理平台 / 物资与分包 / 材料管理 / 材料损耗,材料损耗,smart_construction_core.action_sc_material_loss,"smart_construction_core.group_sc_cap_material_manager,smart_construction_core.group_sc_cap_material_read,smart_construction_core.group_sc_cap_material_user",3,false,,,,investigate,,,preserve_xmlid_action_until_M5,product_and_runtime_evidence_not_yet_available
smart_construction_core.menu_sc_material_management_group,智慧施工管理平台 / 物资与分包 / 材料管理,材料管理,,,2,false,,,,investigate,,,preserve_xmlid_action_until_M5,product_and_runtime_evidence_not_yet_available
smart_construction_core.menu_sc_material_outbound,智慧施工管理平台 / 物资与分包 / 材料管理 / 出库单,出库单,smart_construction_core.action_sc_material_outbound,"smart_construction_core.group_sc_cap_material_manager,smart_construction_core.group_sc_cap_material_read,smart_construction_core.group_sc_cap_material_user",3,false,,,,investigate,,,preserve_xmlid_action_until_M5,product_and_runtime_evidence_not_yet_available
smart_construction_core.menu_sc_material_price_library,智慧施工管理平台 / 物资与分包 / 材料管理 / 材料价格库,材料价格库,smart_construction_core.action_sc_material_price_library,"smart_construction_core.group_sc_cap_material_manager,smart_construction_core.group_sc_cap_material_read,smart_construction_core.group_sc_cap_material_user",3,false,,,,investigate,,,preserve_xmlid_action_until_M5,product_and_runtime_evidence_not_yet_available
smart_construction_core.menu_sc_material_purchase_request,智慧施工管理平台 / 物资与分包 / 材料管理 / 采购申请,采购申请,smart_construction_core.action_sc_material_purchase_request,"smart_construction_core.group_sc_cap_material_manager,smart_construction_core.group_sc_cap_material_read,smart_construction_core.group_sc_cap_material_user",3,false,,,,investigate,,,preserve_xmlid_action_until_M5,product_and_runtime_evidence_not_yet_available
smart_construction_core.menu_sc_material_quote_acceptance,智慧施工管理平台 / 物资与分包 / 材料管理 / 报价单,报价单,"'ir.actions.act_window,%d' % ref('smart_construction_core.action_sc_material_quote_user_confirmed')","smart_construction_core.group_sc_cap_material_manager,smart_construction_core.group_sc_cap_material_read,smart_construction_core.group_sc_cap_material_user",3,false,,,,investigate,,,preserve_xmlid_action_until_M5,product_and_runtime_evidence_not_yet_available
smart_construction_core.menu_sc_material_rental_group,智慧施工管理平台 / 物资与分包 / 周转材料租赁,周转材料租赁,,,2,false,,,,investigate,,,preserve_xmlid_action_until_M5,product_and_runtime_evidence_not_yet_available
smart_construction_core.menu_sc_material_rental_order,智慧施工管理平台 / 物资与分包 / 周转材料租赁 / 租赁单,租赁单,smart_construction_core.action_sc_material_rental_order,"smart_construction_core.group_sc_cap_material_manager,smart_construction_core.group_sc_cap_material_read,smart_construction_core.group_sc_cap_material_user",3,false,,,,investigate,,,preserve_xmlid_action_until_M5,product_and_runtime_evidence_not_yet_available
smart_construction_core.menu_sc_material_rental_plan,智慧施工管理平台 / 物资与分包 / 周转材料租赁 / 租赁计划,租赁计划,smart_construction_core.action_sc_material_rental_plan,"smart_construction_core.group_sc_cap_material_manager,smart_construction_core.group_sc_cap_material_read,smart_construction_core.group_sc_cap_material_user",3,false,,,,investigate,,,preserve_xmlid_action_until_M5,product_and_runtime_evidence_not_yet_available
smart_construction_core.menu_sc_material_rental_settlement,智慧施工管理平台 / 物资与分包 / 周转材料租赁 / 租赁结算,租赁结算,smart_construction_core.action_sc_material_rental_settlement,"smart_construction_core.group_sc_cap_material_manager,smart_construction_core.group_sc_cap_material_read,smart_construction_core.group_sc_cap_material_user",3,false,,,,investigate,,,preserve_xmlid_action_until_M5,product_and_runtime_evidence_not_yet_available
smart_construction_core.menu_sc_material_return,智慧施工管理平台 / 物资与分包 / 材料管理 / 退库办理,退库办理,smart_construction_core.action_sc_material_return,"smart_construction_core.group_sc_cap_material_manager,smart_construction_core.group_sc_cap_material_read,smart_construction_core.group_sc_cap_material_user",3,false,,,,investigate,,,preserve_xmlid_action_until_M5,product_and_runtime_evidence_not_yet_available
smart_construction_core.menu_sc_material_rfq,智慧施工管理平台 / 物资与分包 / 材料管理 / 询比价,询比价,smart_construction_core.action_sc_material_rfq,"smart_construction_core.group_sc_cap_material_manager,smart_construction_core.group_sc_cap_material_read,smart_construction_core.group_sc_cap_material_user",3,false,,,,investigate,,,preserve_xmlid_action_until_M5,product_and_runtime_evidence_not_yet_available
smart_construction_core.menu_sc_material_settlement,智慧施工管理平台 / 物资与分包 / 材料管理 / 材料结算,材料结算,smart_construction_core.action_sc_material_settlement,"smart_construction_core.group_sc_cap_material_manager,smart_construction_core.group_sc_cap_material_read,smart_construction_core.group_sc_cap_material_user",3,false,,,,investigate,,,preserve_xmlid_action_until_M5,product_and_runtime_evidence_not_yet_available
smart_construction_core.menu_sc_material_stock_statistics_report,智慧施工管理平台 / 统计分析 / 成本报表 / 库存统计表（新）,库存统计表（新）,smart_construction_core.action_sc_material_stock_statistics_report,"smart_construction_core.group_sc_cap_business_initiator,smart_construction_core.group_sc_cap_cost_manager,smart_construction_core.group_sc_cap_cost_read,smart_construction_core.group_sc_cap_cost_user,smart_construction_core.group_sc_cap_material_manager,smart_construction_core.group_sc_cap_material_read,smart_construction_core.group_sc_cap_material_user",3,true,,,,investigate,,,preserve_xmlid_action_until_M5,product_and_runtime_evidence_not_yet_available
smart_construction_core.menu_sc_material_transfer,智慧施工管理平台 / 物资与分包 / 材料管理 / 材料调拨,材料调拨,smart_construction_core.action_sc_material_transfer,"smart_construction_core.group_sc_cap_material_manager,smart_construction_core.group_sc_cap_material_read,smart_construction_core.group_sc_cap_material_user",3,false,,,,investigate,,,preserve_xmlid_action_until_M5,product_and_runtime_evidence_not_yet_available
smart_construction_core.menu_sc_noncash_business_group,智慧施工管理平台 / 财务中心 / 扣款与非现金,扣款与非现金,,,2,false,,,,investigate,,,preserve_xmlid_action_until_M5,product_and_runtime_evidence_not_yet_available
smart_construction_core.menu_sc_operating_metrics_project,智慧施工管理平台 / 智慧大屏 / 公司驾驶舱,公司驾驶舱,smart_construction_core.action_sc_operating_metrics_project,"smart_construction_core.group_sc_cap_cost_read,smart_construction_core.group_sc_cap_finance_read,smart_construction_core.group_sc_cap_project_read",2,false,,,,investigate,,,preserve_xmlid_action_until_M5,product_and_runtime_evidence_not_yet_available
smart_construction_core.menu_sc_operating_metrics_root,智慧施工管理平台 / 智慧大屏 / 经营指标,经营指标,,"smart_construction_core.group_sc_cap_cost_read,smart_construction_core.group_sc_cap_finance_read,smart_construction_core.group_sc_cap_project_read",2,false,,,,investigate,,,preserve_xmlid_action_until_M5,product_and_runtime_evidence_not_yet_available
smart_construction_core.menu_sc_operation_big_screen_delivery,智慧施工管理平台 / 智慧大屏 / 经营大屏,经营大屏,smart_construction_core.action_sc_operation_big_screen_delivery,"smart_construction_core.group_sc_cap_cost_read,smart_construction_core.group_sc_cap_finance_read,smart_construction_core.group_sc_cap_project_read",2,false,,,,investigate,,,preserve_xmlid_action_until_M5,product_and_runtime_evidence_not_yet_available
smart_construction_core.menu_sc_organization_department,智慧施工管理平台 / 基础资料 / 组织架构,组织架构,smart_construction_core.action_sc_organization_department,smart_construction_core.group_sc_cap_data_read,2,false,,,,investigate,,,preserve_xmlid_action_until_M5,product_and_runtime_evidence_not_yet_available
smart_construction_core.menu_sc_output_invoice_adjustment,智慧施工管理平台 / 财务中心 / 发票台账 / 销项调整记录,销项调整记录,smart_construction_core.action_sc_output_invoice_adjustment,"smart_construction_core.group_sc_cap_finance_manager,smart_construction_core.group_sc_cap_finance_read,smart_construction_core.group_sc_cap_finance_user",3,false,,,,investigate,,,preserve_xmlid_action_until_M5,product_and_runtime_evidence_not_yet_available
smart_construction_core.menu_sc_output_invoice_change_registration,智慧施工管理平台 / 财务中心 / 发票台账 / 销项变更登记,销项变更登记,smart_construction_core.action_sc_output_invoice_change_registration,"smart_construction_core.group_sc_cap_finance_manager,smart_construction_core.group_sc_cap_finance_user",3,false,,,,investigate,,,preserve_xmlid_action_until_M5,product_and_runtime_evidence_not_yet_available
smart_construction_core.menu_sc_pack_installation,智慧施工管理平台 / 系统配置 / 场景与能力 / 交付包安装记录,交付包安装记录,smart_construction_core.action_sc_pack_installation,smart_core.group_smart_core_admin,3,false,,,,investigate,,,preserve_xmlid_action_until_M5,product_and_runtime_evidence_not_yet_available
smart_construction_core.menu_sc_pack_registry,智慧施工管理平台 / 系统配置 / 场景与能力 / 交付包注册表,交付包注册表,smart_construction_core.action_sc_pack_registry,smart_core.group_smart_core_admin,3,false,,,,investigate,,,preserve_xmlid_action_until_M5,product_and_runtime_evidence_not_yet_available
smart_construction_core.menu_sc_partner_payment,智慧施工管理平台 / 财务中心 / 收付款办理 / 往来单位付款,往来单位付款,smart_construction_core.action_sc_payment_execution_partner_payment,"smart_construction_core.group_sc_cap_business_initiator,smart_construction_core.group_sc_cap_finance_manager,smart_construction_core.group_sc_cap_finance_read,smart_construction_core.group_sc_cap_finance_user",3,false,,,,investigate,,,preserve_xmlid_action_until_M5,product_and_runtime_evidence_not_yet_available
smart_construction_core.menu_sc_payment_deposit_refund,智慧施工管理平台 / 财务中心 / 保证金管理 / 付款保证金退回,付款保证金退回,smart_construction_core.action_sc_payment_deposit_refund,"smart_construction_core.group_sc_cap_business_initiator,smart_construction_core.group_sc_cap_finance_manager,smart_construction_core.group_sc_cap_finance_read,smart_construction_core.group_sc_cap_finance_user",3,false,,,,investigate,,,preserve_xmlid_action_until_M5,product_and_runtime_evidence_not_yet_available
smart_construction_core.menu_sc_payment_deposit_return,智慧施工管理平台 / 财务中心 / 保证金管理 / 付款还保证金,付款还保证金,smart_construction_core.action_sc_payment_deposit_return,"smart_construction_core.group_sc_cap_business_initiator,smart_construction_core.group_sc_cap_finance_manager,smart_construction_core.group_sc_cap_finance_read,smart_construction_core.group_sc_cap_finance_user",3,false,,,,investigate,,,preserve_xmlid_action_until_M5,product_and_runtime_evidence_not_yet_available
smart_construction_core.menu_sc_payment_deposit_return_refund_formal,智慧施工管理平台 / 财务中心 / 保证金管理 / 付款还保证金退回,付款还保证金退回,smart_construction_core.action_sc_payment_deposit_return_refund_formal,"smart_construction_core.group_sc_cap_business_initiator,smart_construction_core.group_sc_cap_finance_manager,smart_construction_core.group_sc_cap_finance_read,smart_construction_core.group_sc_cap_finance_user",3,false,,,,investigate,,,preserve_xmlid_action_until_M5,product_and_runtime_evidence_not_yet_available
smart_construction_core.menu_sc_payment_execution,智慧施工管理平台 / 财务中心 / 收付款办理 / 实付登记,实付登记,smart_construction_core.action_sc_payment_execution_actual_outflow,"smart_construction_core.group_sc_cap_business_initiator,smart_construction_core.group_sc_cap_finance_manager,smart_construction_core.group_sc_cap_finance_read,smart_construction_core.group_sc_cap_finance_user",3,false,,,,investigate,,,preserve_xmlid_action_until_M5,product_and_runtime_evidence_not_yet_available
smart_construction_core.menu_sc_payment_fact_group,智慧施工管理平台 / 财务中心 / 付款事实,付款事实,,"smart_construction_core.group_sc_cap_business_initiator,smart_construction_core.group_sc_cap_finance_manager,smart_construction_core.group_sc_cap_finance_read,smart_construction_core.group_sc_cap_finance_user",2,false,,,,investigate,,,preserve_xmlid_action_until_M5,product_and_runtime_evidence_not_yet_available
smart_construction_core.menu_sc_payment_request_residual_fact,智慧施工管理平台 / 财务中心 / 付款事实 / 付款申请残余事实,付款申请残余事实,smart_construction_core.action_sc_payment_execution_outflow_request_residual,"smart_construction_core.group_sc_cap_finance_manager,smart_construction_core.group_sc_cap_finance_read,smart_construction_core.group_sc_cap_finance_user",3,false,,,,investigate,,,preserve_xmlid_action_until_M5,product_and_runtime_evidence_not_yet_available
smart_construction_core.menu_sc_payment_user_group,智慧施工管理平台 / 财务中心 / 付款,付款,,,2,false,,,,investigate,,,preserve_xmlid_action_until_M5,product_and_runtime_evidence_not_yet_available
smart_construction_core.menu_sc_plan,智慧施工管理平台 / 施工管理 / 计划管理,计划管理,smart_construction_core.action_sc_plan,smart_construction_core.group_sc_internal_user,2,false,,,,investigate,,,preserve_xmlid_action_until_M5,product_and_runtime_evidence_not_yet_available
smart_construction_core.menu_sc_plan_report,智慧施工管理平台 / 施工管理 / 计划汇报,计划汇报,smart_construction_core.action_sc_plan_report,smart_construction_core.group_sc_internal_user,2,false,,,,investigate,,,preserve_xmlid_action_until_M5,product_and_runtime_evidence_not_yet_available
smart_construction_core.menu_sc_profit_reports,智慧施工管理平台 / 成本中心 / 经营利润,经营利润,smart_construction_core.action_project_profit_compare,"smart_construction_core.group_sc_cap_cost_manager,smart_construction_core.group_sc_cap_cost_user",2,false,,,,investigate,,,preserve_xmlid_action_until_M5,product_and_runtime_evidence_not_yet_available
smart_construction_core.menu_sc_project_boq_root,智慧施工管理平台 / 项目中心 / 项目预算 / 工程量清单,工程量清单,smart_construction_core.action_project_boq_line,"smart_construction_core.group_sc_cap_cost_manager,smart_construction_core.group_sc_cap_cost_user",3,false,,,,investigate,,,preserve_xmlid_action_until_M5,product_and_runtime_evidence_not_yet_available
smart_construction_core.menu_sc_project_borrow_company,智慧施工管理平台 / 财务中心 / 资金往来办理 / 项目借公司款登记,项目借公司款登记,smart_construction_core.action_sc_financing_loan_project_borrow_company,"smart_construction_core.group_sc_cap_business_initiator,smart_construction_core.group_sc_cap_finance_manager,smart_construction_core.group_sc_cap_finance_read,smart_construction_core.group_sc_cap_finance_user",3,false,,,,investigate,,,preserve_xmlid_action_until_M5,product_and_runtime_evidence_not_yet_available
smart_construction_core.menu_sc_project_budget,智慧施工管理平台 / 成本中心 / 目标成本,目标成本,smart_construction_core.action_project_budget,"smart_construction_core.group_sc_cap_cost_manager,smart_construction_core.group_sc_cap_cost_user",2,false,,,,investigate,,,preserve_xmlid_action_until_M5,product_and_runtime_evidence_not_yet_available
smart_construction_core.menu_sc_project_budget_center,智慧施工管理平台 / 项目中心 / 项目预算 / 预算清单,预算清单,smart_construction_core.action_project_budget,"smart_construction_core.group_sc_cap_cost_manager,smart_construction_core.group_sc_cap_cost_user",3,false,,,,investigate,,,preserve_xmlid_action_until_M5,product_and_runtime_evidence_not_yet_available
smart_construction_core.menu_sc_project_budget_group,智慧施工管理平台 / 项目中心 / 项目预算,项目预算,,,2,false,,,,investigate,,,preserve_xmlid_action_until_M5,product_and_runtime_evidence_not_yet_available
smart_construction_core.menu_sc_project_center,智慧施工管理平台 / 项目中心,项目中心,,smart_construction_core.group_sc_cap_project_read,1,false,,,,investigate,,,preserve_xmlid_action_until_M5,product_and_runtime_evidence_not_yet_available
smart_construction_core.menu_sc_project_contract_overview,智慧施工管理平台 / 统计分析 / 经营分析 / 合同执行表,合同执行表,smart_construction_core.action_project_contract_overview,"smart_construction_core.group_sc_cap_contract_manager,smart_construction_core.group_sc_cap_contract_user",3,false,,,,investigate,,,preserve_xmlid_action_until_M5,product_and_runtime_evidence_not_yet_available
smart_construction_core.menu_sc_project_cost_code,智慧施工管理平台 / 配置中心 / 业务基础数据 / 预算类型,预算类型,smart_construction_core.action_project_cost_code,smart_construction_core.group_sc_cap_business_config_admin,3,false,,,,investigate,,,preserve_xmlid_action_until_M5,product_and_runtime_evidence_not_yet_available
smart_construction_core.menu_sc_project_cost_ledger,智慧施工管理平台 / 成本中心 / 成本台账,成本台账,smart_construction_core.action_project_cost_ledger,"smart_construction_core.group_sc_cap_cost_manager,smart_construction_core.group_sc_cap_cost_user",2,false,,,,investigate,,,preserve_xmlid_action_until_M5,product_and_runtime_evidence_not_yet_available
smart_construction_core.menu_sc_project_dashboard,智慧施工管理平台 / 智慧大屏 / 项目驾驶舱,项目驾驶舱,smart_construction_core.action_project_dashboard,smart_construction_core.group_sc_cap_project_read,2,false,,,,investigate,,,preserve_xmlid_action_until_M5,product_and_runtime_evidence_not_yet_available
smart_construction_core.menu_sc_project_documents,智慧施工管理平台 / 项目中心 / 项目管理 / 项目资料,项目资料,smart_construction_core.action_sc_project_document,smart_construction_core.group_sc_cap_project_read,3,false,,,,investigate,,,preserve_xmlid_action_until_M5,product_and_runtime_evidence_not_yet_available
smart_construction_core.menu_sc_project_expense_claim,智慧施工管理平台 / 财务中心 / 费用与保证金 / 项目费用报销单,项目费用报销单,smart_construction_core.action_sc_expense_claim_project,"smart_construction_core.group_sc_cap_finance_manager,smart_construction_core.group_sc_cap_finance_read,smart_construction_core.group_sc_cap_finance_user",3,false,,,,investigate,,,preserve_xmlid_action_until_M5,product_and_runtime_evidence_not_yet_available
smart_construction_core.menu_sc_project_fund_user_group,智慧施工管理平台 / 财务中心 / 项目资金,项目资金,,,2,false,,,,investigate,,,preserve_xmlid_action_until_M5,product_and_runtime_evidence_not_yet_available
smart_construction_core.menu_sc_project_income_contract,智慧施工管理平台 / 合同中心 / 收入合同台账 / 项目收入合同,项目收入合同,smart_construction_core.action_construction_contract_income,smart_construction_core.group_sc_cap_contract_read,3,false,,,,investigate,,,preserve_xmlid_action_until_M5,product_and_runtime_evidence_not_yet_available
smart_construction_core.menu_sc_project_income_contract_acceptance_construction,智慧施工管理平台 / 合同中心 / 收入合同台账 / 施工合同,施工合同,smart_construction_core.action_construction_contract_income_construction,smart_construction_core.group_sc_cap_contract_read,3,false,,,,investigate,,,preserve_xmlid_action_until_M5,product_and_runtime_evidence_not_yet_available
smart_construction_core.menu_sc_project_initiation,智慧施工管理平台 / 项目中心 / 项目管理 / 项目立项,项目立项,smart_construction_core.action_project_initiation,"smart_construction_core.group_sc_cap_project_manager,smart_construction_core.group_sc_cap_project_user",3,false,,,,investigate,,,preserve_xmlid_action_until_M5,product_and_runtime_evidence_not_yet_available
smart_construction_core.menu_sc_project_kanban,智慧施工管理平台 / 项目中心 / 项目管理 / 项目看板,项目看板,smart_construction_core.action_project_dashboard,smart_construction_core.group_sc_cap_project_read,3,false,,,,investigate,,,preserve_xmlid_action_until_M5,product_and_runtime_evidence_not_yet_available
smart_construction_core.menu_sc_project_manage,智慧施工管理平台 / 系统配置 / 项目管理（后台）,项目管理（后台）,smart_construction_core.action_sc_project_manage,smart_core.group_smart_core_admin,2,true,,,,investigate,,,preserve_xmlid_action_until_M5,product_and_runtime_evidence_not_yet_available
smart_construction_core.menu_sc_project_management_group,智慧施工管理平台 / 项目中心 / 项目管理,项目管理,,,2,false,,,,investigate,,,preserve_xmlid_action_until_M5,product_and_runtime_evidence_not_yet_available
smart_construction_core.menu_sc_project_management_scene,智慧施工管理平台 / 项目中心 / 项目管理 / 项目驾驶舱,项目驾驶舱,smart_construction_core.action_project_dashboard,smart_construction_core.group_sc_cap_project_read,3,false,,,,investigate,,,preserve_xmlid_action_until_M5,product_and_runtime_evidence_not_yet_available
smart_construction_core.menu_sc_project_operation_statistics_report,智慧施工管理平台 / 税务中心 / 财税报表 / 项目经营统计表,项目经营统计表,smart_construction_core.action_sc_project_operation_statistics_report,"smart_construction_core.group_sc_cap_cost_read,smart_construction_core.group_sc_cap_finance_read,smart_construction_core.group_sc_cap_project_read",3,false,,,,investigate,,,preserve_xmlid_action_until_M5,product_and_runtime_evidence_not_yet_available
smart_construction_core.menu_sc_project_progress,智慧施工管理平台 / 成本中心 / 进度计量,进度计量,smart_construction_core.action_project_progress_entry,"smart_construction_core.group_sc_cap_cost_manager,smart_construction_core.group_sc_cap_cost_user",2,false,,,,investigate,,,preserve_xmlid_action_until_M5,product_and_runtime_evidence_not_yet_available
smart_construction_core.menu_sc_project_project,智慧施工管理平台 / 项目中心 / 项目管理 / 项目台账,项目台账,smart_construction_core.action_sc_project_list,smart_construction_core.group_sc_cap_project_read,3,false,,,,investigate,,,preserve_xmlid_action_until_M5,product_and_runtime_evidence_not_yet_available
smart_construction_core.menu_sc_project_quick_create,智慧施工管理平台 / 项目中心 / 项目管理 / 快速创建项目,快速创建项目,smart_construction_core.action_project_initiation_quick,"smart_construction_core.group_sc_cap_project_manager,smart_construction_core.group_sc_cap_project_user",3,false,,,,investigate,,,preserve_xmlid_action_until_M5,product_and_runtime_evidence_not_yet_available
smart_construction_core.menu_sc_project_repay_company,智慧施工管理平台 / 财务中心 / 资金往来办理 / 项目还公司款登记,项目还公司款登记,smart_construction_core.action_sc_expense_claim_project_repay_company,"smart_construction_core.group_sc_cap_business_initiator,smart_construction_core.group_sc_cap_finance_manager,smart_construction_core.group_sc_cap_finance_read,smart_construction_core.group_sc_cap_finance_user",3,false,,,,investigate,,,preserve_xmlid_action_until_M5,product_and_runtime_evidence_not_yet_available
smart_construction_core.menu_sc_project_stage_requirement_items,智慧施工管理平台 / 配置中心 / 业务基础数据 / 阶段要求配置,阶段要求配置,smart_construction_core.action_sc_project_stage_requirement_items,smart_construction_core.group_sc_cap_business_config_admin,3,false,,,,investigate,,,preserve_xmlid_action_until_M5,product_and_runtime_evidence_not_yet_available
smart_construction_core.menu_sc_project_structure_wbs,智慧施工管理平台 / 项目中心 / 项目管理 / 工程结构,工程结构,smart_construction_core.action_sc_project_structure,"smart_construction_core.group_sc_cap_cost_manager,smart_construction_core.group_sc_cap_cost_user",3,false,,,,investigate,,,preserve_xmlid_action_until_M5,product_and_runtime_evidence_not_yet_available
smart_construction_core.menu_sc_project_tender,智慧施工管理平台 / 项目中心 / 投标管理 / 投标项目,投标项目,smart_construction_core.action_tender_bid,smart_construction_core.group_sc_cap_project_read,3,false,,,,investigate,,,preserve_xmlid_action_until_M5,product_and_runtime_evidence_not_yet_available
smart_construction_core.menu_sc_project_wbs,智慧施工管理平台 / 项目中心 / 项目管理 / 执行结构,执行结构,smart_construction_core.action_exec_structure_entry,smart_construction_core.group_sc_cap_project_read,3,false,,,,investigate,,,preserve_xmlid_action_until_M5,product_and_runtime_evidence_not_yet_available
smart_construction_core.menu_sc_project_wbs_cost,智慧施工管理平台 / 成本中心 / WBS/分部分项,WBS/分部分项,smart_construction_core.action_project_wbs,base.group_no_one,2,true,,,,investigate,,,preserve_xmlid_action_until_M5,product_and_runtime_evidence_not_yet_available
smart_construction_core.menu_sc_project_work_breakdown,智慧施工管理平台 / 项目中心 / 项目管理 / 工程结构,工程结构,smart_construction_core.action_work_breakdown,"smart_construction_core.group_sc_cap_project_manager,smart_construction_core.group_sc_cap_project_user",3,false,,,,investigate,,,preserve_xmlid_action_until_M5,product_and_runtime_evidence_not_yet_available
smart_construction_core.menu_sc_projection_root,智慧施工管理平台 / 智慧大屏,智慧大屏,,"smart_construction_core.group_sc_cap_cost_read,smart_construction_core.group_sc_cap_finance_read,smart_construction_core.group_sc_cap_project_read",1,false,,,,investigate,,,preserve_xmlid_action_until_M5,product_and_runtime_evidence_not_yet_available
smart_construction_core.menu_sc_purchase_order,智慧施工管理平台 / 物资与分包 / 材料管理 / 采购订单,采购订单,smart_construction_core.action_sc_purchase_order,"smart_construction_core.group_sc_cap_business_initiator,smart_construction_core.group_sc_cap_purchase_manager,smart_construction_core.group_sc_cap_purchase_user",3,false,,,,investigate,,,preserve_xmlid_action_until_M5,product_and_runtime_evidence_not_yet_available
smart_construction_core.menu_sc_quality_issue,智慧施工管理平台 / 施工管理 / 质量检查,质量检查,smart_construction_core.action_sc_quality_issue,"smart_construction_core.group_sc_cap_project_manager,smart_construction_core.group_sc_cap_project_read,smart_construction_core.group_sc_cap_project_user",2,false,,,,investigate,,,preserve_xmlid_action_until_M5,product_and_runtime_evidence_not_yet_available
smart_construction_core.menu_sc_quality_recheck,智慧施工管理平台 / 施工管理 / 质量复验,质量复验,smart_construction_core.action_sc_quality_recheck,"smart_construction_core.group_sc_cap_project_manager,smart_construction_core.group_sc_cap_project_read,smart_construction_core.group_sc_cap_project_user",2,false,,,,investigate,,,preserve_xmlid_action_until_M5,product_and_runtime_evidence_not_yet_available
smart_construction_core.menu_sc_quality_rectification,智慧施工管理平台 / 施工管理 / 质量整改,质量整改,smart_construction_core.action_sc_quality_rectification,"smart_construction_core.group_sc_cap_project_manager,smart_construction_core.group_sc_cap_project_read,smart_construction_core.group_sc_cap_project_user",2,false,,,,investigate,,,preserve_xmlid_action_until_M5,product_and_runtime_evidence_not_yet_available
smart_construction_core.menu_sc_receipt_income,智慧施工管理平台 / 财务中心 / 收付款办理 / 收款登记,收款登记,smart_construction_core.action_sc_receipt_income,"smart_construction_core.group_sc_cap_business_initiator,smart_construction_core.group_sc_cap_finance_manager,smart_construction_core.group_sc_cap_finance_read,smart_construction_core.group_sc_cap_finance_user",3,false,,,,investigate,,,preserve_xmlid_action_until_M5,product_and_runtime_evidence_not_yet_available
smart_construction_core.menu_sc_receipt_payment_group,智慧施工管理平台 / 财务中心 / 收付款办理,收付款办理,,,2,false,,,,investigate,,,preserve_xmlid_action_until_M5,product_and_runtime_evidence_not_yet_available
smart_construction_core.menu_sc_receipt_user_group,智慧施工管理平台 / 财务中心 / 收款,收款,,,2,false,,,,investigate,,,preserve_xmlid_action_until_M5,product_and_runtime_evidence_not_yet_available
smart_construction_core.menu_sc_reimbursement_request,智慧施工管理平台 / 财务中心 / 费用与保证金 / 报销申请,报销申请,smart_construction_core.action_sc_expense_claim_reimbursement_request,"smart_construction_core.group_sc_cap_business_initiator,smart_construction_core.group_sc_cap_finance_manager,smart_construction_core.group_sc_cap_finance_read,smart_construction_core.group_sc_cap_finance_user",3,false,,,,investigate,,,preserve_xmlid_action_until_M5,product_and_runtime_evidence_not_yet_available
smart_construction_core.menu_sc_repayment_bill,智慧施工管理平台 / 财务中心 / 费用与保证金 / 还款单,还款单,smart_construction_core.action_sc_expense_claim_repayment,"smart_construction_core.group_sc_cap_finance_manager,smart_construction_core.group_sc_cap_finance_read,smart_construction_core.group_sc_cap_finance_user",3,false,,,,investigate,,,preserve_xmlid_action_until_M5,product_and_runtime_evidence_not_yet_available
smart_construction_core.menu_sc_repayment_registration,智慧施工管理平台 / 财务中心 / 资金往来办理 / 还款登记,还款登记,smart_construction_core.action_sc_expense_claim_repayment_registration,"smart_construction_core.group_sc_cap_business_initiator,smart_construction_core.group_sc_cap_finance_manager,smart_construction_core.group_sc_cap_finance_read,smart_construction_core.group_sc_cap_finance_user",3,false,,,,investigate,,,preserve_xmlid_action_until_M5,product_and_runtime_evidence_not_yet_available
smart_construction_core.menu_sc_root,智慧施工管理平台,智慧施工管理平台,,"smart_construction_core.group_sc_cap_business_config_admin,smart_construction_core.group_sc_cap_business_initiator,smart_construction_core.group_sc_cap_contract_read,smart_construction_core.group_sc_cap_cost_read,smart_construction_core.group_sc_cap_data_read,smart_construction_core.group_sc_cap_finance_read,smart_construction_core.group_sc_cap_material_read,smart_construction_core.group_sc_cap_project_read,smart_construction_core.group_sc_cap_purchase_read,smart_core.group_smart_core_admin",,false,,,,investigate,,,preserve_xmlid_action_until_M5,product_and_runtime_evidence_not_yet_available
smart_construction_core.menu_sc_runtime_user_management,智慧施工管理平台 / 配置中心 / 业务基础数据 / 公司内部人员维护,公司内部人员维护,smart_construction_core.action_sc_runtime_user_management,smart_construction_core.group_sc_cap_business_config_admin,3,false,,,,investigate,,,preserve_xmlid_action_until_M5,product_and_runtime_evidence_not_yet_available
smart_construction_core.menu_sc_safety_issue,智慧施工管理平台 / 施工管理 / 安全检查,安全检查,smart_construction_core.action_sc_safety_issue,"smart_construction_core.group_sc_cap_project_manager,smart_construction_core.group_sc_cap_project_read,smart_construction_core.group_sc_cap_project_user",2,false,,,,investigate,,,preserve_xmlid_action_until_M5,product_and_runtime_evidence_not_yet_available
smart_construction_core.menu_sc_safety_recheck,智慧施工管理平台 / 施工管理 / 安全复验,安全复验,smart_construction_core.action_sc_safety_recheck,"smart_construction_core.group_sc_cap_project_manager,smart_construction_core.group_sc_cap_project_read,smart_construction_core.group_sc_cap_project_user",2,false,,,,investigate,,,preserve_xmlid_action_until_M5,product_and_runtime_evidence_not_yet_available
smart_construction_core.menu_sc_safety_rectification,智慧施工管理平台 / 施工管理 / 安全整改,安全整改,smart_construction_core.action_sc_safety_rectification,"smart_construction_core.group_sc_cap_project_manager,smart_construction_core.group_sc_cap_project_read,smart_construction_core.group_sc_cap_project_user",2,false,,,,investigate,,,preserve_xmlid_action_until_M5,product_and_runtime_evidence_not_yet_available
smart_construction_core.menu_sc_salary_registration,智慧施工管理平台 / 人事行政 / 项目管理人员工资登记,项目管理人员工资登记,smart_construction_core.action_sc_salary_registration,"smart_construction_core.group_sc_cap_business_config_admin,smart_construction_core.group_sc_cap_business_initiator",2,false,,,,investigate,,,preserve_xmlid_action_until_M5,product_and_runtime_evidence_not_yet_available
smart_construction_core.menu_sc_salary_summary_report,智慧施工管理平台 / 统计分析 / 成本报表 / 工资统计表,工资统计表,smart_construction_core.action_sc_salary_summary,"smart_construction_core.group_sc_cap_business_config_admin,smart_construction_core.group_sc_cap_business_initiator,smart_construction_core.group_sc_cap_finance_manager,smart_construction_core.group_sc_cap_finance_read,smart_construction_core.group_sc_cap_finance_user",3,false,,,,investigate,,,preserve_xmlid_action_until_M5,product_and_runtime_evidence_not_yet_available
smart_construction_core.menu_sc_scene,智慧施工管理平台 / 系统配置 / 场景与能力 / 场景编排,场景编排,smart_construction_core.action_sc_scene,smart_core.group_smart_core_admin,3,false,,,,investigate,,,preserve_xmlid_action_until_M5,product_and_runtime_evidence_not_yet_available
smart_construction_core.menu_sc_scene_root,智慧施工管理平台 / 系统配置 / 场景与能力,场景与能力,,smart_core.group_smart_core_admin,2,false,,,,investigate,,,preserve_xmlid_action_until_M5,product_and_runtime_evidence_not_yet_available
smart_construction_core.menu_sc_scene_version,智慧施工管理平台 / 系统配置 / 场景与能力 / 场景版本,场景版本,smart_construction_core.action_sc_scene_version,smart_core.group_smart_core_admin,3,false,,,,investigate,,,preserve_xmlid_action_until_M5,product_and_runtime_evidence_not_yet_available
smart_construction_core.menu_sc_seal_use_request,智慧施工管理平台 / 人事行政 / 印章使用审批表,印章使用审批表,smart_construction_core.action_sc_seal_use_request,"smart_construction_core.group_sc_cap_business_config_admin,smart_construction_core.group_sc_cap_business_initiator",2,false,,,,investigate,,,preserve_xmlid_action_until_M5,product_and_runtime_evidence_not_yet_available
smart_construction_core.menu_sc_self_funding_advance_income,智慧施工管理平台 / 财务中心 / 资金往来办理 / 自筹垫付办理,自筹垫付办理,smart_construction_core.action_sc_self_funding_registration_income,"smart_construction_core.group_sc_cap_business_initiator,smart_construction_core.group_sc_cap_finance_manager,smart_construction_core.group_sc_cap_finance_read,smart_construction_core.group_sc_cap_finance_user",3,false,,,,investigate,,,preserve_xmlid_action_until_M5,product_and_runtime_evidence_not_yet_available
smart_construction_core.menu_sc_self_funding_advance_refund,智慧施工管理平台 / 财务中心 / 资金往来办理 / 自筹退回办理,自筹退回办理,smart_construction_core.action_sc_self_funding_registration_refund,"smart_construction_core.group_sc_cap_business_initiator,smart_construction_core.group_sc_cap_finance_manager,smart_construction_core.group_sc_cap_finance_read,smart_construction_core.group_sc_cap_finance_user",3,false,,,,investigate,,,preserve_xmlid_action_until_M5,product_and_runtime_evidence_not_yet_available
smart_construction_core.menu_sc_self_funding_deposit,智慧施工管理平台 / 财务中心 / 保证金管理 / 自筹保证金,自筹保证金,smart_construction_core.action_sc_self_funding_deposit,"smart_construction_core.group_sc_cap_business_initiator,smart_construction_core.group_sc_cap_finance_manager,smart_construction_core.group_sc_cap_finance_read,smart_construction_core.group_sc_cap_finance_user",3,false,,,,investigate,,,preserve_xmlid_action_until_M5,product_and_runtime_evidence_not_yet_available
smart_construction_core.menu_sc_self_funding_deposit_refund,智慧施工管理平台 / 财务中心 / 保证金管理 / 自筹保证金退回,自筹保证金退回,smart_construction_core.action_sc_self_funding_deposit_refund,"smart_construction_core.group_sc_cap_business_initiator,smart_construction_core.group_sc_cap_finance_manager,smart_construction_core.group_sc_cap_finance_read,smart_construction_core.group_sc_cap_finance_user",3,false,,,,investigate,,,preserve_xmlid_action_until_M5,product_and_runtime_evidence_not_yet_available
smart_construction_core.menu_sc_settlement_adjustment,智慧施工管理平台 / 财务中心 / 收付款办理 / 结算中心 / 结算调整,结算调整,smart_construction_core.action_sc_settlement_adjustment,"smart_construction_core.group_sc_cap_business_initiator,smart_construction_core.group_sc_cap_cost_read,smart_construction_core.group_sc_cap_finance_read,smart_construction_core.group_sc_cap_project_read,smart_construction_core.group_sc_cap_settlement_read",4,false,,,,investigate,,,preserve_xmlid_action_until_M5,product_and_runtime_evidence_not_yet_available
smart_construction_core.menu_sc_settlement_center,智慧施工管理平台 / 财务中心 / 收付款办理 / 结算中心,结算中心,,"smart_construction_core.group_sc_cap_business_initiator,smart_construction_core.group_sc_cap_cost_read,smart_construction_core.group_sc_cap_finance_read,smart_construction_core.group_sc_cap_project_read,smart_construction_core.group_sc_cap_settlement_read",3,false,,,,investigate,,,preserve_xmlid_action_until_M5,product_and_runtime_evidence_not_yet_available
smart_construction_core.menu_sc_settlement_order,智慧施工管理平台 / 财务中心 / 收付款办理 / 结算中心 / 结算单,结算单,smart_construction_core.action_sc_settlement_order,"smart_construction_core.group_sc_cap_business_initiator,smart_construction_core.group_sc_cap_cost_read,smart_construction_core.group_sc_cap_finance_read,smart_construction_core.group_sc_cap_project_read,smart_construction_core.group_sc_cap_settlement_read",4,false,,,,investigate,,,preserve_xmlid_action_until_M5,product_and_runtime_evidence_not_yet_available
smart_construction_core.menu_sc_site_documents,智慧施工管理平台 / 项目中心 / 施工资料 / 现场资料,现场资料,smart_construction_core.action_sc_project_document,smart_construction_core.group_sc_cap_project_read,3,false,,,,investigate,,,preserve_xmlid_action_until_M5,product_and_runtime_evidence_not_yet_available
smart_construction_core.menu_sc_social_person_registration,智慧施工管理平台 / 人事行政 / 社保人员登记,社保人员登记,smart_construction_core.action_sc_social_person_registration,"smart_construction_core.group_sc_cap_business_config_admin,smart_construction_core.group_sc_cap_business_initiator",2,false,,,,investigate,,,preserve_xmlid_action_until_M5,product_and_runtime_evidence_not_yet_available
smart_construction_core.menu_sc_social_registration,智慧施工管理平台 / 人事行政 / 社保登记,社保登记,smart_construction_core.action_sc_social_registration,"smart_construction_core.group_sc_cap_business_config_admin,smart_construction_core.group_sc_cap_business_initiator",2,false,,,,investigate,,,preserve_xmlid_action_until_M5,product_and_runtime_evidence_not_yet_available
smart_construction_core.menu_sc_subcontract_management_group,智慧施工管理平台 / 物资与分包 / 专业分包,专业分包,,,2,false,,,,investigate,,,preserve_xmlid_action_until_M5,product_and_runtime_evidence_not_yet_available
smart_construction_core.menu_sc_subcontract_plan,智慧施工管理平台 / 物资与分包 / 专业分包 / 分包计划,分包计划,smart_construction_core.action_sc_subcontract_plan,smart_construction_core.group_sc_internal_user,3,false,,,,investigate,,,preserve_xmlid_action_until_M5,product_and_runtime_evidence_not_yet_available
smart_construction_core.menu_sc_subcontract_register,智慧施工管理平台 / 物资与分包 / 专业分包 / 分包登记,分包登记,smart_construction_core.action_sc_subcontract_register,smart_construction_core.group_sc_internal_user,3,false,,,,investigate,,,preserve_xmlid_action_until_M5,product_and_runtime_evidence_not_yet_available
smart_construction_core.menu_sc_subcontract_request,智慧施工管理平台 / 物资与分包 / 专业分包 / 分包申请,分包申请,smart_construction_core.action_sc_subcontract_request,smart_construction_core.group_sc_internal_user,3,false,,,,investigate,,,preserve_xmlid_action_until_M5,product_and_runtime_evidence_not_yet_available
smart_construction_core.menu_sc_subcontract_request_acceptance,智慧施工管理平台 / 物资与分包 / 专业分包 / 分包方单,分包方单,"'ir.actions.act_window,%d' % ref('smart_construction_core.action_sc_subcontract_request_user_confirmed')",smart_construction_core.group_sc_internal_user,3,false,,,,investigate,,,preserve_xmlid_action_until_M5,product_and_runtime_evidence_not_yet_available
smart_construction_core.menu_sc_subcontract_settlement,智慧施工管理平台 / 物资与分包 / 专业分包 / 分包结算,分包结算,smart_construction_core.action_sc_subcontract_settlement,smart_construction_core.group_sc_internal_user,3,false,,,,investigate,,,preserve_xmlid_action_until_M5,product_and_runtime_evidence_not_yet_available
smart_construction_core.menu_sc_subsidy,智慧施工管理平台 / 人事行政 / 补助,补助,smart_construction_core.action_sc_subsidy,"smart_construction_core.group_sc_cap_business_config_admin,smart_construction_core.group_sc_cap_business_initiator",2,false,,,,investigate,,,preserve_xmlid_action_until_M5,product_and_runtime_evidence_not_yet_available
smart_construction_core.menu_sc_supplier_partner,智慧施工管理平台 / 基础资料 / 供应商,供应商,smart_construction_core.action_sc_supplier_partner,smart_construction_core.group_sc_cap_contact_manager,2,false,,,,investigate,,,preserve_xmlid_action_until_M5,product_and_runtime_evidence_not_yet_available
smart_construction_core.menu_sc_tax_center,智慧施工管理平台 / 税务中心,税务中心,,"smart_construction_core.group_sc_cap_business_initiator,smart_construction_core.group_sc_cap_finance_manager,smart_construction_core.group_sc_cap_finance_read,smart_construction_core.group_sc_cap_finance_user",1,false,,,,investigate,,,preserve_xmlid_action_until_M5,product_and_runtime_evidence_not_yet_available
smart_construction_core.menu_sc_tax_certificate_registration_user,智慧施工管理平台 / 财务中心 / 发票税务 / 外经证登记,外经证登记,smart_construction_core.action_sc_tax_certificate_registration_user,"smart_construction_core.group_sc_cap_finance_manager,smart_construction_core.group_sc_cap_finance_read,smart_construction_core.group_sc_cap_finance_user,smart_construction_core.group_sc_cap_project_read",3,false,,,,investigate,,,preserve_xmlid_action_until_M5,product_and_runtime_evidence_not_yet_available
smart_construction_core.menu_sc_tax_deduction_registration_user,智慧施工管理平台 / 财务中心 / 发票税务 / 抵扣登记,抵扣登记,smart_construction_core.action_sc_tax_deduction_registration_user,"smart_construction_core.group_sc_cap_business_initiator,smart_construction_core.group_sc_cap_finance_manager,smart_construction_core.group_sc_cap_finance_read,smart_construction_core.group_sc_cap_finance_user",3,false,,,,investigate,,,preserve_xmlid_action_until_M5,product_and_runtime_evidence_not_yet_available
smart_construction_core.menu_sc_tax_finance_report_group,智慧施工管理平台 / 税务中心 / 财税报表,财税报表,,,2,false,,,,investigate,,,preserve_xmlid_action_until_M5,product_and_runtime_evidence_not_yet_available
smart_construction_core.menu_sc_tender_guarantee,智慧施工管理平台 / 项目中心 / 投标管理 / 投标保证金,投标保证金,smart_construction_core.action_sc_tender_guarantee,"smart_construction_core.group_sc_cap_project_manager,smart_construction_core.group_sc_cap_project_user",3,false,,,,investigate,,,preserve_xmlid_action_until_M5,product_and_runtime_evidence_not_yet_available
smart_construction_core.menu_sc_tender_management_group,智慧施工管理平台 / 项目中心 / 投标管理,投标管理,,,2,false,,,,investigate,,,preserve_xmlid_action_until_M5,product_and_runtime_evidence_not_yet_available
smart_construction_core.menu_sc_tender_opening,智慧施工管理平台 / 项目中心 / 投标管理 / 开标记录,开标记录,smart_construction_core.action_sc_tender_opening,"smart_construction_core.group_sc_cap_project_manager,smart_construction_core.group_sc_cap_project_user",3,false,,,,investigate,,,preserve_xmlid_action_until_M5,product_and_runtime_evidence_not_yet_available
smart_construction_core.menu_sc_tender_prepare,智慧施工管理平台 / 项目中心 / 投标管理 / 投标准备,投标准备,smart_construction_core.action_sc_tender_prepare,smart_construction_core.group_sc_cap_project_read,3,false,,,,investigate,,,preserve_xmlid_action_until_M5,product_and_runtime_evidence_not_yet_available
smart_construction_core.menu_sc_tender_registration,智慧施工管理平台 / 项目中心 / 投标管理 / 投标报名管理,投标报名管理,smart_construction_core.action_sc_tender_registration,smart_construction_core.group_sc_cap_project_read,3,false,,,,investigate,,,preserve_xmlid_action_until_M5,product_and_runtime_evidence_not_yet_available
smart_construction_core.menu_sc_tender_registration_fee,智慧施工管理平台 / 项目中心 / 投标管理 / 投标报名费申请,投标报名费申请,smart_construction_core.action_sc_tender_registration_fee,"smart_construction_core.group_sc_cap_project_manager,smart_construction_core.group_sc_cap_project_user",3,false,,,,investigate,,,preserve_xmlid_action_until_M5,product_and_runtime_evidence_not_yet_available
smart_construction_core.menu_sc_tender_won,智慧施工管理平台 / 项目中心 / 投标管理 / 中标记录,中标记录,smart_construction_core.action_sc_tender_won,smart_construction_core.group_sc_cap_project_read,3,false,,,,investigate,,,preserve_xmlid_action_until_M5,product_and_runtime_evidence_not_yet_available
smart_construction_core.menu_sc_tier_review_my_construction_contract,智慧施工管理平台 / 合同中心 / 待我审批（项目合同）,待我审批（项目合同）,smart_construction_core.action_sc_tier_review_my_construction_contract,base.group_no_one,2,false,,,,investigate,,,preserve_xmlid_action_until_M5,product_and_runtime_evidence_not_yet_available
smart_construction_core.menu_sc_tier_review_my_general_contract,智慧施工管理平台 / 合同中心 / 待我审批（一般合同（公司））,待我审批（一般合同（公司））,smart_construction_core.action_sc_tier_review_my_general_contract,base.group_no_one,2,false,,,,investigate,,,preserve_xmlid_action_until_M5,product_and_runtime_evidence_not_yet_available
smart_construction_core.menu_sc_tier_review_my_material_plan,智慧施工管理平台 / 物资与分包 / 待我审批（物资计划）,待我审批（物资计划）,smart_construction_core.action_sc_tier_review_my_material_plan,base.group_no_one,2,false,,,,investigate,,,preserve_xmlid_action_until_M5,product_and_runtime_evidence_not_yet_available
smart_construction_core.menu_sc_tier_review_my_payment_request,智慧施工管理平台 / 财务中心 / 待我审批（付款申请）,待我审批（付款申请）,smart_construction_core.action_sc_tier_review_my_payment_request,base.group_no_one,2,false,,,,investigate,,,preserve_xmlid_action_until_M5,product_and_runtime_evidence_not_yet_available
smart_construction_core.menu_sc_treasury_ledger,智慧施工管理平台 / 统计分析 / 财务分析 / 资金台账,资金台账,smart_construction_core.action_sc_treasury_ledger,"smart_construction_core.group_sc_cap_finance_manager,smart_construction_core.group_sc_cap_finance_read,smart_construction_core.group_sc_cap_finance_user",3,false,,,,investigate,,,preserve_xmlid_action_until_M5,product_and_runtime_evidence_not_yet_available
smart_construction_core.menu_sc_treasury_ledger_income,智慧施工管理平台 / 统计分析 / 财务分析 / 收款统计表,收款统计表,smart_construction_core.action_sc_treasury_ledger_income,"smart_construction_core.group_sc_cap_finance_manager,smart_construction_core.group_sc_cap_finance_read,smart_construction_core.group_sc_cap_finance_user",3,false,,,,investigate,,,preserve_xmlid_action_until_M5,product_and_runtime_evidence_not_yet_available
smart_construction_core.menu_sc_treasury_reconciliation,智慧施工管理平台 / 财务中心 / 资金往来办理 / 资金对账,资金对账,smart_construction_core.action_sc_treasury_reconciliation,"smart_construction_core.group_sc_cap_business_initiator,smart_construction_core.group_sc_cap_finance_manager,smart_construction_core.group_sc_cap_finance_read,smart_construction_core.group_sc_cap_finance_user",3,false,,,,investigate,,,preserve_xmlid_action_until_M5,product_and_runtime_evidence_not_yet_available
smart_construction_core.menu_sc_user_acceptance_root,智慧施工管理平台 / 用户验收,用户验收,,,1,false,,,,investigate,,,preserve_xmlid_action_until_M5,product_and_runtime_evidence_not_yet_available
smart_construction_core.menu_sc_user_income,智慧施工管理平台 / 财务中心 / 收付款办理 / 收入,收入,smart_construction_core.action_sc_receipt_income_user_income,"smart_construction_core.group_sc_cap_business_initiator,smart_construction_core.group_sc_cap_finance_manager,smart_construction_core.group_sc_cap_finance_read,smart_construction_core.group_sc_cap_finance_user",3,false,,,,investigate,,,preserve_xmlid_action_until_M5,product_and_runtime_evidence_not_yet_available
smart_construction_core.menu_sc_user_payment_apply,智慧施工管理平台 / 财务中心 / 付款 / 支付申请,支付申请,smart_construction_core.action_payment_request_user_payment_apply,"smart_construction_core.group_sc_cap_business_initiator,smart_construction_core.group_sc_cap_finance_manager,smart_construction_core.group_sc_cap_finance_read,smart_construction_core.group_sc_cap_finance_user",3,false,,,,investigate,,,preserve_xmlid_action_until_M5,product_and_runtime_evidence_not_yet_available
smart_construction_core.menu_sc_user_payment_apply_acceptance,智慧施工管理平台 / 财务中心 / 收付款办理 / 支付申请,支付申请,smart_construction_core.action_payment_request_user_payment_apply,"smart_construction_core.group_sc_cap_business_initiator,smart_construction_core.group_sc_cap_finance_manager,smart_construction_core.group_sc_cap_finance_read,smart_construction_core.group_sc_cap_finance_user",3,false,,,,investigate,,,preserve_xmlid_action_until_M5,product_and_runtime_evidence_not_yet_available
smart_construction_core.menu_sc_workbench_my_approval_fact,智慧施工管理平台 / 首页 / 我的审批,我的审批,smart_construction_core.action_sc_workbench_my_approval_fact,smart_construction_core.group_sc_internal_user,2,false,,,,investigate,,,preserve_xmlid_action_until_M5,product_and_runtime_evidence_not_yet_available
smart_construction_core.menu_sc_workbench_my_todo_fact,智慧施工管理平台 / 首页 / 我的待办,我的待办,smart_construction_core.action_sc_workbench_my_todo_fact,smart_construction_core.group_sc_internal_user,2,false,,,,investigate,,,preserve_xmlid_action_until_M5,product_and_runtime_evidence_not_yet_available
smart_construction_core.menu_sc_workflow_def,智慧施工管理平台 / 系统配置 / 工作流 / 工作流定义,工作流定义,smart_construction_core.action_sc_workflow_def,smart_core.group_smart_core_admin,3,false,,,,investigate,,,preserve_xmlid_action_until_M5,product_and_runtime_evidence_not_yet_available
smart_construction_core.menu_sc_workflow_instance,智慧施工管理平台 / 配置中心 / 工作流运行数据 / 工作流实例,工作流实例,smart_construction_core.action_sc_workflow_instance,smart_construction_core.group_sc_role_business_admin,3,false,,,,investigate,,,preserve_xmlid_action_until_M5,product_and_runtime_evidence_not_yet_available
smart_construction_core.menu_sc_workflow_log,智慧施工管理平台 / 配置中心 / 工作流运行数据 / 工作流日志,工作流日志,smart_construction_core.action_sc_workflow_log,smart_construction_core.group_sc_role_business_admin,3,false,,,,investigate,,,preserve_xmlid_action_until_M5,product_and_runtime_evidence_not_yet_available
smart_construction_core.menu_sc_workflow_root,智慧施工管理平台 / 系统配置 / 工作流,工作流,,smart_core.group_smart_core_admin,2,false,,,,investigate,,,preserve_xmlid_action_until_M5,product_and_runtime_evidence_not_yet_available
smart_construction_core.menu_sc_workflow_runtime_root,智慧施工管理平台 / 配置中心 / 工作流运行数据,工作流运行数据,,smart_construction_core.group_sc_role_business_admin,2,false,,,,investigate,,,preserve_xmlid_action_until_M5,product_and_runtime_evidence_not_yet_available
smart_construction_core.menu_sc_workflow_workitem,智慧施工管理平台 / 配置中心 / 工作流运行数据 / 工作项,工作项,smart_construction_core.action_sc_workflow_workitem,smart_construction_core.group_sc_role_business_admin,3,false,,,,investigate,,,preserve_xmlid_action_until_M5,product_and_runtime_evidence_not_yet_available
smart_construction_core.menu_sc_workspace_center,智慧施工管理平台 / 首页,首页,,,1,false,,,,investigate,,,preserve_xmlid_action_until_M5,product_and_runtime_evidence_not_yet_available
smart_construction_core.menu_sc_workspace_my_project,智慧施工管理平台 / 首页 / 我的项目,我的项目,smart_construction_core.action_sc_project_my_list,smart_construction_core.group_sc_cap_project_read,2,false,,,,investigate,,,preserve_xmlid_action_until_M5,product_and_runtime_evidence_not_yet_available
smart_construction_core.menu_ui_form_custom_field_wizard_business_config,智慧施工管理平台 / 配置中心 / 低代码系统配置 / 新增表单字段,新增表单字段,smart_construction_core.action_ui_form_custom_field_wizard_business_config,smart_construction_core.group_sc_cap_business_config_admin,3,false,,,,investigate,,,preserve_xmlid_action_until_M5,product_and_runtime_evidence_not_yet_available
smart_construction_core.menu_ui_form_field_policy_business_config,智慧施工管理平台 / 配置中心 / 低代码系统配置 / 表单字段配置,表单字段配置,smart_construction_core.action_ui_form_field_policy_business_config,smart_construction_core.group_sc_cap_business_config_admin,3,false,,,,investigate,,,preserve_xmlid_action_until_M5,product_and_runtime_evidence_not_yet_available
smart_construction_core.menu_ui_menu_config_policy_business_config,智慧施工管理平台 / 配置中心 / 低代码系统配置 / 菜单配置,菜单配置,smart_core.action_ui_menu_config_policy,"smart_construction_core.group_sc_cap_business_config_admin,smart_core.group_smart_core_admin,smart_core.group_smart_core_business_config_admin",3,false,,,,investigate,,,preserve_xmlid_action_until_M5,product_and_runtime_evidence_not_yet_available
