path,module,record_or_resource,classification,allowed_environment,install_trigger,idempotent,uninstall_policy,customer_specific,contains_personal_data,decision
.devcontainer/Dockerfile,,Dockerfile,PRODUCT_REQUIRED,"production,demo,acceptance,customer",build_release_or_ci_configuration,required,module_owned_records_only,false,false,KEEP_AS_PRODUCT_OR_DELIVERY_CONFIGURATION
.devcontainer/Dockerfile.dev,,Dockerfile,PRODUCT_REQUIRED,"production,demo,acceptance,customer",build_release_or_ci_configuration,required,module_owned_records_only,false,false,KEEP_AS_PRODUCT_OR_DELIVERY_CONFIGURATION
.devcontainer/devcontainer.json,,devcontainer,PRODUCT_REQUIRED,"production,demo,acceptance,customer",explicit_tool_or_module_execution,required,module_owned_records_only,false,false,KEEP_AS_PRODUCT_OR_DELIVERY_CONFIGURATION
.devcontainer/docker-compose.devcontainer.yml,,docker-compose.devcontainer,PRODUCT_REQUIRED,"production,demo,acceptance,customer",build_release_or_ci_configuration,required,module_owned_records_only,false,false,KEEP_AS_PRODUCT_OR_DELIVERY_CONFIGURATION
.github/ISSUE_TEMPLATE/config.yml,,config,PRODUCT_REQUIRED,"production,demo,acceptance,customer",explicit_tool_or_module_execution,required,module_owned_records_only,false,false,KEEP_AS_PRODUCT_OR_DELIVERY_CONFIGURATION
.github/workflows/demo-ci.yml,,demo-ci,PRODUCT_REQUIRED,"production,demo,acceptance,customer",build_release_or_ci_configuration,required,module_owned_records_only,false,false,KEEP_AS_PRODUCT_OR_DELIVERY_CONFIGURATION
.github/workflows/frontend_release_evidence_bundle.yml,,frontend_release_evidence_bundle,PRODUCT_REQUIRED,"production,demo,acceptance,customer",build_release_or_ci_configuration,required,module_owned_records_only,false,false,KEEP_AS_PRODUCT_OR_DELIVERY_CONFIGURATION
.github/workflows/frontend_release_gate.yml,,frontend_release_gate,PRODUCT_REQUIRED,"production,demo,acceptance,customer",build_release_or_ci_configuration,required,module_owned_records_only,false,false,KEEP_AS_PRODUCT_OR_DELIVERY_CONFIGURATION
.github/workflows/infra-stage-gate.yml,,infra-stage-gate,PRODUCT_REQUIRED,"production,demo,acceptance,customer",build_release_or_ci_configuration,required,module_owned_records_only,false,false,KEEP_AS_PRODUCT_OR_DELIVERY_CONFIGURATION
.github/workflows/professional_quality_gate.yml,,professional_quality_gate,PRODUCT_REQUIRED,"production,demo,acceptance,customer",build_release_or_ci_configuration,required,module_owned_records_only,false,false,KEEP_AS_PRODUCT_OR_DELIVERY_CONFIGURATION
.github/workflows/public_guard.yml,,public_guard,PRODUCT_REQUIRED,"production,demo,acceptance,customer",build_release_or_ci_configuration,required,module_owned_records_only,false,false,KEEP_AS_PRODUCT_OR_DELIVERY_CONFIGURATION
.github/workflows/sc_smoke.yml,,sc_smoke,PRODUCT_REQUIRED,"production,demo,acceptance,customer",build_release_or_ci_configuration,required,module_owned_records_only,false,false,KEEP_AS_PRODUCT_OR_DELIVERY_CONFIGURATION
Dockerfile,,Dockerfile,PRODUCT_REQUIRED,"production,demo,acceptance,customer",build_release_or_ci_configuration,required,module_owned_records_only,false,false,KEEP_AS_PRODUCT_OR_DELIVERY_CONFIGURATION
Dockerfile.production-candidate,,Dockerfile,PRODUCT_REQUIRED,"production,demo,acceptance,customer",build_release_or_ci_configuration,required,module_owned_records_only,false,false,KEEP_AS_PRODUCT_OR_DELIVERY_CONFIGURATION
Dockerfile.production-frontend-builder,,Dockerfile,PRODUCT_REQUIRED,"production,demo,acceptance,customer",build_release_or_ci_configuration,required,module_owned_records_only,false,false,KEEP_AS_PRODUCT_OR_DELIVERY_CONFIGURATION
Makefile,,Makefile,PRODUCT_REQUIRED,"production,demo,acceptance,customer",explicit_tool_or_module_execution,required,module_owned_records_only,false,false,KEEP_AS_PRODUCT_OR_DELIVERY_CONFIGURATION
addons/docs/contract/snapshots/scenes/scenes.v0_9_8.json,docs,scenes.v0_9_8,PRODUCT_REQUIRED,"production,demo,acceptance,customer",explicit_tool_or_module_execution,required,module_owned_records_only,false,false,KEEP_AS_PRODUCT_OR_DELIVERY_CONFIGURATION
addons/sc_norm_engine/__manifest__.py,sc_norm_engine,module_manifest,PRODUCT_REQUIRED,"production,demo,acceptance,customer",module_manifest,required,module_owned_records_only,false,false,KEEP_AS_PRODUCT_OR_DELIVERY_CONFIGURATION
addons/sc_norm_engine/security/ir.model.access.csv,sc_norm_engine,ir.model.access,PRODUCT_REQUIRED,"production,demo,acceptance,customer",explicit_tool_or_module_execution,required,module_owned_records_only,false,false,KEEP_AS_PRODUCT_OR_DELIVERY_CONFIGURATION
addons/sc_norm_engine/views/norm_import_views.xml,sc_norm_engine,norm_import_views,PRODUCT_REQUIRED,"production,demo,acceptance,customer",explicit_tool_or_module_execution,required,module_owned_records_only,false,false,KEEP_AS_PRODUCT_OR_DELIVERY_CONFIGURATION
addons/sc_norm_engine/views/norm_menu.xml,sc_norm_engine,norm_menu,PRODUCT_REQUIRED,"production,demo,acceptance,customer",explicit_tool_or_module_execution,required,module_owned_records_only,false,false,KEEP_AS_PRODUCT_OR_DELIVERY_CONFIGURATION
addons/sc_norm_engine/views/norm_views.xml,sc_norm_engine,norm_views,PRODUCT_REQUIRED,"production,demo,acceptance,customer",explicit_tool_or_module_execution,required,module_owned_records_only,false,false,KEEP_AS_PRODUCT_OR_DELIVERY_CONFIGURATION
addons/smart_construction_acceptance_fixture/__manifest__.py,smart_construction_acceptance_fixture,module_manifest,TEST_FIXTURE_ONLY,"acceptance,test",module_manifest,required,destroy_dedicated_acceptance_database,false,false,KEEP_OUT_OF_PRODUCTION_INSTALL_SET
addons/smart_construction_bootstrap/__manifest__.py,smart_construction_bootstrap,module_manifest,PRODUCT_REQUIRED,"production,demo,acceptance,customer",module_manifest,required,module_owned_records_only,false,false,KEEP_AS_PRODUCT_OR_DELIVERY_CONFIGURATION
addons/smart_construction_bootstrap/data/baseline_currency.xml,smart_construction_bootstrap,baseline_currency,PRODUCT_REFERENCE_SEED,"production,demo,acceptance,customer",module_manifest_data,required,preserve_user_modified_reference_values,false,false,KEEP_AS_DOCUMENTED_PRODUCT_REFERENCE_BASELINE
addons/smart_construction_bootstrap/data/baseline_preferences.xml,smart_construction_bootstrap,baseline_preferences,PRODUCT_REFERENCE_SEED,"production,demo,acceptance,customer",module_manifest_data,required,preserve_user_modified_reference_values,false,false,KEEP_AS_DOCUMENTED_PRODUCT_REFERENCE_BASELINE
addons/smart_construction_bootstrap/hooks.py,smart_construction_bootstrap,module_install_hook,PRODUCT_REQUIRED,"production,demo,acceptance,customer",module_install_hook,required,module_owned_records_only,false,false,KEEP_AS_PRODUCT_OR_DELIVERY_CONFIGURATION
addons/smart_construction_bundle/__manifest__.py,smart_construction_bundle,module_manifest,PRODUCT_REQUIRED,"production,demo,acceptance,customer",module_manifest,required,module_owned_records_only,false,false,KEEP_AS_PRODUCT_OR_DELIVERY_CONFIGURATION
addons/smart_construction_bundle/data/construction_bundle_product_profile.xml,smart_construction_bundle,construction_bundle_product_profile,PRODUCT_REQUIRED,"production,demo,acceptance,customer",module_manifest_data,required,module_owned_records_only,false,false,KEEP_AS_PRODUCT_OR_DELIVERY_CONFIGURATION
addons/smart_construction_bundle/data/product_delivery_extension_modules.xml,smart_construction_bundle,product_delivery_extension_modules,PRODUCT_REQUIRED,"production,demo,acceptance,customer",module_manifest_data,required,module_owned_records_only,false,false,KEEP_AS_PRODUCT_OR_DELIVERY_CONFIGURATION
addons/smart_construction_bundle/hooks.py,smart_construction_bundle,module_install_hook,PRODUCT_REQUIRED,"production,demo,acceptance,customer",module_install_hook,required,module_owned_records_only,false,false,KEEP_AS_PRODUCT_OR_DELIVERY_CONFIGURATION
addons/smart_construction_core/__manifest__.py,smart_construction_core,module_manifest,PRODUCT_REQUIRED,"production,demo,acceptance,customer",module_manifest,required,module_owned_records_only,false,false,KEEP_AS_PRODUCT_OR_DELIVERY_CONFIGURATION
addons/smart_construction_core/actions/execution_structure_actions.xml,smart_construction_core,execution_structure_actions,PRODUCT_REQUIRED,"production,demo,acceptance,customer",explicit_tool_or_module_execution,required,module_owned_records_only,false,false,KEEP_AS_PRODUCT_OR_DELIVERY_CONFIGURATION
addons/smart_construction_core/actions/execution_structure_actions_base.xml,smart_construction_core,execution_structure_actions_base,PRODUCT_REQUIRED,"production,demo,acceptance,customer",explicit_tool_or_module_execution,required,module_owned_records_only,false,false,KEEP_AS_PRODUCT_OR_DELIVERY_CONFIGURATION
addons/smart_construction_core/actions/finance_actions.xml,smart_construction_core,finance_actions,PRODUCT_REQUIRED,"production,demo,acceptance,customer",explicit_tool_or_module_execution,required,module_owned_records_only,false,false,KEEP_AS_PRODUCT_OR_DELIVERY_CONFIGURATION
addons/smart_construction_core/actions/project_actions.xml,smart_construction_core,project_actions,PRODUCT_REQUIRED,"production,demo,acceptance,customer",explicit_tool_or_module_execution,required,module_owned_records_only,false,false,KEEP_AS_PRODUCT_OR_DELIVERY_CONFIGURATION
addons/smart_construction_core/actions/project_actions_views.xml,smart_construction_core,project_actions_views,PRODUCT_REQUIRED,"production,demo,acceptance,customer",explicit_tool_or_module_execution,required,module_owned_records_only,false,false,KEEP_AS_PRODUCT_OR_DELIVERY_CONFIGURATION
addons/smart_construction_core/actions/project_list_actions.xml,smart_construction_core,project_list_actions,PRODUCT_REQUIRED,"production,demo,acceptance,customer",explicit_tool_or_module_execution,required,module_owned_records_only,false,false,KEEP_AS_PRODUCT_OR_DELIVERY_CONFIGURATION
addons/smart_construction_core/actions/project_native_action_overrides.xml,smart_construction_core,project_native_action_overrides,PRODUCT_REQUIRED,"production,demo,acceptance,customer",explicit_tool_or_module_execution,required,module_owned_records_only,false,false,KEEP_AS_PRODUCT_OR_DELIVERY_CONFIGURATION
addons/smart_construction_core/actions/project_structure_actions.xml,smart_construction_core,project_structure_actions,PRODUCT_REQUIRED,"production,demo,acceptance,customer",explicit_tool_or_module_execution,required,module_owned_records_only,false,false,KEEP_AS_PRODUCT_OR_DELIVERY_CONFIGURATION
addons/smart_construction_core/data/approval_policy_seed.xml,smart_construction_core,approval_policy_seed,PRODUCT_REQUIRED,"production,demo,acceptance,customer",module_manifest_data,required,module_owned_records_only,false,false,KEEP_AS_PRODUCT_OR_DELIVERY_CONFIGURATION
addons/smart_construction_core/data/approval_policy_tier_sync.xml,smart_construction_core,approval_policy_tier_sync,PRODUCT_REQUIRED,"production,demo,acceptance,customer",module_manifest_data,required,module_owned_records_only,false,false,KEEP_AS_PRODUCT_OR_DELIVERY_CONFIGURATION
addons/smart_construction_core/data/approval_scope_seed.xml,smart_construction_core,approval_scope_seed,PRODUCT_REQUIRED,"production,demo,acceptance,customer",module_manifest_data,required,module_owned_records_only,false,false,KEEP_AS_PRODUCT_OR_DELIVERY_CONFIGURATION
addons/smart_construction_core/data/business_category_seed.xml,smart_construction_core,business_category_seed,PRODUCT_REQUIRED,"production,demo,acceptance,customer",module_manifest_data,required,module_owned_records_only,false,false,KEEP_AS_PRODUCT_OR_DELIVERY_CONFIGURATION
addons/smart_construction_core/data/business_category_template_binding_sync.xml,smart_construction_core,business_category_template_binding_sync,PRODUCT_REQUIRED,"production,demo,acceptance,customer",module_manifest_data,required,module_owned_records_only,false,false,KEEP_AS_PRODUCT_OR_DELIVERY_CONFIGURATION
addons/smart_construction_core/data/construction_plan_form_productization_contract.xml,smart_construction_core,construction_plan_form_productization_contract,PRODUCT_REQUIRED,"production,demo,acceptance,customer",module_manifest_data,required,module_owned_records_only,false,false,KEEP_AS_PRODUCT_OR_DELIVERY_CONFIGURATION
addons/smart_construction_core/data/contract_tier_actions.xml,smart_construction_core,contract_tier_actions,PRODUCT_REQUIRED,"production,demo,acceptance,customer",module_manifest_data,required,module_owned_records_only,false,false,KEEP_AS_PRODUCT_OR_DELIVERY_CONFIGURATION
addons/smart_construction_core/data/cron_signup_throttle_gc.xml,smart_construction_core,cron_signup_throttle_gc,PRODUCT_REQUIRED,"production,demo,acceptance,customer",module_manifest_data,required,module_owned_records_only,false,false,KEEP_AS_PRODUCT_OR_DELIVERY_CONFIGURATION
addons/smart_construction_core/data/currency_defaults.xml,smart_construction_core,currency_defaults,PRODUCT_REQUIRED,"production,demo,acceptance,customer",module_manifest_data,required,module_owned_records_only,false,false,KEEP_AS_PRODUCT_OR_DELIVERY_CONFIGURATION
addons/smart_construction_core/data/document_admin_form_productization_contract.xml,smart_construction_core,document_admin_form_productization_contract,PRODUCT_REQUIRED,"production,demo,acceptance,customer",module_manifest_data,required,module_owned_records_only,false,false,KEEP_AS_PRODUCT_OR_DELIVERY_CONFIGURATION
addons/smart_construction_core/data/equipment_request_settlement_form_productization_contract.xml,smart_construction_core,equipment_request_settlement_form_productization_contract,PRODUCT_REQUIRED,"production,demo,acceptance,customer",module_manifest_data,required,module_owned_records_only,false,false,KEEP_AS_PRODUCT_OR_DELIVERY_CONFIGURATION
addons/smart_construction_core/data/equipment_usage_form_productization_contract.xml,smart_construction_core,equipment_usage_form_productization_contract,PRODUCT_REQUIRED,"production,demo,acceptance,customer",module_manifest_data,required,module_owned_records_only,false,false,KEEP_AS_PRODUCT_OR_DELIVERY_CONFIGURATION
addons/smart_construction_core/data/expense_claim_category_migration.xml,smart_construction_core,expense_claim_category_migration,PRODUCT_REQUIRED,"production,demo,acceptance,customer",module_manifest_data,required,module_owned_records_only,false,false,KEEP_AS_PRODUCT_OR_DELIVERY_CONFIGURATION
addons/smart_construction_core/data/expense_claim_form_productization_contract.xml,smart_construction_core,expense_claim_form_productization_contract,PRODUCT_REQUIRED,"production,demo,acceptance,customer",module_manifest_data,required,module_owned_records_only,false,false,KEEP_AS_PRODUCT_OR_DELIVERY_CONFIGURATION
addons/smart_construction_core/data/expense_claim_tier_actions.xml,smart_construction_core,expense_claim_tier_actions,PRODUCT_REQUIRED,"production,demo,acceptance,customer",module_manifest_data,required,module_owned_records_only,false,false,KEEP_AS_PRODUCT_OR_DELIVERY_CONFIGURATION
addons/smart_construction_core/data/expense_contract_category_data.xml,smart_construction_core,expense_contract_category_data,PRODUCT_REQUIRED,"production,demo,acceptance,customer",module_manifest_data,required,module_owned_records_only,false,false,KEEP_AS_PRODUCT_OR_DELIVERY_CONFIGURATION
addons/smart_construction_core/data/finance_document_tier_actions.xml,smart_construction_core,finance_document_tier_actions,PRODUCT_REQUIRED,"production,demo,acceptance,customer",module_manifest_data,required,module_owned_records_only,false,false,KEEP_AS_PRODUCT_OR_DELIVERY_CONFIGURATION
addons/smart_construction_core/data/financing_loan_form_productization_contract.xml,smart_construction_core,financing_loan_form_productization_contract,PRODUCT_REQUIRED,"production,demo,acceptance,customer",module_manifest_data,required,module_owned_records_only,false,false,KEEP_AS_PRODUCT_OR_DELIVERY_CONFIGURATION
addons/smart_construction_core/data/formal_list_contract_sync.xml,smart_construction_core,formal_list_contract_sync,PRODUCT_REQUIRED,"production,demo,acceptance,customer",module_manifest_data,required,module_owned_records_only,false,false,KEEP_AS_PRODUCT_OR_DELIVERY_CONFIGURATION
addons/smart_construction_core/data/general_contract_tax_sync.xml,smart_construction_core,general_contract_tax_sync,PRODUCT_REFERENCE_SEED,"production,demo,acceptance,customer",module_manifest_data,required,preserve_user_modified_reference_values,false,false,KEEP_AS_DOCUMENTED_PRODUCT_REFERENCE_BASELINE
addons/smart_construction_core/data/hr_payroll_form_productization_contract.xml,smart_construction_core,hr_payroll_form_productization_contract,PRODUCT_REQUIRED,"production,demo,acceptance,customer",module_manifest_data,required,module_owned_records_only,false,false,KEEP_AS_PRODUCT_OR_DELIVERY_CONFIGURATION
addons/smart_construction_core/data/invoice_input_form_productization_contract.xml,smart_construction_core,invoice_input_form_productization_contract,PRODUCT_REQUIRED,"production,demo,acceptance,customer",module_manifest_data,required,module_owned_records_only,false,false,KEEP_AS_PRODUCT_OR_DELIVERY_CONFIGURATION
addons/smart_construction_core/data/invoice_output_tax_form_productization_contract.xml,smart_construction_core,invoice_output_tax_form_productization_contract,PRODUCT_REFERENCE_SEED,"production,demo,acceptance,customer",module_manifest_data,required,preserve_user_modified_reference_values,false,false,KEEP_AS_DOCUMENTED_PRODUCT_REFERENCE_BASELINE
addons/smart_construction_core/data/labor_equipment_plan_attendance_form_productization_contract.xml,smart_construction_core,labor_equipment_plan_attendance_form_productization_contract,PRODUCT_REQUIRED,"production,demo,acceptance,customer",module_manifest_data,required,module_owned_records_only,false,false,KEEP_AS_PRODUCT_OR_DELIVERY_CONFIGURATION
addons/smart_construction_core/data/labor_request_settlement_form_productization_contract.xml,smart_construction_core,labor_request_settlement_form_productization_contract,PRODUCT_REQUIRED,"production,demo,acceptance,customer",module_manifest_data,required,module_owned_records_only,false,false,KEEP_AS_PRODUCT_OR_DELIVERY_CONFIGURATION
addons/smart_construction_core/data/labor_usage_form_productization_contract.xml,smart_construction_core,labor_usage_form_productization_contract,PRODUCT_REQUIRED,"production,demo,acceptance,customer",module_manifest_data,required,module_owned_records_only,false,false,KEEP_AS_PRODUCT_OR_DELIVERY_CONFIGURATION
addons/smart_construction_core/data/material_outbound_tier_actions.xml,smart_construction_core,material_outbound_tier_actions,PRODUCT_REQUIRED,"production,demo,acceptance,customer",module_manifest_data,required,module_owned_records_only,false,false,KEEP_AS_PRODUCT_OR_DELIVERY_CONFIGURATION
addons/smart_construction_core/data/material_plan_tier_actions.xml,smart_construction_core,material_plan_tier_actions,PRODUCT_REQUIRED,"production,demo,acceptance,customer",module_manifest_data,required,module_owned_records_only,false,false,KEEP_AS_PRODUCT_OR_DELIVERY_CONFIGURATION
addons/smart_construction_core/data/menu_config_runtime_params.xml,smart_construction_core,menu_config_runtime_params,PRODUCT_REQUIRED,"production,demo,acceptance,customer",module_manifest_data,required,module_owned_records_only,false,false,KEEP_AS_PRODUCT_OR_DELIVERY_CONFIGURATION
addons/smart_construction_core/data/office_admin_form_productization_contract.xml,smart_construction_core,office_admin_form_productization_contract,PRODUCT_REQUIRED,"production,demo,acceptance,customer",module_manifest_data,required,module_owned_records_only,false,false,KEEP_AS_PRODUCT_OR_DELIVERY_CONFIGURATION
addons/smart_construction_core/data/p1_daily_business_form_orchestration_contract_data.xml,smart_construction_core,p1_daily_business_form_orchestration_contract_data,PRODUCT_REQUIRED,"production,demo,acceptance,customer",module_manifest_data,required,module_owned_records_only,false,false,KEEP_AS_PRODUCT_OR_DELIVERY_CONFIGURATION
addons/smart_construction_core/data/payment_execution_actual_outflow_form_productization_contract.xml,smart_construction_core,payment_execution_actual_outflow_form_productization_contract,PRODUCT_REQUIRED,"production,demo,acceptance,customer",module_manifest_data,required,module_owned_records_only,false,false,KEEP_AS_PRODUCT_OR_DELIVERY_CONFIGURATION
addons/smart_construction_core/data/payment_request_form_productization_contract.xml,smart_construction_core,payment_request_form_productization_contract,PRODUCT_REQUIRED,"production,demo,acceptance,customer",module_manifest_data,required,module_owned_records_only,false,false,KEEP_AS_PRODUCT_OR_DELIVERY_CONFIGURATION
addons/smart_construction_core/data/payment_request_tier_actions.xml,smart_construction_core,payment_request_tier_actions,PRODUCT_REQUIRED,"production,demo,acceptance,customer",module_manifest_data,required,module_owned_records_only,false,false,KEEP_AS_PRODUCT_OR_DELIVERY_CONFIGURATION
addons/smart_construction_core/data/product_policy_menu_sync.xml,smart_construction_core,product_policy_menu_sync,PRODUCT_REQUIRED,"production,demo,acceptance,customer",module_manifest_data,required,module_owned_records_only,false,false,KEEP_AS_PRODUCT_OR_DELIVERY_CONFIGURATION
addons/smart_construction_core/data/project_dictionary_data.xml,smart_construction_core,project_dictionary_data,PRODUCT_REFERENCE_SEED,"production,demo,acceptance,customer",module_manifest_data,required,preserve_user_modified_reference_values,false,false,KEEP_AS_DOCUMENTED_PRODUCT_REFERENCE_BASELINE
addons/smart_construction_core/data/project_next_action_rules.xml,smart_construction_core,project_next_action_rules,PRODUCT_REQUIRED,"production,demo,acceptance,customer",module_manifest_data,required,module_owned_records_only,false,false,KEEP_AS_PRODUCT_OR_DELIVERY_CONFIGURATION
addons/smart_construction_core/data/project_stage_data.xml,smart_construction_core,project_stage_data,PRODUCT_REFERENCE_SEED,"production,demo,acceptance,customer",module_manifest_data,required,preserve_user_modified_reference_values,false,false,KEEP_AS_DOCUMENTED_PRODUCT_REFERENCE_BASELINE
addons/smart_construction_core/data/project_stage_requirement_items.xml,smart_construction_core,project_stage_requirement_items,PRODUCT_REFERENCE_SEED,"production,demo,acceptance,customer",module_manifest_data,required,preserve_user_modified_reference_values,false,false,KEEP_AS_DOCUMENTED_PRODUCT_REFERENCE_BASELINE
addons/smart_construction_core/data/purchase_order_form_productization_contract.xml,smart_construction_core,purchase_order_form_productization_contract,PRODUCT_REQUIRED,"production,demo,acceptance,customer",module_manifest_data,required,module_owned_records_only,false,false,KEEP_AS_PRODUCT_OR_DELIVERY_CONFIGURATION
addons/smart_construction_core/data/purchase_order_tier_actions.xml,smart_construction_core,purchase_order_tier_actions,PRODUCT_REQUIRED,"production,demo,acceptance,customer",module_manifest_data,required,module_owned_records_only,false,false,KEEP_AS_PRODUCT_OR_DELIVERY_CONFIGURATION
addons/smart_construction_core/data/receipt_income_form_productization_contract.xml,smart_construction_core,receipt_income_form_productization_contract,PRODUCT_REQUIRED,"production,demo,acceptance,customer",module_manifest_data,required,module_owned_records_only,false,false,KEEP_AS_PRODUCT_OR_DELIVERY_CONFIGURATION
addons/smart_construction_core/data/remaining_p2_form_productization_contract.xml,smart_construction_core,remaining_p2_form_productization_contract,PRODUCT_REQUIRED,"production,demo,acceptance,customer",module_manifest_data,required,module_owned_records_only,false,false,KEEP_AS_PRODUCT_OR_DELIVERY_CONFIGURATION
addons/smart_construction_core/data/remaining_p3_form_productization_contract.xml,smart_construction_core,remaining_p3_form_productization_contract,PRODUCT_REQUIRED,"production,demo,acceptance,customer",module_manifest_data,required,module_owned_records_only,false,false,KEEP_AS_PRODUCT_OR_DELIVERY_CONFIGURATION
addons/smart_construction_core/data/sc_cap_config_admin_user.xml,smart_construction_core,sc_cap_config_admin_user,PRODUCT_REQUIRED,"production,demo,acceptance,customer",module_manifest_data,required,module_owned_records_only,false,false,KEEP_AS_PRODUCT_OR_DELIVERY_CONFIGURATION
addons/smart_construction_core/data/sc_capability_group_seed.xml,smart_construction_core,sc_capability_group_seed,PRODUCT_REQUIRED,"production,demo,acceptance,customer",module_manifest_data,required,module_owned_records_only,false,false,KEEP_AS_PRODUCT_OR_DELIVERY_CONFIGURATION
addons/smart_construction_core/data/sc_extension_params.xml,smart_construction_core,sc_extension_params,PRODUCT_REQUIRED,"production,demo,acceptance,customer",module_manifest_data,required,module_owned_records_only,false,false,KEEP_AS_PRODUCT_OR_DELIVERY_CONFIGURATION
addons/smart_construction_core/data/sc_scene_seed.xml,smart_construction_core,sc_scene_seed,PRODUCT_REQUIRED,"production,demo,acceptance,customer",module_manifest_data,required,module_owned_records_only,false,false,KEEP_AS_PRODUCT_OR_DELIVERY_CONFIGURATION
addons/smart_construction_core/data/sequence.xml,smart_construction_core,sequence,PRODUCT_REQUIRED,"production,demo,acceptance,customer",module_manifest_data,required,module_owned_records_only,false,false,KEEP_AS_PRODUCT_OR_DELIVERY_CONFIGURATION
addons/smart_construction_core/data/settlement_adjustment_form_productization_contract.xml,smart_construction_core,settlement_adjustment_form_productization_contract,PRODUCT_REQUIRED,"production,demo,acceptance,customer",module_manifest_data,required,module_owned_records_only,false,false,KEEP_AS_PRODUCT_OR_DELIVERY_CONFIGURATION
addons/smart_construction_core/data/settlement_order_form_productization_contract.xml,smart_construction_core,settlement_order_form_productization_contract,PRODUCT_REQUIRED,"production,demo,acceptance,customer",module_manifest_data,required,module_owned_records_only,false,false,KEEP_AS_PRODUCT_OR_DELIVERY_CONFIGURATION
addons/smart_construction_core/data/settlement_order_tier_actions.xml,smart_construction_core,settlement_order_tier_actions,PRODUCT_REQUIRED,"production,demo,acceptance,customer",module_manifest_data,required,module_owned_records_only,false,false,KEEP_AS_PRODUCT_OR_DELIVERY_CONFIGURATION
addons/smart_construction_core/data/subcontract_register_settlement_form_productization_contract.xml,smart_construction_core,subcontract_register_settlement_form_productization_contract,PRODUCT_REQUIRED,"production,demo,acceptance,customer",module_manifest_data,required,module_owned_records_only,false,false,KEEP_AS_PRODUCT_OR_DELIVERY_CONFIGURATION
addons/smart_construction_core/data/subcontract_request_form_productization_contract.xml,smart_construction_core,subcontract_request_form_productization_contract,PRODUCT_REQUIRED,"production,demo,acceptance,customer",module_manifest_data,required,module_owned_records_only,false,false,KEEP_AS_PRODUCT_OR_DELIVERY_CONFIGURATION
addons/smart_construction_core/data/supplier_type_data.xml,smart_construction_core,supplier_type_data,PRODUCT_REQUIRED,"production,demo,acceptance,customer",module_manifest_data,required,module_owned_records_only,false,false,KEEP_AS_PRODUCT_OR_DELIVERY_CONFIGURATION
addons/smart_construction_core/data/tax.xml,smart_construction_core,tax,PRODUCT_REFERENCE_SEED,"production,demo,acceptance,customer",module_manifest_data,required,preserve_user_modified_reference_values,false,false,KEEP_AS_DOCUMENTED_PRODUCT_REFERENCE_BASELINE
addons/smart_construction_core/data/tax_deduction_certificate_form_productization_contract.xml,smart_construction_core,tax_deduction_certificate_form_productization_contract,PRODUCT_REFERENCE_SEED,"production,demo,acceptance,customer",module_manifest_data,required,preserve_user_modified_reference_values,false,false,KEEP_AS_DOCUMENTED_PRODUCT_REFERENCE_BASELINE
addons/smart_construction_core/data/tender_bid_form_productization_contract.xml,smart_construction_core,tender_bid_form_productization_contract,PRODUCT_REQUIRED,"production,demo,acceptance,customer",module_manifest_data,required,module_owned_records_only,false,false,KEEP_AS_PRODUCT_OR_DELIVERY_CONFIGURATION
addons/smart_construction_core/data/view_orchestration_contract_data.xml,smart_construction_core,view_orchestration_contract_data,PRODUCT_REQUIRED,"production,demo,acceptance,customer",module_manifest_data,required,module_owned_records_only,false,false,KEEP_AS_PRODUCT_OR_DELIVERY_CONFIGURATION
addons/smart_construction_core/data/view_orchestration_contract_generated_data.xml,smart_construction_core,view_orchestration_contract_generated_data,PRODUCT_REQUIRED,"production,demo,acceptance,customer",module_manifest_data,required,module_owned_records_only,false,false,KEEP_AS_PRODUCT_OR_DELIVERY_CONFIGURATION
addons/smart_construction_core/data/view_orchestration_form_section_contract_data.xml,smart_construction_core,view_orchestration_form_section_contract_data,PRODUCT_REQUIRED,"production,demo,acceptance,customer",module_manifest_data,required,module_owned_records_only,false,false,KEEP_AS_PRODUCT_OR_DELIVERY_CONFIGURATION
addons/smart_construction_core/hooks.py,smart_construction_core,module_install_hook,PRODUCT_REQUIRED,"production,demo,acceptance,customer",module_install_hook,required,module_owned_records_only,false,false,KEEP_AS_PRODUCT_OR_DELIVERY_CONFIGURATION
addons/smart_construction_core/migrations/17.0.0.2/post-migration.py,smart_construction_core,module_upgrade_migration,PRODUCT_REQUIRED,"production,demo,acceptance,customer",module_upgrade_migration,required,module_owned_records_only,false,false,KEEP_AS_PRODUCT_OR_DELIVERY_CONFIGURATION
addons/smart_construction_core/migrations/17.0.0.3/post-migration.py,smart_construction_core,module_upgrade_migration,PRODUCT_REQUIRED,"production,demo,acceptance,customer",module_upgrade_migration,required,module_owned_records_only,false,false,KEEP_AS_PRODUCT_OR_DELIVERY_CONFIGURATION
addons/smart_construction_core/migrations/17.0.0.36/post-migration.py,smart_construction_core,module_upgrade_migration,PRODUCT_REQUIRED,"production,demo,acceptance,customer",module_upgrade_migration,required,module_owned_records_only,false,false,KEEP_AS_PRODUCT_OR_DELIVERY_CONFIGURATION
addons/smart_construction_core/migrations/17.0.0.37/post-migration.py,smart_construction_core,module_upgrade_migration,PRODUCT_REQUIRED,"production,demo,acceptance,customer",module_upgrade_migration,required,module_owned_records_only,false,false,KEEP_AS_PRODUCT_OR_DELIVERY_CONFIGURATION
addons/smart_construction_core/migrations/17.0.0.38/post-migration.py,smart_construction_core,module_upgrade_migration,PRODUCT_REQUIRED,"production,demo,acceptance,customer",module_upgrade_migration,required,module_owned_records_only,false,false,KEEP_AS_PRODUCT_OR_DELIVERY_CONFIGURATION
addons/smart_construction_core/migrations/17.0.0.39/post-migration.py,smart_construction_core,module_upgrade_migration,PRODUCT_REQUIRED,"production,demo,acceptance,customer",module_upgrade_migration,required,module_owned_records_only,false,false,KEEP_AS_PRODUCT_OR_DELIVERY_CONFIGURATION
addons/smart_construction_core/migrations/17.0.0.4/post-migration.py,smart_construction_core,module_upgrade_migration,PRODUCT_REQUIRED,"production,demo,acceptance,customer",module_upgrade_migration,required,module_owned_records_only,false,false,KEEP_AS_PRODUCT_OR_DELIVERY_CONFIGURATION
addons/smart_construction_core/migrations/17.0.0.40/post-migration.py,smart_construction_core,module_upgrade_migration,PRODUCT_REQUIRED,"production,demo,acceptance,customer",module_upgrade_migration,required,module_owned_records_only,false,false,KEEP_AS_PRODUCT_OR_DELIVERY_CONFIGURATION
addons/smart_construction_core/migrations/17.0.0.45/post-migration.py,smart_construction_core,module_upgrade_migration,PRODUCT_REQUIRED,"production,demo,acceptance,customer",module_upgrade_migration,required,module_owned_records_only,false,false,KEEP_AS_PRODUCT_OR_DELIVERY_CONFIGURATION
addons/smart_construction_core/migrations/17.0.0.52/post-migration.py,smart_construction_core,module_upgrade_migration,PRODUCT_REQUIRED,"production,demo,acceptance,customer",module_upgrade_migration,required,module_owned_records_only,false,false,KEEP_AS_PRODUCT_OR_DELIVERY_CONFIGURATION
addons/smart_construction_core/migrations/17.0.0.54/post-migration.py,smart_construction_core,module_upgrade_migration,PRODUCT_REQUIRED,"production,demo,acceptance,customer",module_upgrade_migration,required,module_owned_records_only,false,false,KEEP_AS_PRODUCT_OR_DELIVERY_CONFIGURATION
addons/smart_construction_core/migrations/17.0.0.55/post-migration.py,smart_construction_core,module_upgrade_migration,PRODUCT_REQUIRED,"production,demo,acceptance,customer",module_upgrade_migration,required,module_owned_records_only,false,false,KEEP_AS_PRODUCT_OR_DELIVERY_CONFIGURATION
addons/smart_construction_core/migrations/17.0.0.56/post-migration.py,smart_construction_core,module_upgrade_migration,PRODUCT_REQUIRED,"production,demo,acceptance,customer",module_upgrade_migration,required,module_owned_records_only,false,false,KEEP_AS_PRODUCT_OR_DELIVERY_CONFIGURATION
addons/smart_construction_core/migrations/17.0.0.57/post-migration.py,smart_construction_core,module_upgrade_migration,PRODUCT_REQUIRED,"production,demo,acceptance,customer",module_upgrade_migration,required,module_owned_records_only,false,false,KEEP_AS_PRODUCT_OR_DELIVERY_CONFIGURATION
addons/smart_construction_core/migrations/17.0.0.58/post-migration.py,smart_construction_core,module_upgrade_migration,PRODUCT_REQUIRED,"production,demo,acceptance,customer",module_upgrade_migration,required,module_owned_records_only,false,false,KEEP_AS_PRODUCT_OR_DELIVERY_CONFIGURATION
addons/smart_construction_core/migrations/17.0.0.59/post-migration.py,smart_construction_core,module_upgrade_migration,PRODUCT_REQUIRED,"production,demo,acceptance,customer",module_upgrade_migration,required,module_owned_records_only,false,false,KEEP_AS_PRODUCT_OR_DELIVERY_CONFIGURATION
addons/smart_construction_core/migrations/17.0.0.60/post-migration.py,smart_construction_core,module_upgrade_migration,PRODUCT_REQUIRED,"production,demo,acceptance,customer",module_upgrade_migration,required,module_owned_records_only,false,false,KEEP_AS_PRODUCT_OR_DELIVERY_CONFIGURATION
addons/smart_construction_core/migrations/17.0.0.61/post-migration.py,smart_construction_core,module_upgrade_migration,PRODUCT_REQUIRED,"production,demo,acceptance,customer",module_upgrade_migration,required,module_owned_records_only,false,false,KEEP_AS_PRODUCT_OR_DELIVERY_CONFIGURATION
addons/smart_construction_core/migrations/17.0.0.62/pre-migration.py,smart_construction_core,module_upgrade_migration,PRODUCT_REQUIRED,"production,demo,acceptance,customer",module_upgrade_migration,required,module_owned_records_only,false,false,KEEP_AS_PRODUCT_OR_DELIVERY_CONFIGURATION
addons/smart_construction_core/migrations/17.0.0.63/pre-migration.py,smart_construction_core,module_upgrade_migration,PRODUCT_REQUIRED,"production,demo,acceptance,customer",module_upgrade_migration,required,module_owned_records_only,false,false,KEEP_AS_PRODUCT_OR_DELIVERY_CONFIGURATION
addons/smart_construction_core/migrations/17.0.0.64/pre-migration.py,smart_construction_core,module_upgrade_migration,PRODUCT_REQUIRED,"production,demo,acceptance,customer",module_upgrade_migration,required,module_owned_records_only,false,false,KEEP_AS_PRODUCT_OR_DELIVERY_CONFIGURATION
addons/smart_construction_core/migrations/17.0.0.65/pre-migration.py,smart_construction_core,module_upgrade_migration,PRODUCT_REQUIRED,"production,demo,acceptance,customer",module_upgrade_migration,required,module_owned_records_only,false,false,KEEP_AS_PRODUCT_OR_DELIVERY_CONFIGURATION
addons/smart_construction_core/migrations/17.0.0.66/pre-migration.py,smart_construction_core,module_upgrade_migration,PRODUCT_REQUIRED,"production,demo,acceptance,customer",module_upgrade_migration,required,module_owned_records_only,false,false,KEEP_AS_PRODUCT_OR_DELIVERY_CONFIGURATION
addons/smart_construction_core/migrations/17.0.0.68/pre-migration.py,smart_construction_core,module_upgrade_migration,PRODUCT_REQUIRED,"production,demo,acceptance,customer",module_upgrade_migration,required,module_owned_records_only,false,false,KEEP_AS_PRODUCT_OR_DELIVERY_CONFIGURATION
addons/smart_construction_core/migrations/17.0.0.69/pre-migration.py,smart_construction_core,module_upgrade_migration,PRODUCT_REQUIRED,"production,demo,acceptance,customer",module_upgrade_migration,required,module_owned_records_only,false,false,KEEP_AS_PRODUCT_OR_DELIVERY_CONFIGURATION
addons/smart_construction_core/migrations/17.0.0.73/pre-migration.py,smart_construction_core,module_upgrade_migration,PRODUCT_REQUIRED,"production,demo,acceptance,customer",module_upgrade_migration,required,module_owned_records_only,false,false,KEEP_AS_PRODUCT_OR_DELIVERY_CONFIGURATION
addons/smart_construction_core/migrations/17.0.0.76/pre-migration.py,smart_construction_core,module_upgrade_migration,PRODUCT_REQUIRED,"production,demo,acceptance,customer",module_upgrade_migration,required,module_owned_records_only,false,false,KEEP_AS_PRODUCT_OR_DELIVERY_CONFIGURATION
addons/smart_construction_core/security/action_groups_patch.xml,smart_construction_core,action_groups_patch,PRODUCT_REQUIRED,"production,demo,acceptance,customer",explicit_tool_or_module_execution,required,module_owned_records_only,false,false,KEEP_AS_PRODUCT_OR_DELIVERY_CONFIGURATION
addons/smart_construction_core/security/ir.model.access.csv,smart_construction_core,ir.model.access,PRODUCT_REQUIRED,"production,demo,acceptance,customer",explicit_tool_or_module_execution,required,module_owned_records_only,false,false,KEEP_AS_PRODUCT_OR_DELIVERY_CONFIGURATION
addons/smart_construction_core/security/menu_tech_hide_patch.xml,smart_construction_core,menu_tech_hide_patch,PRODUCT_REQUIRED,"production,demo,acceptance,customer",explicit_tool_or_module_execution,required,module_owned_records_only,false,false,KEEP_AS_PRODUCT_OR_DELIVERY_CONFIGURATION
addons/smart_construction_core/security/runtime_user_permission_groups.xml,smart_construction_core,runtime_user_permission_groups,PRODUCT_REQUIRED,"production,demo,acceptance,customer",explicit_tool_or_module_execution,required,module_owned_records_only,false,false,KEEP_AS_PRODUCT_OR_DELIVERY_CONFIGURATION
addons/smart_construction_core/security/sc_capability_groups.xml,smart_construction_core,sc_capability_groups,PRODUCT_REQUIRED,"production,demo,acceptance,customer",explicit_tool_or_module_execution,required,module_owned_records_only,false,false,KEEP_AS_PRODUCT_OR_DELIVERY_CONFIGURATION
addons/smart_construction_core/security/sc_groups.xml,smart_construction_core,sc_groups,PRODUCT_REQUIRED,"production,demo,acceptance,customer",explicit_tool_or_module_execution,required,module_owned_records_only,false,false,KEEP_AS_PRODUCT_OR_DELIVERY_CONFIGURATION
addons/smart_construction_core/security/sc_model_records.xml,smart_construction_core,sc_model_records,PRODUCT_REQUIRED,"production,demo,acceptance,customer",explicit_tool_or_module_execution,required,module_owned_records_only,false,false,KEEP_AS_PRODUCT_OR_DELIVERY_CONFIGURATION
addons/smart_construction_core/security/sc_record_rules.xml,smart_construction_core,sc_record_rules,PRODUCT_REQUIRED,"production,demo,acceptance,customer",explicit_tool_or_module_execution,required,module_owned_records_only,false,false,KEEP_AS_PRODUCT_OR_DELIVERY_CONFIGURATION
addons/smart_construction_core/security/sc_role_groups.xml,smart_construction_core,sc_role_groups,PRODUCT_REQUIRED,"production,demo,acceptance,customer",explicit_tool_or_module_execution,required,module_owned_records_only,false,false,KEEP_AS_PRODUCT_OR_DELIVERY_CONFIGURATION
addons/smart_construction_core/security/sc_scene_rules.xml,smart_construction_core,sc_scene_rules,PRODUCT_REQUIRED,"production,demo,acceptance,customer",explicit_tool_or_module_execution,required,module_owned_records_only,false,false,KEEP_AS_PRODUCT_OR_DELIVERY_CONFIGURATION
addons/smart_construction_core/static/png/system-icon-1.png,smart_construction_core,system-icon-1,PRODUCT_REQUIRED,"production,demo,acceptance,customer",explicit_tool_or_module_execution,required,module_owned_records_only,false,false,KEEP_AS_PRODUCT_OR_DELIVERY_CONFIGURATION
addons/smart_construction_core/static/src/xml/form_status_indicator_patch.xml,smart_construction_core,form_status_indicator_patch,PRODUCT_REQUIRED,"production,demo,acceptance,customer",explicit_tool_or_module_execution,required,module_owned_records_only,false,false,KEEP_AS_PRODUCT_OR_DELIVERY_CONFIGURATION
addons/smart_construction_core/static/src/xml/project_quota_center.xml,smart_construction_core,project_quota_center,PRODUCT_REQUIRED,"production,demo,acceptance,customer",explicit_tool_or_module_execution,required,module_owned_records_only,false,false,KEEP_AS_PRODUCT_OR_DELIVERY_CONFIGURATION
addons/smart_construction_core/static/src/xml/sc_project_workbench.xml,smart_construction_core,sc_project_workbench,PRODUCT_REQUIRED,"production,demo,acceptance,customer",explicit_tool_or_module_execution,required,module_owned_records_only,false,false,KEEP_AS_PRODUCT_OR_DELIVERY_CONFIGURATION
addons/smart_construction_core/static/src/xml/sc_sidebar.xml,smart_construction_core,sc_sidebar,PRODUCT_REQUIRED,"production,demo,acceptance,customer",explicit_tool_or_module_execution,required,module_owned_records_only,false,false,KEEP_AS_PRODUCT_OR_DELIVERY_CONFIGURATION
addons/smart_construction_core/static/src/xml/sc_sidebar_header.xml,smart_construction_core,sc_sidebar_header,PRODUCT_REQUIRED,"production,demo,acceptance,customer",explicit_tool_or_module_execution,required,module_owned_records_only,false,false,KEEP_AS_PRODUCT_OR_DELIVERY_CONFIGURATION
addons/smart_construction_core/static/src/xml/title_manager.xml,smart_construction_core,title_manager,PRODUCT_REQUIRED,"production,demo,acceptance,customer",explicit_tool_or_module_execution,required,module_owned_records_only,false,false,KEEP_AS_PRODUCT_OR_DELIVERY_CONFIGURATION
addons/smart_construction_core/views/core/boq_views.xml,smart_construction_core,boq_views,PRODUCT_REQUIRED,"production,demo,acceptance,customer",explicit_tool_or_module_execution,required,module_owned_records_only,false,false,KEEP_AS_PRODUCT_OR_DELIVERY_CONFIGURATION
addons/smart_construction_core/views/core/business_menu_fact_views.xml,smart_construction_core,business_menu_fact_views,PRODUCT_REQUIRED,"production,demo,acceptance,customer",explicit_tool_or_module_execution,required,module_owned_records_only,false,false,KEEP_AS_PRODUCT_OR_DELIVERY_CONFIGURATION
addons/smart_construction_core/views/core/construction_diary_views.xml,smart_construction_core,construction_diary_views,PRODUCT_REQUIRED,"production,demo,acceptance,customer",explicit_tool_or_module_execution,required,module_owned_records_only,false,false,KEEP_AS_PRODUCT_OR_DELIVERY_CONFIGURATION
addons/smart_construction_core/views/core/contract_event_views.xml,smart_construction_core,contract_event_views,PRODUCT_REQUIRED,"production,demo,acceptance,customer",explicit_tool_or_module_execution,required,module_owned_records_only,false,false,KEEP_AS_PRODUCT_OR_DELIVERY_CONFIGURATION
addons/smart_construction_core/views/core/contract_line_search.xml,smart_construction_core,contract_line_search,PRODUCT_REQUIRED,"production,demo,acceptance,customer",explicit_tool_or_module_execution,required,module_owned_records_only,false,false,KEEP_AS_PRODUCT_OR_DELIVERY_CONFIGURATION
addons/smart_construction_core/views/core/contract_views.xml,smart_construction_core,contract_views,PRODUCT_REQUIRED,"production,demo,acceptance,customer",explicit_tool_or_module_execution,required,module_owned_records_only,false,false,KEEP_AS_PRODUCT_OR_DELIVERY_CONFIGURATION
addons/smart_construction_core/views/core/cost_domain_views.xml,smart_construction_core,cost_domain_views,PRODUCT_REQUIRED,"production,demo,acceptance,customer",explicit_tool_or_module_execution,required,module_owned_records_only,false,false,KEEP_AS_PRODUCT_OR_DELIVERY_CONFIGURATION
addons/smart_construction_core/views/core/document_admin_document_views.xml,smart_construction_core,document_admin_document_views,PRODUCT_REQUIRED,"production,demo,acceptance,customer",explicit_tool_or_module_execution,required,module_owned_records_only,false,false,KEEP_AS_PRODUCT_OR_DELIVERY_CONFIGURATION
addons/smart_construction_core/views/core/equipment_management_views.xml,smart_construction_core,equipment_management_views,PRODUCT_REQUIRED,"production,demo,acceptance,customer",explicit_tool_or_module_execution,required,module_owned_records_only,false,false,KEEP_AS_PRODUCT_OR_DELIVERY_CONFIGURATION
addons/smart_construction_core/views/core/execution_structure_views.xml,smart_construction_core,execution_structure_views,PRODUCT_REQUIRED,"production,demo,acceptance,customer",explicit_tool_or_module_execution,required,module_owned_records_only,false,false,KEEP_AS_PRODUCT_OR_DELIVERY_CONFIGURATION
addons/smart_construction_core/views/core/expense_business_fact_taxonomy_views.xml,smart_construction_core,expense_business_fact_taxonomy_views,PRODUCT_REQUIRED,"production,demo,acceptance,customer",explicit_tool_or_module_execution,required,module_owned_records_only,false,false,KEEP_AS_PRODUCT_OR_DELIVERY_CONFIGURATION
addons/smart_construction_core/views/core/expense_claim_views.xml,smart_construction_core,expense_claim_views,PRODUCT_REQUIRED,"production,demo,acceptance,customer",explicit_tool_or_module_execution,required,module_owned_records_only,false,false,KEEP_AS_PRODUCT_OR_DELIVERY_CONFIGURATION
addons/smart_construction_core/views/core/expense_contract_ledger_views.xml,smart_construction_core,expense_contract_ledger_views,PRODUCT_REQUIRED,"production,demo,acceptance,customer",explicit_tool_or_module_execution,required,module_owned_records_only,false,false,KEEP_AS_PRODUCT_OR_DELIVERY_CONFIGURATION
addons/smart_construction_core/views/core/financing_loan_views.xml,smart_construction_core,financing_loan_views,PRODUCT_REQUIRED,"production,demo,acceptance,customer",explicit_tool_or_module_execution,required,module_owned_records_only,false,false,KEEP_AS_PRODUCT_OR_DELIVERY_CONFIGURATION
addons/smart_construction_core/views/core/fund_account_operation_views.xml,smart_construction_core,fund_account_operation_views,PRODUCT_REQUIRED,"production,demo,acceptance,customer",explicit_tool_or_module_execution,required,module_owned_records_only,false,false,KEEP_AS_PRODUCT_OR_DELIVERY_CONFIGURATION
addons/smart_construction_core/views/core/fund_account_views.xml,smart_construction_core,fund_account_views,PRODUCT_REQUIRED,"production,demo,acceptance,customer",explicit_tool_or_module_execution,required,module_owned_records_only,false,false,KEEP_AS_PRODUCT_OR_DELIVERY_CONFIGURATION
addons/smart_construction_core/views/core/fund_legacy_readonly_archive_views.xml,smart_construction_core,fund_legacy_readonly_archive_views,PRODUCT_REQUIRED,"production,demo,acceptance,customer",explicit_tool_or_module_execution,required,module_owned_records_only,false,false,KEEP_AS_PRODUCT_OR_DELIVERY_CONFIGURATION
addons/smart_construction_core/views/core/funding_actual_event_allocation_views.xml,smart_construction_core,funding_actual_event_allocation_views,PRODUCT_REQUIRED,"production,demo,acceptance,customer",explicit_tool_or_module_execution,required,module_owned_records_only,false,false,KEEP_AS_PRODUCT_OR_DELIVERY_CONFIGURATION
addons/smart_construction_core/views/core/funding_baseline_views.xml,smart_construction_core,funding_baseline_views,PRODUCT_REQUIRED,"production,demo,acceptance,customer",explicit_tool_or_module_execution,required,module_owned_records_only,false,false,KEEP_AS_PRODUCT_OR_DELIVERY_CONFIGURATION
addons/smart_construction_core/views/core/general_contract_views.xml,smart_construction_core,general_contract_views,PRODUCT_REQUIRED,"production,demo,acceptance,customer",explicit_tool_or_module_execution,required,module_owned_records_only,false,false,KEEP_AS_PRODUCT_OR_DELIVERY_CONFIGURATION
addons/smart_construction_core/views/core/hr_payroll_document_views.xml,smart_construction_core,hr_payroll_document_views,PRODUCT_REQUIRED,"production,demo,acceptance,customer",explicit_tool_or_module_execution,required,module_owned_records_only,false,false,KEEP_AS_PRODUCT_OR_DELIVERY_CONFIGURATION
addons/smart_construction_core/views/core/income_contract_ledger_views.xml,smart_construction_core,income_contract_ledger_views,PRODUCT_REQUIRED,"production,demo,acceptance,customer",explicit_tool_or_module_execution,required,module_owned_records_only,false,false,KEEP_AS_PRODUCT_OR_DELIVERY_CONFIGURATION
addons/smart_construction_core/views/core/invoice_registration_views.xml,smart_construction_core,invoice_registration_views,PRODUCT_REQUIRED,"production,demo,acceptance,customer",explicit_tool_or_module_execution,required,module_owned_records_only,false,false,KEEP_AS_PRODUCT_OR_DELIVERY_CONFIGURATION
addons/smart_construction_core/views/core/labor_management_views.xml,smart_construction_core,labor_management_views,PRODUCT_REQUIRED,"production,demo,acceptance,customer",explicit_tool_or_module_execution,required,module_owned_records_only,false,false,KEEP_AS_PRODUCT_OR_DELIVERY_CONFIGURATION
addons/smart_construction_core/views/core/material_acceptance_views.xml,smart_construction_core,material_acceptance_views,PRODUCT_REQUIRED,"production,demo,acceptance,customer",explicit_tool_or_module_execution,required,module_owned_records_only,false,false,KEEP_AS_PRODUCT_OR_DELIVERY_CONFIGURATION
addons/smart_construction_core/views/core/material_plan_views.xml,smart_construction_core,material_plan_views,PRODUCT_REQUIRED,"production,demo,acceptance,customer",explicit_tool_or_module_execution,required,module_owned_records_only,false,false,KEEP_AS_PRODUCT_OR_DELIVERY_CONFIGURATION
addons/smart_construction_core/views/core/material_rental_views.xml,smart_construction_core,material_rental_views,PRODUCT_REQUIRED,"production,demo,acceptance,customer",explicit_tool_or_module_execution,required,module_owned_records_only,false,false,KEEP_AS_PRODUCT_OR_DELIVERY_CONFIGURATION
addons/smart_construction_core/views/core/office_admin_document_views.xml,smart_construction_core,office_admin_document_views,PRODUCT_REQUIRED,"production,demo,acceptance,customer",explicit_tool_or_module_execution,required,module_owned_records_only,false,false,KEEP_AS_PRODUCT_OR_DELIVERY_CONFIGURATION
addons/smart_construction_core/views/core/output_invoice_adjustment_views.xml,smart_construction_core,output_invoice_adjustment_views,PRODUCT_REQUIRED,"production,demo,acceptance,customer",explicit_tool_or_module_execution,required,module_owned_records_only,false,false,KEEP_AS_PRODUCT_OR_DELIVERY_CONFIGURATION
addons/smart_construction_core/views/core/output_invoice_ledger_views.xml,smart_construction_core,output_invoice_ledger_views,PRODUCT_REQUIRED,"production,demo,acceptance,customer",explicit_tool_or_module_execution,required,module_owned_records_only,false,false,KEEP_AS_PRODUCT_OR_DELIVERY_CONFIGURATION
addons/smart_construction_core/views/core/payment_execution_views.xml,smart_construction_core,payment_execution_views,PRODUCT_REQUIRED,"production,demo,acceptance,customer",explicit_tool_or_module_execution,required,module_owned_records_only,false,false,KEEP_AS_PRODUCT_OR_DELIVERY_CONFIGURATION
addons/smart_construction_core/views/core/payment_ledger_views.xml,smart_construction_core,payment_ledger_views,PRODUCT_REQUIRED,"production,demo,acceptance,customer",explicit_tool_or_module_execution,required,module_owned_records_only,false,false,KEEP_AS_PRODUCT_OR_DELIVERY_CONFIGURATION
addons/smart_construction_core/views/core/payment_request_line_views.xml,smart_construction_core,payment_request_line_views,PRODUCT_REQUIRED,"production,demo,acceptance,customer",explicit_tool_or_module_execution,required,module_owned_records_only,false,false,KEEP_AS_PRODUCT_OR_DELIVERY_CONFIGURATION
addons/smart_construction_core/views/core/payment_request_views.xml,smart_construction_core,payment_request_views,PRODUCT_REQUIRED,"production,demo,acceptance,customer",explicit_tool_or_module_execution,required,module_owned_records_only,false,false,KEEP_AS_PRODUCT_OR_DELIVERY_CONFIGURATION
addons/smart_construction_core/views/core/plan_management_views.xml,smart_construction_core,plan_management_views,PRODUCT_REQUIRED,"production,demo,acceptance,customer",explicit_tool_or_module_execution,required,module_owned_records_only,false,false,KEEP_AS_PRODUCT_OR_DELIVERY_CONFIGURATION
addons/smart_construction_core/views/core/project_boq_import_views.xml,smart_construction_core,project_boq_import_views,PRODUCT_REQUIRED,"production,demo,acceptance,customer",explicit_tool_or_module_execution,required,module_owned_records_only,false,false,KEEP_AS_PRODUCT_OR_DELIVERY_CONFIGURATION
addons/smart_construction_core/views/core/project_budget_views.xml,smart_construction_core,project_budget_views,PRODUCT_REQUIRED,"production,demo,acceptance,customer",explicit_tool_or_module_execution,required,module_owned_records_only,false,false,KEEP_AS_PRODUCT_OR_DELIVERY_CONFIGURATION
addons/smart_construction_core/views/core/project_extend_boq_views.xml,smart_construction_core,project_extend_boq_views,PRODUCT_REQUIRED,"production,demo,acceptance,customer",explicit_tool_or_module_execution,required,module_owned_records_only,false,false,KEEP_AS_PRODUCT_OR_DELIVERY_CONFIGURATION
addons/smart_construction_core/views/core/project_lifecycle_kanban_views.xml,smart_construction_core,project_lifecycle_kanban_views,PRODUCT_REQUIRED,"production,demo,acceptance,customer",explicit_tool_or_module_execution,required,module_owned_records_only,false,false,KEEP_AS_PRODUCT_OR_DELIVERY_CONFIGURATION
addons/smart_construction_core/views/core/project_list_views.xml,smart_construction_core,project_list_views,PRODUCT_REQUIRED,"production,demo,acceptance,customer",explicit_tool_or_module_execution,required,module_owned_records_only,false,false,KEEP_AS_PRODUCT_OR_DELIVERY_CONFIGURATION
addons/smart_construction_core/views/core/project_overview_views.xml,smart_construction_core,project_overview_views,PRODUCT_REQUIRED,"production,demo,acceptance,customer",explicit_tool_or_module_execution,required,module_owned_records_only,false,false,KEEP_AS_PRODUCT_OR_DELIVERY_CONFIGURATION
addons/smart_construction_core/views/core/project_project_financial_views.xml,smart_construction_core,project_project_financial_views,PRODUCT_REQUIRED,"production,demo,acceptance,customer",explicit_tool_or_module_execution,required,module_owned_records_only,false,false,KEEP_AS_PRODUCT_OR_DELIVERY_CONFIGURATION
addons/smart_construction_core/views/core/project_quick_create_wizard_views.xml,smart_construction_core,project_quick_create_wizard_views,PRODUCT_REQUIRED,"production,demo,acceptance,customer",explicit_tool_or_module_execution,required,module_owned_records_only,false,false,KEEP_AS_PRODUCT_OR_DELIVERY_CONFIGURATION
addons/smart_construction_core/views/core/project_search_views.xml,smart_construction_core,project_search_views,PRODUCT_REQUIRED,"production,demo,acceptance,customer",explicit_tool_or_module_execution,required,module_owned_records_only,false,false,KEEP_AS_PRODUCT_OR_DELIVERY_CONFIGURATION
addons/smart_construction_core/views/core/project_structure_views.xml,smart_construction_core,project_structure_views,PRODUCT_REQUIRED,"production,demo,acceptance,customer",explicit_tool_or_module_execution,required,module_owned_records_only,false,false,KEEP_AS_PRODUCT_OR_DELIVERY_CONFIGURATION
addons/smart_construction_core/views/core/project_task_from_boq_views.xml,smart_construction_core,project_task_from_boq_views,PRODUCT_REQUIRED,"production,demo,acceptance,customer",explicit_tool_or_module_execution,required,module_owned_records_only,false,false,KEEP_AS_PRODUCT_OR_DELIVERY_CONFIGURATION
addons/smart_construction_core/views/core/project_views.xml,smart_construction_core,project_views,PRODUCT_REQUIRED,"production,demo,acceptance,customer",explicit_tool_or_module_execution,required,module_owned_records_only,false,false,KEEP_AS_PRODUCT_OR_DELIVERY_CONFIGURATION
addons/smart_construction_core/views/core/purchase_extend_views.xml,smart_construction_core,purchase_extend_views,PRODUCT_REQUIRED,"production,demo,acceptance,customer",explicit_tool_or_module_execution,required,module_owned_records_only,false,false,KEEP_AS_PRODUCT_OR_DELIVERY_CONFIGURATION
addons/smart_construction_core/views/core/quality_management_views.xml,smart_construction_core,quality_management_views,PRODUCT_REQUIRED,"production,demo,acceptance,customer",explicit_tool_or_module_execution,required,module_owned_records_only,false,false,KEEP_AS_PRODUCT_OR_DELIVERY_CONFIGURATION
addons/smart_construction_core/views/core/receipt_income_views.xml,smart_construction_core,receipt_income_views,PRODUCT_REQUIRED,"production,demo,acceptance,customer",explicit_tool_or_module_execution,required,module_owned_records_only,false,false,KEEP_AS_PRODUCT_OR_DELIVERY_CONFIGURATION
addons/smart_construction_core/views/core/receipt_invoice_line_views.xml,smart_construction_core,receipt_invoice_line_views,PRODUCT_REQUIRED,"production,demo,acceptance,customer",explicit_tool_or_module_execution,required,module_owned_records_only,false,false,KEEP_AS_PRODUCT_OR_DELIVERY_CONFIGURATION
addons/smart_construction_core/views/core/safety_management_views.xml,smart_construction_core,safety_management_views,PRODUCT_REQUIRED,"production,demo,acceptance,customer",explicit_tool_or_module_execution,required,module_owned_records_only,false,false,KEEP_AS_PRODUCT_OR_DELIVERY_CONFIGURATION
addons/smart_construction_core/views/core/self_funding_registration_views.xml,smart_construction_core,self_funding_registration_views,PRODUCT_REQUIRED,"production,demo,acceptance,customer",explicit_tool_or_module_execution,required,module_owned_records_only,false,false,KEEP_AS_PRODUCT_OR_DELIVERY_CONFIGURATION
addons/smart_construction_core/views/core/settlement_views.xml,smart_construction_core,settlement_views,PRODUCT_REQUIRED,"production,demo,acceptance,customer",explicit_tool_or_module_execution,required,module_owned_records_only,false,false,KEEP_AS_PRODUCT_OR_DELIVERY_CONFIGURATION
addons/smart_construction_core/views/core/subcontract_management_views.xml,smart_construction_core,subcontract_management_views,PRODUCT_REQUIRED,"production,demo,acceptance,customer",explicit_tool_or_module_execution,required,module_owned_records_only,false,false,KEEP_AS_PRODUCT_OR_DELIVERY_CONFIGURATION
addons/smart_construction_core/views/core/task_boq_views.xml,smart_construction_core,task_boq_views,PRODUCT_REQUIRED,"production,demo,acceptance,customer",explicit_tool_or_module_execution,required,module_owned_records_only,false,false,KEEP_AS_PRODUCT_OR_DELIVERY_CONFIGURATION
addons/smart_construction_core/views/core/tax_certificate_registration_views.xml,smart_construction_core,tax_certificate_registration_views,PRODUCT_REQUIRED,"production,demo,acceptance,customer",explicit_tool_or_module_execution,required,module_owned_records_only,false,false,KEEP_AS_PRODUCT_OR_DELIVERY_CONFIGURATION
addons/smart_construction_core/views/core/tax_deduction_registration_views.xml,smart_construction_core,tax_deduction_registration_views,PRODUCT_REQUIRED,"production,demo,acceptance,customer",explicit_tool_or_module_execution,required,module_owned_records_only,false,false,KEEP_AS_PRODUCT_OR_DELIVERY_CONFIGURATION
addons/smart_construction_core/views/core/treasury_reconciliation_views.xml,smart_construction_core,treasury_reconciliation_views,PRODUCT_REQUIRED,"production,demo,acceptance,customer",explicit_tool_or_module_execution,required,module_owned_records_only,false,false,KEEP_AS_PRODUCT_OR_DELIVERY_CONFIGURATION
addons/smart_construction_core/views/core/workflow_views.xml,smart_construction_core,workflow_views,PRODUCT_REQUIRED,"production,demo,acceptance,customer",explicit_tool_or_module_execution,required,module_owned_records_only,false,false,KEEP_AS_PRODUCT_OR_DELIVERY_CONFIGURATION
addons/smart_construction_core/views/login_templates.xml,smart_construction_core,login_templates,PRODUCT_REQUIRED,"production,demo,acceptance,customer",explicit_tool_or_module_execution,required,module_owned_records_only,false,false,KEEP_AS_PRODUCT_OR_DELIVERY_CONFIGURATION
addons/smart_construction_core/views/menu.xml,smart_construction_core,menu,PRODUCT_REQUIRED,"production,demo,acceptance,customer",explicit_tool_or_module_execution,required,module_owned_records_only,false,false,KEEP_AS_PRODUCT_OR_DELIVERY_CONFIGURATION
addons/smart_construction_core/views/menu_business_taxonomy.xml,smart_construction_core,menu_business_taxonomy,PRODUCT_REQUIRED,"production,demo,acceptance,customer",explicit_tool_or_module_execution,required,module_owned_records_only,false,false,KEEP_AS_PRODUCT_OR_DELIVERY_CONFIGURATION
addons/smart_construction_core/views/menu_business_taxonomy_groups.xml,smart_construction_core,menu_business_taxonomy_groups,PRODUCT_REQUIRED,"production,demo,acceptance,customer",explicit_tool_or_module_execution,required,module_owned_records_only,false,false,KEEP_AS_PRODUCT_OR_DELIVERY_CONFIGURATION
addons/smart_construction_core/views/menu_centers.xml,smart_construction_core,menu_centers,PRODUCT_REQUIRED,"production,demo,acceptance,customer",explicit_tool_or_module_execution,required,module_owned_records_only,false,false,KEEP_AS_PRODUCT_OR_DELIVERY_CONFIGURATION
addons/smart_construction_core/views/menu_contract_product_release.xml,smart_construction_core,menu_contract_product_release,PRODUCT_REQUIRED,"production,demo,acceptance,customer",explicit_tool_or_module_execution,required,module_owned_records_only,false,false,KEEP_AS_PRODUCT_OR_DELIVERY_CONFIGURATION
addons/smart_construction_core/views/menu_finance_center.xml,smart_construction_core,menu_finance_center,PRODUCT_REQUIRED,"production,demo,acceptance,customer",explicit_tool_or_module_execution,required,module_owned_records_only,false,false,KEEP_AS_PRODUCT_OR_DELIVERY_CONFIGURATION
addons/smart_construction_core/views/menu_legacy_direct_project_acceptance.xml,smart_construction_core,menu_legacy_direct_project_acceptance,PRODUCT_REQUIRED,"production,demo,acceptance,customer",explicit_tool_or_module_execution,required,module_owned_records_only,false,false,KEEP_AS_PRODUCT_OR_DELIVERY_CONFIGURATION
addons/smart_construction_core/views/menu_root.xml,smart_construction_core,menu_root,PRODUCT_REQUIRED,"production,demo,acceptance,customer",explicit_tool_or_module_execution,required,module_owned_records_only,false,false,KEEP_AS_PRODUCT_OR_DELIVERY_CONFIGURATION
addons/smart_construction_core/views/menu_user_acceptance_cleanup.xml,smart_construction_core,menu_user_acceptance_cleanup,PRODUCT_REQUIRED,"production,demo,acceptance,customer",explicit_tool_or_module_execution,required,module_owned_records_only,false,false,KEEP_AS_PRODUCT_OR_DELIVERY_CONFIGURATION
addons/smart_construction_core/views/project_workbench_action.xml,smart_construction_core,project_workbench_action,PRODUCT_REQUIRED,"production,demo,acceptance,customer",explicit_tool_or_module_execution,required,module_owned_records_only,false,false,KEEP_AS_PRODUCT_OR_DELIVERY_CONFIGURATION
addons/smart_construction_core/views/projection/ar_ap_company_summary_views.xml,smart_construction_core,ar_ap_company_summary_views,PRODUCT_REQUIRED,"production,demo,acceptance,customer",explicit_tool_or_module_execution,required,module_owned_records_only,false,false,KEEP_AS_PRODUCT_OR_DELIVERY_CONFIGURATION
addons/smart_construction_core/views/projection/ar_ap_project_summary_views.xml,smart_construction_core,ar_ap_project_summary_views,PRODUCT_REQUIRED,"production,demo,acceptance,customer",explicit_tool_or_module_execution,required,module_owned_records_only,false,false,KEEP_AS_PRODUCT_OR_DELIVERY_CONFIGURATION
addons/smart_construction_core/views/projection/ar_ap_report_summary_views.xml,smart_construction_core,ar_ap_report_summary_views,PRODUCT_REQUIRED,"production,demo,acceptance,customer",explicit_tool_or_module_execution,required,module_owned_records_only,false,false,KEEP_AS_PRODUCT_OR_DELIVERY_CONFIGURATION
addons/smart_construction_core/views/projection/company_contractor_responsibility_fact_views.xml,smart_construction_core,company_contractor_responsibility_fact_views,PRODUCT_REQUIRED,"production,demo,acceptance,customer",explicit_tool_or_module_execution,required,module_owned_records_only,false,false,KEEP_AS_PRODUCT_OR_DELIVERY_CONFIGURATION
addons/smart_construction_core/views/projection/company_contractor_responsibility_summary_views.xml,smart_construction_core,company_contractor_responsibility_summary_views,PRODUCT_REQUIRED,"production,demo,acceptance,customer",explicit_tool_or_module_execution,required,module_owned_records_only,false,false,KEEP_AS_PRODUCT_OR_DELIVERY_CONFIGURATION
addons/smart_construction_core/views/projection/company_operation_summary_views.xml,smart_construction_core,company_operation_summary_views,PRODUCT_REQUIRED,"production,demo,acceptance,customer",explicit_tool_or_module_execution,required,module_owned_records_only,false,false,KEEP_AS_PRODUCT_OR_DELIVERY_CONFIGURATION
addons/smart_construction_core/views/projection/comprehensive_cost_summary_views.xml,smart_construction_core,comprehensive_cost_summary_views,PRODUCT_REQUIRED,"production,demo,acceptance,customer",explicit_tool_or_module_execution,required,module_owned_records_only,false,false,KEEP_AS_PRODUCT_OR_DELIVERY_CONFIGURATION
addons/smart_construction_core/views/projection/expense_salary_summary_views.xml,smart_construction_core,expense_salary_summary_views,PRODUCT_REQUIRED,"production,demo,acceptance,customer",explicit_tool_or_module_execution,required,module_owned_records_only,false,false,KEEP_AS_PRODUCT_OR_DELIVERY_CONFIGURATION
addons/smart_construction_core/views/projection/finance_business_fact_views.xml,smart_construction_core,finance_business_fact_views,PRODUCT_REQUIRED,"production,demo,acceptance,customer",explicit_tool_or_module_execution,required,module_owned_records_only,false,false,KEEP_AS_PRODUCT_OR_DELIVERY_CONFIGURATION
addons/smart_construction_core/views/projection/finance_business_project_summary_views.xml,smart_construction_core,finance_business_project_summary_views,PRODUCT_REQUIRED,"production,demo,acceptance,customer",explicit_tool_or_module_execution,required,module_owned_records_only,false,false,KEEP_AS_PRODUCT_OR_DELIVERY_CONFIGURATION
addons/smart_construction_core/views/projection/finance_counterparty_position_summary_views.xml,smart_construction_core,finance_counterparty_position_summary_views,PRODUCT_REQUIRED,"production,demo,acceptance,customer",explicit_tool_or_module_execution,required,module_owned_records_only,false,false,KEEP_AS_PRODUCT_OR_DELIVERY_CONFIGURATION
addons/smart_construction_core/views/projection/finance_interfund_position_menu.xml,smart_construction_core,finance_interfund_position_menu,PRODUCT_REQUIRED,"production,demo,acceptance,customer",explicit_tool_or_module_execution,required,module_owned_records_only,false,false,KEEP_AS_PRODUCT_OR_DELIVERY_CONFIGURATION
addons/smart_construction_core/views/projection/finance_project_capital_position_views.xml,smart_construction_core,finance_project_capital_position_views,PRODUCT_REQUIRED,"production,demo,acceptance,customer",explicit_tool_or_module_execution,required,module_owned_records_only,false,false,KEEP_AS_PRODUCT_OR_DELIVERY_CONFIGURATION
addons/smart_construction_core/views/projection/finance_project_counterparty_position_views.xml,smart_construction_core,finance_project_counterparty_position_views,PRODUCT_REQUIRED,"production,demo,acceptance,customer",explicit_tool_or_module_execution,required,module_owned_records_only,false,false,KEEP_AS_PRODUCT_OR_DELIVERY_CONFIGURATION
addons/smart_construction_core/views/projection/fund_daily_views.xml,smart_construction_core,fund_daily_views,PRODUCT_REQUIRED,"production,demo,acceptance,customer",explicit_tool_or_module_execution,required,module_owned_records_only,false,false,KEEP_AS_PRODUCT_OR_DELIVERY_CONFIGURATION
addons/smart_construction_core/views/projection/interfund_movement_fact_views.xml,smart_construction_core,interfund_movement_fact_views,PRODUCT_REQUIRED,"production,demo,acceptance,customer",explicit_tool_or_module_execution,required,module_owned_records_only,false,false,KEEP_AS_PRODUCT_OR_DELIVERY_CONFIGURATION
addons/smart_construction_core/views/projection/interfund_movement_project_summary_views.xml,smart_construction_core,interfund_movement_project_summary_views,PRODUCT_REQUIRED,"production,demo,acceptance,customer",explicit_tool_or_module_execution,required,module_owned_records_only,false,false,KEEP_AS_PRODUCT_OR_DELIVERY_CONFIGURATION
addons/smart_construction_core/views/projection/invoice_category_summary_views.xml,smart_construction_core,invoice_category_summary_views,PRODUCT_REQUIRED,"production,demo,acceptance,customer",explicit_tool_or_module_execution,required,module_owned_records_only,false,false,KEEP_AS_PRODUCT_OR_DELIVERY_CONFIGURATION
addons/smart_construction_core/views/projection/material_stock_summary_views.xml,smart_construction_core,material_stock_summary_views,PRODUCT_REQUIRED,"production,demo,acceptance,customer",explicit_tool_or_module_execution,required,module_owned_records_only,false,false,KEEP_AS_PRODUCT_OR_DELIVERY_CONFIGURATION
addons/smart_construction_core/views/projection/operating_metrics_views.xml,smart_construction_core,operating_metrics_views,PRODUCT_REQUIRED,"production,demo,acceptance,customer",explicit_tool_or_module_execution,required,module_owned_records_only,false,false,KEEP_AS_PRODUCT_OR_DELIVERY_CONFIGURATION
addons/smart_construction_core/views/projection/p1_relationship_review_queue_views.xml,smart_construction_core,p1_relationship_review_queue_views,PRODUCT_REQUIRED,"production,demo,acceptance,customer",explicit_tool_or_module_execution,required,module_owned_records_only,false,false,KEEP_AS_PRODUCT_OR_DELIVERY_CONFIGURATION
addons/smart_construction_core/views/projection/p1_relationship_suggestion_views.xml,smart_construction_core,p1_relationship_suggestion_views,PRODUCT_REQUIRED,"production,demo,acceptance,customer",explicit_tool_or_module_execution,required,module_owned_records_only,false,false,KEEP_AS_PRODUCT_OR_DELIVERY_CONFIGURATION
addons/smart_construction_core/views/projection/project_dashboard_kanban.xml,smart_construction_core,project_dashboard_kanban,PRODUCT_REQUIRED,"production,demo,acceptance,customer",explicit_tool_or_module_execution,required,module_owned_records_only,false,false,KEEP_AS_PRODUCT_OR_DELIVERY_CONFIGURATION
addons/smart_construction_core/views/projection/treasury_ledger_views.xml,smart_construction_core,treasury_ledger_views,PRODUCT_REQUIRED,"production,demo,acceptance,customer",explicit_tool_or_module_execution,required,module_owned_records_only,false,false,KEEP_AS_PRODUCT_OR_DELIVERY_CONFIGURATION
addons/smart_construction_core/views/res_groups_menu_views.xml,smart_construction_core,res_groups_menu_views,PRODUCT_REQUIRED,"production,demo,acceptance,customer",explicit_tool_or_module_execution,required,module_owned_records_only,false,false,KEEP_AS_PRODUCT_OR_DELIVERY_CONFIGURATION
addons/smart_construction_core/views/res_users_views.xml,smart_construction_core,res_users_views,PRODUCT_REQUIRED,"production,demo,acceptance,customer",explicit_tool_or_module_execution,required,module_owned_records_only,false,false,KEEP_AS_PRODUCT_OR_DELIVERY_CONFIGURATION
addons/smart_construction_core/views/signup_templates.xml,smart_construction_core,signup_templates,PRODUCT_REQUIRED,"production,demo,acceptance,customer",explicit_tool_or_module_execution,required,module_owned_records_only,false,false,KEEP_AS_PRODUCT_OR_DELIVERY_CONFIGURATION
addons/smart_construction_core/views/support/account_extend_views.xml,smart_construction_core,account_extend_views,PRODUCT_REQUIRED,"production,demo,acceptance,customer",explicit_tool_or_module_execution,required,module_owned_records_only,false,false,KEEP_AS_PRODUCT_OR_DELIVERY_CONFIGURATION
addons/smart_construction_core/views/support/approval_policy_views.xml,smart_construction_core,approval_policy_views,PRODUCT_REQUIRED,"production,demo,acceptance,customer",explicit_tool_or_module_execution,required,module_owned_records_only,false,false,KEEP_AS_PRODUCT_OR_DELIVERY_CONFIGURATION
addons/smart_construction_core/views/support/approval_scope_views.xml,smart_construction_core,approval_scope_views,PRODUCT_REQUIRED,"production,demo,acceptance,customer",explicit_tool_or_module_execution,required,module_owned_records_only,false,false,KEEP_AS_PRODUCT_OR_DELIVERY_CONFIGURATION
addons/smart_construction_core/views/support/audit_list_fields_views.xml,smart_construction_core,audit_list_fields_views,PRODUCT_REQUIRED,"production,demo,acceptance,customer",explicit_tool_or_module_execution,required,module_owned_records_only,false,false,KEEP_AS_PRODUCT_OR_DELIVERY_CONFIGURATION
addons/smart_construction_core/views/support/business_category_views.xml,smart_construction_core,business_category_views,PRODUCT_REQUIRED,"production,demo,acceptance,customer",explicit_tool_or_module_execution,required,module_owned_records_only,false,false,KEEP_AS_PRODUCT_OR_DELIVERY_CONFIGURATION
addons/smart_construction_core/views/support/business_config_workbench_views.xml,smart_construction_core,business_config_workbench_views,PRODUCT_REQUIRED,"production,demo,acceptance,customer",explicit_tool_or_module_execution,required,module_owned_records_only,false,false,KEEP_AS_PRODUCT_OR_DELIVERY_CONFIGURATION
addons/smart_construction_core/views/support/business_entity_views.xml,smart_construction_core,business_entity_views,PRODUCT_REQUIRED,"production,demo,acceptance,customer",explicit_tool_or_module_execution,required,module_owned_records_only,false,false,KEEP_AS_PRODUCT_OR_DELIVERY_CONFIGURATION
addons/smart_construction_core/views/support/dictionary_views.xml,smart_construction_core,dictionary_views,PRODUCT_REQUIRED,"production,demo,acceptance,customer",explicit_tool_or_module_execution,required,module_owned_records_only,false,false,KEEP_AS_PRODUCT_OR_DELIVERY_CONFIGURATION
addons/smart_construction_core/views/support/document_views.xml,smart_construction_core,document_views,PRODUCT_REQUIRED,"production,demo,acceptance,customer",explicit_tool_or_module_execution,required,module_owned_records_only,false,false,KEEP_AS_PRODUCT_OR_DELIVERY_CONFIGURATION
addons/smart_construction_core/views/support/form_field_policy_views.xml,smart_construction_core,form_field_policy_views,PRODUCT_REQUIRED,"production,demo,acceptance,customer",explicit_tool_or_module_execution,required,module_owned_records_only,false,false,KEEP_AS_PRODUCT_OR_DELIVERY_CONFIGURATION
addons/smart_construction_core/views/support/menu_config_policy_views.xml,smart_construction_core,menu_config_policy_views,PRODUCT_REQUIRED,"production,demo,acceptance,customer",explicit_tool_or_module_execution,required,module_owned_records_only,false,false,KEEP_AS_PRODUCT_OR_DELIVERY_CONFIGURATION
addons/smart_construction_core/views/support/organization_department_views.xml,smart_construction_core,organization_department_views,PRODUCT_REQUIRED,"production,demo,acceptance,customer",explicit_tool_or_module_execution,required,module_owned_records_only,false,false,KEEP_AS_PRODUCT_OR_DELIVERY_CONFIGURATION
addons/smart_construction_core/views/support/partner_acceptance_product_menu_policy.xml,smart_construction_core,partner_acceptance_product_menu_policy,PRODUCT_REQUIRED,"production,demo,acceptance,customer",explicit_tool_or_module_execution,required,module_owned_records_only,false,false,KEEP_AS_PRODUCT_OR_DELIVERY_CONFIGURATION
addons/smart_construction_core/views/support/partner_business_fact_line_views.xml,smart_construction_core,partner_business_fact_line_views,PRODUCT_REQUIRED,"production,demo,acceptance,customer",explicit_tool_or_module_execution,required,module_owned_records_only,false,false,KEEP_AS_PRODUCT_OR_DELIVERY_CONFIGURATION
addons/smart_construction_core/views/support/payment_request_tier_review_views.xml,smart_construction_core,payment_request_tier_review_views,PRODUCT_REQUIRED,"production,demo,acceptance,customer",explicit_tool_or_module_execution,required,module_owned_records_only,false,false,KEEP_AS_PRODUCT_OR_DELIVERY_CONFIGURATION
addons/smart_construction_core/views/support/portal_language_selector_fix.xml,smart_construction_core,portal_language_selector_fix,PRODUCT_REQUIRED,"production,demo,acceptance,customer",explicit_tool_or_module_execution,required,module_owned_records_only,false,false,KEEP_AS_PRODUCT_OR_DELIVERY_CONFIGURATION
addons/smart_construction_core/views/support/product_extend_views.xml,smart_construction_core,product_extend_views,PRODUCT_REQUIRED,"production,demo,acceptance,customer",explicit_tool_or_module_execution,required,module_owned_records_only,false,false,KEEP_AS_PRODUCT_OR_DELIVERY_CONFIGURATION
addons/smart_construction_core/views/support/project_stage_requirement_item_views.xml,smart_construction_core,project_stage_requirement_item_views,PRODUCT_REQUIRED,"production,demo,acceptance,customer",explicit_tool_or_module_execution,required,module_owned_records_only,false,false,KEEP_AS_PRODUCT_OR_DELIVERY_CONFIGURATION
addons/smart_construction_core/views/support/project_stage_requirements_views.xml,smart_construction_core,project_stage_requirements_views,PRODUCT_REQUIRED,"production,demo,acceptance,customer",explicit_tool_or_module_execution,required,module_owned_records_only,false,false,KEEP_AS_PRODUCT_OR_DELIVERY_CONFIGURATION
addons/smart_construction_core/views/support/quota_import_views.xml,smart_construction_core,quota_import_views,PRODUCT_REQUIRED,"production,demo,acceptance,customer",explicit_tool_or_module_execution,required,module_owned_records_only,false,false,KEEP_AS_PRODUCT_OR_DELIVERY_CONFIGURATION
addons/smart_construction_core/views/support/runtime_user_management_views.xml,smart_construction_core,runtime_user_management_views,PRODUCT_REQUIRED,"production,demo,acceptance,customer",explicit_tool_or_module_execution,required,module_owned_records_only,false,false,KEEP_AS_PRODUCT_OR_DELIVERY_CONFIGURATION
addons/smart_construction_core/views/support/sc_dictionary_views.xml,smart_construction_core,sc_dictionary_views,PRODUCT_REQUIRED,"production,demo,acceptance,customer",explicit_tool_or_module_execution,required,module_owned_records_only,false,false,KEEP_AS_PRODUCT_OR_DELIVERY_CONFIGURATION
addons/smart_construction_core/views/support/scene_orchestration_views.xml,smart_construction_core,scene_orchestration_views,PRODUCT_REQUIRED,"production,demo,acceptance,customer",explicit_tool_or_module_execution,required,module_owned_records_only,false,false,KEEP_AS_PRODUCT_OR_DELIVERY_CONFIGURATION
addons/smart_construction_core/views/support/task_sc_state_views.xml,smart_construction_core,task_sc_state_views,PRODUCT_REQUIRED,"production,demo,acceptance,customer",explicit_tool_or_module_execution,required,module_owned_records_only,false,false,KEEP_AS_PRODUCT_OR_DELIVERY_CONFIGURATION
addons/smart_construction_core/views/support/tender_views.xml,smart_construction_core,tender_views,PRODUCT_REQUIRED,"production,demo,acceptance,customer",explicit_tool_or_module_execution,required,module_owned_records_only,false,false,KEEP_AS_PRODUCT_OR_DELIVERY_CONFIGURATION
addons/smart_construction_core/views/support/tier_review_views.xml,smart_construction_core,tier_review_views,PRODUCT_REQUIRED,"production,demo,acceptance,customer",explicit_tool_or_module_execution,required,module_owned_records_only,false,false,KEEP_AS_PRODUCT_OR_DELIVERY_CONFIGURATION
addons/smart_construction_core/views/support/user_confirmed_formal_form_views.xml,smart_construction_core,user_confirmed_formal_form_views,PRODUCT_REQUIRED,"production,demo,acceptance,customer",explicit_tool_or_module_execution,required,module_owned_records_only,false,false,KEEP_AS_PRODUCT_OR_DELIVERY_CONFIGURATION
addons/smart_construction_core/views/support/user_confirmed_formal_list_alignment_views.xml,smart_construction_core,user_confirmed_formal_list_alignment_views,PRODUCT_REQUIRED,"production,demo,acceptance,customer",explicit_tool_or_module_execution,required,module_owned_records_only,false,false,KEEP_AS_PRODUCT_OR_DELIVERY_CONFIGURATION
addons/smart_construction_core/views/support/user_confirmed_formal_list_views.xml,smart_construction_core,user_confirmed_formal_list_views,PRODUCT_REQUIRED,"production,demo,acceptance,customer",explicit_tool_or_module_execution,required,module_owned_records_only,false,false,KEEP_AS_PRODUCT_OR_DELIVERY_CONFIGURATION
addons/smart_construction_core/views/support/work_breakdown_views.xml,smart_construction_core,work_breakdown_views,PRODUCT_REQUIRED,"production,demo,acceptance,customer",explicit_tool_or_module_execution,required,module_owned_records_only,false,false,KEEP_AS_PRODUCT_OR_DELIVERY_CONFIGURATION
addons/smart_construction_core/views/web_login_views.xml,smart_construction_core,web_login_views,PRODUCT_REQUIRED,"production,demo,acceptance,customer",explicit_tool_or_module_execution,required,module_owned_records_only,false,false,KEEP_AS_PRODUCT_OR_DELIVERY_CONFIGURATION
addons/smart_construction_core/wizard/material_plan_to_rfq_views.xml,smart_construction_core,material_plan_to_rfq_views,PRODUCT_REQUIRED,"production,demo,acceptance,customer",explicit_tool_or_module_execution,required,module_owned_records_only,false,false,KEEP_AS_PRODUCT_OR_DELIVERY_CONFIGURATION
addons/smart_construction_demo/README.md,smart_construction_demo,README,DEMO_ONLY,demo,explicit_demo_module_or_runner,required,remove_module_owned_demo_records_only,false,false,KEEP_DEMO_EXPLICIT_AND_NON_PRODUCTION
addons/smart_construction_demo/__init__.py,smart_construction_demo,__init__,DEMO_ONLY,demo,explicit_demo_module_or_runner,required,remove_module_owned_demo_records_only,false,false,KEEP_DEMO_EXPLICIT_AND_NON_PRODUCTION
addons/smart_construction_demo/__manifest__.py,smart_construction_demo,module_manifest,DEMO_ONLY,demo,module_manifest,required,remove_module_owned_demo_records_only,false,false,KEEP_DEMO_EXPLICIT_AND_NON_PRODUCTION
addons/smart_construction_demo/data/base/00_dictionary.xml,smart_construction_demo,00_dictionary,DEMO_ONLY,demo,explicit_demo_module_or_runner,required,remove_module_owned_demo_records_only,false,false,KEEP_DEMO_EXPLICIT_AND_NON_PRODUCTION
addons/smart_construction_demo/data/base/10_partners.xml,smart_construction_demo,10_partners,DEMO_ONLY,demo,explicit_demo_module_or_runner,required,remove_module_owned_demo_records_only,false,false,KEEP_DEMO_EXPLICIT_AND_NON_PRODUCTION
addons/smart_construction_demo/data/base/15_seed_partners.xml,smart_construction_demo,15_seed_partners,DEMO_ONLY,demo,explicit_demo_module_or_runner,required,remove_module_owned_demo_records_only,false,false,KEEP_DEMO_EXPLICIT_AND_NON_PRODUCTION
addons/smart_construction_demo/data/base/20_projects.xml,smart_construction_demo,20_projects,DEMO_ONLY,demo,explicit_demo_module_or_runner,required,remove_module_owned_demo_records_only,false,false,KEEP_DEMO_EXPLICIT_AND_NON_PRODUCTION
addons/smart_construction_demo/data/base/25_project_tasks.xml,smart_construction_demo,25_project_tasks,DEMO_ONLY,demo,explicit_demo_module_or_runner,required,remove_module_owned_demo_records_only,false,false,KEEP_DEMO_EXPLICIT_AND_NON_PRODUCTION
addons/smart_construction_demo/data/base/cost_demo.xml,smart_construction_demo,cost_demo,DEMO_ONLY,demo,explicit_demo_module_or_runner,required,remove_module_owned_demo_records_only,false,false,KEEP_DEMO_EXPLICIT_AND_NON_PRODUCTION
addons/smart_construction_demo/data/base/dictionary_demo.xml,smart_construction_demo,dictionary_demo,DEMO_ONLY,demo,explicit_demo_module_or_runner,required,remove_module_owned_demo_records_only,false,false,KEEP_DEMO_EXPLICIT_AND_NON_PRODUCTION
addons/smart_construction_demo/data/demo/role_matrix_demo_users.xml,smart_construction_demo,role_matrix_demo_users,DEMO_ONLY,demo,explicit_demo_module_or_runner,required,remove_module_owned_demo_records_only,false,false,KEEP_DEMO_EXPLICIT_AND_NON_PRODUCTION
addons/smart_construction_demo/data/demo/sc_demo_showcase_actions.xml,smart_construction_demo,sc_demo_showcase_actions,DEMO_ONLY,demo,explicit_demo_module_or_runner,required,remove_module_owned_demo_records_only,false,false,KEEP_DEMO_EXPLICIT_AND_NON_PRODUCTION
addons/smart_construction_demo/data/demo/sc_demo_users.xml,smart_construction_demo,sc_demo_users,DEMO_ONLY,demo,explicit_demo_module_or_runner,required,remove_module_owned_demo_records_only,false,false,KEEP_DEMO_EXPLICIT_AND_NON_PRODUCTION
addons/smart_construction_demo/data/release/release_seed_manifest_v1.md,smart_construction_demo,release_seed_manifest_v1,DEMO_ONLY,demo,explicit_demo_module_or_runner,required,remove_module_owned_demo_records_only,false,false,KEEP_DEMO_EXPLICIT_AND_NON_PRODUCTION
addons/smart_construction_demo/data/scenario/s00_min_path/10_project_boq.xml,smart_construction_demo,10_project_boq,DEMO_ONLY,demo,explicit_demo_module_or_runner,required,remove_module_owned_demo_records_only,false,false,KEEP_DEMO_EXPLICIT_AND_NON_PRODUCTION
addons/smart_construction_demo/data/scenario/s00_min_path/20_project_links.xml,smart_construction_demo,20_project_links,DEMO_ONLY,demo,explicit_demo_module_or_runner,required,remove_module_owned_demo_records_only,false,false,KEEP_DEMO_EXPLICIT_AND_NON_PRODUCTION
addons/smart_construction_demo/data/scenario/s00_min_path/30_project_revenue.xml,smart_construction_demo,30_project_revenue,DEMO_ONLY,demo,explicit_demo_module_or_runner,required,remove_module_owned_demo_records_only,false,false,KEEP_DEMO_EXPLICIT_AND_NON_PRODUCTION
addons/smart_construction_demo/data/scenario/s10_contract_payment/10_contracts.xml,smart_construction_demo,10_contracts,DEMO_ONLY,demo,explicit_demo_module_or_runner,required,remove_module_owned_demo_records_only,false,false,KEEP_DEMO_EXPLICIT_AND_NON_PRODUCTION
addons/smart_construction_demo/data/scenario/s10_contract_payment/20_payment_requests.xml,smart_construction_demo,20_payment_requests,DEMO_ONLY,demo,explicit_demo_module_or_runner,required,remove_module_owned_demo_records_only,false,false,KEEP_DEMO_EXPLICIT_AND_NON_PRODUCTION
addons/smart_construction_demo/data/scenario/s10_contract_payment/25_workbench_actions.xml,smart_construction_demo,25_workbench_actions,DEMO_ONLY,demo,explicit_demo_module_or_runner,required,remove_module_owned_demo_records_only,false,false,KEEP_DEMO_EXPLICIT_AND_NON_PRODUCTION
addons/smart_construction_demo/data/scenario/s10_contract_payment/30_invoices.xml,smart_construction_demo,30_invoices,DEMO_ONLY,demo,explicit_demo_module_or_runner,required,remove_module_owned_demo_records_only,false,false,KEEP_DEMO_EXPLICIT_AND_NON_PRODUCTION
addons/smart_construction_demo/data/scenario/s20_settlement_clearing/10_payments.xml,smart_construction_demo,10_payments,DEMO_ONLY,demo,explicit_demo_module_or_runner,required,remove_module_owned_demo_records_only,false,false,KEEP_DEMO_EXPLICIT_AND_NON_PRODUCTION
addons/smart_construction_demo/data/scenario/s20_settlement_clearing/20_clearing.xml,smart_construction_demo,20_clearing,DEMO_ONLY,demo,explicit_demo_module_or_runner,required,remove_module_owned_demo_records_only,false,false,KEEP_DEMO_EXPLICIT_AND_NON_PRODUCTION
addons/smart_construction_demo/data/scenario/s20_settlement_clearing/30_settlement.xml,smart_construction_demo,30_settlement,DEMO_ONLY,demo,explicit_demo_module_or_runner,required,remove_module_owned_demo_records_only,false,false,KEEP_DEMO_EXPLICIT_AND_NON_PRODUCTION
addons/smart_construction_demo/data/scenario/s30_settlement_workflow/10_settlement_seed.xml,smart_construction_demo,10_settlement_seed,DEMO_ONLY,demo,explicit_demo_module_or_runner,required,remove_module_owned_demo_records_only,false,false,KEEP_DEMO_EXPLICIT_AND_NON_PRODUCTION
addons/smart_construction_demo/data/scenario/s30_settlement_workflow/20_settlement_actions.xml,smart_construction_demo,20_settlement_actions,DEMO_ONLY,demo,explicit_demo_module_or_runner,required,remove_module_owned_demo_records_only,false,false,KEEP_DEMO_EXPLICIT_AND_NON_PRODUCTION
addons/smart_construction_demo/data/scenario/s30_settlement_workflow/30_assert_state.xml,smart_construction_demo,30_assert_state,DEMO_ONLY,demo,explicit_demo_module_or_runner,required,remove_module_owned_demo_records_only,false,false,KEEP_DEMO_EXPLICIT_AND_NON_PRODUCTION
addons/smart_construction_demo/data/scenario/s40_failure_paths/10_invalid_settlement.xml,smart_construction_demo,10_invalid_settlement,DEMO_ONLY,demo,explicit_demo_module_or_runner,required,remove_module_owned_demo_records_only,false,false,KEEP_DEMO_EXPLICIT_AND_NON_PRODUCTION
addons/smart_construction_demo/data/scenario/s40_failure_paths/20_invalid_amounts.xml,smart_construction_demo,20_invalid_amounts,DEMO_ONLY,demo,explicit_demo_module_or_runner,required,remove_module_owned_demo_records_only,false,false,KEEP_DEMO_EXPLICIT_AND_NON_PRODUCTION
addons/smart_construction_demo/data/scenario/s40_failure_paths/30_invalid_links.xml,smart_construction_demo,30_invalid_links,DEMO_ONLY,demo,explicit_demo_module_or_runner,required,remove_module_owned_demo_records_only,false,false,KEEP_DEMO_EXPLICIT_AND_NON_PRODUCTION
addons/smart_construction_demo/data/scenario/s50_repairable_paths/10_bad_seed.xml,smart_construction_demo,10_bad_seed,DEMO_ONLY,demo,explicit_demo_module_or_runner,required,remove_module_owned_demo_records_only,false,false,KEEP_DEMO_EXPLICIT_AND_NON_PRODUCTION
addons/smart_construction_demo/data/scenario/s50_repairable_paths/20_fix_patch.xml,smart_construction_demo,20_fix_patch,DEMO_ONLY,demo,explicit_demo_module_or_runner,required,remove_module_owned_demo_records_only,false,false,KEEP_DEMO_EXPLICIT_AND_NON_PRODUCTION
addons/smart_construction_demo/data/scenario/s50_repairable_paths/30_assert_state.xml,smart_construction_demo,30_assert_state,DEMO_ONLY,demo,explicit_demo_module_or_runner,required,remove_module_owned_demo_records_only,false,false,KEEP_DEMO_EXPLICIT_AND_NON_PRODUCTION
addons/smart_construction_demo/data/scenario/s60_project_cockpit/10_cockpit_business_facts.xml,smart_construction_demo,10_cockpit_business_facts,DEMO_ONLY,demo,explicit_demo_module_or_runner,required,remove_module_owned_demo_records_only,false,false,KEEP_DEMO_EXPLICIT_AND_NON_PRODUCTION
addons/smart_construction_demo/data/scenario/s65_cost_budget_funding_surface/10_cost_budget_funding_records.xml,smart_construction_demo,10_cost_budget_funding_records,DEMO_ONLY,demo,explicit_demo_module_or_runner,required,remove_module_owned_demo_records_only,false,false,KEEP_DEMO_EXPLICIT_AND_NON_PRODUCTION
addons/smart_construction_demo/data/scenario/s66_ledger_entity_surface/10_ledger_entity_records.xml,smart_construction_demo,10_ledger_entity_records,DEMO_ONLY,demo,explicit_demo_module_or_runner,required,remove_module_owned_demo_records_only,false,false,KEEP_DEMO_EXPLICIT_AND_NON_PRODUCTION
addons/smart_construction_demo/data/scenario/s67_scene_pack_surface/10_scene_pack_records.xml,smart_construction_demo,10_scene_pack_records,DEMO_ONLY,demo,explicit_demo_module_or_runner,required,remove_module_owned_demo_records_only,false,false,KEEP_DEMO_EXPLICIT_AND_NON_PRODUCTION
addons/smart_construction_demo/data/scenario/s68_cockpit_workbench_surface/10_cockpit_workbench_records.xml,smart_construction_demo,10_cockpit_workbench_records,DEMO_ONLY,demo,explicit_demo_module_or_runner,required,remove_module_owned_demo_records_only,false,false,KEEP_DEMO_EXPLICIT_AND_NON_PRODUCTION
addons/smart_construction_demo/data/scenario/s69_payment_ledger_surface/10_payment_ledger_records.xml,smart_construction_demo,10_payment_ledger_records,DEMO_ONLY,demo,explicit_demo_module_or_runner,required,remove_module_owned_demo_records_only,false,false,KEEP_DEMO_EXPLICIT_AND_NON_PRODUCTION
addons/smart_construction_demo/data/scenario/s70_daily_business_surface/10_daily_business_records.xml,smart_construction_demo,10_daily_business_records,DEMO_ONLY,demo,explicit_demo_module_or_runner,required,remove_module_owned_demo_records_only,false,false,KEEP_DEMO_EXPLICIT_AND_NON_PRODUCTION
addons/smart_construction_demo/data/scenario/s71_governance_audit_surface/10_governance_audit_records.xml,smart_construction_demo,10_governance_audit_records,DEMO_ONLY,demo,explicit_demo_module_or_runner,required,remove_module_owned_demo_records_only,false,false,KEEP_DEMO_EXPLICIT_AND_NON_PRODUCTION
addons/smart_construction_demo/data/scenario/s72_project_governance_surface/10_project_governance_records.xml,smart_construction_demo,10_project_governance_records,DEMO_ONLY,demo,explicit_demo_module_or_runner,required,remove_module_owned_demo_records_only,false,false,KEEP_DEMO_EXPLICIT_AND_NON_PRODUCTION
addons/smart_construction_demo/data/scenario/s73_risk_settlement_surface/10_risk_settlement_records.xml,smart_construction_demo,10_risk_settlement_records,DEMO_ONLY,demo,explicit_demo_module_or_runner,required,remove_module_owned_demo_records_only,false,false,KEEP_DEMO_EXPLICIT_AND_NON_PRODUCTION
addons/smart_construction_demo/data/scenario/s74_partner_supplier_surface/10_partner_supplier_records.xml,smart_construction_demo,10_partner_supplier_records,DEMO_ONLY,demo,explicit_demo_module_or_runner,required,remove_module_owned_demo_records_only,false,false,KEEP_DEMO_EXPLICIT_AND_NON_PRODUCTION
addons/smart_construction_demo/data/scenario/s76_workflow_compat_surface/10_workflow_compat_records.xml,smart_construction_demo,10_workflow_compat_records,DEMO_ONLY,demo,explicit_demo_module_or_runner,required,remove_module_owned_demo_records_only,false,false,KEEP_DEMO_EXPLICIT_AND_NON_PRODUCTION
addons/smart_construction_demo/data/scenario/s77_data_dictionary_surface/10_data_dictionary_records.xml,smart_construction_demo,10_data_dictionary_records,DEMO_ONLY,demo,explicit_demo_module_or_runner,required,remove_module_owned_demo_records_only,false,false,KEEP_DEMO_EXPLICIT_AND_NON_PRODUCTION
addons/smart_construction_demo/data/scenario/s78_project_document_wbs_surface/10_project_document_wbs_records.xml,smart_construction_demo,10_project_document_wbs_records,DEMO_ONLY,demo,explicit_demo_module_or_runner,required,remove_module_owned_demo_records_only,false,false,KEEP_DEMO_EXPLICIT_AND_NON_PRODUCTION
addons/smart_construction_demo/data/scenario/s79_execution_structure_surface/10_execution_structure_records.xml,smart_construction_demo,10_execution_structure_records,DEMO_ONLY,demo,explicit_demo_module_or_runner,required,remove_module_owned_demo_records_only,false,false,KEEP_DEMO_EXPLICIT_AND_NON_PRODUCTION
addons/smart_construction_demo/data/scenario/s80_execution_management_surface/10_execution_management_records.xml,smart_construction_demo,10_execution_management_records,DEMO_ONLY,demo,explicit_demo_module_or_runner,required,remove_module_owned_demo_records_only,false,false,KEEP_DEMO_EXPLICIT_AND_NON_PRODUCTION
addons/smart_construction_demo/data/scenario/s85_admin_finance_surface/10_admin_finance_records.xml,smart_construction_demo,10_admin_finance_records,DEMO_ONLY,demo,explicit_demo_module_or_runner,required,remove_module_owned_demo_records_only,false,false,KEEP_DEMO_EXPLICIT_AND_NON_PRODUCTION
addons/smart_construction_demo/data/scenario/s86_tender_rental_finance_surface/10_tender_rental_finance_records.xml,smart_construction_demo,10_tender_rental_finance_records,DEMO_ONLY,demo,explicit_demo_module_or_runner,required,remove_module_owned_demo_records_only,false,false,KEEP_DEMO_EXPLICIT_AND_NON_PRODUCTION
addons/smart_construction_demo/data/scenario/s87_resource_contract_surface/10_resource_contract_records.xml,smart_construction_demo,10_resource_contract_records,DEMO_ONLY,demo,explicit_demo_module_or_runner,required,remove_module_owned_demo_records_only,false,false,KEEP_DEMO_EXPLICIT_AND_NON_PRODUCTION
addons/smart_construction_demo/data/scenario/s88_output_invoice_surface/10_output_invoice_records.xml,smart_construction_demo,10_output_invoice_records,DEMO_ONLY,demo,explicit_demo_module_or_runner,required,remove_module_owned_demo_records_only,false,false,KEEP_DEMO_EXPLICIT_AND_NON_PRODUCTION
addons/smart_construction_demo/data/scenario/s89_quality_safety_surface/10_quality_safety_records.xml,smart_construction_demo,10_quality_safety_records,DEMO_ONLY,demo,explicit_demo_module_or_runner,required,remove_module_owned_demo_records_only,false,false,KEEP_DEMO_EXPLICIT_AND_NON_PRODUCTION
addons/smart_construction_demo/data/scenario/s90_users_roles/10_users.xml,smart_construction_demo,10_users,DEMO_ONLY,demo,explicit_demo_module_or_runner,required,remove_module_owned_demo_records_only,false,false,KEEP_DEMO_EXPLICIT_AND_NON_PRODUCTION
addons/smart_construction_demo/hooks.py,smart_construction_demo,module_install_hook,DEMO_ONLY,demo,module_install_hook,required,remove_module_owned_demo_records_only,false,false,KEEP_DEMO_EXPLICIT_AND_NON_PRODUCTION
addons/smart_construction_demo/models/__init__.py,smart_construction_demo,__init__,DEMO_ONLY,demo,explicit_demo_module_or_runner,required,remove_module_owned_demo_records_only,false,false,KEEP_DEMO_EXPLICIT_AND_NON_PRODUCTION
addons/smart_construction_demo/models/project_demo_cockpit_seed.py,smart_construction_demo,project_demo_cockpit_seed,DEMO_ONLY,demo,explicit_demo_module_or_runner,required,remove_module_owned_demo_records_only,false,false,KEEP_DEMO_EXPLICIT_AND_NON_PRODUCTION
addons/smart_construction_demo/seed/__init__.py,smart_construction_demo,__init__,DEMO_ONLY,demo,explicit_demo_module_or_runner,required,remove_module_owned_demo_records_only,false,false,KEEP_DEMO_EXPLICIT_AND_NON_PRODUCTION
addons/smart_construction_demo/seed/registry.py,smart_construction_demo,registry,DEMO_ONLY,demo,explicit_demo_module_or_runner,required,remove_module_owned_demo_records_only,false,false,KEEP_DEMO_EXPLICIT_AND_NON_PRODUCTION
addons/smart_construction_demo/seed/steps/__init__.py,smart_construction_demo,__init__,DEMO_ONLY,demo,explicit_demo_module_or_runner,required,remove_module_owned_demo_records_only,false,false,KEEP_DEMO_EXPLICIT_AND_NON_PRODUCTION
addons/smart_construction_demo/seed/steps/step_10_users_demo.py,smart_construction_demo,step_10_users_demo,DEMO_ONLY,demo,explicit_demo_module_or_runner,required,remove_module_owned_demo_records_only,false,false,KEEP_DEMO_EXPLICIT_AND_NON_PRODUCTION
addons/smart_construction_demo/seed/steps/step_20_projects_demo.py,smart_construction_demo,step_20_projects_demo,DEMO_ONLY,demo,explicit_demo_module_or_runner,required,remove_module_owned_demo_records_only,false,false,KEEP_DEMO_EXPLICIT_AND_NON_PRODUCTION
addons/smart_construction_demo/seed/steps/step_30_tenders_demo.py,smart_construction_demo,step_30_tenders_demo,DEMO_ONLY,demo,explicit_demo_module_or_runner,required,remove_module_owned_demo_records_only,false,false,KEEP_DEMO_EXPLICIT_AND_NON_PRODUCTION
addons/smart_construction_demo/seed/steps/step_40_contracts_demo.py,smart_construction_demo,step_40_contracts_demo,DEMO_ONLY,demo,explicit_demo_module_or_runner,required,remove_module_owned_demo_records_only,false,false,KEEP_DEMO_EXPLICIT_AND_NON_PRODUCTION
addons/smart_construction_demo/seed/steps/step_50_boq_wbs_demo.py,smart_construction_demo,step_50_boq_wbs_demo,DEMO_ONLY,demo,explicit_demo_module_or_runner,required,remove_module_owned_demo_records_only,false,false,KEEP_DEMO_EXPLICIT_AND_NON_PRODUCTION
addons/smart_construction_demo/seed/steps/step_60_attachments_demo.py,smart_construction_demo,step_60_attachments_demo,DEMO_ONLY,demo,explicit_demo_module_or_runner,required,remove_module_owned_demo_records_only,false,false,KEEP_DEMO_EXPLICIT_AND_NON_PRODUCTION
addons/smart_construction_demo/seed/steps/step_90_verify_demo.py,smart_construction_demo,step_90_verify_demo,DEMO_ONLY,demo,explicit_demo_module_or_runner,required,remove_module_owned_demo_records_only,false,false,KEEP_DEMO_EXPLICIT_AND_NON_PRODUCTION
addons/smart_construction_demo/seed/steps/step_boq_sample.py,smart_construction_demo,step_boq_sample,DEMO_ONLY,demo,explicit_demo_module_or_runner,required,remove_module_owned_demo_records_only,false,false,KEEP_DEMO_EXPLICIT_AND_NON_PRODUCTION
addons/smart_construction_demo/seed/steps/step_company_currency.py,smart_construction_demo,step_company_currency,DEMO_ONLY,demo,explicit_demo_module_or_runner,required,remove_module_owned_demo_records_only,false,false,KEEP_DEMO_EXPLICIT_AND_NON_PRODUCTION
addons/smart_construction_demo/seed/steps/step_demo_pm_landing.py,smart_construction_demo,step_demo_pm_landing,DEMO_ONLY,demo,explicit_demo_module_or_runner,required,remove_module_owned_demo_records_only,false,false,KEEP_DEMO_EXPLICIT_AND_NON_PRODUCTION
addons/smart_construction_demo/seed/steps/step_demo_showroom.py,smart_construction_demo,step_demo_showroom,DEMO_ONLY,demo,explicit_demo_module_or_runner,required,remove_module_owned_demo_records_only,false,false,KEEP_DEMO_EXPLICIT_AND_NON_PRODUCTION
addons/smart_construction_demo/seed/steps/step_demo_user_prefs.py,smart_construction_demo,step_demo_user_prefs,DEMO_ONLY,demo,explicit_demo_module_or_runner,required,remove_module_owned_demo_records_only,false,false,KEEP_DEMO_EXPLICIT_AND_NON_PRODUCTION
addons/smart_construction_demo/seed/steps/step_demo_users.py,smart_construction_demo,step_demo_users,DEMO_ONLY,demo,explicit_demo_module_or_runner,required,remove_module_owned_demo_records_only,false,false,KEEP_DEMO_EXPLICIT_AND_NON_PRODUCTION
addons/smart_construction_demo/seed/steps/step_dictionary.py,smart_construction_demo,step_dictionary,DEMO_ONLY,demo,explicit_demo_module_or_runner,required,remove_module_owned_demo_records_only,false,false,KEEP_DEMO_EXPLICIT_AND_NON_PRODUCTION
addons/smart_construction_demo/seed/steps/step_metrics_smoke.py,smart_construction_demo,step_metrics_smoke,DEMO_ONLY,demo,explicit_demo_module_or_runner,required,remove_module_owned_demo_records_only,false,false,KEEP_DEMO_EXPLICIT_AND_NON_PRODUCTION
addons/smart_construction_demo/seed/steps/step_payment_ledger_p1.py,smart_construction_demo,step_payment_ledger_p1,DEMO_ONLY,demo,explicit_demo_module_or_runner,required,remove_module_owned_demo_records_only,false,false,KEEP_DEMO_EXPLICIT_AND_NON_PRODUCTION
addons/smart_construction_demo/seed/steps/step_phase2_contract_demo.py,smart_construction_demo,step_phase2_contract_demo,DEMO_ONLY,demo,explicit_demo_module_or_runner,required,remove_module_owned_demo_records_only,false,false,KEEP_DEMO_EXPLICIT_AND_NON_PRODUCTION
addons/smart_construction_demo/seed/steps/step_phase2_payment_request_demo.py,smart_construction_demo,step_phase2_payment_request_demo,DEMO_ONLY,demo,explicit_demo_module_or_runner,required,remove_module_owned_demo_records_only,false,false,KEEP_DEMO_EXPLICIT_AND_NON_PRODUCTION
addons/smart_construction_demo/seed/steps/step_phase2_settlement_order_demo.py,smart_construction_demo,step_phase2_settlement_order_demo,DEMO_ONLY,demo,explicit_demo_module_or_runner,required,remove_module_owned_demo_records_only,false,false,KEEP_DEMO_EXPLICIT_AND_NON_PRODUCTION
addons/smart_construction_demo/seed/steps/step_project_owner_demo_pm.py,smart_construction_demo,step_project_owner_demo_pm,DEMO_ONLY,demo,explicit_demo_module_or_runner,required,remove_module_owned_demo_records_only,false,false,KEEP_DEMO_EXPLICIT_AND_NON_PRODUCTION
addons/smart_construction_demo/seed/steps/step_project_skeleton.py,smart_construction_demo,step_project_skeleton,DEMO_ONLY,demo,explicit_demo_module_or_runner,required,remove_module_owned_demo_records_only,false,false,KEEP_DEMO_EXPLICIT_AND_NON_PRODUCTION
addons/smart_construction_demo/seed/steps/step_project_stage_sync.py,smart_construction_demo,step_project_stage_sync,DEMO_ONLY,demo,explicit_demo_module_or_runner,required,remove_module_owned_demo_records_only,false,false,KEEP_DEMO_EXPLICIT_AND_NON_PRODUCTION
addons/smart_construction_demo/seed/steps/step_users_bootstrap.py,smart_construction_demo,step_users_bootstrap,DEMO_ONLY,demo,explicit_demo_module_or_runner,required,remove_module_owned_demo_records_only,false,false,KEEP_DEMO_EXPLICIT_AND_NON_PRODUCTION
addons/smart_construction_demo/seed/steps/step_z_demo_full_my_work.py,smart_construction_demo,step_z_demo_full_my_work,DEMO_ONLY,demo,explicit_demo_module_or_runner,required,remove_module_owned_demo_records_only,false,false,KEEP_DEMO_EXPLICIT_AND_NON_PRODUCTION
addons/smart_construction_demo/static/description/index.html,smart_construction_demo,index,DEMO_ONLY,demo,explicit_demo_module_or_runner,required,remove_module_owned_demo_records_only,false,false,KEEP_DEMO_EXPLICIT_AND_NON_PRODUCTION
addons/smart_construction_demo/tests/__init__.py,smart_construction_demo,__init__,DEMO_ONLY,demo,explicit_acceptance_or_test_runner,required,remove_module_owned_demo_records_only,false,false,KEEP_DEMO_EXPLICIT_AND_NON_PRODUCTION
addons/smart_construction_demo/tests/test_demo_showcase_gate.py,smart_construction_demo,test_demo_showcase_gate,DEMO_ONLY,demo,explicit_acceptance_or_test_runner,required,remove_module_owned_demo_records_only,false,false,KEEP_DEMO_EXPLICIT_AND_NON_PRODUCTION
addons/smart_construction_demo/tools/__init__.py,smart_construction_demo,__init__,DEMO_ONLY,demo,explicit_demo_module_or_runner,required,remove_module_owned_demo_records_only,false,false,KEEP_DEMO_EXPLICIT_AND_NON_PRODUCTION
addons/smart_construction_demo/tools/scenario_loader.py,smart_construction_demo,scenario_loader,DEMO_ONLY,demo,explicit_demo_module_or_runner,required,remove_module_owned_demo_records_only,false,false,KEEP_DEMO_EXPLICIT_AND_NON_PRODUCTION
addons/smart_construction_demo/views/ux/project_demo_banner_views.xml,smart_construction_demo,project_demo_banner_views,DEMO_ONLY,demo,explicit_demo_module_or_runner,required,remove_module_owned_demo_records_only,false,false,KEEP_DEMO_EXPLICIT_AND_NON_PRODUCTION
addons/smart_construction_portal/__manifest__.py,smart_construction_portal,module_manifest,PRODUCT_REQUIRED,"production,demo,acceptance,customer",module_manifest,required,module_owned_records_only,false,false,KEEP_AS_PRODUCT_OR_DELIVERY_CONFIGURATION
addons/smart_construction_portal/data/portal_params.xml,smart_construction_portal,portal_params,PRODUCT_REQUIRED,"production,demo,acceptance,customer",module_manifest_data,required,module_owned_records_only,false,false,KEEP_AS_PRODUCT_OR_DELIVERY_CONFIGURATION
addons/smart_construction_portal/migrations/17.0.1.1/post-migration.py,smart_construction_portal,module_upgrade_migration,PRODUCT_REQUIRED,"production,demo,acceptance,customer",module_upgrade_migration,required,module_owned_records_only,false,false,KEEP_AS_PRODUCT_OR_DELIVERY_CONFIGURATION
addons/smart_construction_portal/views/portal_templates.xml,smart_construction_portal,portal_templates,PRODUCT_REQUIRED,"production,demo,acceptance,customer",explicit_tool_or_module_execution,required,module_owned_records_only,false,false,KEEP_AS_PRODUCT_OR_DELIVERY_CONFIGURATION
addons/smart_construction_scene/__manifest__.py,smart_construction_scene,module_manifest,PRODUCT_REQUIRED,"production,demo,acceptance,customer",module_manifest,required,module_owned_records_only,false,false,KEEP_AS_PRODUCT_OR_DELIVERY_CONFIGURATION
addons/smart_construction_scene/app_registry/project_management.yaml,smart_construction_scene,project_management,PRODUCT_REQUIRED,"production,demo,acceptance,customer",explicit_tool_or_module_execution,required,module_owned_records_only,false,false,KEEP_AS_PRODUCT_OR_DELIVERY_CONFIGURATION
addons/smart_construction_scene/data/project_management_scene.xml,smart_construction_scene,project_management_scene,PRODUCT_REQUIRED,"production,demo,acceptance,customer",module_manifest_data,required,module_owned_records_only,false,false,KEEP_AS_PRODUCT_OR_DELIVERY_CONFIGURATION
addons/smart_construction_scene/data/sc_scene_layout.xml,smart_construction_scene,sc_scene_layout,PRODUCT_REQUIRED,"production,demo,acceptance,customer",module_manifest_data,required,module_owned_records_only,false,false,KEEP_AS_PRODUCT_OR_DELIVERY_CONFIGURATION
addons/smart_construction_scene/data/sc_scene_list_profile.xml,smart_construction_scene,sc_scene_list_profile,PRODUCT_REQUIRED,"production,demo,acceptance,customer",module_manifest_data,required,module_owned_records_only,false,false,KEEP_AS_PRODUCT_OR_DELIVERY_CONFIGURATION
addons/smart_construction_scene/data/sc_scene_orchestration.xml,smart_construction_scene,sc_scene_orchestration,PRODUCT_REQUIRED,"production,demo,acceptance,customer",module_manifest_data,required,module_owned_records_only,false,false,KEEP_AS_PRODUCT_OR_DELIVERY_CONFIGURATION
addons/smart_construction_scene/data/sc_scene_tiles.xml,smart_construction_scene,sc_scene_tiles,PRODUCT_REQUIRED,"production,demo,acceptance,customer",module_manifest_data,required,module_owned_records_only,false,false,KEEP_AS_PRODUCT_OR_DELIVERY_CONFIGURATION
addons/smart_construction_scene/data/scene_delivery_params.xml,smart_construction_scene,scene_delivery_params,PRODUCT_REQUIRED,"production,demo,acceptance,customer",module_manifest_data,required,module_owned_records_only,false,false,KEEP_AS_PRODUCT_OR_DELIVERY_CONFIGURATION
addons/smart_construction_scene/scenes/cost/cost.project_budget.scene.yaml,smart_construction_scene,cost.project_budget.scene,PRODUCT_REQUIRED,"production,demo,acceptance,customer",explicit_tool_or_module_execution,required,module_owned_records_only,false,false,KEEP_AS_PRODUCT_OR_DELIVERY_CONFIGURATION
addons/smart_construction_scene/scenes/projects/contracts.workspace.scene.yaml,smart_construction_scene,contracts.workspace.scene,PRODUCT_REQUIRED,"production,demo,acceptance,customer",explicit_tool_or_module_execution,required,module_owned_records_only,false,false,KEEP_AS_PRODUCT_OR_DELIVERY_CONFIGURATION
addons/smart_construction_scene/scenes/projects/finance.workspace.scene.yaml,smart_construction_scene,finance.workspace.scene,PRODUCT_REQUIRED,"production,demo,acceptance,customer",explicit_tool_or_module_execution,required,module_owned_records_only,false,false,KEEP_AS_PRODUCT_OR_DELIVERY_CONFIGURATION
addons/smart_construction_scene/scenes/projects/project.management.scene.yaml,smart_construction_scene,project.management.scene,PRODUCT_REQUIRED,"production,demo,acceptance,customer",explicit_tool_or_module_execution,required,module_owned_records_only,false,false,KEEP_AS_PRODUCT_OR_DELIVERY_CONFIGURATION
addons/smart_construction_scene/scenes/projects/projects.intake.scene.yaml,smart_construction_scene,projects.intake.scene,PRODUCT_REQUIRED,"production,demo,acceptance,customer",explicit_tool_or_module_execution,required,module_owned_records_only,false,false,KEEP_AS_PRODUCT_OR_DELIVERY_CONFIGURATION
addons/smart_construction_scene/scenes/projects/projects.ledger.scene.yaml,smart_construction_scene,projects.ledger.scene,PRODUCT_REQUIRED,"production,demo,acceptance,customer",explicit_tool_or_module_execution,required,module_owned_records_only,false,false,KEEP_AS_PRODUCT_OR_DELIVERY_CONFIGURATION
addons/smart_construction_scene/scenes/projects/projects.list.scene.yaml,smart_construction_scene,projects.list.scene,PRODUCT_REQUIRED,"production,demo,acceptance,customer",explicit_tool_or_module_execution,required,module_owned_records_only,false,false,KEEP_AS_PRODUCT_OR_DELIVERY_CONFIGURATION
addons/smart_construction_scene/schema/scene_profiles_v1.json,smart_construction_scene,scene_profiles_v1,PRODUCT_REQUIRED,"production,demo,acceptance,customer",explicit_tool_or_module_execution,required,module_owned_records_only,false,false,KEEP_AS_PRODUCT_OR_DELIVERY_CONFIGURATION
addons/smart_construction_scene/schema/scene_profiles_v2.json,smart_construction_scene,scene_profiles_v2,PRODUCT_REQUIRED,"production,demo,acceptance,customer",explicit_tool_or_module_execution,required,module_owned_records_only,false,false,KEEP_AS_PRODUCT_OR_DELIVERY_CONFIGURATION
addons/smart_construction_scene/schema/scene_schema_v1.json,smart_construction_scene,scene_schema_v1,PRODUCT_REQUIRED,"production,demo,acceptance,customer",explicit_tool_or_module_execution,required,module_owned_records_only,false,false,KEEP_AS_PRODUCT_OR_DELIVERY_CONFIGURATION
addons/smart_construction_scene/schema/scene_schema_v2.json,smart_construction_scene,scene_schema_v2,PRODUCT_REQUIRED,"production,demo,acceptance,customer",explicit_tool_or_module_execution,required,module_owned_records_only,false,false,KEEP_AS_PRODUCT_OR_DELIVERY_CONFIGURATION
addons/smart_construction_scene/security/ir.model.access.csv,smart_construction_scene,ir.model.access,PRODUCT_REQUIRED,"production,demo,acceptance,customer",explicit_tool_or_module_execution,required,module_owned_records_only,false,false,KEEP_AS_PRODUCT_OR_DELIVERY_CONFIGURATION
addons/smart_construction_scene/views/scene_governance_views.xml,smart_construction_scene,scene_governance_views,PRODUCT_REQUIRED,"production,demo,acceptance,customer",explicit_tool_or_module_execution,required,module_owned_records_only,false,false,KEEP_AS_PRODUCT_OR_DELIVERY_CONFIGURATION
addons/smart_construction_seed/__init__.py,smart_construction_seed,__init__,PRODUCT_REFERENCE_SEED,"production,demo,acceptance,customer",explicit_tool_or_module_execution,required,preserve_user_modified_reference_values,false,false,KEEP_ONLY_IF_PRODUCT_REFERENCE_BASIS_IS_DOCUMENTED
addons/smart_construction_seed/__manifest__.py,smart_construction_seed,module_manifest,PRODUCT_REFERENCE_SEED,"production,demo,acceptance,customer",module_manifest,required,preserve_user_modified_reference_values,false,false,KEEP_ONLY_IF_PRODUCT_REFERENCE_BASIS_IS_DOCUMENTED
addons/smart_construction_seed/data/sc_seed_dictionary_contract.xml,smart_construction_seed,sc_seed_dictionary_contract,PRODUCT_REFERENCE_SEED,"production,demo,acceptance,customer",module_manifest_data,required,preserve_user_modified_reference_values,false,false,KEEP_ONLY_IF_PRODUCT_REFERENCE_BASIS_IS_DOCUMENTED
addons/smart_construction_seed/data/sc_seed_tax.xml,smart_construction_seed,sc_seed_tax,PRODUCT_REFERENCE_SEED,"production,demo,acceptance,customer",module_manifest_data,required,preserve_user_modified_reference_values,false,false,KEEP_ONLY_IF_PRODUCT_REFERENCE_BASIS_IS_DOCUMENTED
addons/smart_construction_seed/hooks.py,smart_construction_seed,module_install_hook,PRODUCT_REFERENCE_SEED,"production,demo,acceptance,customer",module_install_hook,required,preserve_user_modified_reference_values,false,false,KEEP_ONLY_IF_PRODUCT_REFERENCE_BASIS_IS_DOCUMENTED
addons/smart_construction_seed/migrations/17.0.0.2.0/post-migration.py,smart_construction_seed,module_upgrade_migration,PRODUCT_REFERENCE_SEED,"production,demo,acceptance,customer",module_upgrade_migration,required,preserve_user_modified_reference_values,false,false,KEEP_ONLY_IF_PRODUCT_REFERENCE_BASIS_IS_DOCUMENTED
addons/smart_construction_seed/migrations/17.0.0.2.1/post-migration.py,smart_construction_seed,module_upgrade_migration,PRODUCT_REFERENCE_SEED,"production,demo,acceptance,customer",module_upgrade_migration,required,preserve_user_modified_reference_values,false,false,KEEP_ONLY_IF_PRODUCT_REFERENCE_BASIS_IS_DOCUMENTED
addons/smart_construction_seed/seed/__init__.py,smart_construction_seed,__init__,PRODUCT_REFERENCE_SEED,"production,demo,acceptance,customer",explicit_tool_or_module_execution,required,preserve_user_modified_reference_values,false,false,KEEP_ONLY_IF_PRODUCT_REFERENCE_BASIS_IS_DOCUMENTED
addons/smart_construction_seed/seed/registry.py,smart_construction_seed,registry,PRODUCT_REFERENCE_SEED,"production,demo,acceptance,customer",explicit_tool_or_module_execution,required,preserve_user_modified_reference_values,false,false,KEEP_ONLY_IF_PRODUCT_REFERENCE_BASIS_IS_DOCUMENTED
addons/smart_construction_seed/seed/steps/__init__.py,smart_construction_seed,__init__,PRODUCT_REFERENCE_SEED,"production,demo,acceptance,customer",explicit_tool_or_module_execution,required,preserve_user_modified_reference_values,false,false,KEEP_ONLY_IF_PRODUCT_REFERENCE_BASIS_IS_DOCUMENTED
addons/smart_construction_seed/seed/steps/step_dictionary_min.py,smart_construction_seed,step_dictionary_min,PRODUCT_REFERENCE_SEED,"production,demo,acceptance,customer",explicit_tool_or_module_execution,required,preserve_user_modified_reference_values,false,false,KEEP_ONLY_IF_PRODUCT_REFERENCE_BASIS_IS_DOCUMENTED
addons/smart_construction_seed/seed/steps/step_icp_defaults.py,smart_construction_seed,step_icp_defaults,PRODUCT_REFERENCE_SEED,"production,demo,acceptance,customer",explicit_tool_or_module_execution,required,preserve_user_modified_reference_values,false,false,KEEP_ONLY_IF_PRODUCT_REFERENCE_BASIS_IS_DOCUMENTED
addons/smart_construction_seed/seed/steps/step_project_stages_min.py,smart_construction_seed,step_project_stages_min,PRODUCT_REFERENCE_SEED,"production,demo,acceptance,customer",explicit_tool_or_module_execution,required,preserve_user_modified_reference_values,false,false,KEEP_ONLY_IF_PRODUCT_REFERENCE_BASIS_IS_DOCUMENTED
addons/smart_construction_seed/seed/steps/step_sanity.py,smart_construction_seed,step_sanity,PRODUCT_REFERENCE_SEED,"production,demo,acceptance,customer",explicit_tool_or_module_execution,required,preserve_user_modified_reference_values,false,false,KEEP_ONLY_IF_PRODUCT_REFERENCE_BASIS_IS_DOCUMENTED
addons/smart_construction_seed/seed/steps/step_tax.py,smart_construction_seed,step_tax,PRODUCT_REFERENCE_SEED,"production,demo,acceptance,customer",explicit_tool_or_module_execution,required,preserve_user_modified_reference_values,false,false,KEEP_ONLY_IF_PRODUCT_REFERENCE_BASIS_IS_DOCUMENTED
addons/smart_construction_seed/tests/test_demo_ownership_migration_safety.py,smart_construction_seed,test_demo_ownership_migration_safety,DEMO_ONLY,demo,explicit_acceptance_or_test_runner,required,remove_module_owned_demo_records_only,false,false,MOVE_OUT_OF_SEED_INTO_DEMO_CARRIER
addons/smart_construction_seed/tests/test_seed_tax_defaults.py,smart_construction_seed,test_seed_tax_defaults,PRODUCT_REFERENCE_SEED,"production,demo,acceptance,customer",explicit_acceptance_or_test_runner,required,preserve_user_modified_reference_values,false,false,KEEP_ONLY_IF_PRODUCT_REFERENCE_BASIS_IS_DOCUMENTED
addons/smart_core/__manifest__.py,smart_core,module_manifest,PRODUCT_REQUIRED,"production,demo,acceptance,customer",module_manifest,required,module_owned_records_only,false,false,KEEP_AS_PRODUCT_OR_DELIVERY_CONFIGURATION
addons/smart_core/app_config_engine/security/ir.model.access.csv,smart_core,ir.model.access,PRODUCT_REQUIRED,"production,demo,acceptance,customer",explicit_tool_or_module_execution,required,module_owned_records_only,false,false,KEEP_AS_PRODUCT_OR_DELIVERY_CONFIGURATION
addons/smart_core/contract.schema.json,smart_core,contract.schema,PRODUCT_REQUIRED,"production,demo,acceptance,customer",explicit_tool_or_module_execution,required,module_owned_records_only,false,false,KEEP_AS_PRODUCT_OR_DELIVERY_CONFIGURATION
addons/smart_core/data/sc_subscription_default.xml,smart_core,sc_subscription_default,PRODUCT_REQUIRED,"production,demo,acceptance,customer",module_manifest_data,required,module_owned_records_only,false,false,KEEP_AS_PRODUCT_OR_DELIVERY_CONFIGURATION
addons/smart_core/data/ui_base_contract_asset_cron.xml,smart_core,ui_base_contract_asset_cron,PRODUCT_REQUIRED,"production,demo,acceptance,customer",module_manifest_data,required,module_owned_records_only,false,false,KEEP_AS_PRODUCT_OR_DELIVERY_CONFIGURATION
addons/smart_core/docs/json.json,smart_core,json,PRODUCT_REQUIRED,"production,demo,acceptance,customer",explicit_tool_or_module_execution,required,module_owned_records_only,false,false,KEEP_AS_PRODUCT_OR_DELIVERY_CONFIGURATION
addons/smart_core/migrations/17.0.1.0/post-migration.py,smart_core,module_upgrade_migration,PRODUCT_REQUIRED,"production,demo,acceptance,customer",module_upgrade_migration,required,module_owned_records_only,false,false,KEEP_AS_PRODUCT_OR_DELIVERY_CONFIGURATION
addons/smart_core/migrations/17.0.1.0/pre-migration.py,smart_core,module_upgrade_migration,PRODUCT_REQUIRED,"production,demo,acceptance,customer",module_upgrade_migration,required,module_owned_records_only,false,false,KEEP_AS_PRODUCT_OR_DELIVERY_CONFIGURATION
addons/smart_core/security/groups.xml,smart_core,groups,PRODUCT_REQUIRED,"production,demo,acceptance,customer",explicit_tool_or_module_execution,required,module_owned_records_only,false,false,KEEP_AS_PRODUCT_OR_DELIVERY_CONFIGURATION
addons/smart_core/security/ir.model.access.csv,smart_core,ir.model.access,PRODUCT_REQUIRED,"production,demo,acceptance,customer",explicit_tool_or_module_execution,required,module_owned_records_only,false,false,KEEP_AS_PRODUCT_OR_DELIVERY_CONFIGURATION
addons/smart_core/security/smart_core_security.xml,smart_core,smart_core_security,PRODUCT_REQUIRED,"production,demo,acceptance,customer",explicit_tool_or_module_execution,required,module_owned_records_only,false,false,KEEP_AS_PRODUCT_OR_DELIVERY_CONFIGURATION
addons/smart_core/views/dashboard_views.xml,smart_core,dashboard_views,PRODUCT_REQUIRED,"production,demo,acceptance,customer",explicit_tool_or_module_execution,required,module_owned_records_only,false,false,KEEP_AS_PRODUCT_OR_DELIVERY_CONFIGURATION
addons/smart_core/views/platform_company_access_views.xml,smart_core,platform_company_access_views,PRODUCT_REQUIRED,"production,demo,acceptance,customer",explicit_tool_or_module_execution,required,module_owned_records_only,false,false,KEEP_AS_PRODUCT_OR_DELIVERY_CONFIGURATION
addons/smart_core/views/ui_menu_config_policy_views.xml,smart_core,ui_menu_config_policy_views,PRODUCT_REQUIRED,"production,demo,acceptance,customer",explicit_tool_or_module_execution,required,module_owned_records_only,false,false,KEEP_AS_PRODUCT_OR_DELIVERY_CONFIGURATION
addons/smart_license_core/__manifest__.py,smart_license_core,module_manifest,PRODUCT_REQUIRED,"production,demo,acceptance,customer",module_manifest,required,module_owned_records_only,false,false,KEEP_AS_PRODUCT_OR_DELIVERY_CONFIGURATION
addons/smart_license_core/data/license_customer_visibility.xml,smart_license_core,license_customer_visibility,PRODUCT_REQUIRED,"production,demo,acceptance,customer",module_manifest_data,required,module_owned_records_only,false,false,KEEP_AS_PRODUCT_OR_DELIVERY_CONFIGURATION
addons/smart_owner_bundle/__manifest__.py,smart_owner_bundle,module_manifest,PRODUCT_REQUIRED,"production,demo,acceptance,customer",module_manifest,required,module_owned_records_only,false,false,KEEP_AS_PRODUCT_OR_DELIVERY_CONFIGURATION
addons/smart_owner_core/__manifest__.py,smart_owner_core,module_manifest,PRODUCT_REQUIRED,"production,demo,acceptance,customer",module_manifest,required,module_owned_records_only,false,false,KEEP_AS_PRODUCT_OR_DELIVERY_CONFIGURATION
addons/smart_scene/__manifest__.py,smart_scene,module_manifest,PRODUCT_REQUIRED,"production,demo,acceptance,customer",module_manifest,required,module_owned_records_only,false,false,KEEP_AS_PRODUCT_OR_DELIVERY_CONFIGURATION
addons_external/oca_server_ux/base_tier_validation/__manifest__.py,,module_manifest,PRODUCT_REQUIRED,"production,demo,acceptance,customer",module_manifest,required,module_owned_records_only,false,false,KEEP_AS_PRODUCT_OR_DELIVERY_CONFIGURATION
addons_external/oca_server_ux/base_tier_validation/data/cron_data.xml,,cron_data,PRODUCT_REQUIRED,"production,demo,acceptance,customer",module_manifest_data,required,module_owned_records_only,false,false,KEEP_AS_PRODUCT_OR_DELIVERY_CONFIGURATION
addons_external/oca_server_ux/base_tier_validation/data/mail_data.xml,,mail_data,PRODUCT_REQUIRED,"production,demo,acceptance,customer",module_manifest_data,required,module_owned_records_only,false,false,KEEP_AS_PRODUCT_OR_DELIVERY_CONFIGURATION
addons_external/oca_server_ux/base_tier_validation/migrations/17.0.3.1.0/pre-migration.py,,module_upgrade_migration,PRODUCT_REQUIRED,"production,demo,acceptance,customer",module_upgrade_migration,required,module_owned_records_only,false,false,KEEP_AS_PRODUCT_OR_DELIVERY_CONFIGURATION
addons_external/oca_server_ux/base_tier_validation/security/ir.model.access.csv,,ir.model.access,PRODUCT_REQUIRED,"production,demo,acceptance,customer",explicit_tool_or_module_execution,required,module_owned_records_only,false,false,KEEP_AS_PRODUCT_OR_DELIVERY_CONFIGURATION
addons_external/oca_server_ux/base_tier_validation/security/tier_validation_security.xml,,tier_validation_security,PRODUCT_REQUIRED,"production,demo,acceptance,customer",explicit_tool_or_module_execution,required,module_owned_records_only,false,false,KEEP_AS_PRODUCT_OR_DELIVERY_CONFIGURATION
addons_external/oca_server_ux/base_tier_validation/static/description/icon.png,,icon,PRODUCT_REQUIRED,"production,demo,acceptance,customer",explicit_tool_or_module_execution,required,module_owned_records_only,false,false,KEEP_AS_PRODUCT_OR_DELIVERY_CONFIGURATION
addons_external/oca_server_ux/base_tier_validation/static/description/icon.svg,,icon,PRODUCT_REQUIRED,"production,demo,acceptance,customer",explicit_tool_or_module_execution,required,module_owned_records_only,false,false,KEEP_AS_PRODUCT_OR_DELIVERY_CONFIGURATION
addons_external/oca_server_ux/base_tier_validation/static/src/components/tier_review_menu/tier_review_menu.xml,,tier_review_menu,PRODUCT_REQUIRED,"production,demo,acceptance,customer",explicit_tool_or_module_execution,required,module_owned_records_only,false,false,KEEP_AS_PRODUCT_OR_DELIVERY_CONFIGURATION
addons_external/oca_server_ux/base_tier_validation/static/src/components/tier_review_widget/tier_review_widget.xml,,tier_review_widget,PRODUCT_REQUIRED,"production,demo,acceptance,customer",explicit_tool_or_module_execution,required,module_owned_records_only,false,false,KEEP_AS_PRODUCT_OR_DELIVERY_CONFIGURATION
addons_external/oca_server_ux/base_tier_validation/templates/tier_validation_templates.xml,,tier_validation_templates,PRODUCT_REQUIRED,"production,demo,acceptance,customer",explicit_tool_or_module_execution,required,module_owned_records_only,false,false,KEEP_AS_PRODUCT_OR_DELIVERY_CONFIGURATION
addons_external/oca_server_ux/base_tier_validation/views/res_config_settings_views.xml,,res_config_settings_views,PRODUCT_REQUIRED,"production,demo,acceptance,customer",explicit_tool_or_module_execution,required,module_owned_records_only,false,false,KEEP_AS_PRODUCT_OR_DELIVERY_CONFIGURATION
addons_external/oca_server_ux/base_tier_validation/views/tier_definition_view.xml,,tier_definition_view,PRODUCT_REQUIRED,"production,demo,acceptance,customer",explicit_tool_or_module_execution,required,module_owned_records_only,false,false,KEEP_AS_PRODUCT_OR_DELIVERY_CONFIGURATION
addons_external/oca_server_ux/base_tier_validation/views/tier_review_view.xml,,tier_review_view,PRODUCT_REQUIRED,"production,demo,acceptance,customer",explicit_tool_or_module_execution,required,module_owned_records_only,false,false,KEEP_AS_PRODUCT_OR_DELIVERY_CONFIGURATION
addons_external/oca_server_ux/base_tier_validation/views/tier_validation_exception_view.xml,,tier_validation_exception_view,PRODUCT_REQUIRED,"production,demo,acceptance,customer",explicit_tool_or_module_execution,required,module_owned_records_only,false,false,KEEP_AS_PRODUCT_OR_DELIVERY_CONFIGURATION
addons_external/oca_server_ux/base_tier_validation/wizard/comment_wizard_view.xml,,comment_wizard_view,PRODUCT_REQUIRED,"production,demo,acceptance,customer",explicit_tool_or_module_execution,required,module_owned_records_only,false,false,KEEP_AS_PRODUCT_OR_DELIVERY_CONFIGURATION
addons_external/oca_server_ux/base_tier_validation_server_action/__manifest__.py,,module_manifest,PRODUCT_REQUIRED,"production,demo,acceptance,customer",module_manifest,required,module_owned_records_only,false,false,KEEP_AS_PRODUCT_OR_DELIVERY_CONFIGURATION
addons_external/oca_server_ux/base_tier_validation_server_action/data/cron_data.xml,,cron_data,PRODUCT_REQUIRED,"production,demo,acceptance,customer",module_manifest_data,required,module_owned_records_only,false,false,KEEP_AS_PRODUCT_OR_DELIVERY_CONFIGURATION
addons_external/oca_server_ux/base_tier_validation_server_action/static/description/icon.png,,icon,PRODUCT_REQUIRED,"production,demo,acceptance,customer",explicit_tool_or_module_execution,required,module_owned_records_only,false,false,KEEP_AS_PRODUCT_OR_DELIVERY_CONFIGURATION
addons_external/oca_server_ux/base_tier_validation_server_action/views/tier_definition_view.xml,,tier_definition_view,PRODUCT_REQUIRED,"production,demo,acceptance,customer",explicit_tool_or_module_execution,required,module_owned_records_only,false,false,KEEP_AS_PRODUCT_OR_DELIVERY_CONFIGURATION
agent_ops/tasks/ITER-2026-04-22-BE-PAYMENT-ENTRY-PROVIDER-HANDOFF-COMMIT-PA78.yaml,,ITER-2026-04-22-BE-PAYMENT-ENTRY-PROVIDER-HANDOFF-COMMIT-PA78,PRODUCT_REQUIRED,"production,demo,acceptance,customer",explicit_tool_or_module_execution,required,module_owned_records_only,false,false,KEEP_AS_PRODUCT_OR_DELIVERY_CONFIGURATION
agent_ops/tasks/ITER-2026-04-22-GOV-LARGE-FILE-HISTORY-CLEANUP-PA83.yaml,,ITER-2026-04-22-GOV-LARGE-FILE-HISTORY-CLEANUP-PA83,PRODUCT_REQUIRED,"production,demo,acceptance,customer",explicit_tool_or_module_execution,required,module_owned_records_only,false,false,KEEP_AS_PRODUCT_OR_DELIVERY_CONFIGURATION
agent_ops/tasks/ITER-2026-04-22-GOV-PUSH-PR-TO-MAIN-PA82.yaml,,ITER-2026-04-22-GOV-PUSH-PR-TO-MAIN-PA82,PRODUCT_REQUIRED,"production,demo,acceptance,customer",explicit_tool_or_module_execution,required,module_owned_records_only,false,false,KEEP_AS_PRODUCT_OR_DELIVERY_CONFIGURATION
agent_ops/tasks/ITER-2026-04-22-GOV-RESIDUAL-CONSTRUCTION-CORE-SEMANTIC-CARRIERS-PA89.yaml,,ITER-2026-04-22-GOV-RESIDUAL-CONSTRUCTION-CORE-SEMANTIC-CARRIERS-PA89,PRODUCT_REQUIRED,"production,demo,acceptance,customer",explicit_tool_or_module_execution,required,module_owned_records_only,false,false,KEEP_AS_PRODUCT_OR_DELIVERY_CONFIGURATION
agent_ops/tasks/ITER-2026-04-22-GOV-RESIDUAL-CONSTRUCTION-SCENE-ASSET-ENTRY-TAIL-PA91.yaml,,ITER-2026-04-22-GOV-RESIDUAL-CONSTRUCTION-SCENE-ASSET-ENTRY-TAIL-PA91,PRODUCT_REQUIRED,"production,demo,acceptance,customer",explicit_tool_or_module_execution,required,module_owned_records_only,false,false,KEEP_AS_PRODUCT_OR_DELIVERY_CONFIGURATION
agent_ops/tasks/ITER-2026-04-22-GOV-RESIDUAL-CONSTRUCTION-SCENE-PROVIDER-SUPPLY-PA88.yaml,,ITER-2026-04-22-GOV-RESIDUAL-CONSTRUCTION-SCENE-PROVIDER-SUPPLY-PA88,PRODUCT_REQUIRED,"production,demo,acceptance,customer",explicit_tool_or_module_execution,required,module_owned_records_only,false,false,KEEP_AS_PRODUCT_OR_DELIVERY_CONFIGURATION
agent_ops/tasks/ITER-2026-04-22-GOV-RESIDUAL-SCENE-READY-ORCHESTRATION-PA87.yaml,,ITER-2026-04-22-GOV-RESIDUAL-SCENE-READY-ORCHESTRATION-PA87,PRODUCT_REQUIRED,"production,demo,acceptance,customer",explicit_tool_or_module_execution,required,module_owned_records_only,false,false,KEEP_AS_PRODUCT_OR_DELIVERY_CONFIGURATION
agent_ops/tasks/ITER-2026-04-22-GOV-RESIDUAL-SMART-CORE-DELIVERY-ORCHESTRATION-TAIL-PA90.yaml,,ITER-2026-04-22-GOV-RESIDUAL-SMART-CORE-DELIVERY-ORCHESTRATION-TAIL-PA90,PRODUCT_REQUIRED,"production,demo,acceptance,customer",explicit_tool_or_module_execution,required,module_owned_records_only,false,false,KEEP_AS_PRODUCT_OR_DELIVERY_CONFIGURATION
agent_ops/tasks/ITER-2026-04-22-GOV-RESIDUAL-SMART-CORE-ENTRY-TARGET-PA86.yaml,,ITER-2026-04-22-GOV-RESIDUAL-SMART-CORE-ENTRY-TARGET-PA86,PRODUCT_REQUIRED,"production,demo,acceptance,customer",explicit_tool_or_module_execution,required,module_owned_records_only,false,false,KEEP_AS_PRODUCT_OR_DELIVERY_CONFIGURATION
agent_ops/tasks/ITER-2026-04-22-HOTFIX-MISSING-SCENE-BRIDGE-TAIL-PA92.yaml,,ITER-2026-04-22-HOTFIX-MISSING-SCENE-BRIDGE-TAIL-PA92,PRODUCT_REQUIRED,"production,demo,acceptance,customer",explicit_tool_or_module_execution,required,module_owned_records_only,false,false,KEEP_AS_PRODUCT_OR_DELIVERY_CONFIGURATION
agent_ops/tasks/ITER-2026-04-23-GOV-CONTRACT-CATALOG-INFERRED-INTENT-CLEANUP-PB05.yaml,,ITER-2026-04-23-GOV-CONTRACT-CATALOG-INFERRED-INTENT-CLEANUP-PB05,PRODUCT_REQUIRED,"production,demo,acceptance,customer",explicit_tool_or_module_execution,required,module_owned_records_only,false,false,KEEP_AS_PRODUCT_OR_DELIVERY_CONFIGURATION
agent_ops/tasks/ITER-2026-04-23-GOV-CONTRACT-CATALOG-VIEWTYPE-NORMALIZE-PB01.yaml,,ITER-2026-04-23-GOV-CONTRACT-CATALOG-VIEWTYPE-NORMALIZE-PB01,PRODUCT_REQUIRED,"production,demo,acceptance,customer",explicit_tool_or_module_execution,required,module_owned_records_only,false,false,KEEP_AS_PRODUCT_OR_DELIVERY_CONFIGURATION
agent_ops/tasks/ITER-2026-04-23-GOV-MIGRATION-ASSETS-TRACKING-PB03.yaml,,ITER-2026-04-23-GOV-MIGRATION-ASSETS-TRACKING-PB03,PRODUCT_REQUIRED,"production,demo,acceptance,customer",explicit_tool_or_module_execution,required,module_owned_records_only,false,false,KEEP_AS_PRODUCT_OR_DELIVERY_CONFIGURATION
agent_ops/tasks/ITER-2026-04-23-GOV-MIGRATION-RAW-SOURCE-ASSETS-PB04.yaml,,ITER-2026-04-23-GOV-MIGRATION-RAW-SOURCE-ASSETS-PB04,PRODUCT_REQUIRED,"production,demo,acceptance,customer",explicit_tool_or_module_execution,required,module_owned_records_only,false,false,KEEP_AS_PRODUCT_OR_DELIVERY_CONFIGURATION
agent_ops/tasks/ITER-2026-04-23-GOV-PR610-MERGE-UNBLOCK-PB02.yaml,,ITER-2026-04-23-GOV-PR610-MERGE-UNBLOCK-PB02,PRODUCT_REQUIRED,"production,demo,acceptance,customer",explicit_tool_or_module_execution,required,module_owned_records_only,false,false,KEEP_AS_PRODUCT_OR_DELIVERY_CONFIGURATION
backend/governed_surface_policy_guard.json,,governed_surface_policy_guard,PRODUCT_REQUIRED,"production,demo,acceptance,customer",explicit_tool_or_module_execution,required,module_owned_records_only,false,false,KEEP_AS_PRODUCT_OR_DELIVERY_CONFIGURATION
backend/native_surface_integrity_guard.json,,native_surface_integrity_guard,PRODUCT_REQUIRED,"production,demo,acceptance,customer",explicit_tool_or_module_execution,required,module_owned_records_only,false,false,KEEP_AS_PRODUCT_OR_DELIVERY_CONFIGURATION
config/ci/frontend_release_gate_v1.json,,frontend_release_gate_v1,PRODUCT_REQUIRED,"production,demo,acceptance,customer",explicit_tool_or_module_execution,required,module_owned_records_only,false,false,KEEP_AS_PRODUCT_OR_DELIVERY_CONFIGURATION
config/frontend/authoritative_navigation_v1.json,,authoritative_navigation_v1,PRODUCT_REQUIRED,"production,demo,acceptance,customer",explicit_tool_or_module_execution,required,module_owned_records_only,false,false,KEEP_AS_PRODUCT_OR_DELIVERY_CONFIGURATION
config/frontend/release_performance_budgets_v1.json,,release_performance_budgets_v1,PRODUCT_REQUIRED,"production,demo,acceptance,customer",explicit_tool_or_module_execution,required,module_owned_records_only,false,false,KEEP_AS_PRODUCT_OR_DELIVERY_CONFIGURATION
config/product_customer_package_interface.v1.json,,product_customer_package_interface.v1,PRODUCT_REQUIRED,"production,demo,acceptance,customer",explicit_tool_or_module_execution,required,module_owned_records_only,false,false,KEEP_AS_PRODUCT_OR_DELIVERY_CONFIGURATION
config/releases/frontend_release_evidence_bundle_v1.json,,frontend_release_evidence_bundle_v1,PRODUCT_REQUIRED,"production,demo,acceptance,customer",explicit_tool_or_module_execution,required,module_owned_records_only,false,false,KEEP_AS_PRODUCT_OR_DELIVERY_CONFIGURATION
config/releases/frontend_release_evidence_producer_inventory_v1.json,,frontend_release_evidence_producer_inventory_v1,PRODUCT_REQUIRED,"production,demo,acceptance,customer",explicit_tool_or_module_execution,required,module_owned_records_only,false,false,KEEP_AS_PRODUCT_OR_DELIVERY_CONFIGURATION
config/releases/rc6_candidate.json,,rc6_candidate,PRODUCT_REQUIRED,"production,demo,acceptance,customer",explicit_tool_or_module_execution,required,module_owned_records_only,false,false,KEEP_AS_PRODUCT_OR_DELIVERY_CONFIGURATION
config/releases/rc6_candidate_supersession_legacy_projection.json,,rc6_candidate_supersession_legacy_projection,PRODUCT_REQUIRED,"production,demo,acceptance,customer",explicit_tool_or_module_execution,required,module_owned_records_only,false,false,KEEP_AS_PRODUCT_OR_DELIVERY_CONFIGURATION
config/security/clean_repository_bootstrap_manifest.v1.json,,clean_repository_bootstrap_manifest.v1,PRODUCT_REQUIRED,"production,demo,acceptance,customer",explicit_tool_or_module_execution,required,module_owned_records_only,false,false,KEEP_AS_PRODUCT_OR_DELIVERY_CONFIGURATION
config/security/legacy_credential_fingerprints.json,,legacy_credential_fingerprints,PRODUCT_REQUIRED,"production,demo,acceptance,customer",explicit_tool_or_module_execution,required,module_owned_records_only,false,false,KEEP_AS_PRODUCT_OR_DELIVERY_CONFIGURATION
config/security/repository_clean_history_policy.v1.json,,repository_clean_history_policy.v1,PRODUCT_REQUIRED,"production,demo,acceptance,customer",explicit_tool_or_module_execution,required,module_owned_records_only,false,false,KEEP_AS_PRODUCT_OR_DELIVERY_CONFIGURATION
config/tenant/module_sets.v1.json,,module_sets.v1,PRODUCT_REQUIRED,"production,demo,acceptance,customer",explicit_tool_or_module_execution,required,module_owned_records_only,false,false,KEEP_AS_PRODUCT_OR_DELIVERY_CONFIGURATION
config/tenant/p0_state_known_debt.v1.json,,p0_state_known_debt.v1,PRODUCT_REQUIRED,"production,demo,acceptance,customer",explicit_tool_or_module_execution,required,module_owned_records_only,false,false,KEEP_AS_PRODUCT_OR_DELIVERY_CONFIGURATION
customer_addons/sce_customer_sample/__manifest__.py,sce_customer_sample,module_manifest,CUSTOMER_ONLY,customer_extension_validation,module_manifest,required,external_customer_module_owned_only,false,false,KEEP_ONLY_AS_EXTERNAL_CUSTOMER_EXTENSION_TEMPLATE
customer_addons/sce_customer_sample/customer_module_manifest.json,sce_customer_sample,customer_module_manifest,CUSTOMER_ONLY,customer_extension_validation,explicit_tool_or_module_execution,required,external_customer_module_owned_only,false,false,KEEP_ONLY_AS_EXTERNAL_CUSTOMER_EXTENSION_TEMPLATE
customer_addons/sce_customer_sample/hooks.py,sce_customer_sample,module_install_hook,CUSTOMER_ONLY,customer_extension_validation,module_install_hook,required,external_customer_module_owned_only,false,false,KEEP_ONLY_AS_EXTERNAL_CUSTOMER_EXTENSION_TEMPLATE
customer_addons/sce_customer_sample/security/ir.model.access.csv,sce_customer_sample,ir.model.access,CUSTOMER_ONLY,customer_extension_validation,explicit_tool_or_module_execution,required,external_customer_module_owned_only,false,false,KEEP_ONLY_AS_EXTERNAL_CUSTOMER_EXTENSION_TEMPLATE
docker-compose.admin-vis-p3-orm.yml,,docker-compose.admin-vis-p3-orm,PRODUCT_REQUIRED,"production,demo,acceptance,customer",build_release_or_ci_configuration,required,module_owned_records_only,false,false,KEEP_AS_PRODUCT_OR_DELIVERY_CONFIGURATION
docker-compose.boundary-transition-addons.yml,,docker-compose.boundary-transition-addons,PRODUCT_REQUIRED,"production,demo,acceptance,customer",build_release_or_ci_configuration,required,module_owned_records_only,false,false,KEEP_AS_PRODUCT_OR_DELIVERY_CONFIGURATION
docker-compose.ci.yml,,docker-compose.ci,PRODUCT_REQUIRED,"production,demo,acceptance,customer",build_release_or_ci_configuration,required,module_owned_records_only,false,false,KEEP_AS_PRODUCT_OR_DELIVERY_CONFIGURATION
docker-compose.customer-addons.yml,,docker-compose.customer-addons,PRODUCT_REQUIRED,"production,demo,acceptance,customer",build_release_or_ci_configuration,required,module_owned_records_only,false,false,KEEP_AS_PRODUCT_OR_DELIVERY_CONFIGURATION
docker-compose.devcontainer.yml,,docker-compose.devcontainer,PRODUCT_REQUIRED,"production,demo,acceptance,customer",build_release_or_ci_configuration,required,module_owned_records_only,false,false,KEEP_AS_PRODUCT_OR_DELIVERY_CONFIGURATION
docker-compose.migration-safety.yml,,docker-compose.migration-safety,PRODUCT_REQUIRED,"production,demo,acceptance,customer",build_release_or_ci_configuration,required,module_owned_records_only,false,false,KEEP_AS_PRODUCT_OR_DELIVERY_CONFIGURATION
docker-compose.prod-sim.yml,,docker-compose.prod-sim,PRODUCT_REQUIRED,"production,demo,acceptance,customer",build_release_or_ci_configuration,required,module_owned_records_only,false,false,KEEP_AS_PRODUCT_OR_DELIVERY_CONFIGURATION
docker-compose.production-candidate.yml,,docker-compose.production-candidate,PRODUCT_REQUIRED,"production,demo,acceptance,customer",build_release_or_ci_configuration,required,module_owned_records_only,false,false,KEEP_AS_PRODUCT_OR_DELIVERY_CONFIGURATION
docker-compose.registry-audit.yml,,docker-compose.registry-audit,PRODUCT_REQUIRED,"production,demo,acceptance,customer",build_release_or_ci_configuration,required,module_owned_records_only,false,false,KEEP_AS_PRODUCT_OR_DELIVERY_CONFIGURATION
docker-compose.release-rehearsal.yml,,docker-compose.release-rehearsal,PRODUCT_REQUIRED,"production,demo,acceptance,customer",build_release_or_ci_configuration,required,module_owned_records_only,false,false,KEEP_AS_PRODUCT_OR_DELIVERY_CONFIGURATION
docker-compose.tenant-payload.yml,,docker-compose.tenant-payload,PRODUCT_REQUIRED,"production,demo,acceptance,customer",build_release_or_ci_configuration,required,module_owned_records_only,false,false,KEEP_AS_PRODUCT_OR_DELIVERY_CONFIGURATION
docker-compose.tenant-rc-acceptance.yml,,docker-compose.tenant-rc-acceptance,PRODUCT_REQUIRED,"production,demo,acceptance,customer",build_release_or_ci_configuration,required,module_owned_records_only,false,false,KEEP_AS_PRODUCT_OR_DELIVERY_CONFIGURATION
docker-compose.tenant-rc-profile.yml,,docker-compose.tenant-rc-profile,PRODUCT_REQUIRED,"production,demo,acceptance,customer",build_release_or_ci_configuration,required,module_owned_records_only,false,false,KEEP_AS_PRODUCT_OR_DELIVERY_CONFIGURATION
docker-compose.testdeps.yml,,docker-compose.testdeps,PRODUCT_REQUIRED,"production,demo,acceptance,customer",build_release_or_ci_configuration,required,module_owned_records_only,false,false,KEEP_AS_PRODUCT_OR_DELIVERY_CONFIGURATION
docker-compose.yml,,docker-compose,PRODUCT_REQUIRED,"production,demo,acceptance,customer",build_release_or_ci_configuration,required,module_owned_records_only,false,false,KEEP_AS_PRODUCT_OR_DELIVERY_CONFIGURATION
docs/architecture/backend_business_fact_model_standard_registry_v1.json,,backend_business_fact_model_standard_registry_v1,PRODUCT_REQUIRED,"production,demo,acceptance,customer",explicit_tool_or_module_execution,required,module_owned_records_only,false,false,KEEP_AS_PRODUCT_OR_DELIVERY_CONFIGURATION
docs/architecture/backend_business_management_hierarchy_v1.json,,backend_business_management_hierarchy_v1,PRODUCT_REQUIRED,"production,demo,acceptance,customer",explicit_tool_or_module_execution,required,module_owned_records_only,false,false,KEEP_AS_PRODUCT_OR_DELIVERY_CONFIGURATION
docs/architecture/backend_business_model_family_registry_v1.json,,backend_business_model_family_registry_v1,PRODUCT_REQUIRED,"production,demo,acceptance,customer",explicit_tool_or_module_execution,required,module_owned_records_only,false,false,KEEP_AS_PRODUCT_OR_DELIVERY_CONFIGURATION
docs/architecture/backend_business_model_ownership_specs_v1.json,,backend_business_model_ownership_specs_v1,PRODUCT_REQUIRED,"production,demo,acceptance,customer",explicit_tool_or_module_execution,required,module_owned_records_only,false,false,KEEP_AS_PRODUCT_OR_DELIVERY_CONFIGURATION
docs/architecture/backend_business_projection_registry_v1.json,,backend_business_projection_registry_v1,PRODUCT_REQUIRED,"production,demo,acceptance,customer",explicit_tool_or_module_execution,required,module_owned_records_only,false,false,KEEP_AS_PRODUCT_OR_DELIVERY_CONFIGURATION
docs/architecture/lifecycle_capability_matrix.yaml,,lifecycle_capability_matrix,PRODUCT_REQUIRED,"production,demo,acceptance,customer",explicit_tool_or_module_execution,required,module_owned_records_only,false,false,KEEP_AS_PRODUCT_OR_DELIVERY_CONFIGURATION
docs/architecture/low_code_business_config_capability_matrix_v1.json,,low_code_business_config_capability_matrix_v1,PRODUCT_REQUIRED,"production,demo,acceptance,customer",explicit_tool_or_module_execution,required,module_owned_records_only,false,false,KEEP_AS_PRODUCT_OR_DELIVERY_CONFIGURATION
docs/architecture/native_view_contract/semantic_page_contract_shape_v1.schema.json,,semantic_page_contract_shape_v1.schema,PRODUCT_REQUIRED,"production,demo,acceptance,customer",explicit_tool_or_module_execution,required,module_owned_records_only,false,false,KEEP_AS_PRODUCT_OR_DELIVERY_CONFIGURATION
docs/architecture/platform_core_business_kernel_gap_v1.json,,platform_core_business_kernel_gap_v1,PRODUCT_REQUIRED,"production,demo,acceptance,customer",explicit_tool_or_module_execution,required,module_owned_records_only,false,false,KEEP_AS_PRODUCT_OR_DELIVERY_CONFIGURATION
docs/architecture/platform_universal_business_abstraction_registry_v1.json,,platform_universal_business_abstraction_registry_v1,PRODUCT_REQUIRED,"production,demo,acceptance,customer",explicit_tool_or_module_execution,required,module_owned_records_only,false,false,KEEP_AS_PRODUCT_OR_DELIVERY_CONFIGURATION
docs/architecture/platform_universal_carrier_fit_registry_v1.json,,platform_universal_carrier_fit_registry_v1,PRODUCT_REQUIRED,"production,demo,acceptance,customer",explicit_tool_or_module_execution,required,module_owned_records_only,false,false,KEEP_AS_PRODUCT_OR_DELIVERY_CONFIGURATION
docs/architecture/platform_universal_optional_scope_metadata_v1.json,,platform_universal_optional_scope_metadata_v1,PRODUCT_REQUIRED,"production,demo,acceptance,customer",explicit_tool_or_module_execution,required,module_owned_records_only,false,false,KEEP_AS_PRODUCT_OR_DELIVERY_CONFIGURATION
docs/architecture/platform_universal_scope_decision_gate_v1.json,,platform_universal_scope_decision_gate_v1,PRODUCT_REQUIRED,"production,demo,acceptance,customer",explicit_tool_or_module_execution,required,module_owned_records_only,false,false,KEEP_AS_PRODUCT_OR_DELIVERY_CONFIGURATION
docs/architecture/scene-governance/assets/generated/contracts_closure_current_v1.csv,,contracts_closure_current_v1,PRODUCT_REQUIRED,"production,demo,acceptance,customer",explicit_tool_or_module_execution,required,module_owned_records_only,false,false,KEEP_AS_PRODUCT_OR_DELIVERY_CONFIGURATION
docs/architecture/scene-governance/assets/generated/enterprise_bootstrap_family_closure_current_v1.csv,,enterprise_bootstrap_family_closure_current_v1,PRODUCT_REQUIRED,"production,demo,acceptance,customer",explicit_tool_or_module_execution,required,module_owned_records_only,false,false,KEEP_AS_PRODUCT_OR_DELIVERY_CONFIGURATION
docs/architecture/scene-governance/assets/generated/family_priority_score_current_v1.csv,,family_priority_score_current_v1,PRODUCT_REQUIRED,"production,demo,acceptance,customer",explicit_tool_or_module_execution,required,module_owned_records_only,false,false,KEEP_AS_PRODUCT_OR_DELIVERY_CONFIGURATION
docs/architecture/scene-governance/assets/generated/finance_center_closure_current_v1.csv,,finance_center_closure_current_v1,PRODUCT_REQUIRED,"production,demo,acceptance,customer",explicit_tool_or_module_execution,required,module_owned_records_only,false,false,KEEP_AS_PRODUCT_OR_DELIVERY_CONFIGURATION
docs/architecture/scene-governance/assets/generated/governed_runtime_mapping_current_v1.csv,,governed_runtime_mapping_current_v1,PRODUCT_REQUIRED,"production,demo,acceptance,customer",explicit_tool_or_module_execution,required,module_owned_records_only,false,false,KEEP_AS_PRODUCT_OR_DELIVERY_CONFIGURATION
docs/architecture/scene-governance/assets/generated/high_priority_family_user_flow_closure_current_v1.csv,,high_priority_family_user_flow_closure_current_v1,PRODUCT_REQUIRED,"production,demo,acceptance,customer",explicit_tool_or_module_execution,required,module_owned_records_only,false,false,KEEP_AS_PRODUCT_OR_DELIVERY_CONFIGURATION
docs/architecture/scene-governance/assets/generated/menu_scene_mapping_current_v1.csv,,menu_scene_mapping_current_v1,PRODUCT_REQUIRED,"production,demo,acceptance,customer",explicit_tool_or_module_execution,required,module_owned_records_only,false,false,KEEP_AS_PRODUCT_OR_DELIVERY_CONFIGURATION
docs/architecture/scene-governance/assets/generated/payment_entry_closure_current_v1.csv,,payment_entry_closure_current_v1,PRODUCT_REQUIRED,"production,demo,acceptance,customer",explicit_tool_or_module_execution,required,module_owned_records_only,false,false,KEEP_AS_PRODUCT_OR_DELIVERY_CONFIGURATION
docs/architecture/scene-governance/assets/generated/product_workflow_readiness_current_v1.csv,,product_workflow_readiness_current_v1,PRODUCT_REQUIRED,"production,demo,acceptance,customer",explicit_tool_or_module_execution,required,module_owned_records_only,false,false,KEEP_AS_PRODUCT_OR_DELIVERY_CONFIGURATION
docs/architecture/scene-governance/assets/generated/product_workflow_rollout_candidates_current_v1.csv,,product_workflow_rollout_candidates_current_v1,PRODUCT_REQUIRED,"production,demo,acceptance,customer",explicit_tool_or_module_execution,required,module_owned_records_only,false,false,KEEP_AS_PRODUCT_OR_DELIVERY_CONFIGURATION
docs/architecture/scene-governance/assets/generated/projects_ledger_detail_closure_current_v1.csv,,projects_ledger_detail_closure_current_v1,PRODUCT_REQUIRED,"production,demo,acceptance,customer",explicit_tool_or_module_execution,required,module_owned_records_only,false,false,KEEP_AS_PRODUCT_OR_DELIVERY_CONFIGURATION
docs/architecture/scene-governance/assets/generated/provider_completeness_current_v1.csv,,provider_completeness_current_v1,PRODUCT_REQUIRED,"production,demo,acceptance,customer",explicit_tool_or_module_execution,required,module_owned_records_only,false,false,KEEP_AS_PRODUCT_OR_DELIVERY_CONFIGURATION
docs/architecture/scene-governance/assets/generated/runtime_eligibility_current_v1.csv,,runtime_eligibility_current_v1,PRODUCT_REQUIRED,"production,demo,acceptance,customer",explicit_tool_or_module_execution,required,module_owned_records_only,false,false,KEEP_AS_PRODUCT_OR_DELIVERY_CONFIGURATION
docs/architecture/scene-governance/assets/generated/scene_authority_matrix_current_v1.csv,,scene_authority_matrix_current_v1,PRODUCT_REQUIRED,"production,demo,acceptance,customer",explicit_tool_or_module_execution,required,module_owned_records_only,false,false,KEEP_AS_PRODUCT_OR_DELIVERY_CONFIGURATION
docs/architecture/scene-governance/assets/generated/scene_family_inventory_current_v1.csv,,scene_family_inventory_current_v1,PRODUCT_REQUIRED,"production,demo,acceptance,customer",explicit_tool_or_module_execution,required,module_owned_records_only,false,false,KEEP_AS_PRODUCT_OR_DELIVERY_CONFIGURATION
docs/architecture/scene-governance/assets/generated/tasks_closure_current_v1.csv,,tasks_closure_current_v1,PRODUCT_REQUIRED,"production,demo,acceptance,customer",explicit_tool_or_module_execution,required,module_owned_records_only,false,false,KEEP_AS_PRODUCT_OR_DELIVERY_CONFIGURATION
docs/architecture/scene-governance/assets/high_priority_family_user_flow_closure_baseline_v1.csv,,high_priority_family_user_flow_closure_baseline_v1,PRODUCT_REQUIRED,"production,demo,acceptance,customer",explicit_tool_or_module_execution,required,module_owned_records_only,false,false,KEEP_AS_PRODUCT_OR_DELIVERY_CONFIGURATION
docs/architecture/scene-governance/assets/menu_scene_mapping_baseline_v1.csv,,menu_scene_mapping_baseline_v1,PRODUCT_REQUIRED,"production,demo,acceptance,customer",explicit_tool_or_module_execution,required,module_owned_records_only,false,false,KEEP_AS_PRODUCT_OR_DELIVERY_CONFIGURATION
docs/architecture/scene-governance/assets/provider_completeness_baseline_v1.csv,,provider_completeness_baseline_v1,PRODUCT_REQUIRED,"production,demo,acceptance,customer",explicit_tool_or_module_execution,required,module_owned_records_only,false,false,KEEP_AS_PRODUCT_OR_DELIVERY_CONFIGURATION
docs/architecture/scene-governance/assets/scene_authority_matrix_baseline_v1.csv,,scene_authority_matrix_baseline_v1,PRODUCT_REQUIRED,"production,demo,acceptance,customer",explicit_tool_or_module_execution,required,module_owned_records_only,false,false,KEEP_AS_PRODUCT_OR_DELIVERY_CONFIGURATION
docs/architecture/scene-governance/assets/scene_authority_matrix_v1.csv,,scene_authority_matrix_v1,PRODUCT_REQUIRED,"production,demo,acceptance,customer",explicit_tool_or_module_execution,required,module_owned_records_only,false,false,KEEP_AS_PRODUCT_OR_DELIVERY_CONFIGURATION
docs/architecture/scene-governance/assets/scene_failure_codes_v1.csv,,scene_failure_codes_v1,PRODUCT_REQUIRED,"production,demo,acceptance,customer",explicit_tool_or_module_execution,required,module_owned_records_only,false,false,KEEP_AS_PRODUCT_OR_DELIVERY_CONFIGURATION
docs/architecture/scene-governance/assets/scene_family_inventory_baseline_v1.csv,,scene_family_inventory_baseline_v1,PRODUCT_REQUIRED,"production,demo,acceptance,customer",explicit_tool_or_module_execution,required,module_owned_records_only,false,false,KEEP_AS_PRODUCT_OR_DELIVERY_CONFIGURATION
docs/architecture/scene-governance/assets/scene_family_inventory_v1.csv,,scene_family_inventory_v1,PRODUCT_REQUIRED,"production,demo,acceptance,customer",explicit_tool_or_module_execution,required,module_owned_records_only,false,false,KEEP_AS_PRODUCT_OR_DELIVERY_CONFIGURATION
docs/architecture/unified_page_contract_lite/fixtures/api_onchange_legacy_response_v1.json,,api_onchange_legacy_response_v1,TEST_FIXTURE_ONLY,"acceptance,test",explicit_acceptance_or_test_runner,required,destroy_dedicated_acceptance_database,false,false,KEEP_OUT_OF_PRODUCTION_INSTALL_SET
docs/architecture/unified_page_contract_lite/fixtures/default_load_contract_request_v1.json,,default_load_contract_request_v1,TEST_FIXTURE_ONLY,"acceptance,test",explicit_acceptance_or_test_runner,required,destroy_dedicated_acceptance_database,false,false,KEEP_OUT_OF_PRODUCTION_INSTALL_SET
docs/architecture/unified_page_contract_lite/fixtures/default_onchange_request_v1.json,,default_onchange_request_v1,TEST_FIXTURE_ONLY,"acceptance,test",explicit_acceptance_or_test_runner,required,destroy_dedicated_acceptance_database,false,false,KEEP_OUT_OF_PRODUCTION_INSTALL_SET
docs/architecture/unified_page_contract_lite/fixtures/default_ui_contract_request_v1.json,,default_ui_contract_request_v1,TEST_FIXTURE_ONLY,"acceptance,test",explicit_acceptance_or_test_runner,required,destroy_dedicated_acceptance_database,false,false,KEEP_OUT_OF_PRODUCTION_INSTALL_SET
docs/architecture/unified_page_contract_lite/fixtures/invalid_lite_preview_missing_version_request_v1.json,,invalid_lite_preview_missing_version_request_v1,TEST_FIXTURE_ONLY,"acceptance,test",explicit_acceptance_or_test_runner,required,destroy_dedicated_acceptance_database,false,false,KEEP_OUT_OF_PRODUCTION_INSTALL_SET
docs/architecture/unified_page_contract_lite/fixtures/legacy_onchange_raw_patch_source_v1.json,,legacy_onchange_raw_patch_source_v1,TEST_FIXTURE_ONLY,"acceptance,test",explicit_acceptance_or_test_runner,required,destroy_dedicated_acceptance_database,false,false,KEEP_OUT_OF_PRODUCTION_INSTALL_SET
docs/architecture/unified_page_contract_lite/fixtures/legacy_project_form_raw_source_v1.json,,legacy_project_form_raw_source_v1,TEST_FIXTURE_ONLY,"acceptance,test",explicit_acceptance_or_test_runner,required,destroy_dedicated_acceptance_database,false,false,KEEP_OUT_OF_PRODUCTION_INSTALL_SET
docs/architecture/unified_page_contract_lite/fixtures/onchange_patch_complex_source_v1.json,,onchange_patch_complex_source_v1,TEST_FIXTURE_ONLY,"acceptance,test",explicit_acceptance_or_test_runner,required,destroy_dedicated_acceptance_database,false,false,KEEP_OUT_OF_PRODUCTION_INSTALL_SET
docs/architecture/unified_page_contract_lite/fixtures/onchange_patch_source_v1.json,,onchange_patch_source_v1,TEST_FIXTURE_ONLY,"acceptance,test",explicit_acceptance_or_test_runner,required,destroy_dedicated_acceptance_database,false,false,KEEP_OUT_OF_PRODUCTION_INSTALL_SET
docs/architecture/unified_page_contract_lite/fixtures/project_form_semantic_source_v1.json,,project_form_semantic_source_v1,TEST_FIXTURE_ONLY,"acceptance,test",explicit_acceptance_or_test_runner,required,destroy_dedicated_acceptance_database,false,false,KEEP_OUT_OF_PRODUCTION_INSTALL_SET
docs/architecture/unified_page_contract_lite/fixtures/project_search_semantic_source_v1.json,,project_search_semantic_source_v1,TEST_FIXTURE_ONLY,"acceptance,test",explicit_acceptance_or_test_runner,required,destroy_dedicated_acceptance_database,false,false,KEEP_OUT_OF_PRODUCTION_INSTALL_SET
docs/architecture/unified_page_contract_lite/fixtures/project_tree_semantic_source_v1.json,,project_tree_semantic_source_v1,TEST_FIXTURE_ONLY,"acceptance,test",explicit_acceptance_or_test_runner,required,destroy_dedicated_acceptance_database,false,false,KEEP_OUT_OF_PRODUCTION_INSTALL_SET
docs/architecture/unified_page_contract_lite/lite_adapter_patch_source.schema.json,,lite_adapter_patch_source.schema,PRODUCT_REQUIRED,"production,demo,acceptance,customer",explicit_tool_or_module_execution,required,module_owned_records_only,false,false,KEEP_AS_PRODUCT_OR_DELIVERY_CONFIGURATION
docs/architecture/unified_page_contract_lite/lite_adapter_source.schema.json,,lite_adapter_source.schema,PRODUCT_REQUIRED,"production,demo,acceptance,customer",explicit_tool_or_module_execution,required,module_owned_records_only,false,false,KEEP_AS_PRODUCT_OR_DELIVERY_CONFIGURATION
docs/architecture/unified_page_contract_lite/lite_runtime_opt_in_envelope.example.json,,lite_runtime_opt_in_envelope.example,PRODUCT_REQUIRED,"production,demo,acceptance,customer",explicit_tool_or_module_execution,required,module_owned_records_only,false,false,KEEP_AS_PRODUCT_OR_DELIVERY_CONFIGURATION
docs/architecture/unified_page_contract_lite/lite_runtime_opt_in_envelope.schema.json,,lite_runtime_opt_in_envelope.schema,PRODUCT_REQUIRED,"production,demo,acceptance,customer",explicit_tool_or_module_execution,required,module_owned_records_only,false,false,KEEP_AS_PRODUCT_OR_DELIVERY_CONFIGURATION
docs/architecture/unified_page_contract_lite/lite_runtime_opt_in_response.example.json,,lite_runtime_opt_in_response.example,PRODUCT_REQUIRED,"production,demo,acceptance,customer",explicit_tool_or_module_execution,required,module_owned_records_only,false,false,KEEP_AS_PRODUCT_OR_DELIVERY_CONFIGURATION
docs/architecture/unified_page_contract_lite/lite_runtime_opt_in_response.schema.json,,lite_runtime_opt_in_response.schema,PRODUCT_REQUIRED,"production,demo,acceptance,customer",explicit_tool_or_module_execution,required,module_owned_records_only,false,false,KEEP_AS_PRODUCT_OR_DELIVERY_CONFIGURATION
docs/architecture/unified_page_contract_lite/patch_lite.example.json,,patch_lite.example,PRODUCT_REQUIRED,"production,demo,acceptance,customer",explicit_tool_or_module_execution,required,module_owned_records_only,false,false,KEEP_AS_PRODUCT_OR_DELIVERY_CONFIGURATION
docs/architecture/unified_page_contract_lite/project_form_lite.example.json,,project_form_lite.example,PRODUCT_REQUIRED,"production,demo,acceptance,customer",explicit_tool_or_module_execution,required,module_owned_records_only,false,false,KEEP_AS_PRODUCT_OR_DELIVERY_CONFIGURATION
docs/architecture/unified_page_contract_lite/semantic_adapter_mapping_inventory_v1.json,,semantic_adapter_mapping_inventory_v1,PRODUCT_REQUIRED,"production,demo,acceptance,customer",explicit_tool_or_module_execution,required,module_owned_records_only,false,false,KEEP_AS_PRODUCT_OR_DELIVERY_CONFIGURATION
docs/architecture/unified_page_contract_lite/snapshots/legacy_onchange_lite_patch_pipeline_snapshot_v1.json,,legacy_onchange_lite_patch_pipeline_snapshot_v1,PRODUCT_REQUIRED,"production,demo,acceptance,customer",explicit_tool_or_module_execution,required,module_owned_records_only,false,false,KEEP_AS_PRODUCT_OR_DELIVERY_CONFIGURATION
docs/architecture/unified_page_contract_lite/snapshots/legacy_onchange_normalized_patch_source_snapshot_v1.json,,legacy_onchange_normalized_patch_source_snapshot_v1,PRODUCT_REQUIRED,"production,demo,acceptance,customer",explicit_tool_or_module_execution,required,module_owned_records_only,false,false,KEEP_AS_PRODUCT_OR_DELIVERY_CONFIGURATION
docs/architecture/unified_page_contract_lite/snapshots/legacy_project_form_lite_pipeline_snapshot_v1.json,,legacy_project_form_lite_pipeline_snapshot_v1,PRODUCT_REQUIRED,"production,demo,acceptance,customer",explicit_tool_or_module_execution,required,module_owned_records_only,false,false,KEEP_AS_PRODUCT_OR_DELIVERY_CONFIGURATION
docs/architecture/unified_page_contract_lite/snapshots/legacy_project_form_normalized_source_snapshot_v1.json,,legacy_project_form_normalized_source_snapshot_v1,PRODUCT_REQUIRED,"production,demo,acceptance,customer",explicit_tool_or_module_execution,required,module_owned_records_only,false,false,KEEP_AS_PRODUCT_OR_DELIVERY_CONFIGURATION
docs/architecture/unified_page_contract_lite/snapshots/onchange_patch_complex_lite_adapter_snapshot_v1.json,,onchange_patch_complex_lite_adapter_snapshot_v1,PRODUCT_REQUIRED,"production,demo,acceptance,customer",explicit_tool_or_module_execution,required,module_owned_records_only,false,false,KEEP_AS_PRODUCT_OR_DELIVERY_CONFIGURATION
docs/architecture/unified_page_contract_lite/snapshots/onchange_patch_lite_adapter_snapshot_v1.json,,onchange_patch_lite_adapter_snapshot_v1,PRODUCT_REQUIRED,"production,demo,acceptance,customer",explicit_tool_or_module_execution,required,module_owned_records_only,false,false,KEEP_AS_PRODUCT_OR_DELIVERY_CONFIGURATION
docs/architecture/unified_page_contract_lite/snapshots/project_form_lite_adapter_snapshot_v1.json,,project_form_lite_adapter_snapshot_v1,PRODUCT_REQUIRED,"production,demo,acceptance,customer",explicit_tool_or_module_execution,required,module_owned_records_only,false,false,KEEP_AS_PRODUCT_OR_DELIVERY_CONFIGURATION
docs/architecture/unified_page_contract_lite/snapshots/project_search_lite_adapter_snapshot_v1.json,,project_search_lite_adapter_snapshot_v1,PRODUCT_REQUIRED,"production,demo,acceptance,customer",explicit_tool_or_module_execution,required,module_owned_records_only,false,false,KEEP_AS_PRODUCT_OR_DELIVERY_CONFIGURATION
docs/architecture/unified_page_contract_lite/snapshots/project_tree_lite_adapter_snapshot_v1.json,,project_tree_lite_adapter_snapshot_v1,PRODUCT_REQUIRED,"production,demo,acceptance,customer",explicit_tool_or_module_execution,required,module_owned_records_only,false,false,KEEP_AS_PRODUCT_OR_DELIVERY_CONFIGURATION
docs/architecture/unified_page_contract_lite/unified_page_contract_lite.schema.json,,unified_page_contract_lite.schema,PRODUCT_REQUIRED,"production,demo,acceptance,customer",explicit_tool_or_module_execution,required,module_owned_records_only,false,false,KEEP_AS_PRODUCT_OR_DELIVERY_CONFIGURATION
docs/architecture/unified_page_contract_v2/compatibility_mapping.json,,compatibility_mapping,PRODUCT_REQUIRED,"production,demo,acceptance,customer",explicit_tool_or_module_execution,required,module_owned_records_only,false,false,KEEP_AS_PRODUCT_OR_DELIVERY_CONFIGURATION
docs/architecture/unified_page_contract_v2/enum_registry.json,,enum_registry,PRODUCT_REQUIRED,"production,demo,acceptance,customer",explicit_tool_or_module_execution,required,module_owned_records_only,false,false,KEEP_AS_PRODUCT_OR_DELIVERY_CONFIGURATION
docs/architecture/unified_page_contract_v2/examples/form_project.json,,form_project,PRODUCT_REQUIRED,"production,demo,acceptance,customer",explicit_tool_or_module_execution,required,module_owned_records_only,false,false,KEEP_AS_PRODUCT_OR_DELIVERY_CONFIGURATION
docs/architecture/unified_page_contract_v2/examples/list_project.json,,list_project,PRODUCT_REQUIRED,"production,demo,acceptance,customer",explicit_tool_or_module_execution,required,module_owned_records_only,false,false,KEEP_AS_PRODUCT_OR_DELIVERY_CONFIGURATION
docs/architecture/unified_page_contract_v2/examples/nested_form_relation.json,,nested_form_relation,PRODUCT_REQUIRED,"production,demo,acceptance,customer",explicit_tool_or_module_execution,required,module_owned_records_only,false,false,KEEP_AS_PRODUCT_OR_DELIVERY_CONFIGURATION
docs/architecture/unified_page_contract_v2/examples/tree_project.json,,tree_project,PRODUCT_REQUIRED,"production,demo,acceptance,customer",explicit_tool_or_module_execution,required,module_owned_records_only,false,false,KEEP_AS_PRODUCT_OR_DELIVERY_CONFIGURATION
docs/architecture/unified_page_contract_v2/fixtures/action_contract_source.json,,action_contract_source,TEST_FIXTURE_ONLY,"acceptance,test",explicit_acceptance_or_test_runner,required,destroy_dedicated_acceptance_database,false,false,KEEP_OUT_OF_PRODUCTION_INSTALL_SET
docs/architecture/unified_page_contract_v2/fixtures/action_patch_source.json,,action_patch_source,TEST_FIXTURE_ONLY,"acceptance,test",explicit_acceptance_or_test_runner,required,destroy_dedicated_acceptance_database,false,false,KEEP_OUT_OF_PRODUCTION_INSTALL_SET
docs/architecture/unified_page_contract_v2/fixtures/api_onchange_source.json,,api_onchange_source,TEST_FIXTURE_ONLY,"acceptance,test",explicit_acceptance_or_test_runner,required,destroy_dedicated_acceptance_database,false,false,KEEP_OUT_OF_PRODUCTION_INSTALL_SET
docs/architecture/unified_page_contract_v2/fixtures/data_contract_source.json,,data_contract_source,TEST_FIXTURE_ONLY,"acceptance,test",explicit_acceptance_or_test_runner,required,destroy_dedicated_acceptance_database,false,false,KEEP_OUT_OF_PRODUCTION_INSTALL_SET
docs/architecture/unified_page_contract_v2/fixtures/page_orchestration_v1_source.json,,page_orchestration_v1_source,TEST_FIXTURE_ONLY,"acceptance,test",explicit_acceptance_or_test_runner,required,destroy_dedicated_acceptance_database,false,false,KEEP_OUT_OF_PRODUCTION_INSTALL_SET
docs/architecture/unified_page_contract_v2/fixtures/runtime_contract_source.json,,runtime_contract_source,TEST_FIXTURE_ONLY,"acceptance,test",explicit_acceptance_or_test_runner,required,destroy_dedicated_acceptance_database,false,false,KEEP_OUT_OF_PRODUCTION_INSTALL_SET
docs/architecture/unified_page_contract_v2/fixtures/scene_contract_v1_source.json,,scene_contract_v1_source,TEST_FIXTURE_ONLY,"acceptance,test",explicit_acceptance_or_test_runner,required,destroy_dedicated_acceptance_database,false,false,KEEP_OUT_OF_PRODUCTION_INSTALL_SET
docs/architecture/unified_page_contract_v2/fixtures/status_contract_source.json,,status_contract_source,TEST_FIXTURE_ONLY,"acceptance,test",explicit_acceptance_or_test_runner,required,destroy_dedicated_acceptance_database,false,false,KEEP_OUT_OF_PRODUCTION_INSTALL_SET
docs/architecture/unified_page_contract_v2/fixtures/ui_contract_source.json,,ui_contract_source,TEST_FIXTURE_ONLY,"acceptance,test",explicit_acceptance_or_test_runner,required,destroy_dedicated_acceptance_database,false,false,KEEP_OUT_OF_PRODUCTION_INSTALL_SET
docs/architecture/unified_page_contract_v2/snapshots/action_contract_snapshot_v1.json,,action_contract_snapshot_v1,PRODUCT_REQUIRED,"production,demo,acceptance,customer",explicit_tool_or_module_execution,required,module_owned_records_only,false,false,KEEP_AS_PRODUCT_OR_DELIVERY_CONFIGURATION
docs/architecture/unified_page_contract_v2/snapshots/assembler_mapping_snapshot_v1.json,,assembler_mapping_snapshot_v1,PRODUCT_REQUIRED,"production,demo,acceptance,customer",explicit_tool_or_module_execution,required,module_owned_records_only,false,false,KEEP_AS_PRODUCT_OR_DELIVERY_CONFIGURATION
docs/architecture/unified_page_contract_v2/snapshots/client_trimming_snapshot_v1.json,,client_trimming_snapshot_v1,PRODUCT_REQUIRED,"production,demo,acceptance,customer",explicit_tool_or_module_execution,required,module_owned_records_only,false,false,KEEP_AS_PRODUCT_OR_DELIVERY_CONFIGURATION
docs/architecture/unified_page_contract_v2/snapshots/data_contract_snapshot_v1.json,,data_contract_snapshot_v1,PRODUCT_REQUIRED,"production,demo,acceptance,customer",explicit_tool_or_module_execution,required,module_owned_records_only,false,false,KEEP_AS_PRODUCT_OR_DELIVERY_CONFIGURATION
docs/architecture/unified_page_contract_v2/snapshots/runtime_contract_snapshot_v1.json,,runtime_contract_snapshot_v1,PRODUCT_REQUIRED,"production,demo,acceptance,customer",explicit_tool_or_module_execution,required,module_owned_records_only,false,false,KEEP_AS_PRODUCT_OR_DELIVERY_CONFIGURATION
docs/architecture/unified_page_contract_v2/snapshots/status_contract_snapshot_v1.json,,status_contract_snapshot_v1,PRODUCT_REQUIRED,"production,demo,acceptance,customer",explicit_tool_or_module_execution,required,module_owned_records_only,false,false,KEEP_AS_PRODUCT_OR_DELIVERY_CONFIGURATION
docs/architecture/unified_page_contract_v2/unified_page_contract_v2.schema.json,,unified_page_contract_v2.schema,PRODUCT_REQUIRED,"production,demo,acceptance,customer",explicit_tool_or_module_execution,required,module_owned_records_only,false,false,KEEP_AS_PRODUCT_OR_DELIVERY_CONFIGURATION
docs/audit/admin_vis_p3/admin_vis_p3_remaining_boundary_reconciliation_v1.json,,admin_vis_p3_remaining_boundary_reconciliation_v1,PRODUCT_REQUIRED,"production,demo,acceptance,customer",explicit_tool_or_module_execution,required,module_owned_records_only,false,false,KEEP_AS_PRODUCT_OR_DELIVERY_CONFIGURATION
docs/audit/admin_vis_p3/admin_vis_p3_true_route_conflict_security_assessment_v1.json,,admin_vis_p3_true_route_conflict_security_assessment_v1,PRODUCT_REQUIRED,"production,demo,acceptance,customer",explicit_tool_or_module_execution,required,module_owned_records_only,false,false,KEEP_AS_PRODUCT_OR_DELIVERY_CONFIGURATION
docs/audit/field_arch_p0_02/formal-contract-migration-matrix.csv,,formal-contract-migration-matrix,PRODUCT_REQUIRED,"production,demo,acceptance,customer",explicit_tool_or_module_execution,required,module_owned_records_only,false,false,KEEP_AS_PRODUCT_OR_DELIVERY_CONFIGURATION
docs/audit/field_arch_p0_02/new-tenant-bootstrap-evidence.json,,new-tenant-bootstrap-evidence,PRODUCT_REQUIRED,"production,demo,acceptance,customer",explicit_tool_or_module_execution,required,module_owned_records_only,false,false,KEEP_AS_PRODUCT_OR_DELIVERY_CONFIGURATION
docs/audit/field_arch_p0_02/runtime-contract-evidence.json,,runtime-contract-evidence,PRODUCT_REQUIRED,"production,demo,acceptance,customer",explicit_tool_or_module_execution,required,module_owned_records_only,false,false,KEEP_AS_PRODUCT_OR_DELIVERY_CONFIGURATION
docs/audit/field_arch_p0_02/unresolved-field-decisions.csv,,unresolved-field-decisions,PRODUCT_REQUIRED,"production,demo,acceptance,customer",explicit_tool_or_module_execution,required,module_owned_records_only,false,false,KEEP_AS_PRODUCT_OR_DELIVERY_CONFIGURATION
docs/audit/field_arch_p0_02/view-reference-remediation.csv,,view-reference-remediation,PRODUCT_REQUIRED,"production,demo,acceptance,customer",explicit_tool_or_module_execution,required,module_owned_records_only,false,false,KEEP_AS_PRODUCT_OR_DELIVERY_CONFIGURATION
docs/audit/native/form_orchestration_business_usability/form_orchestration_business_usability_audit.csv,,form_orchestration_business_usability_audit,PRODUCT_REQUIRED,"production,demo,acceptance,customer",explicit_tool_or_module_execution,required,module_owned_records_only,false,false,KEEP_AS_PRODUCT_OR_DELIVERY_CONFIGURATION
docs/audit/native/form_orchestration_business_usability/form_orchestration_business_usability_audit.json,,form_orchestration_business_usability_audit,PRODUCT_REQUIRED,"production,demo,acceptance,customer",explicit_tool_or_module_execution,required,module_owned_records_only,false,false,KEEP_AS_PRODUCT_OR_DELIVERY_CONFIGURATION
docs/audit/native/form_orchestration_business_usability/form_orchestration_p1_expectation_audit.csv,,form_orchestration_p1_expectation_audit,PRODUCT_REQUIRED,"production,demo,acceptance,customer",explicit_tool_or_module_execution,required,module_owned_records_only,false,false,KEEP_AS_PRODUCT_OR_DELIVERY_CONFIGURATION
docs/audit/native/form_structure_business_priority/form_structure_business_priority.csv,,form_structure_business_priority,PRODUCT_REQUIRED,"production,demo,acceptance,customer",explicit_tool_or_module_execution,required,module_owned_records_only,false,false,KEEP_AS_PRODUCT_OR_DELIVERY_CONFIGURATION
docs/audit/native/form_structure_business_priority/form_structure_business_priority.json,,form_structure_business_priority,PRODUCT_REQUIRED,"production,demo,acceptance,customer",explicit_tool_or_module_execution,required,module_owned_records_only,false,false,KEEP_AS_PRODUCT_OR_DELIVERY_CONFIGURATION
docs/audit/native/form_structure_contract_runtime/form_structure_contract_runtime_audit.csv,,form_structure_contract_runtime_audit,PRODUCT_REQUIRED,"production,demo,acceptance,customer",explicit_tool_or_module_execution,required,module_owned_records_only,false,false,KEEP_AS_PRODUCT_OR_DELIVERY_CONFIGURATION
docs/audit/native/form_structure_contract_runtime/form_structure_contract_runtime_audit.json,,form_structure_contract_runtime_audit,PRODUCT_REQUIRED,"production,demo,acceptance,customer",explicit_tool_or_module_execution,required,module_owned_records_only,false,false,KEEP_AS_PRODUCT_OR_DELIVERY_CONFIGURATION
docs/audit/native/form_structure_standardization/form_structure_standardization_audit.csv,,form_structure_standardization_audit,PRODUCT_REQUIRED,"production,demo,acceptance,customer",explicit_tool_or_module_execution,required,module_owned_records_only,false,false,KEEP_AS_PRODUCT_OR_DELIVERY_CONFIGURATION
docs/audit/native/form_structure_standardization/form_structure_standardization_audit.json,,form_structure_standardization_audit,PRODUCT_REQUIRED,"production,demo,acceptance,customer",explicit_tool_or_module_execution,required,module_owned_records_only,false,false,KEEP_AS_PRODUCT_OR_DELIVERY_CONFIGURATION
docs/audit/native/form_structure_standardization_runtime/form_structure_standardization_audit.csv,,form_structure_standardization_audit,PRODUCT_REQUIRED,"production,demo,acceptance,customer",explicit_tool_or_module_execution,required,module_owned_records_only,false,false,KEEP_AS_PRODUCT_OR_DELIVERY_CONFIGURATION
docs/audit/native/form_structure_standardization_runtime/form_structure_standardization_audit.json,,form_structure_standardization_audit,PRODUCT_REQUIRED,"production,demo,acceptance,customer",explicit_tool_or_module_execution,required,module_owned_records_only,false,false,KEEP_AS_PRODUCT_OR_DELIVERY_CONFIGURATION
docs/audit/native/form_view_scope_action_projection/rows.csv,,rows,PRODUCT_REQUIRED,"production,demo,acceptance,customer",explicit_tool_or_module_execution,required,module_owned_records_only,false,false,KEEP_AS_PRODUCT_OR_DELIVERY_CONFIGURATION
docs/audit/native/form_view_scope_action_projection/summary.json,,summary,PRODUCT_REQUIRED,"production,demo,acceptance,customer",explicit_tool_or_module_execution,required,module_owned_records_only,false,false,KEEP_AS_PRODUCT_OR_DELIVERY_CONFIGURATION
docs/audit/native/nav_policy_01/authoritative_navigation_matrix.csv,,authoritative_navigation_matrix,PRODUCT_REQUIRED,"production,demo,acceptance,customer",explicit_tool_or_module_execution,required,module_owned_records_only,false,false,KEEP_AS_PRODUCT_OR_DELIVERY_CONFIGURATION
docs/audit/native/nav_policy_01/product_navigation_exposure_matrix.csv,,product_navigation_exposure_matrix,PRODUCT_REQUIRED,"production,demo,acceptance,customer",explicit_tool_or_module_execution,required,module_owned_records_only,false,false,KEEP_AS_PRODUCT_OR_DELIVERY_CONFIGURATION
docs/audit/native/parser_capability/native_parser_capability_audit.csv,,native_parser_capability_audit,PRODUCT_REQUIRED,"production,demo,acceptance,customer",explicit_tool_or_module_execution,required,module_owned_records_only,false,false,KEEP_AS_PRODUCT_OR_DELIVERY_CONFIGURATION
docs/audit/native/parser_capability/native_parser_capability_audit.json,,native_parser_capability_audit,PRODUCT_REQUIRED,"production,demo,acceptance,customer",explicit_tool_or_module_execution,required,module_owned_records_only,false,false,KEEP_AS_PRODUCT_OR_DELIVERY_CONFIGURATION
docs/audit/um_p1/um_p1_s01_ownership_visibility_contract_v1.json,,um_p1_s01_ownership_visibility_contract_v1,PRODUCT_REQUIRED,"production,demo,acceptance,customer",explicit_tool_or_module_execution,required,module_owned_records_only,false,false,KEEP_AS_PRODUCT_OR_DELIVERY_CONFIGURATION
docs/audit/um_p2/um_p2_s01_receipt_relation_aggregation_v1.json,,um_p2_s01_receipt_relation_aggregation_v1,PRODUCT_REQUIRED,"production,demo,acceptance,customer",explicit_tool_or_module_execution,required,module_owned_records_only,false,false,KEEP_AS_PRODUCT_OR_DELIVERY_CONFIGURATION
docs/audit/um_p2/um_p2_s02_payment_relation_aggregation_v1.json,,um_p2_s02_payment_relation_aggregation_v1,PRODUCT_REQUIRED,"production,demo,acceptance,customer",explicit_tool_or_module_execution,required,module_owned_records_only,false,false,KEEP_AS_PRODUCT_OR_DELIVERY_CONFIGURATION
docs/audit/um_p2/um_p2_s03_interfund_relation_aggregation_v1.json,,um_p2_s03_interfund_relation_aggregation_v1,PRODUCT_REQUIRED,"production,demo,acceptance,customer",explicit_tool_or_module_execution,required,module_owned_records_only,false,false,KEEP_AS_PRODUCT_OR_DELIVERY_CONFIGURATION
docs/audit/um_p2/um_p2_s04_invoice_relation_aggregation_v1.json,,um_p2_s04_invoice_relation_aggregation_v1,PRODUCT_REQUIRED,"production,demo,acceptance,customer",explicit_tool_or_module_execution,required,module_owned_records_only,false,false,KEEP_AS_PRODUCT_OR_DELIVERY_CONFIGURATION
docs/audit/um_p2/um_p2_s05_settlement_relation_aggregation_v1.json,,um_p2_s05_settlement_relation_aggregation_v1,PRODUCT_REQUIRED,"production,demo,acceptance,customer",explicit_tool_or_module_execution,required,module_owned_records_only,false,false,KEEP_AS_PRODUCT_OR_DELIVERY_CONFIGURATION
docs/audit/um_p3/um_p3_core_020_payment_ledger_allowed_company_closure_v1.json,,um_p3_core_020_payment_ledger_allowed_company_closure_v1,PRODUCT_REQUIRED,"production,demo,acceptance,customer",explicit_tool_or_module_execution,required,module_owned_records_only,false,false,KEEP_AS_PRODUCT_OR_DELIVERY_CONFIGURATION
docs/audit/um_p3/um_p3_core_034_subcontract_cumulative_amount_policy_v1.json,,um_p3_core_034_subcontract_cumulative_amount_policy_v1,PRODUCT_REQUIRED,"production,demo,acceptance,customer",explicit_tool_or_module_execution,required,module_owned_records_only,false,false,KEEP_AS_PRODUCT_OR_DELIVERY_CONFIGURATION
docs/audit/um_p3/um_p3_core_035_s07a_environment_handoff_v1.json,,um_p3_core_035_s07a_environment_handoff_v1,PRODUCT_REQUIRED,"production,demo,acceptance,customer",explicit_tool_or_module_execution,required,module_owned_records_only,false,false,KEEP_AS_PRODUCT_OR_DELIVERY_CONFIGURATION
docs/audit/um_p3/um_p3_core_035_s07a_relation_remediation_plan_v1.json,,um_p3_core_035_s07a_relation_remediation_plan_v1,PRODUCT_REQUIRED,"production,demo,acceptance,customer",explicit_tool_or_module_execution,required,module_owned_records_only,false,false,KEEP_AS_PRODUCT_OR_DELIVERY_CONFIGURATION
docs/audit/um_p3/um_p3_core_035_s07a_source_profile_v1.json,,um_p3_core_035_s07a_source_profile_v1,PRODUCT_REQUIRED,"production,demo,acceptance,customer",explicit_tool_or_module_execution,required,module_owned_records_only,false,false,KEEP_AS_PRODUCT_OR_DELIVERY_CONFIGURATION
docs/audit/um_p3/um_p3_core_035_s07ac_authorization_template_v1.json,,um_p3_core_035_s07ac_authorization_template_v1,PRODUCT_REQUIRED,"production,demo,acceptance,customer",explicit_tool_or_module_execution,required,module_owned_records_only,false,false,KEEP_AS_PRODUCT_OR_DELIVERY_CONFIGURATION
docs/audit/um_p3/um_p3_core_035_s07ac_confirmation_items_v1.json,,um_p3_core_035_s07ac_confirmation_items_v1,PRODUCT_REQUIRED,"production,demo,acceptance,customer",explicit_tool_or_module_execution,required,module_owned_records_only,false,false,KEEP_AS_PRODUCT_OR_DELIVERY_CONFIGURATION
docs/audit/um_p3/um_p3_core_035_s07ac_confirmation_manifest_v1.json,,um_p3_core_035_s07ac_confirmation_manifest_v1,PRODUCT_REQUIRED,"production,demo,acceptance,customer",explicit_tool_or_module_execution,required,module_owned_records_only,false,false,KEEP_AS_PRODUCT_OR_DELIVERY_CONFIGURATION
docs/audit/um_p3/um_p3_s01_core_domain_authority_matrix_v1.json,,um_p3_s01_core_domain_authority_matrix_v1,PRODUCT_REQUIRED,"production,demo,acceptance,customer",explicit_tool_or_module_execution,required,module_owned_records_only,false,false,KEEP_AS_PRODUCT_OR_DELIVERY_CONFIGURATION
docs/audit/um_p3/um_p3_s02_fund_plan_actual_event_allocation_v1.json,,um_p3_s02_fund_plan_actual_event_allocation_v1,PRODUCT_REQUIRED,"production,demo,acceptance,customer",explicit_tool_or_module_execution,required,module_owned_records_only,false,false,KEEP_AS_PRODUCT_OR_DELIVERY_CONFIGURATION
docs/audit/um_p3/um_p3_s03_funding_baseline_project_visibility_v1.json,,um_p3_s03_funding_baseline_project_visibility_v1,PRODUCT_REQUIRED,"production,demo,acceptance,customer",explicit_tool_or_module_execution,required,module_owned_records_only,false,false,KEEP_AS_PRODUCT_OR_DELIVERY_CONFIGURATION
docs/audit/um_p3/um_p3_s04_material_settlement_purchase_authority_v1.json,,um_p3_s04_material_settlement_purchase_authority_v1,PRODUCT_REQUIRED,"production,demo,acceptance,customer",explicit_tool_or_module_execution,required,module_owned_records_only,false,false,KEEP_AS_PRODUCT_OR_DELIVERY_CONFIGURATION
docs/audit/um_p3/um_p3_s05_subcontract_register_settlement_authority_v1.json,,um_p3_s05_subcontract_register_settlement_authority_v1,PRODUCT_REQUIRED,"production,demo,acceptance,customer",explicit_tool_or_module_execution,required,module_owned_records_only,false,false,KEEP_AS_PRODUCT_OR_DELIVERY_CONFIGURATION
docs/audit/um_p3/um_p3_s06_subcontract_cumulative_settlement_quantity_policy_v1.json,,um_p3_s06_subcontract_cumulative_settlement_quantity_policy_v1,PRODUCT_REQUIRED,"production,demo,acceptance,customer",explicit_tool_or_module_execution,required,module_owned_records_only,false,false,KEEP_AS_PRODUCT_OR_DELIVERY_CONFIGURATION
docs/audit/um_p3/um_p3_s07a_external_environment_and_execution_rerank_v1.json,,um_p3_s07a_external_environment_and_execution_rerank_v1,PRODUCT_REQUIRED,"production,demo,acceptance,customer",explicit_tool_or_module_execution,required,module_owned_records_only,false,false,KEEP_AS_PRODUCT_OR_DELIVERY_CONFIGURATION
docs/audit/user_confirmed_form_capability/user_confirmed_form_capability_audit.json,,user_confirmed_form_capability_audit,PRODUCT_REQUIRED,"production,demo,acceptance,customer",explicit_tool_or_module_execution,required,module_owned_records_only,false,false,KEEP_AS_PRODUCT_OR_DELIVERY_CONFIGURATION
docs/audit/user_confirmed_form_data_alignment/user_confirmed_form_data_alignment_audit.json,,user_confirmed_form_data_alignment_audit,PRODUCT_REQUIRED,"production,demo,acceptance,customer",explicit_tool_or_module_execution,required,module_owned_records_only,false,false,KEEP_AS_PRODUCT_OR_DELIVERY_CONFIGURATION
docs/contract/cases.yml,,cases,PRODUCT_REQUIRED,"production,demo,acceptance,customer",explicit_tool_or_module_execution,required,module_owned_records_only,false,false,KEEP_AS_PRODUCT_OR_DELIVERY_CONFIGURATION
docs/contract/exports/intent_catalog.json,,intent_catalog,PRODUCT_REQUIRED,"production,demo,acceptance,customer",explicit_tool_or_module_execution,required,module_owned_records_only,false,false,KEEP_AS_PRODUCT_OR_DELIVERY_CONFIGURATION
docs/contract/exports/intent_catalog_enriched.json,,intent_catalog_enriched,PRODUCT_REQUIRED,"production,demo,acceptance,customer",explicit_tool_or_module_execution,required,module_owned_records_only,false,false,KEEP_AS_PRODUCT_OR_DELIVERY_CONFIGURATION
docs/contract/exports/scene_catalog.json,,scene_catalog,PRODUCT_REQUIRED,"production,demo,acceptance,customer",explicit_tool_or_module_execution,required,module_owned_records_only,false,false,KEEP_AS_PRODUCT_OR_DELIVERY_CONFIGURATION
docs/contract/exports/scenes/LATEST.json,,LATEST,PRODUCT_REQUIRED,"production,demo,acceptance,customer",explicit_tool_or_module_execution,required,module_owned_records_only,false,false,KEEP_AS_PRODUCT_OR_DELIVERY_CONFIGURATION
docs/contract/exports/scenes/beta/LATEST.json,,LATEST,PRODUCT_REQUIRED,"production,demo,acceptance,customer",explicit_tool_or_module_execution,required,module_owned_records_only,false,false,KEEP_AS_PRODUCT_OR_DELIVERY_CONFIGURATION
docs/contract/exports/scenes/dev/LATEST.json,,LATEST,PRODUCT_REQUIRED,"production,demo,acceptance,customer",explicit_tool_or_module_execution,required,module_owned_records_only,false,false,KEEP_AS_PRODUCT_OR_DELIVERY_CONFIGURATION
docs/contract/exports/scenes/scene_contract.v10_0.json,,scene_contract.v10_0,PRODUCT_REQUIRED,"production,demo,acceptance,customer",explicit_tool_or_module_execution,required,module_owned_records_only,false,false,KEEP_AS_PRODUCT_OR_DELIVERY_CONFIGURATION
docs/contract/exports/scenes/stable/LATEST.json,,LATEST,PRODUCT_REQUIRED,"production,demo,acceptance,customer",explicit_tool_or_module_execution,required,module_owned_records_only,false,false,KEEP_AS_PRODUCT_OR_DELIVERY_CONFIGURATION
docs/contract/exports/scenes/stable/PINNED.json,,PINNED,PRODUCT_REQUIRED,"production,demo,acceptance,customer",explicit_tool_or_module_execution,required,module_owned_records_only,false,false,KEEP_AS_PRODUCT_OR_DELIVERY_CONFIGURATION
docs/contract/intent_public_surface.json,,intent_public_surface,PRODUCT_REQUIRED,"production,demo,acceptance,customer",explicit_tool_or_module_execution,required,module_owned_records_only,false,false,KEEP_AS_PRODUCT_OR_DELIVERY_CONFIGURATION
docs/contract/packages/scenes/scene_package_v1.schema.json,,scene_package_v1.schema,PRODUCT_REQUIRED,"production,demo,acceptance,customer",explicit_tool_or_module_execution,required,module_owned_records_only,false,false,KEEP_AS_PRODUCT_OR_DELIVERY_CONFIGURATION
docs/contract/project_management_capability_mapping_v2.json,,project_management_capability_mapping_v2,PRODUCT_REQUIRED,"production,demo,acceptance,customer",explicit_tool_or_module_execution,required,module_owned_records_only,false,false,KEEP_AS_PRODUCT_OR_DELIVERY_CONFIGURATION
docs/contract/snapshots/api_data_batch_pm.json,,api_data_batch_pm,PRODUCT_REQUIRED,"production,demo,acceptance,customer",explicit_tool_or_module_execution,required,module_owned_records_only,false,false,KEEP_AS_PRODUCT_OR_DELIVERY_CONFIGURATION
docs/contract/snapshots/api_data_create_intent_pm.json,,api_data_create_intent_pm,PRODUCT_REQUIRED,"production,demo,acceptance,customer",explicit_tool_or_module_execution,required,module_owned_records_only,false,false,KEEP_AS_PRODUCT_OR_DELIVERY_CONFIGURATION
docs/contract/snapshots/api_data_intent_pm.json,,api_data_intent_pm,PRODUCT_REQUIRED,"production,demo,acceptance,customer",explicit_tool_or_module_execution,required,module_owned_records_only,false,false,KEEP_AS_PRODUCT_OR_DELIVERY_CONFIGURATION
docs/contract/snapshots/api_data_unlink_intent_pm.json,,api_data_unlink_intent_pm,PRODUCT_REQUIRED,"production,demo,acceptance,customer",explicit_tool_or_module_execution,required,module_owned_records_only,false,false,KEEP_AS_PRODUCT_OR_DELIVERY_CONFIGURATION
docs/contract/snapshots/api_onchange_intent_admin.json,,api_onchange_intent_admin,PRODUCT_REQUIRED,"production,demo,acceptance,customer",explicit_tool_or_module_execution,required,module_owned_records_only,false,false,KEEP_AS_PRODUCT_OR_DELIVERY_CONFIGURATION
docs/contract/snapshots/app_catalog_intent_admin.json,,app_catalog_intent_admin,PRODUCT_REQUIRED,"production,demo,acceptance,customer",explicit_tool_or_module_execution,required,module_owned_records_only,false,false,KEEP_AS_PRODUCT_OR_DELIVERY_CONFIGURATION
docs/contract/snapshots/app_nav_intent_admin.json,,app_nav_intent_admin,PRODUCT_REQUIRED,"production,demo,acceptance,customer",explicit_tool_or_module_execution,required,module_owned_records_only,false,false,KEEP_AS_PRODUCT_OR_DELIVERY_CONFIGURATION
docs/contract/snapshots/app_open_intent_admin.json,,app_open_intent_admin,PRODUCT_REQUIRED,"production,demo,acceptance,customer",explicit_tool_or_module_execution,required,module_owned_records_only,false,false,KEEP_AS_PRODUCT_OR_DELIVERY_CONFIGURATION
docs/contract/snapshots/attachment_list_pm.json,,attachment_list_pm,PRODUCT_REQUIRED,"production,demo,acceptance,customer",explicit_tool_or_module_execution,required,module_owned_records_only,false,false,KEEP_AS_PRODUCT_OR_DELIVERY_CONFIGURATION
docs/contract/snapshots/auth_logout_intent_admin.json,,auth_logout_intent_admin,PRODUCT_REQUIRED,"production,demo,acceptance,customer",explicit_tool_or_module_execution,required,module_owned_records_only,false,false,KEEP_AS_PRODUCT_OR_DELIVERY_CONFIGURATION
docs/contract/snapshots/business_evidence_trace_intent_admin.json,,business_evidence_trace_intent_admin,PRODUCT_REQUIRED,"production,demo,acceptance,customer",explicit_tool_or_module_execution,required,module_owned_records_only,false,false,KEEP_AS_PRODUCT_OR_DELIVERY_CONFIGURATION
docs/contract/snapshots/capability_describe_intent_admin.json,,capability_describe_intent_admin,PRODUCT_REQUIRED,"production,demo,acceptance,customer",explicit_tool_or_module_execution,required,module_owned_records_only,false,false,KEEP_AS_PRODUCT_OR_DELIVERY_CONFIGURATION
docs/contract/snapshots/capability_matrix_pm.json,,capability_matrix_pm,PRODUCT_REQUIRED,"production,demo,acceptance,customer",explicit_tool_or_module_execution,required,module_owned_records_only,false,false,KEEP_AS_PRODUCT_OR_DELIVERY_CONFIGURATION
docs/contract/snapshots/capability_visibility_report_intent_admin.json,,capability_visibility_report_intent_admin,PRODUCT_REQUIRED,"production,demo,acceptance,customer",explicit_tool_or_module_execution,required,module_owned_records_only,false,false,KEEP_AS_PRODUCT_OR_DELIVERY_CONFIGURATION
docs/contract/snapshots/chatter_activity_schedule_intent_admin.json,,chatter_activity_schedule_intent_admin,PRODUCT_REQUIRED,"production,demo,acceptance,customer",explicit_tool_or_module_execution,required,module_owned_records_only,false,false,KEEP_AS_PRODUCT_OR_DELIVERY_CONFIGURATION
docs/contract/snapshots/chatter_activity_update_intent_admin.json,,chatter_activity_update_intent_admin,PRODUCT_REQUIRED,"production,demo,acceptance,customer",explicit_tool_or_module_execution,required,module_owned_records_only,false,false,KEEP_AS_PRODUCT_OR_DELIVERY_CONFIGURATION
docs/contract/snapshots/chatter_post_intent_admin.json,,chatter_post_intent_admin,PRODUCT_REQUIRED,"production,demo,acceptance,customer",explicit_tool_or_module_execution,required,module_owned_records_only,false,false,KEEP_AS_PRODUCT_OR_DELIVERY_CONFIGURATION
docs/contract/snapshots/chatter_timeline_intent_pm.json,,chatter_timeline_intent_pm,PRODUCT_REQUIRED,"production,demo,acceptance,customer",explicit_tool_or_module_execution,required,module_owned_records_only,false,false,KEEP_AS_PRODUCT_OR_DELIVERY_CONFIGURATION
docs/contract/snapshots/collaboration_users_search_intent_admin.json,,collaboration_users_search_intent_admin,PRODUCT_REQUIRED,"production,demo,acceptance,customer",explicit_tool_or_module_execution,required,module_owned_records_only,false,false,KEEP_AS_PRODUCT_OR_DELIVERY_CONFIGURATION
docs/contract/snapshots/contract_expense_action_pm.json,,contract_expense_action_pm,PRODUCT_REQUIRED,"production,demo,acceptance,customer",explicit_tool_or_module_execution,required,module_owned_records_only,false,false,KEEP_AS_PRODUCT_OR_DELIVERY_CONFIGURATION
docs/contract/snapshots/contract_income_action_pm.json,,contract_income_action_pm,PRODUCT_REQUIRED,"production,demo,acceptance,customer",explicit_tool_or_module_execution,required,module_owned_records_only,false,false,KEEP_AS_PRODUCT_OR_DELIVERY_CONFIGURATION
docs/contract/snapshots/contract_list_action_pm.json,,contract_list_action_pm,PRODUCT_REQUIRED,"production,demo,acceptance,customer",explicit_tool_or_module_execution,required,module_owned_records_only,false,false,KEEP_AS_PRODUCT_OR_DELIVERY_CONFIGURATION
docs/contract/snapshots/cost_compare_action_pm.json,,cost_compare_action_pm,PRODUCT_REQUIRED,"production,demo,acceptance,customer",explicit_tool_or_module_execution,required,module_owned_records_only,false,false,KEEP_AS_PRODUCT_OR_DELIVERY_CONFIGURATION
docs/contract/snapshots/cost_ledger_action_pm.json,,cost_ledger_action_pm,PRODUCT_REQUIRED,"production,demo,acceptance,customer",explicit_tool_or_module_execution,required,module_owned_records_only,false,false,KEEP_AS_PRODUCT_OR_DELIVERY_CONFIGURATION
docs/contract/snapshots/cost_tracking_block_fetch_intent_admin.json,,cost_tracking_block_fetch_intent_admin,PRODUCT_REQUIRED,"production,demo,acceptance,customer",explicit_tool_or_module_execution,required,module_owned_records_only,false,false,KEEP_AS_PRODUCT_OR_DELIVERY_CONFIGURATION
docs/contract/snapshots/cost_tracking_enter_intent_admin.json,,cost_tracking_enter_intent_admin,PRODUCT_REQUIRED,"production,demo,acceptance,customer",explicit_tool_or_module_execution,required,module_owned_records_only,false,false,KEEP_AS_PRODUCT_OR_DELIVERY_CONFIGURATION
docs/contract/snapshots/cost_tracking_record_create_intent_admin.json,,cost_tracking_record_create_intent_admin,PRODUCT_REQUIRED,"production,demo,acceptance,customer",explicit_tool_or_module_execution,required,module_owned_records_only,false,false,KEEP_AS_PRODUCT_OR_DELIVERY_CONFIGURATION
docs/contract/snapshots/dashboard_company_enter_intent_admin.json,,dashboard_company_enter_intent_admin,PRODUCT_REQUIRED,"production,demo,acceptance,customer",explicit_tool_or_module_execution,required,module_owned_records_only,false,false,KEEP_AS_PRODUCT_OR_DELIVERY_CONFIGURATION
docs/contract/snapshots/execute_button_error.json,,execute_button_error,PRODUCT_REQUIRED,"production,demo,acceptance,customer",explicit_tool_or_module_execution,required,module_owned_records_only,false,false,KEEP_AS_PRODUCT_OR_DELIVERY_CONFIGURATION
docs/contract/snapshots/execute_button_intent_dry_run_pm.json,,execute_button_intent_dry_run_pm,PRODUCT_REQUIRED,"production,demo,acceptance,customer",explicit_tool_or_module_execution,required,module_owned_records_only,false,false,KEEP_AS_PRODUCT_OR_DELIVERY_CONFIGURATION
docs/contract/snapshots/execute_button_missing_method.json,,execute_button_missing_method,PRODUCT_REQUIRED,"production,demo,acceptance,customer",explicit_tool_or_module_execution,required,module_owned_records_only,false,false,KEEP_AS_PRODUCT_OR_DELIVERY_CONFIGURATION
docs/contract/snapshots/execute_button_missing_record.json,,execute_button_missing_record,PRODUCT_REQUIRED,"production,demo,acceptance,customer",explicit_tool_or_module_execution,required,module_owned_records_only,false,false,KEEP_AS_PRODUCT_OR_DELIVERY_CONFIGURATION
docs/contract/snapshots/execute_button_not_allowed.json,,execute_button_not_allowed,PRODUCT_REQUIRED,"production,demo,acceptance,customer",explicit_tool_or_module_execution,required,module_owned_records_only,false,false,KEEP_AS_PRODUCT_OR_DELIVERY_CONFIGURATION
docs/contract/snapshots/execute_button_pm.json,,execute_button_pm,PRODUCT_REQUIRED,"production,demo,acceptance,customer",explicit_tool_or_module_execution,required,module_owned_records_only,false,false,KEEP_AS_PRODUCT_OR_DELIVERY_CONFIGURATION
docs/contract/snapshots/file_download_intent_admin.json,,file_download_intent_admin,PRODUCT_REQUIRED,"production,demo,acceptance,customer",explicit_tool_or_module_execution,required,module_owned_records_only,false,false,KEEP_AS_PRODUCT_OR_DELIVERY_CONFIGURATION
docs/contract/snapshots/file_upload_intent_admin.json,,file_upload_intent_admin,PRODUCT_REQUIRED,"production,demo,acceptance,customer",explicit_tool_or_module_execution,required,module_owned_records_only,false,false,KEEP_AS_PRODUCT_OR_DELIVERY_CONFIGURATION
docs/contract/snapshots/form_save_simple_pm.json,,form_save_simple_pm,PRODUCT_REQUIRED,"production,demo,acceptance,customer",explicit_tool_or_module_execution,required,module_owned_records_only,false,false,KEEP_AS_PRODUCT_OR_DELIVERY_CONFIGURATION
docs/contract/snapshots/global_message_conversations_intent_admin.json,,global_message_conversations_intent_admin,PRODUCT_REQUIRED,"production,demo,acceptance,customer",explicit_tool_or_module_execution,required,module_owned_records_only,false,false,KEEP_AS_PRODUCT_OR_DELIVERY_CONFIGURATION
docs/contract/snapshots/global_message_inbox_intent_admin.json,,global_message_inbox_intent_admin,PRODUCT_REQUIRED,"production,demo,acceptance,customer",explicit_tool_or_module_execution,required,module_owned_records_only,false,false,KEEP_AS_PRODUCT_OR_DELIVERY_CONFIGURATION
docs/contract/snapshots/global_message_read_intent_admin.json,,global_message_read_intent_admin,PRODUCT_REQUIRED,"production,demo,acceptance,customer",explicit_tool_or_module_execution,required,module_owned_records_only,false,false,KEEP_AS_PRODUCT_OR_DELIVERY_CONFIGURATION
docs/contract/snapshots/global_message_send_intent_admin.json,,global_message_send_intent_admin,PRODUCT_REQUIRED,"production,demo,acceptance,customer",explicit_tool_or_module_execution,required,module_owned_records_only,false,false,KEEP_AS_PRODUCT_OR_DELIVERY_CONFIGURATION
docs/contract/snapshots/load_contract_intent_admin.json,,load_contract_intent_admin,PRODUCT_REQUIRED,"production,demo,acceptance,customer",explicit_tool_or_module_execution,required,module_owned_records_only,false,false,KEEP_AS_PRODUCT_OR_DELIVERY_CONFIGURATION
docs/contract/snapshots/load_metadata_intent_admin.json,,load_metadata_intent_admin,PRODUCT_REQUIRED,"production,demo,acceptance,customer",explicit_tool_or_module_execution,required,module_owned_records_only,false,false,KEEP_AS_PRODUCT_OR_DELIVERY_CONFIGURATION
docs/contract/snapshots/load_view_intent_pm.json,,load_view_intent_pm,PRODUCT_REQUIRED,"production,demo,acceptance,customer",explicit_tool_or_module_execution,required,module_owned_records_only,false,false,KEEP_AS_PRODUCT_OR_DELIVERY_CONFIGURATION
docs/contract/snapshots/login_intent_admin.json,,login_intent_admin,PRODUCT_REQUIRED,"production,demo,acceptance,customer",explicit_tool_or_module_execution,required,module_owned_records_only,false,false,KEEP_AS_PRODUCT_OR_DELIVERY_CONFIGURATION
docs/contract/snapshots/menu_tree_admin.json,,menu_tree_admin,PRODUCT_REQUIRED,"production,demo,acceptance,customer",explicit_tool_or_module_execution,required,module_owned_records_only,false,false,KEEP_AS_PRODUCT_OR_DELIVERY_CONFIGURATION
docs/contract/snapshots/menu_tree_pm.json,,menu_tree_pm,PRODUCT_REQUIRED,"production,demo,acceptance,customer",explicit_tool_or_module_execution,required,module_owned_records_only,false,false,KEEP_AS_PRODUCT_OR_DELIVERY_CONFIGURATION
docs/contract/snapshots/meta_describe_model_intent_admin.json,,meta_describe_model_intent_admin,PRODUCT_REQUIRED,"production,demo,acceptance,customer",explicit_tool_or_module_execution,required,module_owned_records_only,false,false,KEEP_AS_PRODUCT_OR_DELIVERY_CONFIGURATION
docs/contract/snapshots/meta_intent_catalog_intent_admin.json,,meta_intent_catalog_intent_admin,PRODUCT_REQUIRED,"production,demo,acceptance,customer",explicit_tool_or_module_execution,required,module_owned_records_only,false,false,KEEP_AS_PRODUCT_OR_DELIVERY_CONFIGURATION
docs/contract/snapshots/my_work_complete_batch_pm.json,,my_work_complete_batch_pm,PRODUCT_REQUIRED,"production,demo,acceptance,customer",explicit_tool_or_module_execution,required,module_owned_records_only,false,false,KEEP_AS_PRODUCT_OR_DELIVERY_CONFIGURATION
docs/contract/snapshots/my_work_complete_pm.json,,my_work_complete_pm,PRODUCT_REQUIRED,"production,demo,acceptance,customer",explicit_tool_or_module_execution,required,module_owned_records_only,false,false,KEEP_AS_PRODUCT_OR_DELIVERY_CONFIGURATION
docs/contract/snapshots/my_work_summary_pm.json,,my_work_summary_pm,PRODUCT_REQUIRED,"production,demo,acceptance,customer",explicit_tool_or_module_execution,required,module_owned_records_only,false,false,KEEP_AS_PRODUCT_OR_DELIVERY_CONFIGURATION
docs/contract/snapshots/native_view/semantic_page_contract_form_v1.json,,semantic_page_contract_form_v1,PRODUCT_REQUIRED,"production,demo,acceptance,customer",explicit_tool_or_module_execution,required,module_owned_records_only,false,false,KEEP_AS_PRODUCT_OR_DELIVERY_CONFIGURATION
docs/contract/snapshots/native_view/semantic_page_contract_search_v1.json,,semantic_page_contract_search_v1,PRODUCT_REQUIRED,"production,demo,acceptance,customer",explicit_tool_or_module_execution,required,module_owned_records_only,false,false,KEEP_AS_PRODUCT_OR_DELIVERY_CONFIGURATION
docs/contract/snapshots/native_view/semantic_page_contract_tree_v1.json,,semantic_page_contract_tree_v1,PRODUCT_REQUIRED,"production,demo,acceptance,customer",explicit_tool_or_module_execution,required,module_owned_records_only,false,false,KEEP_AS_PRODUCT_OR_DELIVERY_CONFIGURATION
docs/contract/snapshots/native_view/semantic_page_cost_ledger_form_v1.json,,semantic_page_cost_ledger_form_v1,PRODUCT_REQUIRED,"production,demo,acceptance,customer",explicit_tool_or_module_execution,required,module_owned_records_only,false,false,KEEP_AS_PRODUCT_OR_DELIVERY_CONFIGURATION
docs/contract/snapshots/native_view/semantic_page_cost_ledger_search_v1.json,,semantic_page_cost_ledger_search_v1,PRODUCT_REQUIRED,"production,demo,acceptance,customer",explicit_tool_or_module_execution,required,module_owned_records_only,false,false,KEEP_AS_PRODUCT_OR_DELIVERY_CONFIGURATION
docs/contract/snapshots/native_view/semantic_page_cost_ledger_tree_v1.json,,semantic_page_cost_ledger_tree_v1,PRODUCT_REQUIRED,"production,demo,acceptance,customer",explicit_tool_or_module_execution,required,module_owned_records_only,false,false,KEEP_AS_PRODUCT_OR_DELIVERY_CONFIGURATION
docs/contract/snapshots/native_view/semantic_page_finance_payment_form_v1.json,,semantic_page_finance_payment_form_v1,PRODUCT_REQUIRED,"production,demo,acceptance,customer",explicit_tool_or_module_execution,required,module_owned_records_only,false,false,KEEP_AS_PRODUCT_OR_DELIVERY_CONFIGURATION
docs/contract/snapshots/native_view/semantic_page_finance_payment_search_v1.json,,semantic_page_finance_payment_search_v1,PRODUCT_REQUIRED,"production,demo,acceptance,customer",explicit_tool_or_module_execution,required,module_owned_records_only,false,false,KEEP_AS_PRODUCT_OR_DELIVERY_CONFIGURATION
docs/contract/snapshots/native_view/semantic_page_finance_payment_tree_v1.json,,semantic_page_finance_payment_tree_v1,PRODUCT_REQUIRED,"production,demo,acceptance,customer",explicit_tool_or_module_execution,required,module_owned_records_only,false,false,KEEP_AS_PRODUCT_OR_DELIVERY_CONFIGURATION
docs/contract/snapshots/native_view/semantic_page_mail_thread_form_collab_v1.json,,semantic_page_mail_thread_form_collab_v1,PRODUCT_REQUIRED,"production,demo,acceptance,customer",explicit_tool_or_module_execution,required,module_owned_records_only,false,false,KEEP_AS_PRODUCT_OR_DELIVERY_CONFIGURATION
docs/contract/snapshots/native_view/semantic_page_project_actions_v1.json,,semantic_page_project_actions_v1,PRODUCT_REQUIRED,"production,demo,acceptance,customer",explicit_tool_or_module_execution,required,module_owned_records_only,false,false,KEEP_AS_PRODUCT_OR_DELIVERY_CONFIGURATION
docs/contract/snapshots/native_view/semantic_page_project_form_collab_v1.json,,semantic_page_project_form_collab_v1,PRODUCT_REQUIRED,"production,demo,acceptance,customer",explicit_tool_or_module_execution,required,module_owned_records_only,false,false,KEEP_AS_PRODUCT_OR_DELIVERY_CONFIGURATION
docs/contract/snapshots/native_view/semantic_page_project_form_relation_v1.json,,semantic_page_project_form_relation_v1,PRODUCT_REQUIRED,"production,demo,acceptance,customer",explicit_tool_or_module_execution,required,module_owned_records_only,false,false,KEEP_AS_PRODUCT_OR_DELIVERY_CONFIGURATION
docs/contract/snapshots/native_view/semantic_page_project_form_v1.json,,semantic_page_project_form_v1,PRODUCT_REQUIRED,"production,demo,acceptance,customer",explicit_tool_or_module_execution,required,module_owned_records_only,false,false,KEEP_AS_PRODUCT_OR_DELIVERY_CONFIGURATION
docs/contract/snapshots/native_view/semantic_page_project_form_x2many_editable_v1.json,,semantic_page_project_form_x2many_editable_v1,PRODUCT_REQUIRED,"production,demo,acceptance,customer",explicit_tool_or_module_execution,required,module_owned_records_only,false,false,KEEP_AS_PRODUCT_OR_DELIVERY_CONFIGURATION
docs/contract/snapshots/native_view/semantic_page_project_form_x2many_readonly_v1.json,,semantic_page_project_form_x2many_readonly_v1,PRODUCT_REQUIRED,"production,demo,acceptance,customer",explicit_tool_or_module_execution,required,module_owned_records_only,false,false,KEEP_AS_PRODUCT_OR_DELIVERY_CONFIGURATION
docs/contract/snapshots/native_view/semantic_page_project_kanban_semantics_v1.json,,semantic_page_project_kanban_semantics_v1,PRODUCT_REQUIRED,"production,demo,acceptance,customer",explicit_tool_or_module_execution,required,module_owned_records_only,false,false,KEEP_AS_PRODUCT_OR_DELIVERY_CONFIGURATION
docs/contract/snapshots/native_view/semantic_page_project_kanban_v1.json,,semantic_page_project_kanban_v1,PRODUCT_REQUIRED,"production,demo,acceptance,customer",explicit_tool_or_module_execution,required,module_owned_records_only,false,false,KEEP_AS_PRODUCT_OR_DELIVERY_CONFIGURATION
docs/contract/snapshots/native_view/semantic_page_project_permissions_v1.json,,semantic_page_project_permissions_v1,PRODUCT_REQUIRED,"production,demo,acceptance,customer",explicit_tool_or_module_execution,required,module_owned_records_only,false,false,KEEP_AS_PRODUCT_OR_DELIVERY_CONFIGURATION
docs/contract/snapshots/native_view/semantic_page_project_search_semantics_v1.json,,semantic_page_project_search_semantics_v1,PRODUCT_REQUIRED,"production,demo,acceptance,customer",explicit_tool_or_module_execution,required,module_owned_records_only,false,false,KEEP_AS_PRODUCT_OR_DELIVERY_CONFIGURATION
docs/contract/snapshots/native_view/semantic_page_project_search_v1.json,,semantic_page_project_search_v1,PRODUCT_REQUIRED,"production,demo,acceptance,customer",explicit_tool_or_module_execution,required,module_owned_records_only,false,false,KEEP_AS_PRODUCT_OR_DELIVERY_CONFIGURATION
docs/contract/snapshots/native_view/semantic_page_project_tree_kanban_actions_v1.json,,semantic_page_project_tree_kanban_actions_v1,PRODUCT_REQUIRED,"production,demo,acceptance,customer",explicit_tool_or_module_execution,required,module_owned_records_only,false,false,KEEP_AS_PRODUCT_OR_DELIVERY_CONFIGURATION
docs/contract/snapshots/native_view/semantic_page_project_tree_v1.json,,semantic_page_project_tree_v1,PRODUCT_REQUIRED,"production,demo,acceptance,customer",explicit_tool_or_module_execution,required,module_owned_records_only,false,false,KEEP_AS_PRODUCT_OR_DELIVERY_CONFIGURATION
docs/contract/snapshots/native_view/semantic_page_task_form_v1.json,,semantic_page_task_form_v1,PRODUCT_REQUIRED,"production,demo,acceptance,customer",explicit_tool_or_module_execution,required,module_owned_records_only,false,false,KEEP_AS_PRODUCT_OR_DELIVERY_CONFIGURATION
docs/contract/snapshots/native_view/semantic_page_task_kanban_v1.json,,semantic_page_task_kanban_v1,PRODUCT_REQUIRED,"production,demo,acceptance,customer",explicit_tool_or_module_execution,required,module_owned_records_only,false,false,KEEP_AS_PRODUCT_OR_DELIVERY_CONFIGURATION
docs/contract/snapshots/native_view/semantic_page_task_search_v1.json,,semantic_page_task_search_v1,PRODUCT_REQUIRED,"production,demo,acceptance,customer",explicit_tool_or_module_execution,required,module_owned_records_only,false,false,KEEP_AS_PRODUCT_OR_DELIVERY_CONFIGURATION
docs/contract/snapshots/native_view/semantic_page_task_tree_v1.json,,semantic_page_task_tree_v1,PRODUCT_REQUIRED,"production,demo,acceptance,customer",explicit_tool_or_module_execution,required,module_owned_records_only,false,false,KEEP_AS_PRODUCT_OR_DELIVERY_CONFIGURATION
docs/contract/snapshots/operating_risk_drill_action_pm.json,,operating_risk_drill_action_pm,PRODUCT_REQUIRED,"production,demo,acceptance,customer",explicit_tool_or_module_execution,required,module_owned_records_only,false,false,KEEP_AS_PRODUCT_OR_DELIVERY_CONFIGURATION
docs/contract/snapshots/payment_block_fetch_intent_admin.json,,payment_block_fetch_intent_admin,PRODUCT_REQUIRED,"production,demo,acceptance,customer",explicit_tool_or_module_execution,required,module_owned_records_only,false,false,KEEP_AS_PRODUCT_OR_DELIVERY_CONFIGURATION
docs/contract/snapshots/payment_enter_intent_admin.json,,payment_enter_intent_admin,PRODUCT_REQUIRED,"production,demo,acceptance,customer",explicit_tool_or_module_execution,required,module_owned_records_only,false,false,KEEP_AS_PRODUCT_OR_DELIVERY_CONFIGURATION
docs/contract/snapshots/payment_record_create_intent_admin.json,,payment_record_create_intent_admin,PRODUCT_REQUIRED,"production,demo,acceptance,customer",explicit_tool_or_module_execution,required,module_owned_records_only,false,false,KEEP_AS_PRODUCT_OR_DELIVERY_CONFIGURATION
docs/contract/snapshots/payment_request_action_pm.json,,payment_request_action_pm,PRODUCT_REQUIRED,"production,demo,acceptance,customer",explicit_tool_or_module_execution,required,module_owned_records_only,false,false,KEEP_AS_PRODUCT_OR_DELIVERY_CONFIGURATION
docs/contract/snapshots/payment_request_approve_intent_admin.json,,payment_request_approve_intent_admin,PRODUCT_REQUIRED,"production,demo,acceptance,customer",explicit_tool_or_module_execution,required,module_owned_records_only,false,false,KEEP_AS_PRODUCT_OR_DELIVERY_CONFIGURATION
docs/contract/snapshots/payment_request_available_actions_intent_admin.json,,payment_request_available_actions_intent_admin,PRODUCT_REQUIRED,"production,demo,acceptance,customer",explicit_tool_or_module_execution,required,module_owned_records_only,false,false,KEEP_AS_PRODUCT_OR_DELIVERY_CONFIGURATION
docs/contract/snapshots/payment_request_done_intent_admin.json,,payment_request_done_intent_admin,PRODUCT_REQUIRED,"production,demo,acceptance,customer",explicit_tool_or_module_execution,required,module_owned_records_only,false,false,KEEP_AS_PRODUCT_OR_DELIVERY_CONFIGURATION
docs/contract/snapshots/payment_request_execute_intent_admin.json,,payment_request_execute_intent_admin,PRODUCT_REQUIRED,"production,demo,acceptance,customer",explicit_tool_or_module_execution,required,module_owned_records_only,false,false,KEEP_AS_PRODUCT_OR_DELIVERY_CONFIGURATION
docs/contract/snapshots/payment_request_reject_intent_admin.json,,payment_request_reject_intent_admin,PRODUCT_REQUIRED,"production,demo,acceptance,customer",explicit_tool_or_module_execution,required,module_owned_records_only,false,false,KEEP_AS_PRODUCT_OR_DELIVERY_CONFIGURATION
docs/contract/snapshots/payment_request_submit_intent_admin.json,,payment_request_submit_intent_admin,PRODUCT_REQUIRED,"production,demo,acceptance,customer",explicit_tool_or_module_execution,required,module_owned_records_only,false,false,KEEP_AS_PRODUCT_OR_DELIVERY_CONFIGURATION
docs/contract/snapshots/permission_check_intent_admin.json,,permission_check_intent_admin,PRODUCT_REQUIRED,"production,demo,acceptance,customer",explicit_tool_or_module_execution,required,module_owned_records_only,false,false,KEEP_AS_PRODUCT_OR_DELIVERY_CONFIGURATION
docs/contract/snapshots/portal_dashboard_pm.json,,portal_dashboard_pm,PRODUCT_REQUIRED,"production,demo,acceptance,customer",explicit_tool_or_module_execution,required,module_owned_records_only,false,false,KEEP_AS_PRODUCT_OR_DELIVERY_CONFIGURATION
docs/contract/snapshots/portal_execute_button_not_allowed.json,,portal_execute_button_not_allowed,PRODUCT_REQUIRED,"production,demo,acceptance,customer",explicit_tool_or_module_execution,required,module_owned_records_only,false,false,KEEP_AS_PRODUCT_OR_DELIVERY_CONFIGURATION
docs/contract/snapshots/portal_execute_button_pm.json,,portal_execute_button_pm,PRODUCT_REQUIRED,"production,demo,acceptance,customer",explicit_tool_or_module_execution,required,module_owned_records_only,false,false,KEEP_AS_PRODUCT_OR_DELIVERY_CONFIGURATION
docs/contract/snapshots/portal_lifecycle_dashboard_pm.json,,portal_lifecycle_dashboard_pm,PRODUCT_REQUIRED,"production,demo,acceptance,customer",explicit_tool_or_module_execution,required,module_owned_records_only,false,false,KEEP_AS_PRODUCT_OR_DELIVERY_CONFIGURATION
docs/contract/snapshots/portal_lifecycle_dashboard_pm_contractmeta.json,,portal_lifecycle_dashboard_pm_contractmeta,PRODUCT_REQUIRED,"production,demo,acceptance,customer",explicit_tool_or_module_execution,required,module_owned_records_only,false,false,KEEP_AS_PRODUCT_OR_DELIVERY_CONFIGURATION
docs/contract/snapshots/project_capability_matrix_pm.json,,project_capability_matrix_pm,PRODUCT_REQUIRED,"production,demo,acceptance,customer",explicit_tool_or_module_execution,required,module_owned_records_only,false,false,KEEP_AS_PRODUCT_OR_DELIVERY_CONFIGURATION
docs/contract/snapshots/project_connection_transition_intent_admin.json,,project_connection_transition_intent_admin,PRODUCT_REQUIRED,"production,demo,acceptance,customer",explicit_tool_or_module_execution,required,module_owned_records_only,false,false,KEEP_AS_PRODUCT_OR_DELIVERY_CONFIGURATION
docs/contract/snapshots/project_context_search_intent_admin.json,,project_context_search_intent_admin,PRODUCT_REQUIRED,"production,demo,acceptance,customer",explicit_tool_or_module_execution,required,module_owned_records_only,false,false,KEEP_AS_PRODUCT_OR_DELIVERY_CONFIGURATION
docs/contract/snapshots/project_dashboard_action_pm.json,,project_dashboard_action_pm,PRODUCT_REQUIRED,"production,demo,acceptance,customer",explicit_tool_or_module_execution,required,module_owned_records_only,false,false,KEEP_AS_PRODUCT_OR_DELIVERY_CONFIGURATION
docs/contract/snapshots/project_dashboard_block_fetch_intent_admin.json,,project_dashboard_block_fetch_intent_admin,PRODUCT_REQUIRED,"production,demo,acceptance,customer",explicit_tool_or_module_execution,required,module_owned_records_only,false,false,KEEP_AS_PRODUCT_OR_DELIVERY_CONFIGURATION
docs/contract/snapshots/project_dashboard_enter_intent_admin.json,,project_dashboard_enter_intent_admin,PRODUCT_REQUIRED,"production,demo,acceptance,customer",explicit_tool_or_module_execution,required,module_owned_records_only,false,false,KEEP_AS_PRODUCT_OR_DELIVERY_CONFIGURATION
docs/contract/snapshots/project_dashboard_intent_admin.json,,project_dashboard_intent_admin,PRODUCT_REQUIRED,"production,demo,acceptance,customer",explicit_tool_or_module_execution,required,module_owned_records_only,false,false,KEEP_AS_PRODUCT_OR_DELIVERY_CONFIGURATION
docs/contract/snapshots/project_dashboard_open_intent_admin.json,,project_dashboard_open_intent_admin,PRODUCT_REQUIRED,"production,demo,acceptance,customer",explicit_tool_or_module_execution,required,module_owned_records_only,false,false,KEEP_AS_PRODUCT_OR_DELIVERY_CONFIGURATION
docs/contract/snapshots/project_entry_context_options_intent_admin.json,,project_entry_context_options_intent_admin,PRODUCT_REQUIRED,"production,demo,acceptance,customer",explicit_tool_or_module_execution,required,module_owned_records_only,false,false,KEEP_AS_PRODUCT_OR_DELIVERY_CONFIGURATION
docs/contract/snapshots/project_entry_context_resolve_intent_admin.json,,project_entry_context_resolve_intent_admin,PRODUCT_REQUIRED,"production,demo,acceptance,customer",explicit_tool_or_module_execution,required,module_owned_records_only,false,false,KEEP_AS_PRODUCT_OR_DELIVERY_CONFIGURATION
docs/contract/snapshots/project_execution_advance_intent_admin.json,,project_execution_advance_intent_admin,PRODUCT_REQUIRED,"production,demo,acceptance,customer",explicit_tool_or_module_execution,required,module_owned_records_only,false,false,KEEP_AS_PRODUCT_OR_DELIVERY_CONFIGURATION
docs/contract/snapshots/project_execution_block_fetch_intent_admin.json,,project_execution_block_fetch_intent_admin,PRODUCT_REQUIRED,"production,demo,acceptance,customer",explicit_tool_or_module_execution,required,module_owned_records_only,false,false,KEEP_AS_PRODUCT_OR_DELIVERY_CONFIGURATION
docs/contract/snapshots/project_execution_enter_intent_admin.json,,project_execution_enter_intent_admin,PRODUCT_REQUIRED,"production,demo,acceptance,customer",explicit_tool_or_module_execution,required,module_owned_records_only,false,false,KEEP_AS_PRODUCT_OR_DELIVERY_CONFIGURATION
docs/contract/snapshots/project_form_pm.json,,project_form_pm,PRODUCT_REQUIRED,"production,demo,acceptance,customer",explicit_tool_or_module_execution,required,module_owned_records_only,false,false,KEEP_AS_PRODUCT_OR_DELIVERY_CONFIGURATION
docs/contract/snapshots/project_initiation_enter_intent_admin.json,,project_initiation_enter_intent_admin,PRODUCT_REQUIRED,"production,demo,acceptance,customer",explicit_tool_or_module_execution,required,module_owned_records_only,false,false,KEEP_AS_PRODUCT_OR_DELIVERY_CONFIGURATION
docs/contract/snapshots/project_kanban_lifecycle_pm.json,,project_kanban_lifecycle_pm,PRODUCT_REQUIRED,"production,demo,acceptance,customer",explicit_tool_or_module_execution,required,module_owned_records_only,false,false,KEEP_AS_PRODUCT_OR_DELIVERY_CONFIGURATION
docs/contract/snapshots/project_list_action_pm.json,,project_list_action_pm,PRODUCT_REQUIRED,"production,demo,acceptance,customer",explicit_tool_or_module_execution,required,module_owned_records_only,false,false,KEEP_AS_PRODUCT_OR_DELIVERY_CONFIGURATION
docs/contract/snapshots/project_list_pm.json,,project_list_pm,PRODUCT_REQUIRED,"production,demo,acceptance,customer",explicit_tool_or_module_execution,required,module_owned_records_only,false,false,KEEP_AS_PRODUCT_OR_DELIVERY_CONFIGURATION
docs/contract/snapshots/project_plan_bootstrap_block_fetch_intent_admin.json,,project_plan_bootstrap_block_fetch_intent_admin,PRODUCT_REQUIRED,"production,demo,acceptance,customer",explicit_tool_or_module_execution,required,module_owned_records_only,false,false,KEEP_AS_PRODUCT_OR_DELIVERY_CONFIGURATION
docs/contract/snapshots/project_plan_bootstrap_enter_intent_admin.json,,project_plan_bootstrap_enter_intent_admin,PRODUCT_REQUIRED,"production,demo,acceptance,customer",explicit_tool_or_module_execution,required,module_owned_records_only,false,false,KEEP_AS_PRODUCT_OR_DELIVERY_CONFIGURATION
docs/contract/snapshots/project_task_all_action_pm.json,,project_task_all_action_pm,PRODUCT_REQUIRED,"production,demo,acceptance,customer",explicit_tool_or_module_execution,required,module_owned_records_only,false,false,KEEP_AS_PRODUCT_OR_DELIVERY_CONFIGURATION
docs/contract/snapshots/release_operator_approve_intent_admin.json,,release_operator_approve_intent_admin,PRODUCT_REQUIRED,"production,demo,acceptance,customer",explicit_tool_or_module_execution,required,module_owned_records_only,false,false,KEEP_AS_PRODUCT_OR_DELIVERY_CONFIGURATION
docs/contract/snapshots/release_operator_freeze_intent_admin.json,,release_operator_freeze_intent_admin,PRODUCT_REQUIRED,"production,demo,acceptance,customer",explicit_tool_or_module_execution,required,module_owned_records_only,false,false,KEEP_AS_PRODUCT_OR_DELIVERY_CONFIGURATION
docs/contract/snapshots/release_operator_promote_intent_admin.json,,release_operator_promote_intent_admin,PRODUCT_REQUIRED,"production,demo,acceptance,customer",explicit_tool_or_module_execution,required,module_owned_records_only,false,false,KEEP_AS_PRODUCT_OR_DELIVERY_CONFIGURATION
docs/contract/snapshots/release_operator_rollback_intent_admin.json,,release_operator_rollback_intent_admin,PRODUCT_REQUIRED,"production,demo,acceptance,customer",explicit_tool_or_module_execution,required,module_owned_records_only,false,false,KEEP_AS_PRODUCT_OR_DELIVERY_CONFIGURATION
docs/contract/snapshots/release_operator_runtime_probe_intent_admin.json,,release_operator_runtime_probe_intent_admin,PRODUCT_REQUIRED,"production,demo,acceptance,customer",explicit_tool_or_module_execution,required,module_owned_records_only,false,false,KEEP_AS_PRODUCT_OR_DELIVERY_CONFIGURATION
docs/contract/snapshots/release_operator_set_page_enabled_intent_admin.json,,release_operator_set_page_enabled_intent_admin,PRODUCT_REQUIRED,"production,demo,acceptance,customer",explicit_tool_or_module_execution,required,module_owned_records_only,false,false,KEEP_AS_PRODUCT_OR_DELIVERY_CONFIGURATION
docs/contract/snapshots/release_operator_surface_intent_admin.json,,release_operator_surface_intent_admin,PRODUCT_REQUIRED,"production,demo,acceptance,customer",explicit_tool_or_module_execution,required,module_owned_records_only,false,false,KEEP_AS_PRODUCT_OR_DELIVERY_CONFIGURATION
docs/contract/snapshots/release_operator_sync_policy_intent_admin.json,,release_operator_sync_policy_intent_admin,PRODUCT_REQUIRED,"production,demo,acceptance,customer",explicit_tool_or_module_execution,required,module_owned_records_only,false,false,KEEP_AS_PRODUCT_OR_DELIVERY_CONFIGURATION
docs/contract/snapshots/release_operator_update_page_policy_intent_admin.json,,release_operator_update_page_policy_intent_admin,PRODUCT_REQUIRED,"production,demo,acceptance,customer",explicit_tool_or_module_execution,required,module_owned_records_only,false,false,KEEP_AS_PRODUCT_OR_DELIVERY_CONFIGURATION
docs/contract/snapshots/release_operator_update_policy_intent_admin.json,,release_operator_update_policy_intent_admin,PRODUCT_REQUIRED,"production,demo,acceptance,customer",explicit_tool_or_module_execution,required,module_owned_records_only,false,false,KEEP_AS_PRODUCT_OR_DELIVERY_CONFIGURATION
docs/contract/snapshots/risk_action_execute_intent_admin.json,,risk_action_execute_intent_admin,PRODUCT_REQUIRED,"production,demo,acceptance,customer",explicit_tool_or_module_execution,required,module_owned_records_only,false,false,KEEP_AS_PRODUCT_OR_DELIVERY_CONFIGURATION
docs/contract/snapshots/scene_governance_export_contract_intent_admin.json,,scene_governance_export_contract_intent_admin,PRODUCT_REQUIRED,"production,demo,acceptance,customer",explicit_tool_or_module_execution,required,module_owned_records_only,false,false,KEEP_AS_PRODUCT_OR_DELIVERY_CONFIGURATION
docs/contract/snapshots/scene_governance_pin_stable_intent_admin.json,,scene_governance_pin_stable_intent_admin,PRODUCT_REQUIRED,"production,demo,acceptance,customer",explicit_tool_or_module_execution,required,module_owned_records_only,false,false,KEEP_AS_PRODUCT_OR_DELIVERY_CONFIGURATION
docs/contract/snapshots/scene_governance_rollback_intent_admin.json,,scene_governance_rollback_intent_admin,PRODUCT_REQUIRED,"production,demo,acceptance,customer",explicit_tool_or_module_execution,required,module_owned_records_only,false,false,KEEP_AS_PRODUCT_OR_DELIVERY_CONFIGURATION
docs/contract/snapshots/scene_governance_set_channel_intent_admin.json,,scene_governance_set_channel_intent_admin,PRODUCT_REQUIRED,"production,demo,acceptance,customer",explicit_tool_or_module_execution,required,module_owned_records_only,false,false,KEEP_AS_PRODUCT_OR_DELIVERY_CONFIGURATION
docs/contract/snapshots/scene_health_intent_admin.json,,scene_health_intent_admin,PRODUCT_REQUIRED,"production,demo,acceptance,customer",explicit_tool_or_module_execution,required,module_owned_records_only,false,false,KEEP_AS_PRODUCT_OR_DELIVERY_CONFIGURATION
docs/contract/snapshots/scene_package_dry_run_import_intent_admin.json,,scene_package_dry_run_import_intent_admin,PRODUCT_REQUIRED,"production,demo,acceptance,customer",explicit_tool_or_module_execution,required,module_owned_records_only,false,false,KEEP_AS_PRODUCT_OR_DELIVERY_CONFIGURATION
docs/contract/snapshots/scene_package_export_intent_admin.json,,scene_package_export_intent_admin,PRODUCT_REQUIRED,"production,demo,acceptance,customer",explicit_tool_or_module_execution,required,module_owned_records_only,false,false,KEEP_AS_PRODUCT_OR_DELIVERY_CONFIGURATION
docs/contract/snapshots/scene_package_import_intent_admin.json,,scene_package_import_intent_admin,PRODUCT_REQUIRED,"production,demo,acceptance,customer",explicit_tool_or_module_execution,required,module_owned_records_only,false,false,KEEP_AS_PRODUCT_OR_DELIVERY_CONFIGURATION
docs/contract/snapshots/scene_package_list_intent_admin.json,,scene_package_list_intent_admin,PRODUCT_REQUIRED,"production,demo,acceptance,customer",explicit_tool_or_module_execution,required,module_owned_records_only,false,false,KEEP_AS_PRODUCT_OR_DELIVERY_CONFIGURATION
docs/contract/snapshots/scene_packages_installed_intent_admin.json,,scene_packages_installed_intent_admin,PRODUCT_REQUIRED,"production,demo,acceptance,customer",explicit_tool_or_module_execution,required,module_owned_records_only,false,false,KEEP_AS_PRODUCT_OR_DELIVERY_CONFIGURATION
docs/contract/snapshots/scenes/LATEST.json,,LATEST,PRODUCT_REQUIRED,"production,demo,acceptance,customer",explicit_tool_or_module_execution,required,module_owned_records_only,false,false,KEEP_AS_PRODUCT_OR_DELIVERY_CONFIGURATION
docs/contract/snapshots/scenes/resolve_errors_debt.v0_9_9.json,,resolve_errors_debt.v0_9_9,PRODUCT_REQUIRED,"production,demo,acceptance,customer",explicit_tool_or_module_execution,required,module_owned_records_only,false,false,KEEP_AS_PRODUCT_OR_DELIVERY_CONFIGURATION
docs/contract/snapshots/scenes/scene_drift_debt.v10_0.json,,scene_drift_debt.v10_0,PRODUCT_REQUIRED,"production,demo,acceptance,customer",explicit_tool_or_module_execution,required,module_owned_records_only,false,false,KEEP_AS_PRODUCT_OR_DELIVERY_CONFIGURATION
docs/contract/snapshots/scenes/scenes.v0_9_8.json,,scenes.v0_9_8,PRODUCT_REQUIRED,"production,demo,acceptance,customer",explicit_tool_or_module_execution,required,module_owned_records_only,false,false,KEEP_AS_PRODUCT_OR_DELIVERY_CONFIGURATION
docs/contract/snapshots/search_favorite_set_intent_admin.json,,search_favorite_set_intent_admin,PRODUCT_REQUIRED,"production,demo,acceptance,customer",explicit_tool_or_module_execution,required,module_owned_records_only,false,false,KEEP_AS_PRODUCT_OR_DELIVERY_CONFIGURATION
docs/contract/snapshots/session_bootstrap_intent_admin.json,,session_bootstrap_intent_admin,PRODUCT_REQUIRED,"production,demo,acceptance,customer",explicit_tool_or_module_execution,required,module_owned_records_only,false,false,KEEP_AS_PRODUCT_OR_DELIVERY_CONFIGURATION
docs/contract/snapshots/settlement_block_fetch_intent_admin.json,,settlement_block_fetch_intent_admin,PRODUCT_REQUIRED,"production,demo,acceptance,customer",explicit_tool_or_module_execution,required,module_owned_records_only,false,false,KEEP_AS_PRODUCT_OR_DELIVERY_CONFIGURATION
docs/contract/snapshots/settlement_enter_intent_admin.json,,settlement_enter_intent_admin,PRODUCT_REQUIRED,"production,demo,acceptance,customer",explicit_tool_or_module_execution,required,module_owned_records_only,false,false,KEEP_AS_PRODUCT_OR_DELIVERY_CONFIGURATION
docs/contract/snapshots/system_init_intent_admin.json,,system_init_intent_admin,PRODUCT_REQUIRED,"production,demo,acceptance,customer",explicit_tool_or_module_execution,required,module_owned_records_only,false,false,KEEP_AS_PRODUCT_OR_DELIVERY_CONFIGURATION
docs/contract/snapshots/system_ping_construction_intent_admin.json,,system_ping_construction_intent_admin,PRODUCT_REQUIRED,"production,demo,acceptance,customer",explicit_tool_or_module_execution,required,module_owned_records_only,false,false,KEEP_AS_PRODUCT_OR_DELIVERY_CONFIGURATION
docs/contract/snapshots/telemetry_track_intent_admin.json,,telemetry_track_intent_admin,PRODUCT_REQUIRED,"production,demo,acceptance,customer",explicit_tool_or_module_execution,required,module_owned_records_only,false,false,KEEP_AS_PRODUCT_OR_DELIVERY_CONFIGURATION
docs/contract/snapshots/terminal_shell_v2_intent_admin.json,,terminal_shell_v2_intent_admin,PRODUCT_REQUIRED,"production,demo,acceptance,customer",explicit_tool_or_module_execution,required,module_owned_records_only,false,false,KEEP_AS_PRODUCT_OR_DELIVERY_CONFIGURATION
docs/contract/snapshots/ui_contract_intent_admin.json,,ui_contract_intent_admin,PRODUCT_REQUIRED,"production,demo,acceptance,customer",explicit_tool_or_module_execution,required,module_owned_records_only,false,false,KEEP_AS_PRODUCT_OR_DELIVERY_CONFIGURATION
docs/contract/snapshots/ui_contract_v2_intent_admin.json,,ui_contract_v2_intent_admin,PRODUCT_REQUIRED,"production,demo,acceptance,customer",explicit_tool_or_module_execution,required,module_owned_records_only,false,false,KEEP_AS_PRODUCT_OR_DELIVERY_CONFIGURATION
docs/contract/snapshots/usage_export_csv_intent_pm.json,,usage_export_csv_intent_pm,PRODUCT_REQUIRED,"production,demo,acceptance,customer",explicit_tool_or_module_execution,required,module_owned_records_only,false,false,KEEP_AS_PRODUCT_OR_DELIVERY_CONFIGURATION
docs/contract/snapshots/usage_report_pm.json,,usage_report_pm,PRODUCT_REQUIRED,"production,demo,acceptance,customer",explicit_tool_or_module_execution,required,module_owned_records_only,false,false,KEEP_AS_PRODUCT_OR_DELIVERY_CONFIGURATION
docs/contract/snapshots/usage_track_intent_pm.json,,usage_track_intent_pm,PRODUCT_REQUIRED,"production,demo,acceptance,customer",explicit_tool_or_module_execution,required,module_owned_records_only,false,false,KEEP_AS_PRODUCT_OR_DELIVERY_CONFIGURATION
docs/contract/snapshots/user_view_preference_get_intent_admin.json,,user_view_preference_get_intent_admin,PRODUCT_REQUIRED,"production,demo,acceptance,customer",explicit_tool_or_module_execution,required,module_owned_records_only,false,false,KEEP_AS_PRODUCT_OR_DELIVERY_CONFIGURATION
docs/contract/snapshots/user_view_preference_set_intent_admin.json,,user_view_preference_set_intent_admin,PRODUCT_REQUIRED,"production,demo,acceptance,customer",explicit_tool_or_module_execution,required,module_owned_records_only,false,false,KEEP_AS_PRODUCT_OR_DELIVERY_CONFIGURATION
docs/contract/snapshots/workspace_home_enter_intent_admin.json,,workspace_home_enter_intent_admin,PRODUCT_REQUIRED,"production,demo,acceptance,customer",explicit_tool_or_module_execution,required,module_owned_records_only,false,false,KEEP_AS_PRODUCT_OR_DELIVERY_CONFIGURATION
docs/contracts/examples/login.response.json,,login.response,PRODUCT_REQUIRED,"production,demo,acceptance,customer",explicit_tool_or_module_execution,required,module_owned_records_only,false,false,KEEP_AS_PRODUCT_OR_DELIVERY_CONFIGURATION
docs/contracts/examples/system.init.response.json,,system.init.response,PRODUCT_REQUIRED,"production,demo,acceptance,customer",explicit_tool_or_module_execution,required,module_owned_records_only,false,false,KEEP_AS_PRODUCT_OR_DELIVERY_CONFIGURATION
docs/contracts/examples/ui.contract.response.json,,ui.contract.response,PRODUCT_REQUIRED,"production,demo,acceptance,customer",explicit_tool_or_module_execution,required,module_owned_records_only,false,false,KEEP_AS_PRODUCT_OR_DELIVERY_CONFIGURATION
docs/devtools/continue/batch_config.yaml,,batch_config,PRODUCT_REQUIRED,"production,demo,acceptance,customer",explicit_tool_or_module_execution,required,module_owned_records_only,false,false,KEEP_AS_PRODUCT_OR_DELIVERY_CONFIGURATION
docs/engineering_convergence/complexity_baseline_lock.json,,complexity_baseline_lock,PRODUCT_REQUIRED,"production,demo,acceptance,customer",explicit_tool_or_module_execution,required,module_owned_records_only,false,false,KEEP_AS_PRODUCT_OR_DELIVERY_CONFIGURATION
docs/engineering_convergence/test_inventory.csv,,test_inventory,PRODUCT_REQUIRED,"production,demo,acceptance,customer",explicit_tool_or_module_execution,required,module_owned_records_only,false,false,KEEP_AS_PRODUCT_OR_DELIVERY_CONFIGURATION
docs/frontend_productization/frontend_delivery_performance_baseline_v1.json,,frontend_delivery_performance_baseline_v1,PRODUCT_REQUIRED,"production,demo,acceptance,customer",explicit_tool_or_module_execution,required,module_owned_records_only,false,false,KEEP_AS_PRODUCT_OR_DELIVERY_CONFIGURATION
docs/frontend_productization/frontend_maturity_backlog_v1.csv,,frontend_maturity_backlog_v1,PRODUCT_REQUIRED,"production,demo,acceptance,customer",explicit_tool_or_module_execution,required,module_owned_records_only,false,false,KEEP_AS_PRODUCT_OR_DELIVERY_CONFIGURATION
docs/frontend_productization/frontend_surface_inventory_v1.csv,,frontend_surface_inventory_v1,PRODUCT_REQUIRED,"production,demo,acceptance,customer",explicit_tool_or_module_execution,required,module_owned_records_only,false,false,KEEP_AS_PRODUCT_OR_DELIVERY_CONFIGURATION
docs/ops/assessment/scene_governance_payload_snapshot_v1_2026-03-15.json,,scene_governance_payload_snapshot_v1_2026-03-15,PRODUCT_REQUIRED,"production,demo,acceptance,customer",explicit_tool_or_module_execution,required,module_owned_records_only,false,false,KEEP_AS_PRODUCT_OR_DELIVERY_CONFIGURATION
docs/ops/audit/tenant_boundary_06_legacy_carrier_inventory.csv,,tenant_boundary_06_legacy_carrier_inventory,PRODUCT_REQUIRED,"production,demo,acceptance,customer",explicit_tool_or_module_execution,required,module_owned_records_only,false,false,KEEP_AS_PRODUCT_OR_DELIVERY_CONFIGURATION
docs/ops/audit/tenant_pro_03_data_responsibility_inventory.csv,,tenant_pro_03_data_responsibility_inventory,PRODUCT_REQUIRED,"production,demo,acceptance,customer",explicit_tool_or_module_execution,required,module_owned_records_only,false,false,KEEP_AS_PRODUCT_OR_DELIVERY_CONFIGURATION
docs/ops/audits/native_view_audit_sample_cases/case_01_project_form.json,,case_01_project_form,PRODUCT_REQUIRED,"production,demo,acceptance,customer",explicit_tool_or_module_execution,required,module_owned_records_only,false,false,KEEP_AS_PRODUCT_OR_DELIVERY_CONFIGURATION
docs/ops/audits/native_view_audit_sample_cases/case_02_project_tree.json,,case_02_project_tree,PRODUCT_REQUIRED,"production,demo,acceptance,customer",explicit_tool_or_module_execution,required,module_owned_records_only,false,false,KEEP_AS_PRODUCT_OR_DELIVERY_CONFIGURATION
docs/ops/audits/native_view_audit_sample_cases/case_03_project_kanban.json,,case_03_project_kanban,PRODUCT_REQUIRED,"production,demo,acceptance,customer",explicit_tool_or_module_execution,required,module_owned_records_only,false,false,KEEP_AS_PRODUCT_OR_DELIVERY_CONFIGURATION
docs/ops/audits/native_view_audit_sample_cases/case_04_project_search.json,,case_04_project_search,PRODUCT_REQUIRED,"production,demo,acceptance,customer",explicit_tool_or_module_execution,required,module_owned_records_only,false,false,KEEP_AS_PRODUCT_OR_DELIVERY_CONFIGURATION
docs/ops/audits/native_view_audit_sample_cases/case_05_load_view_form_only.json,,case_05_load_view_form_only,PRODUCT_REQUIRED,"production,demo,acceptance,customer",explicit_tool_or_module_execution,required,module_owned_records_only,false,false,KEEP_AS_PRODUCT_OR_DELIVERY_CONFIGURATION
docs/ops/audits/native_view_audit_sample_cases/case_06_load_view_non_form_gap.json,,case_06_load_view_non_form_gap,PRODUCT_REQUIRED,"production,demo,acceptance,customer",explicit_tool_or_module_execution,required,module_owned_records_only,false,false,KEEP_AS_PRODUCT_OR_DELIVERY_CONFIGURATION
docs/ops/audits/native_view_audit_sample_cases/case_07_button_semantics.json,,case_07_button_semantics,PRODUCT_REQUIRED,"production,demo,acceptance,customer",explicit_tool_or_module_execution,required,module_owned_records_only,false,false,KEEP_AS_PRODUCT_OR_DELIVERY_CONFIGURATION
docs/ops/audits/native_view_audit_sample_cases/case_08_relation_x2many.json,,case_08_relation_x2many,PRODUCT_REQUIRED,"production,demo,acceptance,customer",explicit_tool_or_module_execution,required,module_owned_records_only,false,false,KEEP_AS_PRODUCT_OR_DELIVERY_CONFIGURATION
docs/ops/audits/native_view_ecosystem_sample_registry_v1.json,,native_view_ecosystem_sample_registry_v1,PRODUCT_REQUIRED,"production,demo,acceptance,customer",explicit_tool_or_module_execution,required,module_owned_records_only,false,false,KEEP_AS_PRODUCT_OR_DELIVERY_CONFIGURATION
docs/ops/frontend_business_semantic_fallback_scan_v1.json,,frontend_business_semantic_fallback_scan_v1,PRODUCT_REQUIRED,"production,demo,acceptance,customer",explicit_tool_or_module_execution,required,module_owned_records_only,false,false,KEEP_AS_PRODUCT_OR_DELIVERY_CONFIGURATION
docs/ops/stage_defs/p2.yml,,p2,PRODUCT_REQUIRED,"production,demo,acceptance,customer",explicit_tool_or_module_execution,required,module_owned_records_only,false,false,KEEP_AS_PRODUCT_OR_DELIVERY_CONFIGURATION
docs/ops/stage_defs/p3-runtime-r1.yml,,p3-runtime-r1,PRODUCT_REQUIRED,"production,demo,acceptance,customer",explicit_tool_or_module_execution,required,module_owned_records_only,false,false,KEEP_AS_PRODUCT_OR_DELIVERY_CONFIGURATION
docs/ops/stage_defs/p3-runtime-smoke.yml,,p3-runtime-smoke,PRODUCT_REQUIRED,"production,demo,acceptance,customer",explicit_tool_or_module_execution,required,module_owned_records_only,false,false,KEEP_AS_PRODUCT_OR_DELIVERY_CONFIGURATION
docs/ops/stress_regression_policy_v1.json,,stress_regression_policy_v1,PRODUCT_REQUIRED,"production,demo,acceptance,customer",explicit_tool_or_module_execution,required,module_owned_records_only,false,false,KEEP_AS_PRODUCT_OR_DELIVERY_CONFIGURATION
docs/ops/verify/menu_scene_exemptions.yml,,menu_scene_exemptions,PRODUCT_REQUIRED,"production,demo,acceptance,customer",explicit_tool_or_module_execution,required,module_owned_records_only,false,false,KEEP_AS_PRODUCT_OR_DELIVERY_CONFIGURATION
docs/product/business_capability_productization_baseline_v1.json,,business_capability_productization_baseline_v1,PRODUCT_REQUIRED,"production,demo,acceptance,customer",explicit_tool_or_module_execution,required,module_owned_records_only,false,false,KEEP_AS_PRODUCT_OR_DELIVERY_CONFIGURATION
docs/product/capability_catalog_v1.json,,capability_catalog_v1,PRODUCT_REQUIRED,"production,demo,acceptance,customer",explicit_tool_or_module_execution,required,module_owned_records_only,false,false,KEEP_AS_PRODUCT_OR_DELIVERY_CONFIGURATION
docs/product/capability_dormant_explanations_v1.json,,capability_dormant_explanations_v1,PRODUCT_REQUIRED,"production,demo,acceptance,customer",explicit_tool_or_module_execution,required,module_owned_records_only,false,false,KEEP_AS_PRODUCT_OR_DELIVERY_CONFIGURATION
docs/product/capability_entry_registry_v1.json,,capability_entry_registry_v1,PRODUCT_REQUIRED,"production,demo,acceptance,customer",explicit_tool_or_module_execution,required,module_owned_records_only,false,false,KEEP_AS_PRODUCT_OR_DELIVERY_CONFIGURATION
docs/product/capability_matrix_v1.json,,capability_matrix_v1,PRODUCT_REQUIRED,"production,demo,acceptance,customer",explicit_tool_or_module_execution,required,module_owned_records_only,false,false,KEEP_AS_PRODUCT_OR_DELIVERY_CONFIGURATION
docs/product/capability_scene_mapping_v1.json,,capability_scene_mapping_v1,PRODUCT_REQUIRED,"production,demo,acceptance,customer",explicit_tool_or_module_execution,required,module_owned_records_only,false,false,KEEP_AS_PRODUCT_OR_DELIVERY_CONFIGURATION
docs/product/catalog_runtime_source_rules_v1.json,,catalog_runtime_source_rules_v1,PRODUCT_REQUIRED,"production,demo,acceptance,customer",explicit_tool_or_module_execution,required,module_owned_records_only,false,false,KEEP_AS_PRODUCT_OR_DELIVERY_CONFIGURATION
docs/product/delivery/v1/construction_pm_v1_scene_surface_policy.json,,construction_pm_v1_scene_surface_policy,PRODUCT_REQUIRED,"production,demo,acceptance,customer",explicit_tool_or_module_execution,required,module_owned_records_only,false,false,KEEP_AS_PRODUCT_OR_DELIVERY_CONFIGURATION
docs/product/delivery/v1/delivery_menu_tree_source_v1.json,,delivery_menu_tree_source_v1,PRODUCT_REQUIRED,"production,demo,acceptance,customer",explicit_tool_or_module_execution,required,module_owned_records_only,false,false,KEEP_AS_PRODUCT_OR_DELIVERY_CONFIGURATION
docs/product/delivery/v1/module_scene_capability_source_v1.json,,module_scene_capability_source_v1,PRODUCT_REQUIRED,"production,demo,acceptance,customer",explicit_tool_or_module_execution,required,module_owned_records_only,false,false,KEEP_AS_PRODUCT_OR_DELIVERY_CONFIGURATION
docs/product/delivery/v1/role_package_source_v1.json,,role_package_source_v1,PRODUCT_REQUIRED,"production,demo,acceptance,customer",explicit_tool_or_module_execution,required,module_owned_records_only,false,false,KEEP_AS_PRODUCT_OR_DELIVERY_CONFIGURATION
docs/product/entry_registry_quality_report_v1.json,,entry_registry_quality_report_v1,PRODUCT_REQUIRED,"production,demo,acceptance,customer",explicit_tool_or_module_execution,required,module_owned_records_only,false,false,KEEP_AS_PRODUCT_OR_DELIVERY_CONFIGURATION
docs/product/export/product_documentation.json,,product_documentation,PRODUCT_REQUIRED,"production,demo,acceptance,customer",explicit_tool_or_module_execution,required,module_owned_records_only,false,false,KEEP_AS_PRODUCT_OR_DELIVERY_CONFIGURATION
docs/product/navigation_entry_registry_v1.json,,navigation_entry_registry_v1,PRODUCT_REQUIRED,"production,demo,acceptance,customer",explicit_tool_or_module_execution,required,module_owned_records_only,false,false,KEEP_AS_PRODUCT_OR_DELIVERY_CONFIGURATION
docs/product/navigation_registry_quality_report_v1.json,,navigation_registry_quality_report_v1,PRODUCT_REQUIRED,"production,demo,acceptance,customer",explicit_tool_or_module_execution,required,module_owned_records_only,false,false,KEEP_AS_PRODUCT_OR_DELIVERY_CONFIGURATION
docs/product/product_delivery_contract_v1.json,,product_delivery_contract_v1,PRODUCT_REQUIRED,"production,demo,acceptance,customer",explicit_tool_or_module_execution,required,module_owned_records_only,false,false,KEEP_AS_PRODUCT_OR_DELIVERY_CONFIGURATION
docs/product/product_tier_policy_v1.json,,product_tier_policy_v1,PRODUCT_REQUIRED,"production,demo,acceptance,customer",explicit_tool_or_module_execution,required,module_owned_records_only,false,false,KEEP_AS_PRODUCT_OR_DELIVERY_CONFIGURATION
docs/product/role_navigation_profile_v1.json,,role_navigation_profile_v1,PRODUCT_REQUIRED,"production,demo,acceptance,customer",explicit_tool_or_module_execution,required,module_owned_records_only,false,false,KEEP_AS_PRODUCT_OR_DELIVERY_CONFIGURATION
docs/product/role_scene_matrix_v1.json,,role_scene_matrix_v1,PRODUCT_REQUIRED,"production,demo,acceptance,customer",explicit_tool_or_module_execution,required,module_owned_records_only,false,false,KEEP_AS_PRODUCT_OR_DELIVERY_CONFIGURATION
docs/product/scene_catalog_product_v1.json,,scene_catalog_product_v1,PRODUCT_REQUIRED,"production,demo,acceptance,customer",explicit_tool_or_module_execution,required,module_owned_records_only,false,false,KEEP_AS_PRODUCT_OR_DELIVERY_CONFIGURATION
docs/product/scene_catalog_v2.json,,scene_catalog_v2,PRODUCT_REQUIRED,"production,demo,acceptance,customer",explicit_tool_or_module_execution,required,module_owned_records_only,false,false,KEEP_AS_PRODUCT_OR_DELIVERY_CONFIGURATION
docs/product/scene_domain_taxonomy_v1.json,,scene_domain_taxonomy_v1,PRODUCT_REQUIRED,"production,demo,acceptance,customer",explicit_tool_or_module_execution,required,module_owned_records_only,false,false,KEEP_AS_PRODUCT_OR_DELIVERY_CONFIGURATION
docs/product/scene_entry_registry_v1.json,,scene_entry_registry_v1,PRODUCT_REQUIRED,"production,demo,acceptance,customer",explicit_tool_or_module_execution,required,module_owned_records_only,false,false,KEEP_AS_PRODUCT_OR_DELIVERY_CONFIGURATION
docs/product/system_user_experience_coverage_v1.json,,system_user_experience_coverage_v1,PRODUCT_REQUIRED,"production,demo,acceptance,customer",explicit_tool_or_module_execution,required,module_owned_records_only,false,false,KEEP_AS_PRODUCT_OR_DELIVERY_CONFIGURATION
docs/product/templates/construction_enterprise_template_v1.json,,construction_enterprise_template_v1,PRODUCT_REQUIRED,"production,demo,acceptance,customer",explicit_tool_or_module_execution,required,module_owned_records_only,false,false,KEEP_AS_PRODUCT_OR_DELIVERY_CONFIGURATION
docs/product/templates/owner_management_template_draft_v1.json,,owner_management_template_draft_v1,PRODUCT_REQUIRED,"production,demo,acceptance,customer",explicit_tool_or_module_execution,required,module_owned_records_only,false,false,KEEP_AS_PRODUCT_OR_DELIVERY_CONFIGURATION
frontend/.prettierrc.json,,.prettierrc,PRODUCT_REQUIRED,"production,demo,acceptance,customer",explicit_tool_or_module_execution,required,module_owned_records_only,false,false,KEEP_AS_PRODUCT_OR_DELIVERY_CONFIGURATION
frontend/apps/mobile-harmony-shell/AppScope/resources/base/element/color.json,,color,PRODUCT_REQUIRED,"production,demo,acceptance,customer",explicit_tool_or_module_execution,required,module_owned_records_only,false,false,KEEP_AS_PRODUCT_OR_DELIVERY_CONFIGURATION
frontend/apps/mobile-harmony-shell/AppScope/resources/base/element/string.json,,string,PRODUCT_REQUIRED,"production,demo,acceptance,customer",explicit_tool_or_module_execution,required,module_owned_records_only,false,false,KEEP_AS_PRODUCT_OR_DELIVERY_CONFIGURATION
frontend/apps/mobile-harmony-shell/AppScope/resources/base/media/app_icon.json,,app_icon,PRODUCT_REQUIRED,"production,demo,acceptance,customer",explicit_tool_or_module_execution,required,module_owned_records_only,false,false,KEEP_AS_PRODUCT_OR_DELIVERY_CONFIGURATION
frontend/apps/mobile-harmony-shell/AppScope/resources/base/media/app_icon_foreground.json,,app_icon_foreground,PRODUCT_REQUIRED,"production,demo,acceptance,customer",explicit_tool_or_module_execution,required,module_owned_records_only,false,false,KEEP_AS_PRODUCT_OR_DELIVERY_CONFIGURATION
frontend/apps/mobile-harmony-shell/entry/src/main/resources/base/element/color.json,,color,PRODUCT_REQUIRED,"production,demo,acceptance,customer",explicit_tool_or_module_execution,required,module_owned_records_only,false,false,KEEP_AS_PRODUCT_OR_DELIVERY_CONFIGURATION
frontend/apps/mobile-harmony-shell/entry/src/main/resources/base/element/string.json,,string,PRODUCT_REQUIRED,"production,demo,acceptance,customer",explicit_tool_or_module_execution,required,module_owned_records_only,false,false,KEEP_AS_PRODUCT_OR_DELIVERY_CONFIGURATION
frontend/apps/mobile-harmony-shell/entry/src/main/resources/base/media/startIcon.json,,startIcon,PRODUCT_REQUIRED,"production,demo,acceptance,customer",explicit_tool_or_module_execution,required,module_owned_records_only,false,false,KEEP_AS_PRODUCT_OR_DELIVERY_CONFIGURATION
frontend/apps/mobile-harmony-shell/entry/src/main/resources/base/profile/main_pages.json,,main_pages,PRODUCT_REQUIRED,"production,demo,acceptance,customer",explicit_tool_or_module_execution,required,module_owned_records_only,false,false,KEEP_AS_PRODUCT_OR_DELIVERY_CONFIGURATION
frontend/apps/mobile/package.json,,package,PRODUCT_REQUIRED,"production,demo,acceptance,customer",explicit_tool_or_module_execution,required,module_owned_records_only,false,false,KEEP_AS_PRODUCT_OR_DELIVERY_CONFIGURATION
frontend/apps/mobile/src/manifest.json,,manifest,PRODUCT_REQUIRED,"production,demo,acceptance,customer",explicit_tool_or_module_execution,required,module_owned_records_only,false,false,KEEP_AS_PRODUCT_OR_DELIVERY_CONFIGURATION
frontend/apps/mobile/src/pages.json,,pages,PRODUCT_REQUIRED,"production,demo,acceptance,customer",explicit_tool_or_module_execution,required,module_owned_records_only,false,false,KEEP_AS_PRODUCT_OR_DELIVERY_CONFIGURATION
frontend/apps/mobile/tsconfig.json,,tsconfig,PRODUCT_REQUIRED,"production,demo,acceptance,customer",explicit_tool_or_module_execution,required,module_owned_records_only,false,false,KEEP_AS_PRODUCT_OR_DELIVERY_CONFIGURATION
frontend/apps/web/package.json,,package,PRODUCT_REQUIRED,"production,demo,acceptance,customer",explicit_tool_or_module_execution,required,module_owned_records_only,false,false,KEEP_AS_PRODUCT_OR_DELIVERY_CONFIGURATION
frontend/apps/web/tsconfig.json,,tsconfig,PRODUCT_REQUIRED,"production,demo,acceptance,customer",explicit_tool_or_module_execution,required,module_owned_records_only,false,false,KEEP_AS_PRODUCT_OR_DELIVERY_CONFIGURATION
frontend/apps/web/tsconfig.strict.json,,tsconfig.strict,PRODUCT_REQUIRED,"production,demo,acceptance,customer",explicit_tool_or_module_execution,required,module_owned_records_only,false,false,KEEP_AS_PRODUCT_OR_DELIVERY_CONFIGURATION
frontend/package.json,,package,PRODUCT_REQUIRED,"production,demo,acceptance,customer",explicit_tool_or_module_execution,required,module_owned_records_only,false,false,KEEP_AS_PRODUCT_OR_DELIVERY_CONFIGURATION
frontend/packages/design-tokens/package.json,,package,PRODUCT_REQUIRED,"production,demo,acceptance,customer",explicit_tool_or_module_execution,required,module_owned_records_only,false,false,KEEP_AS_PRODUCT_OR_DELIVERY_CONFIGURATION
frontend/packages/design-tokens/platform/mini.json,,mini,PRODUCT_REQUIRED,"production,demo,acceptance,customer",explicit_tool_or_module_execution,required,module_owned_records_only,false,false,KEEP_AS_PRODUCT_OR_DELIVERY_CONFIGURATION
frontend/packages/design-tokens/platform/mobile.json,,mobile,PRODUCT_REQUIRED,"production,demo,acceptance,customer",explicit_tool_or_module_execution,required,module_owned_records_only,false,false,KEEP_AS_PRODUCT_OR_DELIVERY_CONFIGURATION
frontend/packages/design-tokens/platform/web.json,,web,PRODUCT_REQUIRED,"production,demo,acceptance,customer",explicit_tool_or_module_execution,required,module_owned_records_only,false,false,KEEP_AS_PRODUCT_OR_DELIVERY_CONFIGURATION
frontend/packages/design-tokens/tokens/base.json,,base,PRODUCT_REQUIRED,"production,demo,acceptance,customer",explicit_tool_or_module_execution,required,module_owned_records_only,false,false,KEEP_AS_PRODUCT_OR_DELIVERY_CONFIGURATION
frontend/packages/design-tokens/tokens/component.json,,component,PRODUCT_REQUIRED,"production,demo,acceptance,customer",explicit_tool_or_module_execution,required,module_owned_records_only,false,false,KEEP_AS_PRODUCT_OR_DELIVERY_CONFIGURATION
frontend/packages/design-tokens/tokens/semantic.dark.json,,semantic.dark,PRODUCT_REQUIRED,"production,demo,acceptance,customer",explicit_tool_or_module_execution,required,module_owned_records_only,false,false,KEEP_AS_PRODUCT_OR_DELIVERY_CONFIGURATION
frontend/packages/design-tokens/tokens/semantic.light.json,,semantic.light,PRODUCT_REQUIRED,"production,demo,acceptance,customer",explicit_tool_or_module_execution,required,module_owned_records_only,false,false,KEEP_AS_PRODUCT_OR_DELIVERY_CONFIGURATION
frontend/packages/schema/package.json,,package,PRODUCT_REQUIRED,"production,demo,acceptance,customer",explicit_tool_or_module_execution,required,module_owned_records_only,false,false,KEEP_AS_PRODUCT_OR_DELIVERY_CONFIGURATION
frontend/packages/sdk/package.json,,package,PRODUCT_REQUIRED,"production,demo,acceptance,customer",explicit_tool_or_module_execution,required,module_owned_records_only,false,false,KEEP_AS_PRODUCT_OR_DELIVERY_CONFIGURATION
frontend/packages/tools/package.json,,package,PRODUCT_REQUIRED,"production,demo,acceptance,customer",explicit_tool_or_module_execution,required,module_owned_records_only,false,false,KEEP_AS_PRODUCT_OR_DELIVERY_CONFIGURATION
frontend/packages/ui/package.json,,package,PRODUCT_REQUIRED,"production,demo,acceptance,customer",explicit_tool_or_module_execution,required,module_owned_records_only,false,false,KEEP_AS_PRODUCT_OR_DELIVERY_CONFIGURATION
frontend/pnpm-lock.yaml,,pnpm-lock,PRODUCT_REQUIRED,"production,demo,acceptance,customer",explicit_tool_or_module_execution,required,module_owned_records_only,false,false,KEEP_AS_PRODUCT_OR_DELIVERY_CONFIGURATION
frontend/pnpm-workspace.yaml,,pnpm-workspace,PRODUCT_REQUIRED,"production,demo,acceptance,customer",explicit_tool_or_module_execution,required,module_owned_records_only,false,false,KEEP_AS_PRODUCT_OR_DELIVERY_CONFIGURATION
make/ci.mk,,ci,PRODUCT_REQUIRED,"production,demo,acceptance,customer",build_release_or_ci_configuration,required,module_owned_records_only,false,false,KEEP_AS_PRODUCT_OR_DELIVERY_CONFIGURATION
make/codex.mk,,codex,PRODUCT_REQUIRED,"production,demo,acceptance,customer",build_release_or_ci_configuration,required,module_owned_records_only,false,false,KEEP_AS_PRODUCT_OR_DELIVERY_CONFIGURATION
make/contract.mk,,contract,PRODUCT_REQUIRED,"production,demo,acceptance,customer",build_release_or_ci_configuration,required,module_owned_records_only,false,false,KEEP_AS_PRODUCT_OR_DELIVERY_CONFIGURATION
make/daily_candidate.mk,,daily_candidate,PRODUCT_REQUIRED,"production,demo,acceptance,customer",build_release_or_ci_configuration,required,module_owned_records_only,false,false,KEEP_AS_PRODUCT_OR_DELIVERY_CONFIGURATION
make/dev.mk,,dev,PRODUCT_REQUIRED,"production,demo,acceptance,customer",build_release_or_ci_configuration,required,module_owned_records_only,false,false,KEEP_AS_PRODUCT_OR_DELIVERY_CONFIGURATION
make/dev_test.mk,,dev_test,PRODUCT_REQUIRED,"production,demo,acceptance,customer",build_release_or_ci_configuration,required,module_owned_records_only,false,false,KEEP_AS_PRODUCT_OR_DELIVERY_CONFIGURATION
make/frontend.mk,,frontend,PRODUCT_REQUIRED,"production,demo,acceptance,customer",build_release_or_ci_configuration,required,module_owned_records_only,false,false,KEEP_AS_PRODUCT_OR_DELIVERY_CONFIGURATION
make/guards.mk,,guards,PRODUCT_REQUIRED,"production,demo,acceptance,customer",build_release_or_ci_configuration,required,module_owned_records_only,false,false,KEEP_AS_PRODUCT_OR_DELIVERY_CONFIGURATION
make/help.mk,,help,PRODUCT_REQUIRED,"production,demo,acceptance,customer",build_release_or_ci_configuration,required,module_owned_records_only,false,false,KEEP_AS_PRODUCT_OR_DELIVERY_CONFIGURATION
make/production_blocker.mk,,production_blocker,PRODUCT_REQUIRED,"production,demo,acceptance,customer",build_release_or_ci_configuration,required,module_owned_records_only,false,false,KEEP_AS_PRODUCT_OR_DELIVERY_CONFIGURATION
make/registry_audit.mk,,registry_audit,PRODUCT_REQUIRED,"production,demo,acceptance,customer",build_release_or_ci_configuration,required,module_owned_records_only,false,false,KEEP_AS_PRODUCT_OR_DELIVERY_CONFIGURATION
make/release.mk,,release,PRODUCT_REQUIRED,"production,demo,acceptance,customer",build_release_or_ci_configuration,required,module_owned_records_only,false,false,KEEP_AS_PRODUCT_OR_DELIVERY_CONFIGURATION
make/runtime_ops.mk,,runtime_ops,PRODUCT_REQUIRED,"production,demo,acceptance,customer",build_release_or_ci_configuration,required,module_owned_records_only,false,false,KEEP_AS_PRODUCT_OR_DELIVERY_CONFIGURATION
make/tenant_boundary.mk,,tenant_boundary,PRODUCT_REQUIRED,"production,demo,acceptance,customer",build_release_or_ci_configuration,required,module_owned_records_only,false,false,KEEP_AS_PRODUCT_OR_DELIVERY_CONFIGURATION
make/user_data.mk,,user_data,PRODUCT_REQUIRED,"production,demo,acceptance,customer",build_release_or_ci_configuration,required,module_owned_records_only,false,false,KEEP_AS_PRODUCT_OR_DELIVERY_CONFIGURATION
release/product-release.yaml,,product-release,PRODUCT_REQUIRED,"production,demo,acceptance,customer",explicit_tool_or_module_execution,required,module_owned_records_only,false,false,KEEP_AS_PRODUCT_OR_DELIVERY_CONFIGURATION
schemas/release/product_release_manifest.v2.schema.json,,product_release_manifest.v2.schema,PRODUCT_REQUIRED,"production,demo,acceptance,customer",explicit_tool_or_module_execution,required,module_owned_records_only,false,false,KEEP_AS_PRODUCT_OR_DELIVERY_CONFIGURATION
schemas/release/product_release_manifest.v3.schema.json,,product_release_manifest.v3.schema,PRODUCT_REQUIRED,"production,demo,acceptance,customer",explicit_tool_or_module_execution,required,module_owned_records_only,false,false,KEEP_AS_PRODUCT_OR_DELIVERY_CONFIGURATION
schemas/release/production_backup_set.v2.schema.json,,production_backup_set.v2.schema,PRODUCT_REQUIRED,"production,demo,acceptance,customer",explicit_tool_or_module_execution,required,module_owned_records_only,false,false,KEEP_AS_PRODUCT_OR_DELIVERY_CONFIGURATION
schemas/release/production_restore_rehearsal.v1.schema.json,,production_restore_rehearsal.v1.schema,PRODUCT_REQUIRED,"production,demo,acceptance,customer",explicit_tool_or_module_execution,required,module_owned_records_only,false,false,KEEP_AS_PRODUCT_OR_DELIVERY_CONFIGURATION
schemas/release/release_candidate_report.v1.schema.json,,release_candidate_report.v1.schema,PRODUCT_REQUIRED,"production,demo,acceptance,customer",explicit_tool_or_module_execution,required,module_owned_records_only,false,false,KEEP_AS_PRODUCT_OR_DELIVERY_CONFIGURATION
schemas/release/release_publication_plan.v1.schema.json,,release_publication_plan.v1.schema,PRODUCT_REQUIRED,"production,demo,acceptance,customer",explicit_tool_or_module_execution,required,module_owned_records_only,false,false,KEEP_AS_PRODUCT_OR_DELIVERY_CONFIGURATION
schemas/release/release_publication_report.v1.schema.json,,release_publication_report.v1.schema,PRODUCT_REQUIRED,"production,demo,acceptance,customer",explicit_tool_or_module_execution,required,module_owned_records_only,false,false,KEEP_AS_PRODUCT_OR_DELIVERY_CONFIGURATION
schemas/tenant_delivery/customer_module_manifest.schema.json,,customer_module_manifest.schema,PRODUCT_REQUIRED,"production,demo,acceptance,customer",explicit_tool_or_module_execution,required,module_owned_records_only,false,false,KEEP_AS_PRODUCT_OR_DELIVERY_CONFIGURATION
schemas/tenant_delivery/customer_payload_manifest.schema.json,,customer_payload_manifest.schema,PRODUCT_REQUIRED,"production,demo,acceptance,customer",explicit_tool_or_module_execution,required,module_owned_records_only,false,false,KEEP_AS_PRODUCT_OR_DELIVERY_CONFIGURATION
scripts/demo/ci.sh,,ci,DEMO_ONLY,demo,explicit_demo_module_or_runner,required,remove_module_owned_demo_records_only,false,false,KEEP_DEMO_EXPLICIT_AND_NON_PRODUCTION
scripts/demo/frontend_acceptance_db_ensure.sh,,frontend_acceptance_db_ensure,DEMO_ONLY,demo,explicit_demo_module_or_runner,required,remove_module_owned_demo_records_only,false,false,KEEP_DEMO_EXPLICIT_AND_NON_PRODUCTION
scripts/demo/frontend_productization_fixture.sh,,frontend_productization_fixture,DEMO_ONLY,demo,explicit_demo_module_or_runner,required,remove_module_owned_demo_records_only,false,false,KEEP_DEMO_EXPLICIT_AND_NON_PRODUCTION
scripts/demo/full.sh,,full,DEMO_ONLY,demo,explicit_demo_module_or_runner,required,remove_module_owned_demo_records_only,false,false,KEEP_DEMO_EXPLICIT_AND_NON_PRODUCTION
scripts/demo/list.sh,,list,DEMO_ONLY,demo,explicit_demo_module_or_runner,required,remove_module_owned_demo_records_only,false,false,KEEP_DEMO_EXPLICIT_AND_NON_PRODUCTION
scripts/demo/load.sh,,load,DEMO_ONLY,demo,explicit_demo_module_or_runner,required,remove_module_owned_demo_records_only,false,false,KEEP_DEMO_EXPLICIT_AND_NON_PRODUCTION
scripts/demo/load_all.sh,,load_all,DEMO_ONLY,demo,explicit_demo_module_or_runner,required,remove_module_owned_demo_records_only,false,false,KEEP_DEMO_EXPLICIT_AND_NON_PRODUCTION
scripts/demo/load_full.sh,,load_full,DEMO_ONLY,demo,explicit_demo_module_or_runner,required,remove_module_owned_demo_records_only,false,false,KEEP_DEMO_EXPLICIT_AND_NON_PRODUCTION
scripts/demo/load_release.sh,,load_release,DEMO_ONLY,demo,explicit_demo_module_or_runner,required,remove_module_owned_demo_records_only,false,false,KEEP_DEMO_EXPLICIT_AND_NON_PRODUCTION
scripts/demo/rebuild.sh,,rebuild,DEMO_ONLY,demo,explicit_demo_module_or_runner,required,remove_module_owned_demo_records_only,false,false,KEEP_DEMO_EXPLICIT_AND_NON_PRODUCTION
scripts/demo/reset.sh,,reset,DEMO_ONLY,demo,explicit_demo_module_or_runner,required,remove_module_owned_demo_records_only,false,false,KEEP_DEMO_EXPLICIT_AND_NON_PRODUCTION
scripts/demo/run_seed.sh,,run_seed,DEMO_ONLY,demo,explicit_demo_module_or_runner,required,remove_module_owned_demo_records_only,false,false,KEEP_DEMO_EXPLICIT_AND_NON_PRODUCTION
scripts/demo/verify.sh,,verify,DEMO_ONLY,demo,explicit_demo_module_or_runner,required,remove_module_owned_demo_records_only,false,false,KEEP_DEMO_EXPLICIT_AND_NON_PRODUCTION
scripts/ops/daily_candidate_clone_upgrade_contract_v1.json,,daily_candidate_clone_upgrade_contract_v1,PRODUCT_REQUIRED,"production,demo,acceptance,customer",explicit_tool_or_module_execution,required,module_owned_records_only,false,false,KEEP_AS_PRODUCT_OR_DELIVERY_CONFIGURATION
scripts/ops/daily_candidate_data_continuity_contract_v1.json,,daily_candidate_data_continuity_contract_v1,PRODUCT_REQUIRED,"production,demo,acceptance,customer",explicit_tool_or_module_execution,required,module_owned_records_only,false,false,KEEP_AS_PRODUCT_OR_DELIVERY_CONFIGURATION
scripts/ops/daily_candidate_data_sentinel_contract_v1.json,,daily_candidate_data_sentinel_contract_v1,PRODUCT_REQUIRED,"production,demo,acceptance,customer",explicit_tool_or_module_execution,required,module_owned_records_only,false,false,KEEP_AS_PRODUCT_OR_DELIVERY_CONFIGURATION
scripts/ops/production_acceptance_contract_v1.json,,production_acceptance_contract_v1,PRODUCT_REQUIRED,"production,demo,acceptance,customer",explicit_tool_or_module_execution,required,module_owned_records_only,false,false,KEEP_AS_PRODUCT_OR_DELIVERY_CONFIGURATION
scripts/ops/production_promotion_config_contract_v1.json,,production_promotion_config_contract_v1,PRODUCT_REQUIRED,"production,demo,acceptance,customer",explicit_tool_or_module_execution,required,module_owned_records_only,false,false,KEEP_AS_PRODUCT_OR_DELIVERY_CONFIGURATION
scripts/release/candidate_scan_contract.py,,candidate_scan_contract,PRODUCT_REQUIRED,"production,demo,acceptance,customer",build_release_or_ci_configuration,required,module_owned_records_only,false,false,KEEP_AS_PRODUCT_OR_DELIVERY_CONFIGURATION
scripts/release/compare_tenant_rc_history_fingerprints.py,,compare_tenant_rc_history_fingerprints,PRODUCT_REQUIRED,"production,demo,acceptance,customer",build_release_or_ci_configuration,required,module_owned_records_only,false,false,KEEP_AS_PRODUCT_OR_DELIVERY_CONFIGURATION
scripts/release/configure_colocated_platform_core.py,,configure_colocated_platform_core,PRODUCT_REQUIRED,"production,demo,acceptance,customer",build_release_or_ci_configuration,required,module_owned_records_only,false,false,KEEP_AS_PRODUCT_OR_DELIVERY_CONFIGURATION
scripts/release/customer_package_preflight.py,,customer_package_preflight,PRODUCT_REQUIRED,"production,demo,acceptance,customer",build_release_or_ci_configuration,required,module_owned_records_only,false,false,KEEP_AS_PRODUCT_OR_DELIVERY_CONFIGURATION
scripts/release/export_authorized_tenant_payload.sh,,export_authorized_tenant_payload,PRODUCT_REQUIRED,"production,demo,acceptance,customer",build_release_or_ci_configuration,required,module_owned_records_only,false,false,KEEP_AS_PRODUCT_OR_DELIVERY_CONFIGURATION
scripts/release/frontend_release_evidence.py,,frontend_release_evidence,PRODUCT_REQUIRED,"production,demo,acceptance,customer",build_release_or_ci_configuration,required,module_owned_records_only,false,false,KEEP_AS_PRODUCT_OR_DELIVERY_CONFIGURATION
scripts/release/generate_frontend_release_evidence_bundle.py,,generate_frontend_release_evidence_bundle,PRODUCT_REQUIRED,"production,demo,acceptance,customer",build_release_or_ci_configuration,required,module_owned_records_only,false,false,KEEP_AS_PRODUCT_OR_DELIVERY_CONFIGURATION
scripts/release/immutable_candidate_build.sh,,immutable_candidate_build,PRODUCT_REQUIRED,"production,demo,acceptance,customer",build_release_or_ci_configuration,required,module_owned_records_only,false,false,KEEP_AS_PRODUCT_OR_DELIVERY_CONFIGURATION
scripts/release/immutable_candidate_publish.sh,,immutable_candidate_publish,PRODUCT_REQUIRED,"production,demo,acceptance,customer",build_release_or_ci_configuration,required,module_owned_records_only,false,false,KEEP_AS_PRODUCT_OR_DELIVERY_CONFIGURATION
scripts/release/immutable_candidate_scan.sh,,immutable_candidate_scan,PRODUCT_REQUIRED,"production,demo,acceptance,customer",build_release_or_ci_configuration,required,module_owned_records_only,false,false,KEEP_AS_PRODUCT_OR_DELIVERY_CONFIGURATION
scripts/release/initialize_colocated_platform_snapshot.py,,initialize_colocated_platform_snapshot,PRODUCT_REQUIRED,"production,demo,acceptance,customer",build_release_or_ci_configuration,required,module_owned_records_only,false,false,KEEP_AS_PRODUCT_OR_DELIVERY_CONFIGURATION
scripts/release/prepare_rc_workspace.sh,,prepare_rc_workspace,PRODUCT_REQUIRED,"production,demo,acceptance,customer",build_release_or_ci_configuration,required,module_owned_records_only,false,false,KEEP_AS_PRODUCT_OR_DELIVERY_CONFIGURATION
scripts/release/product_lifecycle.sh,,product_lifecycle,PRODUCT_REQUIRED,"production,demo,acceptance,customer",build_release_or_ci_configuration,required,module_owned_records_only,false,false,KEEP_AS_PRODUCT_OR_DELIVERY_CONFIGURATION
scripts/release/product_module_matrix.py,,product_module_matrix,PRODUCT_REQUIRED,"production,demo,acceptance,customer",build_release_or_ci_configuration,required,module_owned_records_only,false,false,KEEP_AS_PRODUCT_OR_DELIVERY_CONFIGURATION
scripts/release/product_release.py,,product_release,PRODUCT_REQUIRED,"production,demo,acceptance,customer",build_release_or_ci_configuration,required,module_owned_records_only,false,false,KEEP_AS_PRODUCT_OR_DELIVERY_CONFIGURATION
scripts/release/product_release_manifest.py,,product_release_manifest,PRODUCT_REQUIRED,"production,demo,acceptance,customer",build_release_or_ci_configuration,required,module_owned_records_only,false,false,KEEP_AS_PRODUCT_OR_DELIVERY_CONFIGURATION
scripts/release/production_acceptance.sh,,production_acceptance,PRODUCT_REQUIRED,"production,demo,acceptance,customer",build_release_or_ci_configuration,required,module_owned_records_only,false,false,KEEP_AS_PRODUCT_OR_DELIVERY_CONFIGURATION
scripts/release/production_admin_harden.py,,production_admin_harden,PRODUCT_REQUIRED,"production,demo,acceptance,customer",build_release_or_ci_configuration,required,module_owned_records_only,false,false,KEEP_AS_PRODUCT_OR_DELIVERY_CONFIGURATION
scripts/release/production_admin_identity_baseline.py,,production_admin_identity_baseline,PRODUCT_REQUIRED,"production,demo,acceptance,customer",build_release_or_ci_configuration,required,module_owned_records_only,false,false,KEEP_AS_PRODUCT_OR_DELIVERY_CONFIGURATION
scripts/release/production_backup_restore.py,,production_backup_restore,PRODUCT_REQUIRED,"production,demo,acceptance,customer",build_release_or_ci_configuration,required,module_owned_records_only,false,false,KEEP_AS_PRODUCT_OR_DELIVERY_CONFIGURATION
scripts/release/production_candidate_fingerprint.py,,production_candidate_fingerprint,PRODUCT_REQUIRED,"production,demo,acceptance,customer",build_release_or_ci_configuration,required,module_owned_records_only,false,false,KEEP_AS_PRODUCT_OR_DELIVERY_CONFIGURATION
scripts/release/production_candidate_fingerprint.sh,,production_candidate_fingerprint,PRODUCT_REQUIRED,"production,demo,acceptance,customer",build_release_or_ci_configuration,required,module_owned_records_only,false,false,KEEP_AS_PRODUCT_OR_DELIVERY_CONFIGURATION
scripts/release/production_candidate_history.sh,,production_candidate_history,PRODUCT_REQUIRED,"production,demo,acceptance,customer",build_release_or_ci_configuration,required,module_owned_records_only,false,false,KEEP_AS_PRODUCT_OR_DELIVERY_CONFIGURATION
scripts/release/production_candidate_sql_fingerprint.py,,production_candidate_sql_fingerprint,PRODUCT_REQUIRED,"production,demo,acceptance,customer",build_release_or_ci_configuration,required,module_owned_records_only,false,false,KEEP_AS_PRODUCT_OR_DELIVERY_CONFIGURATION
scripts/release/production_colocated_backup.py,,production_colocated_backup,PRODUCT_REQUIRED,"production,demo,acceptance,customer",build_release_or_ci_configuration,required,module_owned_records_only,false,false,KEEP_AS_PRODUCT_OR_DELIVERY_CONFIGURATION
scripts/release/production_compose_contract.py,,production_compose_contract,PRODUCT_REQUIRED,"production,demo,acceptance,customer",build_release_or_ci_configuration,required,module_owned_records_only,false,false,KEEP_AS_PRODUCT_OR_DELIVERY_CONFIGURATION
scripts/release/production_contract_image_acceptance.sh,,production_contract_image_acceptance,PRODUCT_REQUIRED,"production,demo,acceptance,customer",build_release_or_ci_configuration,required,module_owned_records_only,false,false,KEEP_AS_PRODUCT_OR_DELIVERY_CONFIGURATION
scripts/release/production_db_contract.py,,production_db_contract,PRODUCT_REQUIRED,"production,demo,acceptance,customer",build_release_or_ci_configuration,required,module_owned_records_only,false,false,KEEP_AS_PRODUCT_OR_DELIVERY_CONFIGURATION
scripts/release/production_db_init.py,,production_db_init,PRODUCT_REQUIRED,"production,demo,acceptance,customer",build_release_or_ci_configuration,required,module_owned_records_only,false,false,KEEP_AS_PRODUCT_OR_DELIVERY_CONFIGURATION
scripts/release/production_db_manage.sh,,production_db_manage,PRODUCT_REQUIRED,"production,demo,acceptance,customer",build_release_or_ci_configuration,required,module_owned_records_only,false,false,KEEP_AS_PRODUCT_OR_DELIVERY_CONFIGURATION
scripts/release/production_first_fresh_cleanup.py,,production_first_fresh_cleanup,PRODUCT_REQUIRED,"production,demo,acceptance,customer",build_release_or_ci_configuration,required,module_owned_records_only,false,false,KEEP_AS_PRODUCT_OR_DELIVERY_CONFIGURATION
scripts/release/production_formal_module_install.py,,production_formal_module_install,PRODUCT_REQUIRED,"production,demo,acceptance,customer",build_release_or_ci_configuration,required,module_owned_records_only,false,false,KEEP_AS_PRODUCT_OR_DELIVERY_CONFIGURATION
scripts/release/production_formal_module_state.py,,production_formal_module_state,PRODUCT_REQUIRED,"production,demo,acceptance,customer",build_release_or_ci_configuration,required,module_owned_records_only,false,false,KEEP_AS_PRODUCT_OR_DELIVERY_CONFIGURATION
scripts/release/production_odoo_entrypoint.sh,,production_odoo_entrypoint,PRODUCT_REQUIRED,"production,demo,acceptance,customer",build_release_or_ci_configuration,required,module_owned_records_only,false,false,KEEP_AS_PRODUCT_OR_DELIVERY_CONFIGURATION
scripts/release/production_readonly_baseline.sh,,production_readonly_baseline,PRODUCT_REQUIRED,"production,demo,acceptance,customer",build_release_or_ci_configuration,required,module_owned_records_only,false,false,KEEP_AS_PRODUCT_OR_DELIVERY_CONFIGURATION
scripts/release/rehearsal_backup_restore.sh,,rehearsal_backup_restore,PRODUCT_REQUIRED,"production,demo,acceptance,customer",build_release_or_ci_configuration,required,module_owned_records_only,false,false,KEEP_AS_PRODUCT_OR_DELIVERY_CONFIGURATION
scripts/release/rehearsal_guard.py,,rehearsal_guard,PRODUCT_REQUIRED,"production,demo,acceptance,customer",build_release_or_ci_configuration,required,module_owned_records_only,false,false,KEEP_AS_PRODUCT_OR_DELIVERY_CONFIGURATION
scripts/release/release_acceptance_report.py,,release_acceptance_report,PRODUCT_REQUIRED,"production,demo,acceptance,customer",build_release_or_ci_configuration,required,module_owned_records_only,false,false,KEEP_AS_PRODUCT_OR_DELIVERY_CONFIGURATION
scripts/release/release_candidate.py,,release_candidate,PRODUCT_REQUIRED,"production,demo,acceptance,customer",build_release_or_ci_configuration,required,module_owned_records_only,false,false,KEEP_AS_PRODUCT_OR_DELIVERY_CONFIGURATION
scripts/release/release_candidate_report.py,,release_candidate_report,PRODUCT_REQUIRED,"production,demo,acceptance,customer",build_release_or_ci_configuration,required,module_owned_records_only,false,false,KEEP_AS_PRODUCT_OR_DELIVERY_CONFIGURATION
scripts/release/release_data_compatibility.py,,release_data_compatibility,PRODUCT_REQUIRED,"production,demo,acceptance,customer",build_release_or_ci_configuration,required,module_owned_records_only,false,false,KEEP_AS_PRODUCT_OR_DELIVERY_CONFIGURATION
scripts/release/release_fingerprint.py,,release_fingerprint,PRODUCT_REQUIRED,"production,demo,acceptance,customer",build_release_or_ci_configuration,required,module_owned_records_only,false,false,KEEP_AS_PRODUCT_OR_DELIVERY_CONFIGURATION
scripts/release/release_fingerprint_compare.py,,release_fingerprint_compare,PRODUCT_REQUIRED,"production,demo,acceptance,customer",build_release_or_ci_configuration,required,module_owned_records_only,false,false,KEEP_AS_PRODUCT_OR_DELIVERY_CONFIGURATION
scripts/release/release_monitoring_check.py,,release_monitoring_check,PRODUCT_REQUIRED,"production,demo,acceptance,customer",build_release_or_ci_configuration,required,module_owned_records_only,false,false,KEEP_AS_PRODUCT_OR_DELIVERY_CONFIGURATION
scripts/release/release_publication.py,,release_publication,PRODUCT_REQUIRED,"production,demo,acceptance,customer",build_release_or_ci_configuration,required,module_owned_records_only,false,false,KEEP_AS_PRODUCT_OR_DELIVERY_CONFIGURATION
scripts/release/release_readiness_report.py,,release_readiness_report,PRODUCT_REQUIRED,"production,demo,acceptance,customer",build_release_or_ci_configuration,required,module_owned_records_only,false,false,KEEP_AS_PRODUCT_OR_DELIVERY_CONFIGURATION
scripts/release/release_source_identity.py,,release_source_identity,PRODUCT_REQUIRED,"production,demo,acceptance,customer",build_release_or_ci_configuration,required,module_owned_records_only,false,false,KEEP_AS_PRODUCT_OR_DELIVERY_CONFIGURATION
scripts/release/release_static_server.mjs,,release_static_server,PRODUCT_REQUIRED,"production,demo,acceptance,customer",build_release_or_ci_configuration,required,module_owned_records_only,false,false,KEEP_AS_PRODUCT_OR_DELIVERY_CONFIGURATION
scripts/release/restore_authorized_history_source.sh,,restore_authorized_history_source,PRODUCT_REQUIRED,"production,demo,acceptance,customer",build_release_or_ci_configuration,required,module_owned_records_only,false,false,KEEP_AS_PRODUCT_OR_DELIVERY_CONFIGURATION
scripts/release/tenant_boundary_q11_profiles.sh,,tenant_boundary_q11_profiles,PRODUCT_REQUIRED,"production,demo,acceptance,customer",build_release_or_ci_configuration,required,module_owned_records_only,false,false,KEEP_AS_PRODUCT_OR_DELIVERY_CONFIGURATION
scripts/release/tenant_rc_acceptance_fixture_init.py,,tenant_rc_acceptance_fixture_init,PRODUCT_REQUIRED,"production,demo,acceptance,customer",build_release_or_ci_configuration,required,module_owned_records_only,false,false,KEEP_AS_PRODUCT_OR_DELIVERY_CONFIGURATION
scripts/release/tenant_rc_profile_rehearsal.sh,,tenant_rc_profile_rehearsal,PRODUCT_REQUIRED,"production,demo,acceptance,customer",build_release_or_ci_configuration,required,module_owned_records_only,false,false,KEEP_AS_PRODUCT_OR_DELIVERY_CONFIGURATION
scripts/release/tenant_rc_runtime_acceptance.sh,,tenant_rc_runtime_acceptance,PRODUCT_REQUIRED,"production,demo,acceptance,customer",build_release_or_ci_configuration,required,module_owned_records_only,false,false,KEEP_AS_PRODUCT_OR_DELIVERY_CONFIGURATION
scripts/release/test_candidate_scan_contract.py,,test_candidate_scan_contract,PRODUCT_REQUIRED,"production,demo,acceptance,customer",build_release_or_ci_configuration,required,module_owned_records_only,false,false,KEEP_AS_PRODUCT_OR_DELIVERY_CONFIGURATION
scripts/release/test_customer_package_preflight.py,,test_customer_package_preflight,PRODUCT_REQUIRED,"production,demo,acceptance,customer",build_release_or_ci_configuration,required,module_owned_records_only,false,false,KEEP_AS_PRODUCT_OR_DELIVERY_CONFIGURATION
scripts/release/test_locked_menu_policy_contract.py,,test_locked_menu_policy_contract,PRODUCT_REQUIRED,"production,demo,acceptance,customer",build_release_or_ci_configuration,required,module_owned_records_only,false,false,KEEP_AS_PRODUCT_OR_DELIVERY_CONFIGURATION
scripts/release/test_product_release.py,,test_product_release,PRODUCT_REQUIRED,"production,demo,acceptance,customer",build_release_or_ci_configuration,required,module_owned_records_only,false,false,KEEP_AS_PRODUCT_OR_DELIVERY_CONFIGURATION
scripts/release/test_production_admin_harden.py,,test_production_admin_harden,PRODUCT_REQUIRED,"production,demo,acceptance,customer",build_release_or_ci_configuration,required,module_owned_records_only,false,false,KEEP_AS_PRODUCT_OR_DELIVERY_CONFIGURATION
scripts/release/test_production_admin_identity_baseline.py,,test_production_admin_identity_baseline,PRODUCT_REQUIRED,"production,demo,acceptance,customer",build_release_or_ci_configuration,required,module_owned_records_only,false,false,KEEP_AS_PRODUCT_OR_DELIVERY_CONFIGURATION
scripts/release/test_production_backup_restore_contract.py,,test_production_backup_restore_contract,PRODUCT_REQUIRED,"production,demo,acceptance,customer",build_release_or_ci_configuration,required,module_owned_records_only,false,false,KEEP_AS_PRODUCT_OR_DELIVERY_CONFIGURATION
scripts/release/test_production_colocated_release.py,,test_production_colocated_release,PRODUCT_REQUIRED,"production,demo,acceptance,customer",build_release_or_ci_configuration,required,module_owned_records_only,false,false,KEEP_AS_PRODUCT_OR_DELIVERY_CONFIGURATION
scripts/release/test_production_compose_contract.py,,test_production_compose_contract,PRODUCT_REQUIRED,"production,demo,acceptance,customer",build_release_or_ci_configuration,required,module_owned_records_only,false,false,KEEP_AS_PRODUCT_OR_DELIVERY_CONFIGURATION
scripts/release/test_production_db_init.py,,test_production_db_init,PRODUCT_REQUIRED,"production,demo,acceptance,customer",build_release_or_ci_configuration,required,module_owned_records_only,false,false,KEEP_AS_PRODUCT_OR_DELIVERY_CONFIGURATION
scripts/release/test_production_first_fresh_cleanup.py,,test_production_first_fresh_cleanup,PRODUCT_REQUIRED,"production,demo,acceptance,customer",build_release_or_ci_configuration,required,module_owned_records_only,false,false,KEEP_AS_PRODUCT_OR_DELIVERY_CONFIGURATION
scripts/release/test_production_formal_module_install.py,,test_production_formal_module_install,PRODUCT_REQUIRED,"production,demo,acceptance,customer",build_release_or_ci_configuration,required,module_owned_records_only,false,false,KEEP_AS_PRODUCT_OR_DELIVERY_CONFIGURATION
scripts/release/test_production_release_contract.py,,test_production_release_contract,PRODUCT_REQUIRED,"production,demo,acceptance,customer",build_release_or_ci_configuration,required,module_owned_records_only,false,false,KEEP_AS_PRODUCT_OR_DELIVERY_CONFIGURATION
scripts/release/test_rehearsal_guard.py,,test_rehearsal_guard,PRODUCT_REQUIRED,"production,demo,acceptance,customer",build_release_or_ci_configuration,required,module_owned_records_only,false,false,KEEP_AS_PRODUCT_OR_DELIVERY_CONFIGURATION
scripts/release/test_release_candidate.py,,test_release_candidate,PRODUCT_REQUIRED,"production,demo,acceptance,customer",build_release_or_ci_configuration,required,module_owned_records_only,false,false,KEEP_AS_PRODUCT_OR_DELIVERY_CONFIGURATION
scripts/release/test_release_publication.py,,test_release_publication,PRODUCT_REQUIRED,"production,demo,acceptance,customer",build_release_or_ci_configuration,required,module_owned_records_only,false,false,KEEP_AS_PRODUCT_OR_DELIVERY_CONFIGURATION
scripts/release/test_release_source_identity.py,,test_release_source_identity,PRODUCT_REQUIRED,"production,demo,acceptance,customer",build_release_or_ci_configuration,required,module_owned_records_only,false,false,KEEP_AS_PRODUCT_OR_DELIVERY_CONFIGURATION
scripts/release/verify_colocated_platform_matrix.py,,verify_colocated_platform_matrix,PRODUCT_REQUIRED,"production,demo,acceptance,customer",build_release_or_ci_configuration,required,module_owned_records_only,false,false,KEEP_AS_PRODUCT_OR_DELIVERY_CONFIGURATION
scripts/release/verify_tenant_rc_profile_digests.py,,verify_tenant_rc_profile_digests,PRODUCT_REQUIRED,"production,demo,acceptance,customer",build_release_or_ci_configuration,required,module_owned_records_only,false,false,KEEP_AS_PRODUCT_OR_DELIVERY_CONFIGURATION
scripts/release/verify_tenant_rc_runtime_acceptance.py,,verify_tenant_rc_runtime_acceptance,PRODUCT_REQUIRED,"production,demo,acceptance,customer",build_release_or_ci_configuration,required,module_owned_records_only,false,false,KEEP_AS_PRODUCT_OR_DELIVERY_CONFIGURATION
scripts/release/with_rehearsal_lock.sh,,with_rehearsal_lock,PRODUCT_REQUIRED,"production,demo,acceptance,customer",build_release_or_ci_configuration,required,module_owned_records_only,false,false,KEEP_AS_PRODUCT_OR_DELIVERY_CONFIGURATION
scripts/release/zstd_compress.py,,zstd_compress,PRODUCT_REQUIRED,"production,demo,acceptance,customer",build_release_or_ci_configuration,required,module_owned_records_only,false,false,KEEP_AS_PRODUCT_OR_DELIVERY_CONFIGURATION
scripts/verify/act_url_missing_scene_report.js,,act_url_missing_scene_report,TEST_FIXTURE_ONLY,"acceptance,test",explicit_acceptance_or_test_runner,required,destroy_dedicated_acceptance_database,false,false,KEEP_OUT_OF_PRODUCTION_INSTALL_SET
scripts/verify/action_default_group_contract_audit.py,,action_default_group_contract_audit,TEST_FIXTURE_ONLY,"acceptance,test",explicit_acceptance_or_test_runner,required,destroy_dedicated_acceptance_database,false,false,KEEP_OUT_OF_PRODUCTION_INSTALL_SET
scripts/verify/action_view_contract_action_runtime_smoke.js,,action_view_contract_action_runtime_smoke,TEST_FIXTURE_ONLY,"acceptance,test",explicit_acceptance_or_test_runner,required,destroy_dedicated_acceptance_database,false,false,KEEP_OUT_OF_PRODUCTION_INSTALL_SET
scripts/verify/action_view_orchestration_contract_shape_smoke.js,,action_view_orchestration_contract_shape_smoke,TEST_FIXTURE_ONLY,"acceptance,test",explicit_acceptance_or_test_runner,required,destroy_dedicated_acceptance_database,false,false,KEEP_OUT_OF_PRODUCTION_INSTALL_SET
scripts/verify/action_view_responsibility_map_guard.py,,action_view_responsibility_map_guard,TEST_FIXTURE_ONLY,"acceptance,test",explicit_acceptance_or_test_runner,required,destroy_dedicated_acceptance_database,false,false,KEEP_OUT_OF_PRODUCTION_INSTALL_SET
scripts/verify/action_view_route_runtime_smoke.js,,action_view_route_runtime_smoke,TEST_FIXTURE_ONLY,"acceptance,test",explicit_acceptance_or_test_runner,required,destroy_dedicated_acceptance_database,false,false,KEEP_OUT_OF_PRODUCTION_INSTALL_SET
scripts/verify/app_config_engine_boundary_guard.py,,app_config_engine_boundary_guard,TEST_FIXTURE_ONLY,"acceptance,test",explicit_acceptance_or_test_runner,required,destroy_dedicated_acceptance_database,false,false,KEEP_OUT_OF_PRODUCTION_INSTALL_SET
scripts/verify/application_form_required_marker_audit.py,,application_form_required_marker_audit,TEST_FIXTURE_ONLY,"acceptance,test",explicit_acceptance_or_test_runner,required,destroy_dedicated_acceptance_database,false,false,KEEP_OUT_OF_PRODUCTION_INSTALL_SET
scripts/verify/attachment_upload_frontend_browser_acceptance.js,,attachment_upload_frontend_browser_acceptance,TEST_FIXTURE_ONLY,"acceptance,test",explicit_acceptance_or_test_runner,required,destroy_dedicated_acceptance_database,false,false,KEEP_OUT_OF_PRODUCTION_INSTALL_SET
scripts/verify/attachment_upload_frontend_browser_matrix_acceptance.js,,attachment_upload_frontend_browser_matrix_acceptance,TEST_FIXTURE_ONLY,"acceptance,test",explicit_acceptance_or_test_runner,required,destroy_dedicated_acceptance_database,false,false,KEEP_OUT_OF_PRODUCTION_INSTALL_SET
scripts/verify/attachment_upload_surface_manifest.py,,attachment_upload_surface_manifest,TEST_FIXTURE_ONLY,"acceptance,test",explicit_acceptance_or_test_runner,required,destroy_dedicated_acceptance_database,false,false,KEEP_OUT_OF_PRODUCTION_INSTALL_SET
scripts/verify/auth_xpath_guard.sh,,auth_xpath_guard,TEST_FIXTURE_ONLY,"acceptance,test",explicit_acceptance_or_test_runner,required,destroy_dedicated_acceptance_database,false,false,KEEP_OUT_OF_PRODUCTION_INSTALL_SET
scripts/verify/auto_degrade_smoke_report.py,,auto_degrade_smoke_report,TEST_FIXTURE_ONLY,"acceptance,test",explicit_acceptance_or_test_runner,required,destroy_dedicated_acceptance_database,false,false,KEEP_OUT_OF_PRODUCTION_INSTALL_SET
scripts/verify/backend_architecture_full_report.py,,backend_architecture_full_report,TEST_FIXTURE_ONLY,"acceptance,test",explicit_acceptance_or_test_runner,required,destroy_dedicated_acceptance_database,false,false,KEEP_OUT_OF_PRODUCTION_INSTALL_SET
scripts/verify/backend_architecture_full_report_guard.py,,backend_architecture_full_report_guard,TEST_FIXTURE_ONLY,"acceptance,test",explicit_acceptance_or_test_runner,required,destroy_dedicated_acceptance_database,false,false,KEEP_OUT_OF_PRODUCTION_INSTALL_SET
scripts/verify/backend_architecture_full_report_guard_schema_guard.py,,backend_architecture_full_report_guard_schema_guard,TEST_FIXTURE_ONLY,"acceptance,test",explicit_acceptance_or_test_runner,required,destroy_dedicated_acceptance_database,false,false,KEEP_OUT_OF_PRODUCTION_INSTALL_SET
scripts/verify/backend_architecture_full_report_schema_guard.py,,backend_architecture_full_report_schema_guard,TEST_FIXTURE_ONLY,"acceptance,test",explicit_acceptance_or_test_runner,required,destroy_dedicated_acceptance_database,false,false,KEEP_OUT_OF_PRODUCTION_INSTALL_SET
scripts/verify/backend_boundary_guard.py,,backend_boundary_guard,TEST_FIXTURE_ONLY,"acceptance,test",explicit_acceptance_or_test_runner,required,destroy_dedicated_acceptance_database,false,false,KEEP_OUT_OF_PRODUCTION_INSTALL_SET
scripts/verify/backend_business_fact_model_audit.py,,backend_business_fact_model_audit,TEST_FIXTURE_ONLY,"acceptance,test",explicit_acceptance_or_test_runner,required,destroy_dedicated_acceptance_database,false,false,KEEP_OUT_OF_PRODUCTION_INSTALL_SET
scripts/verify/backend_contract_boundary_guard.py,,backend_contract_boundary_guard,TEST_FIXTURE_ONLY,"acceptance,test",explicit_acceptance_or_test_runner,required,destroy_dedicated_acceptance_database,false,false,KEEP_OUT_OF_PRODUCTION_INSTALL_SET
scripts/verify/backend_contract_closure_guard.py,,backend_contract_closure_guard,TEST_FIXTURE_ONLY,"acceptance,test",explicit_acceptance_or_test_runner,required,destroy_dedicated_acceptance_database,false,false,KEEP_OUT_OF_PRODUCTION_INSTALL_SET
scripts/verify/backend_contract_closure_mainline_summary.py,,backend_contract_closure_mainline_summary,TEST_FIXTURE_ONLY,"acceptance,test",explicit_acceptance_or_test_runner,required,destroy_dedicated_acceptance_database,false,false,KEEP_OUT_OF_PRODUCTION_INSTALL_SET
scripts/verify/backend_contract_closure_mainline_summary_schema_guard.py,,backend_contract_closure_mainline_summary_schema_guard,TEST_FIXTURE_ONLY,"acceptance,test",explicit_acceptance_or_test_runner,required,destroy_dedicated_acceptance_database,false,false,KEEP_OUT_OF_PRODUCTION_INSTALL_SET
scripts/verify/backend_contract_closure_snapshot_guard.py,,backend_contract_closure_snapshot_guard,TEST_FIXTURE_ONLY,"acceptance,test",explicit_acceptance_or_test_runner,required,destroy_dedicated_acceptance_database,false,false,KEEP_OUT_OF_PRODUCTION_INSTALL_SET
scripts/verify/backend_contract_closure_snapshot_schema_guard.py,,backend_contract_closure_snapshot_schema_guard,TEST_FIXTURE_ONLY,"acceptance,test",explicit_acceptance_or_test_runner,required,destroy_dedicated_acceptance_database,false,false,KEEP_OUT_OF_PRODUCTION_INSTALL_SET
scripts/verify/backend_evidence_manifest.py,,backend_evidence_manifest,TEST_FIXTURE_ONLY,"acceptance,test",explicit_acceptance_or_test_runner,required,destroy_dedicated_acceptance_database,false,false,KEEP_OUT_OF_PRODUCTION_INSTALL_SET
scripts/verify/backend_evidence_manifest_guard.py,,backend_evidence_manifest_guard,TEST_FIXTURE_ONLY,"acceptance,test",explicit_acceptance_or_test_runner,required,destroy_dedicated_acceptance_database,false,false,KEEP_OUT_OF_PRODUCTION_INSTALL_SET
scripts/verify/backend_evidence_manifest_schema_guard.py,,backend_evidence_manifest_schema_guard,TEST_FIXTURE_ONLY,"acceptance,test",explicit_acceptance_or_test_runner,required,destroy_dedicated_acceptance_database,false,false,KEEP_OUT_OF_PRODUCTION_INSTALL_SET
scripts/verify/baseline.sh,,baseline,TEST_FIXTURE_ONLY,"acceptance,test",explicit_acceptance_or_test_runner,required,destroy_dedicated_acceptance_database,false,false,KEEP_OUT_OF_PRODUCTION_INSTALL_SET
scripts/verify/baseline_freeze_guard.py,,baseline_freeze_guard,TEST_FIXTURE_ONLY,"acceptance,test",explicit_acceptance_or_test_runner,required,destroy_dedicated_acceptance_database,false,false,KEEP_OUT_OF_PRODUCTION_INSTALL_SET
scripts/verify/baseline_policy_integrity_guard.py,,baseline_policy_integrity_guard,TEST_FIXTURE_ONLY,"acceptance,test",explicit_acceptance_or_test_runner,required,destroy_dedicated_acceptance_database,false,false,KEEP_OUT_OF_PRODUCTION_INSTALL_SET
scripts/verify/baselines/backend_architecture_full_report_guard.json,,backend_architecture_full_report_guard,TEST_FIXTURE_ONLY,"acceptance,test",explicit_acceptance_or_test_runner,required,destroy_dedicated_acceptance_database,false,false,KEEP_OUT_OF_PRODUCTION_INSTALL_SET
scripts/verify/baselines/backend_architecture_full_report_guard_schema_guard.json,,backend_architecture_full_report_guard_schema_guard,TEST_FIXTURE_ONLY,"acceptance,test",explicit_acceptance_or_test_runner,required,destroy_dedicated_acceptance_database,false,false,KEEP_OUT_OF_PRODUCTION_INSTALL_SET
scripts/verify/baselines/backend_architecture_full_report_schema_guard.json,,backend_architecture_full_report_schema_guard,TEST_FIXTURE_ONLY,"acceptance,test",explicit_acceptance_or_test_runner,required,destroy_dedicated_acceptance_database,false,false,KEEP_OUT_OF_PRODUCTION_INSTALL_SET
scripts/verify/baselines/backend_boundary_guard.json,,backend_boundary_guard,TEST_FIXTURE_ONLY,"acceptance,test",explicit_acceptance_or_test_runner,required,destroy_dedicated_acceptance_database,false,false,KEEP_OUT_OF_PRODUCTION_INSTALL_SET
scripts/verify/baselines/backend_contract_closure_snapshot.json,,backend_contract_closure_snapshot,TEST_FIXTURE_ONLY,"acceptance,test",explicit_acceptance_or_test_runner,required,destroy_dedicated_acceptance_database,false,false,KEEP_OUT_OF_PRODUCTION_INSTALL_SET
scripts/verify/baselines/backend_evidence_manifest_guard.json,,backend_evidence_manifest_guard,TEST_FIXTURE_ONLY,"acceptance,test",explicit_acceptance_or_test_runner,required,destroy_dedicated_acceptance_database,false,false,KEEP_OUT_OF_PRODUCTION_INSTALL_SET
scripts/verify/baselines/baseline_frozen_paths.json,,baseline_frozen_paths,TEST_FIXTURE_ONLY,"acceptance,test",explicit_acceptance_or_test_runner,required,destroy_dedicated_acceptance_database,false,false,KEEP_OUT_OF_PRODUCTION_INSTALL_SET
scripts/verify/baselines/boundary_import_guard.json,,boundary_import_guard,TEST_FIXTURE_ONLY,"acceptance,test",explicit_acceptance_or_test_runner,required,destroy_dedicated_acceptance_database,false,false,KEEP_OUT_OF_PRODUCTION_INSTALL_SET
scripts/verify/baselines/boundary_import_guard_schema_guard.json,,boundary_import_guard_schema_guard,TEST_FIXTURE_ONLY,"acceptance,test",explicit_acceptance_or_test_runner,required,destroy_dedicated_acceptance_database,false,false,KEEP_OUT_OF_PRODUCTION_INSTALL_SET
scripts/verify/baselines/boundary_import_guard_strict_guard.json,,boundary_import_guard_strict_guard,TEST_FIXTURE_ONLY,"acceptance,test",explicit_acceptance_or_test_runner,required,destroy_dedicated_acceptance_database,false,false,KEEP_OUT_OF_PRODUCTION_INSTALL_SET
scripts/verify/baselines/business_capability_baseline_report_guard.json,,business_capability_baseline_report_guard,TEST_FIXTURE_ONLY,"acceptance,test",explicit_acceptance_or_test_runner,required,destroy_dedicated_acceptance_database,false,false,KEEP_OUT_OF_PRODUCTION_INSTALL_SET
scripts/verify/baselines/business_capability_baseline_snapshot.json,,business_capability_baseline_snapshot,TEST_FIXTURE_ONLY,"acceptance,test",explicit_acceptance_or_test_runner,required,destroy_dedicated_acceptance_database,false,false,KEEP_OUT_OF_PRODUCTION_INSTALL_SET
scripts/verify/baselines/business_core_journey_guard.json,,business_core_journey_guard,TEST_FIXTURE_ONLY,"acceptance,test",explicit_acceptance_or_test_runner,required,destroy_dedicated_acceptance_database,false,false,KEEP_OUT_OF_PRODUCTION_INSTALL_SET
scripts/verify/baselines/business_increment_readiness_policy.json,,business_increment_readiness_policy,TEST_FIXTURE_ONLY,"acceptance,test",explicit_acceptance_or_test_runner,required,destroy_dedicated_acceptance_database,false,false,KEEP_OUT_OF_PRODUCTION_INSTALL_SET
scripts/verify/baselines/capability_core_health_report.json,,capability_core_health_report,TEST_FIXTURE_ONLY,"acceptance,test",explicit_acceptance_or_test_runner,required,destroy_dedicated_acceptance_database,false,false,KEEP_OUT_OF_PRODUCTION_INSTALL_SET
scripts/verify/baselines/capability_provider_guard.json,,capability_provider_guard,TEST_FIXTURE_ONLY,"acceptance,test",explicit_acceptance_or_test_runner,required,destroy_dedicated_acceptance_database,false,false,KEEP_OUT_OF_PRODUCTION_INSTALL_SET
scripts/verify/baselines/capability_scale_stress.json,,capability_scale_stress,TEST_FIXTURE_ONLY,"acceptance,test",explicit_acceptance_or_test_runner,required,destroy_dedicated_acceptance_database,false,false,KEEP_OUT_OF_PRODUCTION_INSTALL_SET
scripts/verify/baselines/contract_assembler_semantic_smoke.json,,contract_assembler_semantic_smoke,TEST_FIXTURE_ONLY,"acceptance,test",explicit_acceptance_or_test_runner,required,destroy_dedicated_acceptance_database,false,false,KEEP_OUT_OF_PRODUCTION_INSTALL_SET
scripts/verify/baselines/contract_evidence_guard_baseline.json,,contract_evidence_guard_baseline,TEST_FIXTURE_ONLY,"acceptance,test",explicit_acceptance_or_test_runner,required,destroy_dedicated_acceptance_database,false,false,KEEP_OUT_OF_PRODUCTION_INSTALL_SET
scripts/verify/baselines/contract_evidence_schema_guard.json,,contract_evidence_schema_guard,TEST_FIXTURE_ONLY,"acceptance,test",explicit_acceptance_or_test_runner,required,destroy_dedicated_acceptance_database,false,false,KEEP_OUT_OF_PRODUCTION_INSTALL_SET
scripts/verify/baselines/contract_version_evolution.json,,contract_version_evolution,TEST_FIXTURE_ONLY,"acceptance,test",explicit_acceptance_or_test_runner,required,destroy_dedicated_acceptance_database,false,false,KEEP_OUT_OF_PRODUCTION_INSTALL_SET
scripts/verify/baselines/controller_boundary_guard_baseline.json,,controller_boundary_guard_baseline,TEST_FIXTURE_ONLY,"acceptance,test",explicit_acceptance_or_test_runner,required,destroy_dedicated_acceptance_database,false,false,KEEP_OUT_OF_PRODUCTION_INSTALL_SET
scripts/verify/baselines/core_history_field_physical_boundary_budget_v1.json,,core_history_field_physical_boundary_budget_v1,TEST_FIXTURE_ONLY,"acceptance,test",explicit_acceptance_or_test_runner,required,destroy_dedicated_acceptance_database,false,false,KEEP_OUT_OF_PRODUCTION_INSTALL_SET
scripts/verify/baselines/delivery_journey_role_matrix_guard.json,,delivery_journey_role_matrix_guard,TEST_FIXTURE_ONLY,"acceptance,test",explicit_acceptance_or_test_runner,required,destroy_dedicated_acceptance_database,false,false,KEEP_OUT_OF_PRODUCTION_INSTALL_SET
scripts/verify/baselines/e2e_grouped_rows_signature.json,,e2e_grouped_rows_signature,TEST_FIXTURE_ONLY,"acceptance,test",explicit_acceptance_or_test_runner,required,destroy_dedicated_acceptance_database,false,false,KEEP_OUT_OF_PRODUCTION_INSTALL_SET
scripts/verify/baselines/fe_tree_grouped_signature.json,,fe_tree_grouped_signature,TEST_FIXTURE_ONLY,"acceptance,test",explicit_acceptance_or_test_runner,required,destroy_dedicated_acceptance_database,false,false,KEEP_OUT_OF_PRODUCTION_INSTALL_SET
scripts/verify/baselines/formal_business_product_menu_policy_v1.json,,formal_business_product_menu_policy_v1,TEST_FIXTURE_ONLY,"acceptance,test",explicit_acceptance_or_test_runner,required,destroy_dedicated_acceptance_database,false,false,KEEP_OUT_OF_PRODUCTION_INSTALL_SET
scripts/verify/baselines/formal_business_product_menu_policy_v1.json.sha256,,formal_business_product_menu_policy_v1.json,TEST_FIXTURE_ONLY,"acceptance,test",explicit_acceptance_or_test_runner,required,destroy_dedicated_acceptance_database,false,false,KEEP_OUT_OF_PRODUCTION_INSTALL_SET
scripts/verify/baselines/formal_config_p1_candidate_runtime_budget_v1.json,,formal_config_p1_candidate_runtime_budget_v1,TEST_FIXTURE_ONLY,"acceptance,test",explicit_acceptance_or_test_runner,required,destroy_dedicated_acceptance_database,false,false,KEEP_OUT_OF_PRODUCTION_INSTALL_SET
scripts/verify/baselines/formal_surface_transition_field_budget_v1.json,,formal_surface_transition_field_budget_v1,TEST_FIXTURE_ONLY,"acceptance,test",explicit_acceptance_or_test_runner,required,destroy_dedicated_acceptance_database,false,false,KEEP_OUT_OF_PRODUCTION_INSTALL_SET
scripts/verify/baselines/frontend_no_new_any.json,,frontend_no_new_any,TEST_FIXTURE_ONLY,"acceptance,test",explicit_acceptance_or_test_runner,required,destroy_dedicated_acceptance_database,false,false,KEEP_OUT_OF_PRODUCTION_INSTALL_SET
scripts/verify/baselines/frontend_page_block_visual_snapshot_guard.json,,frontend_page_block_visual_snapshot_guard,TEST_FIXTURE_ONLY,"acceptance,test",explicit_acceptance_or_test_runner,required,destroy_dedicated_acceptance_database,false,false,KEEP_OUT_OF_PRODUCTION_INSTALL_SET
scripts/verify/baselines/grouped_drift_summary_baseline_guard.json,,grouped_drift_summary_baseline_guard,TEST_FIXTURE_ONLY,"acceptance,test",explicit_acceptance_or_test_runner,required,destroy_dedicated_acceptance_database,false,false,KEEP_OUT_OF_PRODUCTION_INSTALL_SET
scripts/verify/baselines/grouped_drift_summary_guard_baseline.json,,grouped_drift_summary_guard_baseline,TEST_FIXTURE_ONLY,"acceptance,test",explicit_acceptance_or_test_runner,required,destroy_dedicated_acceptance_database,false,false,KEEP_OUT_OF_PRODUCTION_INSTALL_SET
scripts/verify/baselines/grouped_drift_summary_schema_guard.json,,grouped_drift_summary_schema_guard,TEST_FIXTURE_ONLY,"acceptance,test",explicit_acceptance_or_test_runner,required,destroy_dedicated_acceptance_database,false,false,KEEP_OUT_OF_PRODUCTION_INSTALL_SET
scripts/verify/baselines/grouped_governance_brief_baseline_guard.json,,grouped_governance_brief_baseline_guard,TEST_FIXTURE_ONLY,"acceptance,test",explicit_acceptance_or_test_runner,required,destroy_dedicated_acceptance_database,false,false,KEEP_OUT_OF_PRODUCTION_INSTALL_SET
scripts/verify/baselines/grouped_governance_brief_schema_guard.json,,grouped_governance_brief_schema_guard,TEST_FIXTURE_ONLY,"acceptance,test",explicit_acceptance_or_test_runner,required,destroy_dedicated_acceptance_database,false,false,KEEP_OUT_OF_PRODUCTION_INSTALL_SET
scripts/verify/baselines/grouped_governance_policy_matrix_schema_guard.json,,grouped_governance_policy_matrix_schema_guard,TEST_FIXTURE_ONLY,"acceptance,test",explicit_acceptance_or_test_runner,required,destroy_dedicated_acceptance_database,false,false,KEEP_OUT_OF_PRODUCTION_INSTALL_SET
scripts/verify/baselines/grouped_governance_trend_consistency_baseline_guard.json,,grouped_governance_trend_consistency_baseline_guard,TEST_FIXTURE_ONLY,"acceptance,test",explicit_acceptance_or_test_runner,required,destroy_dedicated_acceptance_database,false,false,KEEP_OUT_OF_PRODUCTION_INSTALL_SET
scripts/verify/baselines/grouped_governance_trend_consistency_guard_baseline.json,,grouped_governance_trend_consistency_guard_baseline,TEST_FIXTURE_ONLY,"acceptance,test",explicit_acceptance_or_test_runner,required,destroy_dedicated_acceptance_database,false,false,KEEP_OUT_OF_PRODUCTION_INSTALL_SET
scripts/verify/baselines/grouped_governance_trend_consistency_schema_guard.json,,grouped_governance_trend_consistency_schema_guard,TEST_FIXTURE_ONLY,"acceptance,test",explicit_acceptance_or_test_runner,required,destroy_dedicated_acceptance_database,false,false,KEEP_OUT_OF_PRODUCTION_INSTALL_SET
scripts/verify/baselines/intent_canonical_alias_snapshot.json,,intent_canonical_alias_snapshot,TEST_FIXTURE_ONLY,"acceptance,test",explicit_acceptance_or_test_runner,required,destroy_dedicated_acceptance_database,false,false,KEEP_OUT_OF_PRODUCTION_INSTALL_SET
scripts/verify/baselines/intent_router_purity_guard.json,,intent_router_purity_guard,TEST_FIXTURE_ONLY,"acceptance,test",explicit_acceptance_or_test_runner,required,destroy_dedicated_acceptance_database,false,false,KEEP_OUT_OF_PRODUCTION_INSTALL_SET
scripts/verify/baselines/load_view_access_contract_guard.json,,load_view_access_contract_guard,TEST_FIXTURE_ONLY,"acceptance,test",explicit_acceptance_or_test_runner,required,destroy_dedicated_acceptance_database,false,false,KEEP_OUT_OF_PRODUCTION_INSTALL_SET
scripts/verify/baselines/platform_kernel_baseline.json,,platform_kernel_baseline,TEST_FIXTURE_ONLY,"acceptance,test",explicit_acceptance_or_test_runner,required,destroy_dedicated_acceptance_database,false,false,KEEP_OUT_OF_PRODUCTION_INSTALL_SET
scripts/verify/baselines/platform_performance_smoke.json,,platform_performance_smoke,TEST_FIXTURE_ONLY,"acceptance,test",explicit_acceptance_or_test_runner,required,destroy_dedicated_acceptance_database,false,false,KEEP_OUT_OF_PRODUCTION_INSTALL_SET
scripts/verify/baselines/platform_sla.json,,platform_sla,TEST_FIXTURE_ONLY,"acceptance,test",explicit_acceptance_or_test_runner,required,destroy_dedicated_acceptance_database,false,false,KEEP_OUT_OF_PRODUCTION_INSTALL_SET
scripts/verify/baselines/project_form_contract_surface_guard.json,,project_form_contract_surface_guard,TEST_FIXTURE_ONLY,"acceptance,test",explicit_acceptance_or_test_runner,required,destroy_dedicated_acceptance_database,false,false,KEEP_OUT_OF_PRODUCTION_INSTALL_SET
scripts/verify/baselines/resolve_errors_debt.v0_9_9.json,,resolve_errors_debt.v0_9_9,TEST_FIXTURE_ONLY,"acceptance,test",explicit_acceptance_or_test_runner,required,destroy_dedicated_acceptance_database,false,false,KEEP_OUT_OF_PRODUCTION_INSTALL_SET
scripts/verify/baselines/role_capability_floor_guard.json,,role_capability_floor_guard,TEST_FIXTURE_ONLY,"acceptance,test",explicit_acceptance_or_test_runner,required,destroy_dedicated_acceptance_database,false,false,KEEP_OUT_OF_PRODUCTION_INSTALL_SET
scripts/verify/baselines/role_capability_floor_prod_like.json,,role_capability_floor_prod_like,TEST_FIXTURE_ONLY,"acceptance,test",explicit_acceptance_or_test_runner,required,destroy_dedicated_acceptance_database,false,false,KEEP_OUT_OF_PRODUCTION_INSTALL_SET
scripts/verify/baselines/runtime_surface_dashboard_baseline_snapshot.json,,runtime_surface_dashboard_baseline_snapshot,TEST_FIXTURE_ONLY,"acceptance,test",explicit_acceptance_or_test_runner,required,destroy_dedicated_acceptance_database,false,false,KEEP_OUT_OF_PRODUCTION_INSTALL_SET
scripts/verify/baselines/runtime_surface_dashboard_report.json,,runtime_surface_dashboard_report,TEST_FIXTURE_ONLY,"acceptance,test",explicit_acceptance_or_test_runner,required,destroy_dedicated_acceptance_database,false,false,KEEP_OUT_OF_PRODUCTION_INSTALL_SET
scripts/verify/baselines/scene_action_surface_strategy_live_matrix_guard.json,,scene_action_surface_strategy_live_matrix_guard,TEST_FIXTURE_ONLY,"acceptance,test",explicit_acceptance_or_test_runner,required,destroy_dedicated_acceptance_database,false,false,KEEP_OUT_OF_PRODUCTION_INSTALL_SET
scripts/verify/baselines/scene_action_surface_strategy_payload_guard.json,,scene_action_surface_strategy_payload_guard,TEST_FIXTURE_ONLY,"acceptance,test",explicit_acceptance_or_test_runner,required,destroy_dedicated_acceptance_database,false,false,KEEP_OUT_OF_PRODUCTION_INSTALL_SET
scripts/verify/baselines/scene_action_surface_strategy_priority_guard.json,,scene_action_surface_strategy_priority_guard,TEST_FIXTURE_ONLY,"acceptance,test",explicit_acceptance_or_test_runner,required,destroy_dedicated_acceptance_database,false,false,KEEP_OUT_OF_PRODUCTION_INSTALL_SET
scripts/verify/baselines/scene_action_surface_strategy_schema_guard.json,,scene_action_surface_strategy_schema_guard,TEST_FIXTURE_ONLY,"acceptance,test",explicit_acceptance_or_test_runner,required,destroy_dedicated_acceptance_database,false,false,KEEP_OUT_OF_PRODUCTION_INSTALL_SET
scripts/verify/baselines/scene_asset_queue_trend_guard.json,,scene_asset_queue_trend_guard,TEST_FIXTURE_ONLY,"acceptance,test",explicit_acceptance_or_test_runner,required,destroy_dedicated_acceptance_database,false,false,KEEP_OUT_OF_PRODUCTION_INSTALL_SET
scripts/verify/baselines/scene_base_contract_asset_coverage_guard.json,,scene_base_contract_asset_coverage_guard,TEST_FIXTURE_ONLY,"acceptance,test",explicit_acceptance_or_test_runner,required,destroy_dedicated_acceptance_database,false,false,KEEP_OUT_OF_PRODUCTION_INSTALL_SET
scripts/verify/baselines/scene_base_contract_source_mix_company_matrix_guard.json,,scene_base_contract_source_mix_company_matrix_guard,TEST_FIXTURE_ONLY,"acceptance,test",explicit_acceptance_or_test_runner,required,destroy_dedicated_acceptance_database,false,false,KEEP_OUT_OF_PRODUCTION_INSTALL_SET
scripts/verify/baselines/scene_base_contract_source_mix_guard.json,,scene_base_contract_source_mix_guard,TEST_FIXTURE_ONLY,"acceptance,test",explicit_acceptance_or_test_runner,required,destroy_dedicated_acceptance_database,false,false,KEEP_OUT_OF_PRODUCTION_INSTALL_SET
scripts/verify/baselines/scene_base_contract_source_mix_role_matrix_guard.json,,scene_base_contract_source_mix_role_matrix_guard,TEST_FIXTURE_ONLY,"acceptance,test",explicit_acceptance_or_test_runner,required,destroy_dedicated_acceptance_database,false,false,KEEP_OUT_OF_PRODUCTION_INSTALL_SET
scripts/verify/baselines/scene_capability_contract_guard.json,,scene_capability_contract_guard,TEST_FIXTURE_ONLY,"acceptance,test",explicit_acceptance_or_test_runner,required,destroy_dedicated_acceptance_database,false,false,KEEP_OUT_OF_PRODUCTION_INSTALL_SET
scripts/verify/baselines/scene_capability_matrix_report.json,,scene_capability_matrix_report,TEST_FIXTURE_ONLY,"acceptance,test",explicit_acceptance_or_test_runner,required,destroy_dedicated_acceptance_database,false,false,KEEP_OUT_OF_PRODUCTION_INSTALL_SET
scripts/verify/baselines/scene_catalog_runtime_alignment.json,,scene_catalog_runtime_alignment,TEST_FIXTURE_ONLY,"acceptance,test",explicit_acceptance_or_test_runner,required,destroy_dedicated_acceptance_database,false,false,KEEP_OUT_OF_PRODUCTION_INSTALL_SET
scripts/verify/baselines/scene_company_access_preflight_guard.json,,scene_company_access_preflight_guard,TEST_FIXTURE_ONLY,"acceptance,test",explicit_acceptance_or_test_runner,required,destroy_dedicated_acceptance_database,false,false,KEEP_OUT_OF_PRODUCTION_INSTALL_SET
scripts/verify/baselines/scene_company_snapshot_collect.json,,scene_company_snapshot_collect,TEST_FIXTURE_ONLY,"acceptance,test",explicit_acceptance_or_test_runner,required,destroy_dedicated_acceptance_database,false,false,KEEP_OUT_OF_PRODUCTION_INSTALL_SET
scripts/verify/baselines/scene_contract.v10_0.json,,scene_contract.v10_0,TEST_FIXTURE_ONLY,"acceptance,test",explicit_acceptance_or_test_runner,required,destroy_dedicated_acceptance_database,false,false,KEEP_OUT_OF_PRODUCTION_INSTALL_SET
scripts/verify/baselines/scene_contract_coverage_guard_baseline.json,,scene_contract_coverage_guard_baseline,TEST_FIXTURE_ONLY,"acceptance,test",explicit_acceptance_or_test_runner,required,destroy_dedicated_acceptance_database,false,false,KEEP_OUT_OF_PRODUCTION_INSTALL_SET
scripts/verify/baselines/scene_contract_semantic_v2_guard.json,,scene_contract_semantic_v2_guard,TEST_FIXTURE_ONLY,"acceptance,test",explicit_acceptance_or_test_runner,required,destroy_dedicated_acceptance_database,false,false,KEEP_OUT_OF_PRODUCTION_INSTALL_SET
scripts/verify/baselines/scene_contract_v1_field_schema_guard.json,,scene_contract_v1_field_schema_guard,TEST_FIXTURE_ONLY,"acceptance,test",explicit_acceptance_or_test_runner,required,destroy_dedicated_acceptance_database,false,false,KEEP_OUT_OF_PRODUCTION_INSTALL_SET
scripts/verify/baselines/scene_drift_debt.v10_0.json,,scene_drift_debt.v10_0,TEST_FIXTURE_ONLY,"acceptance,test",explicit_acceptance_or_test_runner,required,destroy_dedicated_acceptance_database,false,false,KEEP_OUT_OF_PRODUCTION_INSTALL_SET
scripts/verify/baselines/scene_engine_migration_matrix_guard.json,,scene_engine_migration_matrix_guard,TEST_FIXTURE_ONLY,"acceptance,test",explicit_acceptance_or_test_runner,required,destroy_dedicated_acceptance_database,false,false,KEEP_OUT_OF_PRODUCTION_INSTALL_SET
scripts/verify/baselines/scene_governance_history_archive_guard.json,,scene_governance_history_archive_guard,TEST_FIXTURE_ONLY,"acceptance,test",explicit_acceptance_or_test_runner,required,destroy_dedicated_acceptance_database,false,false,KEEP_OUT_OF_PRODUCTION_INSTALL_SET
scripts/verify/baselines/scene_governance_history_report_guard.json,,scene_governance_history_report_guard,TEST_FIXTURE_ONLY,"acceptance,test",explicit_acceptance_or_test_runner,required,destroy_dedicated_acceptance_database,false,false,KEEP_OUT_OF_PRODUCTION_INSTALL_SET
scripts/verify/baselines/scene_inventory_freeze_guard_exemptions.json,,scene_inventory_freeze_guard_exemptions,TEST_FIXTURE_ONLY,"acceptance,test",explicit_acceptance_or_test_runner,required,destroy_dedicated_acceptance_database,false,false,KEEP_OUT_OF_PRODUCTION_INSTALL_SET
scripts/verify/baselines/scene_multi_company_evidence_guard.json,,scene_multi_company_evidence_guard,TEST_FIXTURE_ONLY,"acceptance,test",explicit_acceptance_or_test_runner,required,destroy_dedicated_acceptance_database,false,false,KEEP_OUT_OF_PRODUCTION_INSTALL_SET
scripts/verify/baselines/scene_no_action_scene_guard.json,,scene_no_action_scene_guard,TEST_FIXTURE_ONLY,"acceptance,test",explicit_acceptance_or_test_runner,required,destroy_dedicated_acceptance_database,false,false,KEEP_OUT_OF_PRODUCTION_INSTALL_SET
scripts/verify/baselines/scene_observability_structure.json,,scene_observability_structure,TEST_FIXTURE_ONLY,"acceptance,test",explicit_acceptance_or_test_runner,required,destroy_dedicated_acceptance_database,false,false,KEEP_OUT_OF_PRODUCTION_INSTALL_SET
scripts/verify/baselines/scene_orchestrator_key_scene_compile_guard.json,,scene_orchestrator_key_scene_compile_guard,TEST_FIXTURE_ONLY,"acceptance,test",explicit_acceptance_or_test_runner,required,destroy_dedicated_acceptance_database,false,false,KEEP_OUT_OF_PRODUCTION_INSTALL_SET
scripts/verify/baselines/scene_product_delivery_readiness_guard.json,,scene_product_delivery_readiness_guard,TEST_FIXTURE_ONLY,"acceptance,test",explicit_acceptance_or_test_runner,required,destroy_dedicated_acceptance_database,false,false,KEEP_OUT_OF_PRODUCTION_INSTALL_SET
scripts/verify/baselines/scene_provider_guard.json,,scene_provider_guard,TEST_FIXTURE_ONLY,"acceptance,test",explicit_acceptance_or_test_runner,required,destroy_dedicated_acceptance_database,false,false,KEEP_OUT_OF_PRODUCTION_INSTALL_SET
scripts/verify/baselines/scene_ready_consumption_trend_guard.json,,scene_ready_consumption_trend_guard,TEST_FIXTURE_ONLY,"acceptance,test",explicit_acceptance_or_test_runner,required,destroy_dedicated_acceptance_database,false,false,KEEP_OUT_OF_PRODUCTION_INSTALL_SET
scripts/verify/baselines/scene_registry_asset_snapshot_guard.json,,scene_registry_asset_snapshot_guard,TEST_FIXTURE_ONLY,"acceptance,test",explicit_acceptance_or_test_runner,required,destroy_dedicated_acceptance_database,false,false,KEEP_OUT_OF_PRODUCTION_INSTALL_SET
scripts/verify/baselines/scene_sample_registry_diff_guard.json,,scene_sample_registry_diff_guard,TEST_FIXTURE_ONLY,"acceptance,test",explicit_acceptance_or_test_runner,required,destroy_dedicated_acceptance_database,false,false,KEEP_OUT_OF_PRODUCTION_INSTALL_SET
scripts/verify/baselines/scene_sample_registry_diff_trend_guard.json,,scene_sample_registry_diff_trend_guard,TEST_FIXTURE_ONLY,"acceptance,test",explicit_acceptance_or_test_runner,required,destroy_dedicated_acceptance_database,false,false,KEEP_OUT_OF_PRODUCTION_INSTALL_SET
scripts/verify/baselines/scene_source_fallback_burndown_guard.json,,scene_source_fallback_burndown_guard,TEST_FIXTURE_ONLY,"acceptance,test",explicit_acceptance_or_test_runner,required,destroy_dedicated_acceptance_database,false,false,KEEP_OUT_OF_PRODUCTION_INSTALL_SET
scripts/verify/baselines/scene_validation_recovery_strategy_behavior_smoke_guard.json,,scene_validation_recovery_strategy_behavior_smoke_guard,TEST_FIXTURE_ONLY,"acceptance,test",explicit_acceptance_or_test_runner,required,destroy_dedicated_acceptance_database,false,false,KEEP_OUT_OF_PRODUCTION_INSTALL_SET
scripts/verify/baselines/scene_validation_recovery_strategy_schema_guard.json,,scene_validation_recovery_strategy_schema_guard,TEST_FIXTURE_ONLY,"acceptance,test",explicit_acceptance_or_test_runner,required,destroy_dedicated_acceptance_database,false,false,KEEP_OUT_OF_PRODUCTION_INSTALL_SET
scripts/verify/baselines/semantic_behavior_guard_baseline.json,,semantic_behavior_guard_baseline,TEST_FIXTURE_ONLY,"acceptance,test",explicit_acceptance_or_test_runner,required,destroy_dedicated_acceptance_database,false,false,KEEP_OUT_OF_PRODUCTION_INSTALL_SET
scripts/verify/baselines/side_effect_intents_policy.json,,side_effect_intents_policy,TEST_FIXTURE_ONLY,"acceptance,test",explicit_acceptance_or_test_runner,required,destroy_dedicated_acceptance_database,false,false,KEEP_OUT_OF_PRODUCTION_INSTALL_SET
scripts/verify/baselines/system_capability_baseline_v1.json,,system_capability_baseline_v1,TEST_FIXTURE_ONLY,"acceptance,test",explicit_acceptance_or_test_runner,required,destroy_dedicated_acceptance_database,false,false,KEEP_OUT_OF_PRODUCTION_INSTALL_SET
scripts/verify/baselines/user_confirmed_formal_menu_policy_62.json,,user_confirmed_formal_menu_policy_62,TEST_FIXTURE_ONLY,"acceptance,test",explicit_acceptance_or_test_runner,required,destroy_dedicated_acceptance_database,false,false,KEEP_OUT_OF_PRODUCTION_INSTALL_SET
scripts/verify/baselines/write_intent_sudo_allowlist.json,,write_intent_sudo_allowlist,TEST_FIXTURE_ONLY,"acceptance,test",explicit_acceptance_or_test_runner,required,destroy_dedicated_acceptance_database,false,false,KEEP_OUT_OF_PRODUCTION_INSTALL_SET
scripts/verify/boundary_import_guard.py,,boundary_import_guard,TEST_FIXTURE_ONLY,"acceptance,test",explicit_acceptance_or_test_runner,required,destroy_dedicated_acceptance_database,false,false,KEEP_OUT_OF_PRODUCTION_INSTALL_SET
scripts/verify/boundary_import_guard_schema_guard.py,,boundary_import_guard_schema_guard,TEST_FIXTURE_ONLY,"acceptance,test",explicit_acceptance_or_test_runner,required,destroy_dedicated_acceptance_database,false,false,KEEP_OUT_OF_PRODUCTION_INSTALL_SET
scripts/verify/boundary_import_guard_strict_guard.py,,boundary_import_guard_strict_guard,TEST_FIXTURE_ONLY,"acceptance,test",explicit_acceptance_or_test_runner,required,destroy_dedicated_acceptance_database,false,false,KEEP_OUT_OF_PRODUCTION_INSTALL_SET
scripts/verify/branch_governance_consistency_guard.py,,branch_governance_consistency_guard,TEST_FIXTURE_ONLY,"acceptance,test",explicit_acceptance_or_test_runner,required,destroy_dedicated_acceptance_database,false,false,KEEP_OUT_OF_PRODUCTION_INSTALL_SET
scripts/verify/bundle_installation_ready.py,,bundle_installation_ready,TEST_FIXTURE_ONLY,"acceptance,test",explicit_acceptance_or_test_runner,required,destroy_dedicated_acceptance_database,false,false,KEEP_OUT_OF_PRODUCTION_INSTALL_SET
scripts/verify/business_action_coverage_audit.py,,business_action_coverage_audit,TEST_FIXTURE_ONLY,"acceptance,test",explicit_acceptance_or_test_runner,required,destroy_dedicated_acceptance_database,false,false,KEEP_OUT_OF_PRODUCTION_INSTALL_SET
scripts/verify/business_capability_baseline_report.py,,business_capability_baseline_report,TEST_FIXTURE_ONLY,"acceptance,test",explicit_acceptance_or_test_runner,required,destroy_dedicated_acceptance_database,false,false,KEEP_OUT_OF_PRODUCTION_INSTALL_SET
scripts/verify/business_capability_baseline_report_guard.py,,business_capability_baseline_report_guard,TEST_FIXTURE_ONLY,"acceptance,test",explicit_acceptance_or_test_runner,required,destroy_dedicated_acceptance_database,false,false,KEEP_OUT_OF_PRODUCTION_INSTALL_SET
scripts/verify/business_capability_baseline_report_schema_guard.py,,business_capability_baseline_report_schema_guard,TEST_FIXTURE_ONLY,"acceptance,test",explicit_acceptance_or_test_runner,required,destroy_dedicated_acceptance_database,false,false,KEEP_OUT_OF_PRODUCTION_INSTALL_SET
scripts/verify/business_category_dictionary_audit.py,,business_category_dictionary_audit,TEST_FIXTURE_ONLY,"acceptance,test",explicit_acceptance_or_test_runner,required,destroy_dedicated_acceptance_database,false,false,KEEP_OUT_OF_PRODUCTION_INSTALL_SET
scripts/verify/business_config_approval_runtime_smoke.py,,business_config_approval_runtime_smoke,TEST_FIXTURE_ONLY,"acceptance,test",explicit_acceptance_or_test_runner,required,destroy_dedicated_acceptance_database,false,false,KEEP_OUT_OF_PRODUCTION_INSTALL_SET
scripts/verify/business_config_contract_snapshot.py,,business_config_contract_snapshot,TEST_FIXTURE_ONLY,"acceptance,test",explicit_acceptance_or_test_runner,required,destroy_dedicated_acceptance_database,false,false,KEEP_OUT_OF_PRODUCTION_INSTALL_SET
scripts/verify/business_config_coverage_gate.py,,business_config_coverage_gate,TEST_FIXTURE_ONLY,"acceptance,test",explicit_acceptance_or_test_runner,required,destroy_dedicated_acceptance_database,false,false,KEEP_OUT_OF_PRODUCTION_INSTALL_SET
scripts/verify/business_config_form_layout_acceptance.js,,business_config_form_layout_acceptance,TEST_FIXTURE_ONLY,"acceptance,test",explicit_acceptance_or_test_runner,required,destroy_dedicated_acceptance_database,false,false,KEEP_OUT_OF_PRODUCTION_INSTALL_SET
scripts/verify/business_config_guard_inventory.py,,business_config_guard_inventory,TEST_FIXTURE_ONLY,"acceptance,test",explicit_acceptance_or_test_runner,required,destroy_dedicated_acceptance_database,false,false,KEEP_OUT_OF_PRODUCTION_INSTALL_SET
scripts/verify/business_config_runtime_routes_browser_acceptance.mjs,,business_config_runtime_routes_browser_acceptance,TEST_FIXTURE_ONLY,"acceptance,test",explicit_acceptance_or_test_runner,required,destroy_dedicated_acceptance_database,false,false,KEEP_OUT_OF_PRODUCTION_INSTALL_SET
scripts/verify/business_config_user_language_guard.py,,business_config_user_language_guard,TEST_FIXTURE_ONLY,"acceptance,test",explicit_acceptance_or_test_runner,required,destroy_dedicated_acceptance_database,false,false,KEEP_OUT_OF_PRODUCTION_INSTALL_SET
scripts/verify/business_core_journey_guard.py,,business_core_journey_guard,TEST_FIXTURE_ONLY,"acceptance,test",explicit_acceptance_or_test_runner,required,destroy_dedicated_acceptance_database,false,false,KEEP_OUT_OF_PRODUCTION_INSTALL_SET
scripts/verify/business_data_entry_browser_acceptance.js,,business_data_entry_browser_acceptance,TEST_FIXTURE_ONLY,"acceptance,test",explicit_acceptance_or_test_runner,required,destroy_dedicated_acceptance_database,false,false,KEEP_OUT_OF_PRODUCTION_INSTALL_SET
scripts/verify/business_data_model_write_flow_probe.py,,business_data_model_write_flow_probe,TEST_FIXTURE_ONLY,"acceptance,test",explicit_acceptance_or_test_runner,required,destroy_dedicated_acceptance_database,false,false,KEEP_OUT_OF_PRODUCTION_INSTALL_SET
scripts/verify/business_document_state_policy_switch_smoke.py,,business_document_state_policy_switch_smoke,TEST_FIXTURE_ONLY,"acceptance,test",explicit_acceptance_or_test_runner,required,destroy_dedicated_acceptance_database,false,false,KEEP_OUT_OF_PRODUCTION_INSTALL_SET
scripts/verify/business_fact_backfill_audit.py,,business_fact_backfill_audit,TEST_FIXTURE_ONLY,"acceptance,test",explicit_acceptance_or_test_runner,required,destroy_dedicated_acceptance_database,false,false,KEEP_OUT_OF_PRODUCTION_INSTALL_SET
scripts/verify/business_fact_residual_gap_classifier.py,,business_fact_residual_gap_classifier,TEST_FIXTURE_ONLY,"acceptance,test",explicit_acceptance_or_test_runner,required,destroy_dedicated_acceptance_database,false,false,KEEP_OUT_OF_PRODUCTION_INSTALL_SET
scripts/verify/business_finance_document_tier_runtime_smoke.py,,business_finance_document_tier_runtime_smoke,TEST_FIXTURE_ONLY,"acceptance,test",explicit_acceptance_or_test_runner,required,destroy_dedicated_acceptance_database,false,false,KEEP_OUT_OF_PRODUCTION_INSTALL_SET
scripts/verify/business_flow_closure_audit.py,,business_flow_closure_audit,TEST_FIXTURE_ONLY,"acceptance,test",explicit_acceptance_or_test_runner,required,destroy_dedicated_acceptance_database,false,false,KEEP_OUT_OF_PRODUCTION_INSTALL_SET
scripts/verify/business_form_historical_logic_coverage_audit.py,,business_form_historical_logic_coverage_audit,TEST_FIXTURE_ONLY,"acceptance,test",explicit_acceptance_or_test_runner,required,destroy_dedicated_acceptance_database,false,false,KEEP_OUT_OF_PRODUCTION_INSTALL_SET
scripts/verify/business_form_interaction_capability_audit.py,,business_form_interaction_capability_audit,TEST_FIXTURE_ONLY,"acceptance,test",explicit_acceptance_or_test_runner,required,destroy_dedicated_acceptance_database,false,false,KEEP_OUT_OF_PRODUCTION_INSTALL_SET
scripts/verify/business_form_policy_coverage_audit.py,,business_form_policy_coverage_audit,TEST_FIXTURE_ONLY,"acceptance,test",explicit_acceptance_or_test_runner,required,destroy_dedicated_acceptance_database,false,false,KEEP_OUT_OF_PRODUCTION_INSTALL_SET
scripts/verify/business_form_policy_field_hit_audit.py,,business_form_policy_field_hit_audit,TEST_FIXTURE_ONLY,"acceptance,test",explicit_acceptance_or_test_runner,required,destroy_dedicated_acceptance_database,false,false,KEEP_OUT_OF_PRODUCTION_INSTALL_SET
scripts/verify/business_form_productization_audit.py,,business_form_productization_audit,TEST_FIXTURE_ONLY,"acceptance,test",explicit_acceptance_or_test_runner,required,destroy_dedicated_acceptance_database,false,false,KEEP_OUT_OF_PRODUCTION_INSTALL_SET
scripts/verify/business_form_productization_standard_guard.py,,business_form_productization_standard_guard,TEST_FIXTURE_ONLY,"acceptance,test",explicit_acceptance_or_test_runner,required,destroy_dedicated_acceptance_database,false,false,KEEP_OUT_OF_PRODUCTION_INSTALL_SET
scripts/verify/business_form_user_perspective_acceptance.py,,business_form_user_perspective_acceptance,TEST_FIXTURE_ONLY,"acceptance,test",explicit_acceptance_or_test_runner,required,destroy_dedicated_acceptance_database,false,false,KEEP_OUT_OF_PRODUCTION_INSTALL_SET
scripts/verify/business_increment_readiness.py,,business_increment_readiness,TEST_FIXTURE_ONLY,"acceptance,test",explicit_acceptance_or_test_runner,required,destroy_dedicated_acceptance_database,false,false,KEEP_OUT_OF_PRODUCTION_INSTALL_SET
scripts/verify/business_increment_readiness_brief.py,,business_increment_readiness_brief,TEST_FIXTURE_ONLY,"acceptance,test",explicit_acceptance_or_test_runner,required,destroy_dedicated_acceptance_database,false,false,KEEP_OUT_OF_PRODUCTION_INSTALL_SET
scripts/verify/business_list_config_boundary_audit.py,,business_list_config_boundary_audit,TEST_FIXTURE_ONLY,"acceptance,test",explicit_acceptance_or_test_runner,required,destroy_dedicated_acceptance_database,false,false,KEEP_OUT_OF_PRODUCTION_INSTALL_SET
scripts/verify/business_oca_runtime_smoke.py,,business_oca_runtime_smoke,TEST_FIXTURE_ONLY,"acceptance,test",explicit_acceptance_or_test_runner,required,destroy_dedicated_acceptance_database,false,false,KEEP_OUT_OF_PRODUCTION_INSTALL_SET
scripts/verify/business_real_user_browser_assert.py,,business_real_user_browser_assert,TEST_FIXTURE_ONLY,"acceptance,test",explicit_acceptance_or_test_runner,required,destroy_dedicated_acceptance_database,false,false,KEEP_OUT_OF_PRODUCTION_INSTALL_SET
scripts/verify/business_real_user_browser_cleanup.py,,business_real_user_browser_cleanup,TEST_FIXTURE_ONLY,"acceptance,test",explicit_acceptance_or_test_runner,required,destroy_dedicated_acceptance_database,false,false,KEEP_OUT_OF_PRODUCTION_INSTALL_SET
scripts/verify/business_real_user_browser_closure.js,,business_real_user_browser_closure,TEST_FIXTURE_ONLY,"acceptance,test",explicit_acceptance_or_test_runner,required,destroy_dedicated_acceptance_database,false,false,KEEP_OUT_OF_PRODUCTION_INSTALL_SET
scripts/verify/business_real_user_browser_closure.sh,,business_real_user_browser_closure,TEST_FIXTURE_ONLY,"acceptance,test",explicit_acceptance_or_test_runner,required,destroy_dedicated_acceptance_database,false,false,KEEP_OUT_OF_PRODUCTION_INSTALL_SET
scripts/verify/business_real_user_browser_setup.py,,business_real_user_browser_setup,TEST_FIXTURE_ONLY,"acceptance,test",explicit_acceptance_or_test_runner,required,destroy_dedicated_acceptance_database,false,false,KEEP_OUT_OF_PRODUCTION_INSTALL_SET
scripts/verify/business_scope_context_runtime_probe.py,,business_scope_context_runtime_probe,TEST_FIXTURE_ONLY,"acceptance,test",explicit_acceptance_or_test_runner,required,destroy_dedicated_acceptance_database,false,false,KEEP_OUT_OF_PRODUCTION_INSTALL_SET
scripts/verify/business_shape_assembly_guard.py,,business_shape_assembly_guard,TEST_FIXTURE_ONLY,"acceptance,test",explicit_acceptance_or_test_runner,required,destroy_dedicated_acceptance_database,false,false,KEEP_OUT_OF_PRODUCTION_INSTALL_SET
scripts/verify/button_semantic_report.py,,button_semantic_report,TEST_FIXTURE_ONLY,"acceptance,test",explicit_acceptance_or_test_runner,required,destroy_dedicated_acceptance_database,false,false,KEEP_OUT_OF_PRODUCTION_INSTALL_SET
scripts/verify/capability_asset_map_report.py,,capability_asset_map_report,TEST_FIXTURE_ONLY,"acceptance,test",explicit_acceptance_or_test_runner,required,destroy_dedicated_acceptance_database,false,false,KEEP_OUT_OF_PRODUCTION_INSTALL_SET
scripts/verify/capability_core_health_report.py,,capability_core_health_report,TEST_FIXTURE_ONLY,"acceptance,test",explicit_acceptance_or_test_runner,required,destroy_dedicated_acceptance_database,false,false,KEEP_OUT_OF_PRODUCTION_INSTALL_SET
scripts/verify/capability_core_health_report_schema_guard.py,,capability_core_health_report_schema_guard,TEST_FIXTURE_ONLY,"acceptance,test",explicit_acceptance_or_test_runner,required,destroy_dedicated_acceptance_database,false,false,KEEP_OUT_OF_PRODUCTION_INSTALL_SET
scripts/verify/capability_dormant_explain_guard.py,,capability_dormant_explain_guard,TEST_FIXTURE_ONLY,"acceptance,test",explicit_acceptance_or_test_runner,required,destroy_dedicated_acceptance_database,false,false,KEEP_OUT_OF_PRODUCTION_INSTALL_SET
scripts/verify/capability_isolation_report.py,,capability_isolation_report,TEST_FIXTURE_ONLY,"acceptance,test",explicit_acceptance_or_test_runner,required,destroy_dedicated_acceptance_database,false,false,KEEP_OUT_OF_PRODUCTION_INSTALL_SET
scripts/verify/capability_lint.py,,capability_lint,TEST_FIXTURE_ONLY,"acceptance,test",explicit_acceptance_or_test_runner,required,destroy_dedicated_acceptance_database,false,false,KEEP_OUT_OF_PRODUCTION_INSTALL_SET
scripts/verify/capability_lint.sh,,capability_lint,TEST_FIXTURE_ONLY,"acceptance,test",explicit_acceptance_or_test_runner,required,destroy_dedicated_acceptance_database,false,false,KEEP_OUT_OF_PRODUCTION_INSTALL_SET
scripts/verify/capability_orphan_report.py,,capability_orphan_report,TEST_FIXTURE_ONLY,"acceptance,test",explicit_acceptance_or_test_runner,required,destroy_dedicated_acceptance_database,false,false,KEEP_OUT_OF_PRODUCTION_INSTALL_SET
scripts/verify/capability_provider_guard.py,,capability_provider_guard,TEST_FIXTURE_ONLY,"acceptance,test",explicit_acceptance_or_test_runner,required,destroy_dedicated_acceptance_database,false,false,KEEP_OUT_OF_PRODUCTION_INSTALL_SET
scripts/verify/capability_registry_smoke.py,,capability_registry_smoke,TEST_FIXTURE_ONLY,"acceptance,test",explicit_acceptance_or_test_runner,required,destroy_dedicated_acceptance_database,false,false,KEEP_OUT_OF_PRODUCTION_INSTALL_SET
scripts/verify/capability_scale_stress_report.py,,capability_scale_stress_report,TEST_FIXTURE_ONLY,"acceptance,test",explicit_acceptance_or_test_runner,required,destroy_dedicated_acceptance_database,false,false,KEEP_OUT_OF_PRODUCTION_INSTALL_SET
scripts/verify/capability_scene_matrix_report.py,,capability_scene_matrix_report,TEST_FIXTURE_ONLY,"acceptance,test",explicit_acceptance_or_test_runner,required,destroy_dedicated_acceptance_database,false,false,KEEP_OUT_OF_PRODUCTION_INSTALL_SET
scripts/verify/capability_smoke.py,,capability_smoke,TEST_FIXTURE_ONLY,"acceptance,test",explicit_acceptance_or_test_runner,required,destroy_dedicated_acceptance_database,false,false,KEEP_OUT_OF_PRODUCTION_INSTALL_SET
scripts/verify/capability_smoke.sh,,capability_smoke,TEST_FIXTURE_ONLY,"acceptance,test",explicit_acceptance_or_test_runner,required,destroy_dedicated_acceptance_database,false,false,KEEP_OUT_OF_PRODUCTION_INSTALL_SET
scripts/verify/capture_daily_dev_history_snapshot.sh,,capture_daily_dev_history_snapshot,TEST_FIXTURE_ONLY,"acceptance,test",explicit_acceptance_or_test_runner,required,destroy_dedicated_acceptance_database,false,false,KEEP_OUT_OF_PRODUCTION_INSTALL_SET
scripts/verify/catalog_runtime_explain_report.py,,catalog_runtime_explain_report,TEST_FIXTURE_ONLY,"acceptance,test",explicit_acceptance_or_test_runner,required,destroy_dedicated_acceptance_database,false,false,KEEP_OUT_OF_PRODUCTION_INSTALL_SET
scripts/verify/catalog_runtime_source_rules_guard.py,,catalog_runtime_source_rules_guard,TEST_FIXTURE_ONLY,"acceptance,test",explicit_acceptance_or_test_runner,required,destroy_dedicated_acceptance_database,false,false,KEEP_OUT_OF_PRODUCTION_INSTALL_SET
scripts/verify/clean_product_release_scan.py,,clean_product_release_scan,TEST_FIXTURE_ONLY,"acceptance,test",explicit_acceptance_or_test_runner,required,destroy_dedicated_acceptance_database,false,false,KEEP_OUT_OF_PRODUCTION_INSTALL_SET
scripts/verify/clean_product_tree_guard.py,,clean_product_tree_guard,TEST_FIXTURE_ONLY,"acceptance,test",explicit_acceptance_or_test_runner,required,destroy_dedicated_acceptance_database,false,false,KEEP_OUT_OF_PRODUCTION_INSTALL_SET
scripts/verify/company_contractor_responsibility_context_audit.py,,company_contractor_responsibility_context_audit,TEST_FIXTURE_ONLY,"acceptance,test",explicit_acceptance_or_test_runner,required,destroy_dedicated_acceptance_database,false,false,KEEP_OUT_OF_PRODUCTION_INSTALL_SET
scripts/verify/company_contractor_responsibility_fact_audit.py,,company_contractor_responsibility_fact_audit,TEST_FIXTURE_ONLY,"acceptance,test",explicit_acceptance_or_test_runner,required,destroy_dedicated_acceptance_database,false,false,KEEP_OUT_OF_PRODUCTION_INSTALL_SET
scripts/verify/company_contractor_responsibility_http_smoke.py,,company_contractor_responsibility_http_smoke,TEST_FIXTURE_ONLY,"acceptance,test",explicit_acceptance_or_test_runner,required,destroy_dedicated_acceptance_database,false,false,KEEP_OUT_OF_PRODUCTION_INSTALL_SET
scripts/verify/company_contractor_responsibility_summary_audit.py,,company_contractor_responsibility_summary_audit,TEST_FIXTURE_ONLY,"acceptance,test",explicit_acceptance_or_test_runner,required,destroy_dedicated_acceptance_database,false,false,KEEP_OUT_OF_PRODUCTION_INSTALL_SET
scripts/verify/company_operation_summary_browser_acceptance.js,,company_operation_summary_browser_acceptance,TEST_FIXTURE_ONLY,"acceptance,test",explicit_acceptance_or_test_runner,required,destroy_dedicated_acceptance_database,false,false,KEEP_OUT_OF_PRODUCTION_INSTALL_SET
scripts/verify/complexity_guard.py,,complexity_guard,TEST_FIXTURE_ONLY,"acceptance,test",explicit_acceptance_or_test_runner,required,destroy_dedicated_acceptance_database,false,false,KEEP_OUT_OF_PRODUCTION_INSTALL_SET
scripts/verify/construction_contract_history_value_gap_probe.py,,construction_contract_history_value_gap_probe,TEST_FIXTURE_ONLY,"acceptance,test",explicit_acceptance_or_test_runner,required,destroy_dedicated_acceptance_database,false,false,KEEP_OUT_OF_PRODUCTION_INSTALL_SET
scripts/verify/construction_core_extension_actor_roles_split_guard.py,,construction_core_extension_actor_roles_split_guard,TEST_FIXTURE_ONLY,"acceptance,test",explicit_acceptance_or_test_runner,required,destroy_dedicated_acceptance_database,false,false,KEEP_OUT_OF_PRODUCTION_INSTALL_SET
scripts/verify/construction_core_extension_capability_rows_split_guard.py,,construction_core_extension_capability_rows_split_guard,TEST_FIXTURE_ONLY,"acceptance,test",explicit_acceptance_or_test_runner,required,destroy_dedicated_acceptance_database,false,false,KEEP_OUT_OF_PRODUCTION_INSTALL_SET
scripts/verify/construction_core_extension_contract_helpers_split_guard.py,,construction_core_extension_contract_helpers_split_guard,TEST_FIXTURE_ONLY,"acceptance,test",explicit_acceptance_or_test_runner,required,destroy_dedicated_acceptance_database,false,false,KEEP_OUT_OF_PRODUCTION_INSTALL_SET
scripts/verify/construction_core_extension_contract_normalizers_split_guard.py,,construction_core_extension_contract_normalizers_split_guard,TEST_FIXTURE_ONLY,"acceptance,test",explicit_acceptance_or_test_runner,required,destroy_dedicated_acceptance_database,false,false,KEEP_OUT_OF_PRODUCTION_INSTALL_SET
scripts/verify/construction_core_extension_hook_facts_split_guard.py,,construction_core_extension_hook_facts_split_guard,TEST_FIXTURE_ONLY,"acceptance,test",explicit_acceptance_or_test_runner,required,destroy_dedicated_acceptance_database,false,false,KEEP_OUT_OF_PRODUCTION_INSTALL_SET
scripts/verify/construction_core_extension_intent_handlers_split_guard.py,,construction_core_extension_intent_handlers_split_guard,TEST_FIXTURE_ONLY,"acceptance,test",explicit_acceptance_or_test_runner,required,destroy_dedicated_acceptance_database,false,false,KEEP_OUT_OF_PRODUCTION_INSTALL_SET
scripts/verify/construction_core_extension_policy_accessors_split_guard.py,,construction_core_extension_policy_accessors_split_guard,TEST_FIXTURE_ONLY,"acceptance,test",explicit_acceptance_or_test_runner,required,destroy_dedicated_acceptance_database,false,false,KEEP_OUT_OF_PRODUCTION_INSTALL_SET
scripts/verify/construction_core_extension_policy_maps_split_guard.py,,construction_core_extension_policy_maps_split_guard,TEST_FIXTURE_ONLY,"acceptance,test",explicit_acceptance_or_test_runner,required,destroy_dedicated_acceptance_database,false,false,KEEP_OUT_OF_PRODUCTION_INSTALL_SET
scripts/verify/construction_core_extension_project_layout_split_guard.py,,construction_core_extension_project_layout_split_guard,TEST_FIXTURE_ONLY,"acceptance,test",explicit_acceptance_or_test_runner,required,destroy_dedicated_acceptance_database,false,false,KEEP_OUT_OF_PRODUCTION_INSTALL_SET
scripts/verify/construction_core_extension_responsibility_map_guard.py,,construction_core_extension_responsibility_map_guard,TEST_FIXTURE_ONLY,"acceptance,test",explicit_acceptance_or_test_runner,required,destroy_dedicated_acceptance_database,false,false,KEEP_OUT_OF_PRODUCTION_INSTALL_SET
scripts/verify/construction_core_extension_service_builders_split_guard.py,,construction_core_extension_service_builders_split_guard,TEST_FIXTURE_ONLY,"acceptance,test",explicit_acceptance_or_test_runner,required,destroy_dedicated_acceptance_database,false,false,KEEP_OUT_OF_PRODUCTION_INSTALL_SET
scripts/verify/construction_core_extension_system_init_rows_split_guard.py,,construction_core_extension_system_init_rows_split_guard,TEST_FIXTURE_ONLY,"acceptance,test",explicit_acceptance_or_test_runner,required,destroy_dedicated_acceptance_database,false,false,KEEP_OUT_OF_PRODUCTION_INSTALL_SET
scripts/verify/construction_diary_visible_fields_audit.py,,construction_diary_visible_fields_audit,TEST_FIXTURE_ONLY,"acceptance,test",explicit_acceptance_or_test_runner,required,destroy_dedicated_acceptance_database,false,false,KEEP_OUT_OF_PRODUCTION_INSTALL_SET
scripts/verify/construction_product_menu_release_audit.py,,construction_product_menu_release_audit,TEST_FIXTURE_ONLY,"acceptance,test",explicit_acceptance_or_test_runner,required,destroy_dedicated_acceptance_database,false,false,KEEP_OUT_OF_PRODUCTION_INSTALL_SET
scripts/verify/contract_api_mode_smoke.py,,contract_api_mode_smoke,TEST_FIXTURE_ONLY,"acceptance,test",explicit_acceptance_or_test_runner,required,destroy_dedicated_acceptance_database,false,false,KEEP_OUT_OF_PRODUCTION_INSTALL_SET
scripts/verify/contract_assembler_semantic_schema_guard.py,,contract_assembler_semantic_schema_guard,TEST_FIXTURE_ONLY,"acceptance,test",explicit_acceptance_or_test_runner,required,destroy_dedicated_acceptance_database,false,false,KEEP_OUT_OF_PRODUCTION_INSTALL_SET
scripts/verify/contract_assembler_semantic_smoke.py,,contract_assembler_semantic_smoke,TEST_FIXTURE_ONLY,"acceptance,test",explicit_acceptance_or_test_runner,required,destroy_dedicated_acceptance_database,false,false,KEEP_OUT_OF_PRODUCTION_INSTALL_SET
scripts/verify/contract_business_category_action_audit.py,,contract_business_category_action_audit,TEST_FIXTURE_ONLY,"acceptance,test",explicit_acceptance_or_test_runner,required,destroy_dedicated_acceptance_database,false,false,KEEP_OUT_OF_PRODUCTION_INSTALL_SET
scripts/verify/contract_business_category_binding_audit.py,,contract_business_category_binding_audit,TEST_FIXTURE_ONLY,"acceptance,test",explicit_acceptance_or_test_runner,required,destroy_dedicated_acceptance_database,false,false,KEEP_OUT_OF_PRODUCTION_INSTALL_SET
scripts/verify/contract_catalog_determinism_guard.py,,contract_catalog_determinism_guard,TEST_FIXTURE_ONLY,"acceptance,test",explicit_acceptance_or_test_runner,required,destroy_dedicated_acceptance_database,false,false,KEEP_OUT_OF_PRODUCTION_INSTALL_SET
scripts/verify/contract_compat_report.py,,contract_compat_report,TEST_FIXTURE_ONLY,"acceptance,test",explicit_acceptance_or_test_runner,required,destroy_dedicated_acceptance_database,false,false,KEEP_OUT_OF_PRODUCTION_INSTALL_SET
scripts/verify/contract_drift_guard.sh,,contract_drift_guard,TEST_FIXTURE_ONLY,"acceptance,test",explicit_acceptance_or_test_runner,required,destroy_dedicated_acceptance_database,false,false,KEEP_OUT_OF_PRODUCTION_INSTALL_SET
scripts/verify/contract_envelope_guard.py,,contract_envelope_guard,TEST_FIXTURE_ONLY,"acceptance,test",explicit_acceptance_or_test_runner,required,destroy_dedicated_acceptance_database,false,false,KEEP_OUT_OF_PRODUCTION_INSTALL_SET
scripts/verify/contract_evidence_guard.py,,contract_evidence_guard,TEST_FIXTURE_ONLY,"acceptance,test",explicit_acceptance_or_test_runner,required,destroy_dedicated_acceptance_database,false,false,KEEP_OUT_OF_PRODUCTION_INSTALL_SET
scripts/verify/contract_evidence_schema_guard.py,,contract_evidence_schema_guard,TEST_FIXTURE_ONLY,"acceptance,test",explicit_acceptance_or_test_runner,required,destroy_dedicated_acceptance_database,false,false,KEEP_OUT_OF_PRODUCTION_INSTALL_SET
scripts/verify/contract_form_action_plan_builder_guard.py,,contract_form_action_plan_builder_guard,TEST_FIXTURE_ONLY,"acceptance,test",explicit_acceptance_or_test_runner,required,destroy_dedicated_acceptance_database,false,false,KEEP_OUT_OF_PRODUCTION_INSTALL_SET
scripts/verify/contract_form_behavior_regression_runbook_guard.py,,contract_form_behavior_regression_runbook_guard,TEST_FIXTURE_ONLY,"acceptance,test",explicit_acceptance_or_test_runner,required,destroy_dedicated_acceptance_database,false,false,KEEP_OUT_OF_PRODUCTION_INSTALL_SET
scripts/verify/contract_form_handling_policy_audit.py,,contract_form_handling_policy_audit,TEST_FIXTURE_ONLY,"acceptance,test",explicit_acceptance_or_test_runner,required,destroy_dedicated_acceptance_database,false,false,KEEP_OUT_OF_PRODUCTION_INSTALL_SET
scripts/verify/contract_form_lowcode_orchestration_smoke.js,,contract_form_lowcode_orchestration_smoke,TEST_FIXTURE_ONLY,"acceptance,test",explicit_acceptance_or_test_runner,required,destroy_dedicated_acceptance_database,false,false,KEEP_OUT_OF_PRODUCTION_INSTALL_SET
scripts/verify/contract_form_onchange_normalization_guard.py,,contract_form_onchange_normalization_guard,TEST_FIXTURE_ONLY,"acceptance,test",explicit_acceptance_or_test_runner,required,destroy_dedicated_acceptance_database,false,false,KEEP_OUT_OF_PRODUCTION_INSTALL_SET
scripts/verify/contract_form_runtime_state_behavior_guard.sh,,contract_form_runtime_state_behavior_guard,TEST_FIXTURE_ONLY,"acceptance,test",explicit_acceptance_or_test_runner,required,destroy_dedicated_acceptance_database,false,false,KEEP_OUT_OF_PRODUCTION_INSTALL_SET
scripts/verify/contract_form_runtime_state_behavior_guard.ts,,contract_form_runtime_state_behavior_guard,TEST_FIXTURE_ONLY,"acceptance,test",explicit_acceptance_or_test_runner,required,destroy_dedicated_acceptance_database,false,false,KEEP_OUT_OF_PRODUCTION_INSTALL_SET
scripts/verify/contract_form_runtime_state_protocol_guard.py,,contract_form_runtime_state_protocol_guard,TEST_FIXTURE_ONLY,"acceptance,test",explicit_acceptance_or_test_runner,required,destroy_dedicated_acceptance_database,false,false,KEEP_OUT_OF_PRODUCTION_INSTALL_SET
scripts/verify/contract_form_save_payload_builder_guard.py,,contract_form_save_payload_builder_guard,TEST_FIXTURE_ONLY,"acceptance,test",explicit_acceptance_or_test_runner,required,destroy_dedicated_acceptance_database,false,false,KEEP_OUT_OF_PRODUCTION_INSTALL_SET
scripts/verify/contract_form_side_effect_regression_guard.py,,contract_form_side_effect_regression_guard,TEST_FIXTURE_ONLY,"acceptance,test",explicit_acceptance_or_test_runner,required,destroy_dedicated_acceptance_database,false,false,KEEP_OUT_OF_PRODUCTION_INSTALL_SET
scripts/verify/contract_form_view_orchestration_hud_smoke.js,,contract_form_view_orchestration_hud_smoke,TEST_FIXTURE_ONLY,"acceptance,test",explicit_acceptance_or_test_runner,required,destroy_dedicated_acceptance_database,false,false,KEEP_OUT_OF_PRODUCTION_INSTALL_SET
scripts/verify/contract_governance_access_policy_split_guard.py,,contract_governance_access_policy_split_guard,TEST_FIXTURE_ONLY,"acceptance,test",explicit_acceptance_or_test_runner,required,destroy_dedicated_acceptance_database,false,false,KEEP_OUT_OF_PRODUCTION_INSTALL_SET
scripts/verify/contract_governance_brief.py,,contract_governance_brief,TEST_FIXTURE_ONLY,"acceptance,test",explicit_acceptance_or_test_runner,required,destroy_dedicated_acceptance_database,false,false,KEEP_OUT_OF_PRODUCTION_INSTALL_SET
scripts/verify/contract_governance_canonicalization_split_guard.py,,contract_governance_canonicalization_split_guard,TEST_FIXTURE_ONLY,"acceptance,test",explicit_acceptance_or_test_runner,required,destroy_dedicated_acceptance_database,false,false,KEEP_OUT_OF_PRODUCTION_INSTALL_SET
scripts/verify/contract_governance_capabilities_split_guard.py,,contract_governance_capabilities_split_guard,TEST_FIXTURE_ONLY,"acceptance,test",explicit_acceptance_or_test_runner,required,destroy_dedicated_acceptance_database,false,false,KEEP_OUT_OF_PRODUCTION_INSTALL_SET
scripts/verify/contract_governance_contract_detection_split_guard.py,,contract_governance_contract_detection_split_guard,TEST_FIXTURE_ONLY,"acceptance,test",explicit_acceptance_or_test_runner,required,destroy_dedicated_acceptance_database,false,false,KEEP_OUT_OF_PRODUCTION_INSTALL_SET
scripts/verify/contract_governance_coverage.py,,contract_governance_coverage,TEST_FIXTURE_ONLY,"acceptance,test",explicit_acceptance_or_test_runner,required,destroy_dedicated_acceptance_database,false,false,KEEP_OUT_OF_PRODUCTION_INSTALL_SET
scripts/verify/contract_governance_create_profile_split_guard.py,,contract_governance_create_profile_split_guard,TEST_FIXTURE_ONLY,"acceptance,test",explicit_acceptance_or_test_runner,required,destroy_dedicated_acceptance_database,false,false,KEEP_OUT_OF_PRODUCTION_INSTALL_SET
scripts/verify/contract_governance_determinism_guard.py,,contract_governance_determinism_guard,TEST_FIXTURE_ONLY,"acceptance,test",explicit_acceptance_or_test_runner,required,destroy_dedicated_acceptance_database,false,false,KEEP_OUT_OF_PRODUCTION_INSTALL_SET
scripts/verify/contract_governance_domain_overrides_split_guard.py,,contract_governance_domain_overrides_split_guard,TEST_FIXTURE_ONLY,"acceptance,test",explicit_acceptance_or_test_runner,required,destroy_dedicated_acceptance_database,false,false,KEEP_OUT_OF_PRODUCTION_INSTALL_SET
scripts/verify/contract_governance_enterprise_forms_split_guard.py,,contract_governance_enterprise_forms_split_guard,TEST_FIXTURE_ONLY,"acceptance,test",explicit_acceptance_or_test_runner,required,destroy_dedicated_acceptance_database,false,false,KEEP_OUT_OF_PRODUCTION_INSTALL_SET
scripts/verify/contract_governance_field_semantics_split_guard.py,,contract_governance_field_semantics_split_guard,TEST_FIXTURE_ONLY,"acceptance,test",explicit_acceptance_or_test_runner,required,destroy_dedicated_acceptance_database,false,false,KEEP_OUT_OF_PRODUCTION_INSTALL_SET
scripts/verify/contract_governance_form_actions_split_guard.py,,contract_governance_form_actions_split_guard,TEST_FIXTURE_ONLY,"acceptance,test",explicit_acceptance_or_test_runner,required,destroy_dedicated_acceptance_database,false,false,KEEP_OUT_OF_PRODUCTION_INSTALL_SET
scripts/verify/contract_governance_form_fields_split_guard.py,,contract_governance_form_fields_split_guard,TEST_FIXTURE_ONLY,"acceptance,test",explicit_acceptance_or_test_runner,required,destroy_dedicated_acceptance_database,false,false,KEEP_OUT_OF_PRODUCTION_INSTALL_SET
scripts/verify/contract_governance_form_layout_split_guard.py,,contract_governance_form_layout_split_guard,TEST_FIXTURE_ONLY,"acceptance,test",explicit_acceptance_or_test_runner,required,destroy_dedicated_acceptance_database,false,false,KEEP_OUT_OF_PRODUCTION_INSTALL_SET
scripts/verify/contract_governance_form_render_split_guard.py,,contract_governance_form_render_split_guard,TEST_FIXTURE_ONLY,"acceptance,test",explicit_acceptance_or_test_runner,required,destroy_dedicated_acceptance_database,false,false,KEEP_OUT_OF_PRODUCTION_INSTALL_SET
scripts/verify/contract_governance_form_validation_split_guard.py,,contract_governance_form_validation_split_guard,TEST_FIXTURE_ONLY,"acceptance,test",explicit_acceptance_or_test_runner,required,destroy_dedicated_acceptance_database,false,false,KEEP_OUT_OF_PRODUCTION_INSTALL_SET
scripts/verify/contract_governance_labels_split_guard.py,,contract_governance_labels_split_guard,TEST_FIXTURE_ONLY,"acceptance,test",explicit_acceptance_or_test_runner,required,destroy_dedicated_acceptance_database,false,false,KEEP_OUT_OF_PRODUCTION_INSTALL_SET
scripts/verify/contract_governance_list_surface_split_guard.py,,contract_governance_list_surface_split_guard,TEST_FIXTURE_ONLY,"acceptance,test",explicit_acceptance_or_test_runner,required,destroy_dedicated_acceptance_database,false,false,KEEP_OUT_OF_PRODUCTION_INSTALL_SET
scripts/verify/contract_governance_native_bridge_split_guard.py,,contract_governance_native_bridge_split_guard,TEST_FIXTURE_ONLY,"acceptance,test",explicit_acceptance_or_test_runner,required,destroy_dedicated_acceptance_database,false,false,KEEP_OUT_OF_PRODUCTION_INSTALL_SET
scripts/verify/contract_governance_project_form_split_guard.py,,contract_governance_project_form_split_guard,TEST_FIXTURE_ONLY,"acceptance,test",explicit_acceptance_or_test_runner,required,destroy_dedicated_acceptance_database,false,false,KEEP_OUT_OF_PRODUCTION_INSTALL_SET
scripts/verify/contract_governance_registry_split_guard.py,,contract_governance_registry_split_guard,TEST_FIXTURE_ONLY,"acceptance,test",explicit_acceptance_or_test_runner,required,destroy_dedicated_acceptance_database,false,false,KEEP_OUT_OF_PRODUCTION_INSTALL_SET
scripts/verify/contract_governance_responsibility_map_guard.py,,contract_governance_responsibility_map_guard,TEST_FIXTURE_ONLY,"acceptance,test",explicit_acceptance_or_test_runner,required,destroy_dedicated_acceptance_database,false,false,KEEP_OUT_OF_PRODUCTION_INSTALL_SET
scripts/verify/contract_governance_scenes_split_guard.py,,contract_governance_scenes_split_guard,TEST_FIXTURE_ONLY,"acceptance,test",explicit_acceptance_or_test_runner,required,destroy_dedicated_acceptance_database,false,false,KEEP_OUT_OF_PRODUCTION_INSTALL_SET
scripts/verify/contract_governance_surface_mapping_split_guard.py,,contract_governance_surface_mapping_split_guard,TEST_FIXTURE_ONLY,"acceptance,test",explicit_acceptance_or_test_runner,required,destroy_dedicated_acceptance_database,false,false,KEEP_OUT_OF_PRODUCTION_INSTALL_SET
scripts/verify/contract_governance_user_surface_split_guard.py,,contract_governance_user_surface_split_guard,TEST_FIXTURE_ONLY,"acceptance,test",explicit_acceptance_or_test_runner,required,destroy_dedicated_acceptance_database,false,false,KEEP_OUT_OF_PRODUCTION_INSTALL_SET
scripts/verify/contract_handler_layout_boundary_guard.py,,contract_handler_layout_boundary_guard,TEST_FIXTURE_ONLY,"acceptance,test",explicit_acceptance_or_test_runner,required,destroy_dedicated_acceptance_database,false,false,KEEP_OUT_OF_PRODUCTION_INSTALL_SET
scripts/verify/contract_mode_smoke.py,,contract_mode_smoke,TEST_FIXTURE_ONLY,"acceptance,test",explicit_acceptance_or_test_runner,required,destroy_dedicated_acceptance_database,false,false,KEEP_OUT_OF_PRODUCTION_INSTALL_SET
scripts/verify/contract_parse_boundary_guard.py,,contract_parse_boundary_guard,TEST_FIXTURE_ONLY,"acceptance,test",explicit_acceptance_or_test_runner,required,destroy_dedicated_acceptance_database,false,false,KEEP_OUT_OF_PRODUCTION_INSTALL_SET
scripts/verify/contract_preflight_resume.sh,,contract_preflight_resume,TEST_FIXTURE_ONLY,"acceptance,test",explicit_acceptance_or_test_runner,required,destroy_dedicated_acceptance_database,false,false,KEEP_OUT_OF_PRODUCTION_INSTALL_SET
scripts/verify/contract_product_menu_release_audit.py,,contract_product_menu_release_audit,TEST_FIXTURE_ONLY,"acceptance,test",explicit_acceptance_or_test_runner,required,destroy_dedicated_acceptance_database,false,false,KEEP_OUT_OF_PRODUCTION_INSTALL_SET
scripts/verify/contract_production_chain_guard.py,,contract_production_chain_guard,TEST_FIXTURE_ONLY,"acceptance,test",explicit_acceptance_or_test_runner,required,destroy_dedicated_acceptance_database,false,false,KEEP_OUT_OF_PRODUCTION_INSTALL_SET
scripts/verify/contract_settlement_payment_closure_audit.py,,contract_settlement_payment_closure_audit,TEST_FIXTURE_ONLY,"acceptance,test",explicit_acceptance_or_test_runner,required,destroy_dedicated_acceptance_database,false,false,KEEP_OUT_OF_PRODUCTION_INSTALL_SET
scripts/verify/contract_version_evolution_drill.py,,contract_version_evolution_drill,TEST_FIXTURE_ONLY,"acceptance,test",explicit_acceptance_or_test_runner,required,destroy_dedicated_acceptance_database,false,false,KEEP_OUT_OF_PRODUCTION_INSTALL_SET
scripts/verify/contract_view_type_semantic_smoke.py,,contract_view_type_semantic_smoke,TEST_FIXTURE_ONLY,"acceptance,test",explicit_acceptance_or_test_runner,required,destroy_dedicated_acceptance_database,false,false,KEEP_OUT_OF_PRODUCTION_INSTALL_SET
scripts/verify/controller_allowlist_policy.py,,controller_allowlist_policy,TEST_FIXTURE_ONLY,"acceptance,test",explicit_acceptance_or_test_runner,required,destroy_dedicated_acceptance_database,false,false,KEEP_OUT_OF_PRODUCTION_INSTALL_SET
scripts/verify/controller_allowlist_routes_guard.py,,controller_allowlist_routes_guard,TEST_FIXTURE_ONLY,"acceptance,test",explicit_acceptance_or_test_runner,required,destroy_dedicated_acceptance_database,false,false,KEEP_OUT_OF_PRODUCTION_INSTALL_SET
scripts/verify/controller_boundary_baseline_guard.py,,controller_boundary_baseline_guard,TEST_FIXTURE_ONLY,"acceptance,test",explicit_acceptance_or_test_runner,required,destroy_dedicated_acceptance_database,false,false,KEEP_OUT_OF_PRODUCTION_INSTALL_SET
scripts/verify/controller_boundary_report.py,,controller_boundary_report,TEST_FIXTURE_ONLY,"acceptance,test",explicit_acceptance_or_test_runner,required,destroy_dedicated_acceptance_database,false,false,KEEP_OUT_OF_PRODUCTION_INSTALL_SET
scripts/verify/controller_delegate_guard.py,,controller_delegate_guard,TEST_FIXTURE_ONLY,"acceptance,test",explicit_acceptance_or_test_runner,required,destroy_dedicated_acceptance_database,false,false,KEEP_OUT_OF_PRODUCTION_INSTALL_SET
scripts/verify/controller_route_policy_guard.py,,controller_route_policy_guard,TEST_FIXTURE_ONLY,"acceptance,test",explicit_acceptance_or_test_runner,required,destroy_dedicated_acceptance_database,false,false,KEEP_OUT_OF_PRODUCTION_INSTALL_SET
scripts/verify/core_document_processing_gate.py,,core_document_processing_gate,TEST_FIXTURE_ONLY,"acceptance,test",explicit_acceptance_or_test_runner,required,destroy_dedicated_acceptance_database,false,false,KEEP_OUT_OF_PRODUCTION_INSTALL_SET
scripts/verify/core_history_field_physical_boundary_audit.py,,core_history_field_physical_boundary_audit,TEST_FIXTURE_ONLY,"acceptance,test",explicit_acceptance_or_test_runner,required,destroy_dedicated_acceptance_database,false,false,KEEP_OUT_OF_PRODUCTION_INSTALL_SET
scripts/verify/cost_search_pagination_seed.py,,cost_search_pagination_seed,TEST_FIXTURE_ONLY,"acceptance,test",explicit_acceptance_or_test_runner,required,destroy_dedicated_acceptance_database,false,false,KEEP_OUT_OF_PRODUCTION_INSTALL_SET
scripts/verify/cost_search_pagination_smoke.py,,cost_search_pagination_smoke,TEST_FIXTURE_ONLY,"acceptance,test",explicit_acceptance_or_test_runner,required,destroy_dedicated_acceptance_database,false,false,KEEP_OUT_OF_PRODUCTION_INSTALL_SET
scripts/verify/cross_stack_suggested_action_smoke.py,,cross_stack_suggested_action_smoke,TEST_FIXTURE_ONLY,"acceptance,test",explicit_acceptance_or_test_runner,required,destroy_dedicated_acceptance_database,false,false,KEEP_OUT_OF_PRODUCTION_INSTALL_SET
scripts/verify/customer_module_extraction_guard.py,,customer_module_extraction_guard,TEST_FIXTURE_ONLY,"acceptance,test",explicit_acceptance_or_test_runner,required,destroy_dedicated_acceptance_database,false,false,KEEP_OUT_OF_PRODUCTION_INSTALL_SET
scripts/verify/daily_dev_acceptance_env_guard.py,,daily_dev_acceptance_env_guard,TEST_FIXTURE_ONLY,"acceptance,test",explicit_acceptance_or_test_runner,required,destroy_dedicated_acceptance_database,false,false,KEEP_OUT_OF_PRODUCTION_INSTALL_SET
scripts/verify/default_scene_semantic_monitor.py,,default_scene_semantic_monitor,TEST_FIXTURE_ONLY,"acceptance,test",explicit_acceptance_or_test_runner,required,destroy_dedicated_acceptance_database,false,false,KEEP_OUT_OF_PRODUCTION_INSTALL_SET
scripts/verify/delivery_9_module_final_closeout_guard.py,,delivery_9_module_final_closeout_guard,TEST_FIXTURE_ONLY,"acceptance,test",explicit_acceptance_or_test_runner,required,destroy_dedicated_acceptance_database,false,false,KEEP_OUT_OF_PRODUCTION_INSTALL_SET
scripts/verify/delivery_business_success_ready.py,,delivery_business_success_ready,TEST_FIXTURE_ONLY,"acceptance,test",explicit_acceptance_or_test_runner,required,destroy_dedicated_acceptance_database,false,false,KEEP_OUT_OF_PRODUCTION_INSTALL_SET
scripts/verify/delivery_journey_role_matrix_guard.py,,delivery_journey_role_matrix_guard,TEST_FIXTURE_ONLY,"acceptance,test",explicit_acceptance_or_test_runner,required,destroy_dedicated_acceptance_database,false,false,KEEP_OUT_OF_PRODUCTION_INSTALL_SET
scripts/verify/delivery_mainline_run_summary.py,,delivery_mainline_run_summary,TEST_FIXTURE_ONLY,"acceptance,test",explicit_acceptance_or_test_runner,required,destroy_dedicated_acceptance_database,false,false,KEEP_OUT_OF_PRODUCTION_INSTALL_SET
scripts/verify/delivery_mainline_run_summary_schema_guard.py,,delivery_mainline_run_summary_schema_guard,TEST_FIXTURE_ONLY,"acceptance,test",explicit_acceptance_or_test_runner,required,destroy_dedicated_acceptance_database,false,false,KEEP_OUT_OF_PRODUCTION_INSTALL_SET
scripts/verify/delivery_menu_tree_report.py,,delivery_menu_tree_report,TEST_FIXTURE_ONLY,"acceptance,test",explicit_acceptance_or_test_runner,required,destroy_dedicated_acceptance_database,false,false,KEEP_OUT_OF_PRODUCTION_INSTALL_SET
scripts/verify/delivery_readiness_scoreboard_refresh.py,,delivery_readiness_scoreboard_refresh,TEST_FIXTURE_ONLY,"acceptance,test",explicit_acceptance_or_test_runner,required,destroy_dedicated_acceptance_database,false,false,KEEP_OUT_OF_PRODUCTION_INSTALL_SET
scripts/verify/delivery_simulation_ready.py,,delivery_simulation_ready,TEST_FIXTURE_ONLY,"acceptance,test",explicit_acceptance_or_test_runner,required,destroy_dedicated_acceptance_database,false,false,KEEP_OUT_OF_PRODUCTION_INSTALL_SET
scripts/verify/delivery_user_journey_guard.py,,delivery_user_journey_guard,TEST_FIXTURE_ONLY,"acceptance,test",explicit_acceptance_or_test_runner,required,destroy_dedicated_acceptance_database,false,false,KEEP_OUT_OF_PRODUCTION_INSTALL_SET
scripts/verify/demo.sh,,demo,TEST_FIXTURE_ONLY,"acceptance,test",explicit_acceptance_or_test_runner,required,destroy_dedicated_acceptance_database,false,false,KEEP_OUT_OF_PRODUCTION_INSTALL_SET
scripts/verify/demo_data_presence_report.py,,demo_data_presence_report,TEST_FIXTURE_ONLY,"acceptance,test",explicit_acceptance_or_test_runner,required,destroy_dedicated_acceptance_database,false,false,KEEP_OUT_OF_PRODUCTION_INSTALL_SET
scripts/verify/demo_release_seed.sh,,demo_release_seed,TEST_FIXTURE_ONLY,"acceptance,test",explicit_acceptance_or_test_runner,required,destroy_dedicated_acceptance_database,false,false,KEEP_OUT_OF_PRODUCTION_INSTALL_SET
scripts/verify/dev_acceptance_release_probe_schema_guard.py,,dev_acceptance_release_probe_schema_guard,TEST_FIXTURE_ONLY,"acceptance,test",explicit_acceptance_or_test_runner,required,destroy_dedicated_acceptance_database,false,false,KEEP_OUT_OF_PRODUCTION_INSTALL_SET
scripts/verify/direct_acceptance_engineering_settlement_income_projection_audit.py,,direct_acceptance_engineering_settlement_income_projection_audit,TEST_FIXTURE_ONLY,"acceptance,test",explicit_acceptance_or_test_runner,required,destroy_dedicated_acceptance_database,false,false,KEEP_OUT_OF_PRODUCTION_INSTALL_SET
scripts/verify/direct_acceptance_formal_browser_probe.js,,direct_acceptance_formal_browser_probe,TEST_FIXTURE_ONLY,"acceptance,test",explicit_acceptance_or_test_runner,required,destroy_dedicated_acceptance_database,false,false,KEEP_OUT_OF_PRODUCTION_INSTALL_SET
scripts/verify/direct_acceptance_formal_surface_parity_probe.py,,direct_acceptance_formal_surface_parity_probe,TEST_FIXTURE_ONLY,"acceptance,test",explicit_acceptance_or_test_runner,required,destroy_dedicated_acceptance_database,false,false,KEEP_OUT_OF_PRODUCTION_INSTALL_SET
scripts/verify/direct_acceptance_full_formal_browser_coverage.js,,direct_acceptance_full_formal_browser_coverage,TEST_FIXTURE_ONLY,"acceptance,test",explicit_acceptance_or_test_runner,required,destroy_dedicated_acceptance_database,false,false,KEEP_OUT_OF_PRODUCTION_INSTALL_SET
scripts/verify/direct_acceptance_redbox_formal_menu_parity_probe.py,,direct_acceptance_redbox_formal_menu_parity_probe,TEST_FIXTURE_ONLY,"acceptance,test",explicit_acceptance_or_test_runner,required,destroy_dedicated_acceptance_database,false,false,KEEP_OUT_OF_PRODUCTION_INSTALL_SET
scripts/verify/direct_project_business_browser_acceptance.js,,direct_project_business_browser_acceptance,TEST_FIXTURE_ONLY,"acceptance,test",explicit_acceptance_or_test_runner,required,destroy_dedicated_acceptance_database,false,false,KEEP_OUT_OF_PRODUCTION_INSTALL_SET
scripts/verify/docs_contract_sync.py,,docs_contract_sync,TEST_FIXTURE_ONLY,"acceptance,test",explicit_acceptance_or_test_runner,required,destroy_dedicated_acceptance_database,false,false,KEEP_OUT_OF_PRODUCTION_INSTALL_SET
scripts/verify/docs_inventory.py,,docs_inventory,TEST_FIXTURE_ONLY,"acceptance,test",explicit_acceptance_or_test_runner,required,destroy_dedicated_acceptance_database,false,false,KEEP_OUT_OF_PRODUCTION_INSTALL_SET
scripts/verify/docs_links.py,,docs_links,TEST_FIXTURE_ONLY,"acceptance,test",explicit_acceptance_or_test_runner,required,destroy_dedicated_acceptance_database,false,false,KEEP_OUT_OF_PRODUCTION_INSTALL_SET
scripts/verify/docs_temp_guard.py,,docs_temp_guard,TEST_FIXTURE_ONLY,"acceptance,test",explicit_acceptance_or_test_runner,required,destroy_dedicated_acceptance_database,false,false,KEEP_OUT_OF_PRODUCTION_INSTALL_SET
scripts/verify/e2e_contract_guard.sh,,e2e_contract_guard,TEST_FIXTURE_ONLY,"acceptance,test",explicit_acceptance_or_test_runner,required,destroy_dedicated_acceptance_database,false,false,KEEP_OUT_OF_PRODUCTION_INSTALL_SET
scripts/verify/e2e_scene_guard.sh,,e2e_scene_guard,TEST_FIXTURE_ONLY,"acceptance,test",explicit_acceptance_or_test_runner,required,destroy_dedicated_acceptance_database,false,false,KEEP_OUT_OF_PRODUCTION_INSTALL_SET
scripts/verify/engineering_progress_income_visible_contract_audit.py,,engineering_progress_income_visible_contract_audit,TEST_FIXTURE_ONLY,"acceptance,test",explicit_acceptance_or_test_runner,required,destroy_dedicated_acceptance_database,false,false,KEEP_OUT_OF_PRODUCTION_INSTALL_SET
scripts/verify/environment_topology_guard.py,,environment_topology_guard,TEST_FIXTURE_ONLY,"acceptance,test",explicit_acceptance_or_test_runner,required,destroy_dedicated_acceptance_database,false,false,KEEP_OUT_OF_PRODUCTION_INSTALL_SET
scripts/verify/etag_validation_report.py,,etag_validation_report,TEST_FIXTURE_ONLY,"acceptance,test",explicit_acceptance_or_test_runner,required,destroy_dedicated_acceptance_database,false,false,KEEP_OUT_OF_PRODUCTION_INSTALL_SET
scripts/verify/execute_button_whitelist_verification.py,,execute_button_whitelist_verification,TEST_FIXTURE_ONLY,"acceptance,test",explicit_acceptance_or_test_runner,required,destroy_dedicated_acceptance_database,false,false,KEEP_OUT_OF_PRODUCTION_INSTALL_SET
scripts/verify/executive_readonly_seed.py,,executive_readonly_seed,TEST_FIXTURE_ONLY,"acceptance,test",explicit_acceptance_or_test_runner,required,destroy_dedicated_acceptance_database,false,false,KEEP_OUT_OF_PRODUCTION_INSTALL_SET
scripts/verify/executive_readonly_smoke.py,,executive_readonly_smoke,TEST_FIXTURE_ONLY,"acceptance,test",explicit_acceptance_or_test_runner,required,destroy_dedicated_acceptance_database,false,false,KEEP_OUT_OF_PRODUCTION_INSTALL_SET
scripts/verify/expense_contract_ledger_scope_probe.py,,expense_contract_ledger_scope_probe,TEST_FIXTURE_ONLY,"acceptance,test",explicit_acceptance_or_test_runner,required,destroy_dedicated_acceptance_database,false,false,KEEP_OUT_OF_PRODUCTION_INSTALL_SET
scripts/verify/export_product_documentation.py,,export_product_documentation,TEST_FIXTURE_ONLY,"acceptance,test",explicit_acceptance_or_test_runner,required,destroy_dedicated_acceptance_database,false,false,KEEP_OUT_OF_PRODUCTION_INSTALL_SET
scripts/verify/extension_modules_guard.sh,,extension_modules_guard,TEST_FIXTURE_ONLY,"acceptance,test",explicit_acceptance_or_test_runner,required,destroy_dedicated_acceptance_database,false,false,KEEP_OUT_OF_PRODUCTION_INSTALL_SET
scripts/verify/fe_ar_ap_company_summary_smoke.js,,fe_ar_ap_company_summary_smoke,TEST_FIXTURE_ONLY,"acceptance,test",explicit_acceptance_or_test_runner,required,destroy_dedicated_acceptance_database,false,false,KEEP_OUT_OF_PRODUCTION_INSTALL_SET
scripts/verify/fe_ar_ap_project_summary_smoke.js,,fe_ar_ap_project_summary_smoke,TEST_FIXTURE_ONLY,"acceptance,test",explicit_acceptance_or_test_runner,required,destroy_dedicated_acceptance_database,false,false,KEEP_OUT_OF_PRODUCTION_INSTALL_SET
scripts/verify/fe_attachment_list_smoke.js,,fe_attachment_list_smoke,TEST_FIXTURE_ONLY,"acceptance,test",explicit_acceptance_or_test_runner,required,destroy_dedicated_acceptance_database,false,false,KEEP_OUT_OF_PRODUCTION_INSTALL_SET
scripts/verify/fe_bootstrap_guard_smoke.js,,fe_bootstrap_guard_smoke,TEST_FIXTURE_ONLY,"acceptance,test",explicit_acceptance_or_test_runner,required,destroy_dedicated_acceptance_database,false,false,KEEP_OUT_OF_PRODUCTION_INSTALL_SET
scripts/verify/fe_capability_guard_smoke.js,,fe_capability_guard_smoke,TEST_FIXTURE_ONLY,"acceptance,test",explicit_acceptance_or_test_runner,required,destroy_dedicated_acceptance_database,false,false,KEEP_OUT_OF_PRODUCTION_INSTALL_SET
scripts/verify/fe_capability_policy_smoke.js,,fe_capability_policy_smoke,TEST_FIXTURE_ONLY,"acceptance,test",explicit_acceptance_or_test_runner,required,destroy_dedicated_acceptance_database,false,false,KEEP_OUT_OF_PRODUCTION_INSTALL_SET
scripts/verify/fe_cross_stack_contract_smoke.js,,fe_cross_stack_contract_smoke,TEST_FIXTURE_ONLY,"acceptance,test",explicit_acceptance_or_test_runner,required,destroy_dedicated_acceptance_database,false,false,KEEP_OUT_OF_PRODUCTION_INSTALL_SET
scripts/verify/fe_edit_tx_smoke.js,,fe_edit_tx_smoke,TEST_FIXTURE_ONLY,"acceptance,test",explicit_acceptance_or_test_runner,required,destroy_dedicated_acceptance_database,false,false,KEEP_OUT_OF_PRODUCTION_INSTALL_SET
scripts/verify/fe_execute_button_smoke.js,,fe_execute_button_smoke,TEST_FIXTURE_ONLY,"acceptance,test",explicit_acceptance_or_test_runner,required,destroy_dedicated_acceptance_database,false,false,KEEP_OUT_OF_PRODUCTION_INSTALL_SET
scripts/verify/fe_file_guard_smoke.js,,fe_file_guard_smoke,TEST_FIXTURE_ONLY,"acceptance,test",explicit_acceptance_or_test_runner,required,destroy_dedicated_acceptance_database,false,false,KEEP_OUT_OF_PRODUCTION_INSTALL_SET
scripts/verify/fe_file_upload_smoke.js,,fe_file_upload_smoke,TEST_FIXTURE_ONLY,"acceptance,test",explicit_acceptance_or_test_runner,required,destroy_dedicated_acceptance_database,false,false,KEEP_OUT_OF_PRODUCTION_INSTALL_SET
scripts/verify/fe_guard_groups_smoke.js,,fe_guard_groups_smoke,TEST_FIXTURE_ONLY,"acceptance,test",explicit_acceptance_or_test_runner,required,destroy_dedicated_acceptance_database,false,false,KEEP_OUT_OF_PRODUCTION_INSTALL_SET
scripts/verify/fe_kanban_view_smoke.js,,fe_kanban_view_smoke,TEST_FIXTURE_ONLY,"acceptance,test",explicit_acceptance_or_test_runner,required,destroy_dedicated_acceptance_database,false,false,KEEP_OUT_OF_PRODUCTION_INSTALL_SET
scripts/verify/fe_layout_stability_smoke.js,,fe_layout_stability_smoke,TEST_FIXTURE_ONLY,"acceptance,test",explicit_acceptance_or_test_runner,required,destroy_dedicated_acceptance_database,false,false,KEEP_OUT_OF_PRODUCTION_INSTALL_SET
scripts/verify/fe_list_shell_no_meta_smoke.js,,fe_list_shell_no_meta_smoke,TEST_FIXTURE_ONLY,"acceptance,test",explicit_acceptance_or_test_runner,required,destroy_dedicated_acceptance_database,false,false,KEEP_OUT_OF_PRODUCTION_INSTALL_SET
scripts/verify/fe_list_shell_title_smoke.js,,fe_list_shell_title_smoke,TEST_FIXTURE_ONLY,"acceptance,test",explicit_acceptance_or_test_runner,required,destroy_dedicated_acceptance_database,false,false,KEEP_OUT_OF_PRODUCTION_INSTALL_SET
scripts/verify/fe_load_view_smoke.js,,fe_load_view_smoke,TEST_FIXTURE_ONLY,"acceptance,test",explicit_acceptance_or_test_runner,required,destroy_dedicated_acceptance_database,false,false,KEEP_OUT_OF_PRODUCTION_INSTALL_SET
scripts/verify/fe_menu_no_action_smoke.js,,fe_menu_no_action_smoke,TEST_FIXTURE_ONLY,"acceptance,test",explicit_acceptance_or_test_runner,required,destroy_dedicated_acceptance_database,false,false,KEEP_OUT_OF_PRODUCTION_INSTALL_SET
scripts/verify/fe_menu_scene_key_smoke.js,,fe_menu_scene_key_smoke,TEST_FIXTURE_ONLY,"acceptance,test",explicit_acceptance_or_test_runner,required,destroy_dedicated_acceptance_database,false,false,KEEP_OUT_OF_PRODUCTION_INSTALL_SET
scripts/verify/fe_menu_scene_resolve_smoke.js,,fe_menu_scene_resolve_smoke,TEST_FIXTURE_ONLY,"acceptance,test",explicit_acceptance_or_test_runner,required,destroy_dedicated_acceptance_database,false,false,KEEP_OUT_OF_PRODUCTION_INSTALL_SET
scripts/verify/fe_mvp_list_smoke.js,,fe_mvp_list_smoke,TEST_FIXTURE_ONLY,"acceptance,test",explicit_acceptance_or_test_runner,required,destroy_dedicated_acceptance_database,false,false,KEEP_OUT_OF_PRODUCTION_INSTALL_SET
scripts/verify/fe_mvp_write_smoke.js,,fe_mvp_write_smoke,TEST_FIXTURE_ONLY,"acceptance,test",explicit_acceptance_or_test_runner,required,destroy_dedicated_acceptance_database,false,false,KEEP_OUT_OF_PRODUCTION_INSTALL_SET
scripts/verify/fe_my_work_smoke.js,,fe_my_work_smoke,TEST_FIXTURE_ONLY,"acceptance,test",explicit_acceptance_or_test_runner,required,destroy_dedicated_acceptance_database,false,false,KEEP_OUT_OF_PRODUCTION_INSTALL_SET
scripts/verify/fe_one2many_edit_smoke.js,,fe_one2many_edit_smoke,TEST_FIXTURE_ONLY,"acceptance,test",explicit_acceptance_or_test_runner,required,destroy_dedicated_acceptance_database,false,false,KEEP_OUT_OF_PRODUCTION_INSTALL_SET
scripts/verify/fe_one2many_read_smoke.js,,fe_one2many_read_smoke,TEST_FIXTURE_ONLY,"acceptance,test",explicit_acceptance_or_test_runner,required,destroy_dedicated_acceptance_database,false,false,KEEP_OUT_OF_PRODUCTION_INSTALL_SET
scripts/verify/fe_portal_scene_governance_action_smoke.js,,fe_portal_scene_governance_action_smoke,TEST_FIXTURE_ONLY,"acceptance,test",explicit_acceptance_or_test_runner,required,destroy_dedicated_acceptance_database,false,false,KEEP_OUT_OF_PRODUCTION_INSTALL_SET
scripts/verify/fe_portal_scene_package_ui_smoke.js,,fe_portal_scene_package_ui_smoke,TEST_FIXTURE_ONLY,"acceptance,test",explicit_acceptance_or_test_runner,required,destroy_dedicated_acceptance_database,false,false,KEEP_OUT_OF_PRODUCTION_INSTALL_SET
scripts/verify/fe_recordview_hud_smoke.js,,fe_recordview_hud_smoke,TEST_FIXTURE_ONLY,"acceptance,test",explicit_acceptance_or_test_runner,required,destroy_dedicated_acceptance_database,false,false,KEEP_OUT_OF_PRODUCTION_INSTALL_SET
scripts/verify/fe_scene_auto_degrade_notify_smoke.js,,fe_scene_auto_degrade_notify_smoke,TEST_FIXTURE_ONLY,"acceptance,test",explicit_acceptance_or_test_runner,required,destroy_dedicated_acceptance_database,false,false,KEEP_OUT_OF_PRODUCTION_INSTALL_SET
scripts/verify/fe_scene_auto_degrade_smoke.js,,fe_scene_auto_degrade_smoke,TEST_FIXTURE_ONLY,"acceptance,test",explicit_acceptance_or_test_runner,required,destroy_dedicated_acceptance_database,false,false,KEEP_OUT_OF_PRODUCTION_INSTALL_SET
scripts/verify/fe_scene_channel_smoke.js,,fe_scene_channel_smoke,TEST_FIXTURE_ONLY,"acceptance,test",explicit_acceptance_or_test_runner,required,destroy_dedicated_acceptance_database,false,false,KEEP_OUT_OF_PRODUCTION_INSTALL_SET
scripts/verify/fe_scene_contract_export.js,,fe_scene_contract_export,TEST_FIXTURE_ONLY,"acceptance,test",explicit_acceptance_or_test_runner,required,destroy_dedicated_acceptance_database,false,false,KEEP_OUT_OF_PRODUCTION_INSTALL_SET
scripts/verify/fe_scene_contract_export_smoke.js,,fe_scene_contract_export_smoke,TEST_FIXTURE_ONLY,"acceptance,test",explicit_acceptance_or_test_runner,required,destroy_dedicated_acceptance_database,false,false,KEEP_OUT_OF_PRODUCTION_INSTALL_SET
scripts/verify/fe_scene_contract_smoke.js,,fe_scene_contract_smoke,TEST_FIXTURE_ONLY,"acceptance,test",explicit_acceptance_or_test_runner,required,destroy_dedicated_acceptance_database,false,false,KEEP_OUT_OF_PRODUCTION_INSTALL_SET
scripts/verify/fe_scene_core_openable_guard.js,,fe_scene_core_openable_guard,TEST_FIXTURE_ONLY,"acceptance,test",explicit_acceptance_or_test_runner,required,destroy_dedicated_acceptance_database,false,false,KEEP_OUT_OF_PRODUCTION_INSTALL_SET
scripts/verify/fe_scene_default_sort_smoke.js,,fe_scene_default_sort_smoke,TEST_FIXTURE_ONLY,"acceptance,test",explicit_acceptance_or_test_runner,required,destroy_dedicated_acceptance_database,false,false,KEEP_OUT_OF_PRODUCTION_INSTALL_SET
scripts/verify/fe_scene_diagnostics_smoke.js,,fe_scene_diagnostics_smoke,TEST_FIXTURE_ONLY,"acceptance,test",explicit_acceptance_or_test_runner,required,destroy_dedicated_acceptance_database,false,false,KEEP_OUT_OF_PRODUCTION_INSTALL_SET
scripts/verify/fe_scene_drift_guard.js,,fe_scene_drift_guard,TEST_FIXTURE_ONLY,"acceptance,test",explicit_acceptance_or_test_runner,required,destroy_dedicated_acceptance_database,false,false,KEEP_OUT_OF_PRODUCTION_INSTALL_SET
scripts/verify/fe_scene_filters_semantic_smoke.js,,fe_scene_filters_semantic_smoke,TEST_FIXTURE_ONLY,"acceptance,test",explicit_acceptance_or_test_runner,required,destroy_dedicated_acceptance_database,false,false,KEEP_OUT_OF_PRODUCTION_INSTALL_SET
scripts/verify/fe_scene_health_contract_smoke.js,,fe_scene_health_contract_smoke,TEST_FIXTURE_ONLY,"acceptance,test",explicit_acceptance_or_test_runner,required,destroy_dedicated_acceptance_database,false,false,KEEP_OUT_OF_PRODUCTION_INSTALL_SET
scripts/verify/fe_scene_health_pagination_smoke.js,,fe_scene_health_pagination_smoke,TEST_FIXTURE_ONLY,"acceptance,test",explicit_acceptance_or_test_runner,required,destroy_dedicated_acceptance_database,false,false,KEEP_OUT_OF_PRODUCTION_INSTALL_SET
scripts/verify/fe_scene_layout_contract_smoke.js,,fe_scene_layout_contract_smoke,TEST_FIXTURE_ONLY,"acceptance,test",explicit_acceptance_or_test_runner,required,destroy_dedicated_acceptance_database,false,false,KEEP_OUT_OF_PRODUCTION_INSTALL_SET
scripts/verify/fe_scene_list_profile_smoke.js,,fe_scene_list_profile_smoke,TEST_FIXTURE_ONLY,"acceptance,test",explicit_acceptance_or_test_runner,required,destroy_dedicated_acceptance_database,false,false,KEEP_OUT_OF_PRODUCTION_INSTALL_SET
scripts/verify/fe_scene_observability_preflight_smoke.js,,fe_scene_observability_preflight_smoke,TEST_FIXTURE_ONLY,"acceptance,test",explicit_acceptance_or_test_runner,required,destroy_dedicated_acceptance_database,false,false,KEEP_OUT_OF_PRODUCTION_INSTALL_SET
scripts/verify/fe_scene_package_dry_run_smoke.js,,fe_scene_package_dry_run_smoke,TEST_FIXTURE_ONLY,"acceptance,test",explicit_acceptance_or_test_runner,required,destroy_dedicated_acceptance_database,false,false,KEEP_OUT_OF_PRODUCTION_INSTALL_SET
scripts/verify/fe_scene_package_export.js,,fe_scene_package_export,TEST_FIXTURE_ONLY,"acceptance,test",explicit_acceptance_or_test_runner,required,destroy_dedicated_acceptance_database,false,false,KEEP_OUT_OF_PRODUCTION_INSTALL_SET
scripts/verify/fe_scene_package_import_smoke.js,,fe_scene_package_import_smoke,TEST_FIXTURE_ONLY,"acceptance,test",explicit_acceptance_or_test_runner,required,destroy_dedicated_acceptance_database,false,false,KEEP_OUT_OF_PRODUCTION_INSTALL_SET
scripts/verify/fe_scene_package_installed_smoke.js,,fe_scene_package_installed_smoke,TEST_FIXTURE_ONLY,"acceptance,test",explicit_acceptance_or_test_runner,required,destroy_dedicated_acceptance_database,false,false,KEEP_OUT_OF_PRODUCTION_INSTALL_SET
scripts/verify/fe_scene_registry_coerce_smoke.js,,fe_scene_registry_coerce_smoke,TEST_FIXTURE_ONLY,"acceptance,test",explicit_acceptance_or_test_runner,required,destroy_dedicated_acceptance_database,false,false,KEEP_OUT_OF_PRODUCTION_INSTALL_SET
scripts/verify/fe_scene_registry_validate_smoke.js,,fe_scene_registry_validate_smoke,TEST_FIXTURE_ONLY,"acceptance,test",explicit_acceptance_or_test_runner,required,destroy_dedicated_acceptance_database,false,false,KEEP_OUT_OF_PRODUCTION_INSTALL_SET
scripts/verify/fe_scene_resolve_errors_debt_guard.js,,fe_scene_resolve_errors_debt_guard,TEST_FIXTURE_ONLY,"acceptance,test",explicit_acceptance_or_test_runner,required,destroy_dedicated_acceptance_database,false,false,KEEP_OUT_OF_PRODUCTION_INSTALL_SET
scripts/verify/fe_scene_rollback_smoke.js,,fe_scene_rollback_smoke,TEST_FIXTURE_ONLY,"acceptance,test",explicit_acceptance_or_test_runner,required,destroy_dedicated_acceptance_database,false,false,KEEP_OUT_OF_PRODUCTION_INSTALL_SET
scripts/verify/fe_scene_schema_smoke.js,,fe_scene_schema_smoke,TEST_FIXTURE_ONLY,"acceptance,test",explicit_acceptance_or_test_runner,required,destroy_dedicated_acceptance_database,false,false,KEEP_OUT_OF_PRODUCTION_INSTALL_SET
scripts/verify/fe_scene_semantic_smoke.js,,fe_scene_semantic_smoke,TEST_FIXTURE_ONLY,"acceptance,test",explicit_acceptance_or_test_runner,required,destroy_dedicated_acceptance_database,false,false,KEEP_OUT_OF_PRODUCTION_INSTALL_SET
scripts/verify/fe_scene_snapshot_guard.js,,fe_scene_snapshot_guard,TEST_FIXTURE_ONLY,"acceptance,test",explicit_acceptance_or_test_runner,required,destroy_dedicated_acceptance_database,false,false,KEEP_OUT_OF_PRODUCTION_INSTALL_SET
scripts/verify/fe_scene_target_smoke.js,,fe_scene_target_smoke,TEST_FIXTURE_ONLY,"acceptance,test",explicit_acceptance_or_test_runner,required,destroy_dedicated_acceptance_database,false,false,KEEP_OUT_OF_PRODUCTION_INSTALL_SET
scripts/verify/fe_scene_targets_resolve_smoke.js,,fe_scene_targets_resolve_smoke,TEST_FIXTURE_ONLY,"acceptance,test",explicit_acceptance_or_test_runner,required,destroy_dedicated_acceptance_database,false,false,KEEP_OUT_OF_PRODUCTION_INSTALL_SET
scripts/verify/fe_scene_tiles_semantic_smoke.js,,fe_scene_tiles_semantic_smoke,TEST_FIXTURE_ONLY,"acceptance,test",explicit_acceptance_or_test_runner,required,destroy_dedicated_acceptance_database,false,false,KEEP_OUT_OF_PRODUCTION_INSTALL_SET
scripts/verify/fe_scene_versioning_smoke.js,,fe_scene_versioning_smoke,TEST_FIXTURE_ONLY,"acceptance,test",explicit_acceptance_or_test_runner,required,destroy_dedicated_acceptance_database,false,false,KEEP_OUT_OF_PRODUCTION_INSTALL_SET
scripts/verify/fe_search_mvp_smoke.js,,fe_search_mvp_smoke,TEST_FIXTURE_ONLY,"acceptance,test",explicit_acceptance_or_test_runner,required,destroy_dedicated_acceptance_database,false,false,KEEP_OUT_OF_PRODUCTION_INSTALL_SET
scripts/verify/fe_semantic_route_smoke.js,,fe_semantic_route_smoke,TEST_FIXTURE_ONLY,"acceptance,test",explicit_acceptance_or_test_runner,required,destroy_dedicated_acceptance_database,false,false,KEEP_OUT_OF_PRODUCTION_INSTALL_SET
scripts/verify/fe_sort_mvp_smoke.js,,fe_sort_mvp_smoke,TEST_FIXTURE_ONLY,"acceptance,test",explicit_acceptance_or_test_runner,required,destroy_dedicated_acceptance_database,false,false,KEEP_OUT_OF_PRODUCTION_INSTALL_SET
scripts/verify/fe_tree_view_smoke.js,,fe_tree_view_smoke,TEST_FIXTURE_ONLY,"acceptance,test",explicit_acceptance_or_test_runner,required,destroy_dedicated_acceptance_database,false,false,KEEP_OUT_OF_PRODUCTION_INSTALL_SET
scripts/verify/fe_usage_track_concurrency_smoke.js,,fe_usage_track_concurrency_smoke,TEST_FIXTURE_ONLY,"acceptance,test",explicit_acceptance_or_test_runner,required,destroy_dedicated_acceptance_database,false,false,KEEP_OUT_OF_PRODUCTION_INSTALL_SET
scripts/verify/fe_view_contract_coverage_smoke.js,,fe_view_contract_coverage_smoke,TEST_FIXTURE_ONLY,"acceptance,test",explicit_acceptance_or_test_runner,required,destroy_dedicated_acceptance_database,false,false,KEEP_OUT_OF_PRODUCTION_INSTALL_SET
scripts/verify/fe_view_contract_shape_smoke.js,,fe_view_contract_shape_smoke,TEST_FIXTURE_ONLY,"acceptance,test",explicit_acceptance_or_test_runner,required,destroy_dedicated_acceptance_database,false,false,KEEP_OUT_OF_PRODUCTION_INSTALL_SET
scripts/verify/fe_view_render_mode_smoke.js,,fe_view_render_mode_smoke,TEST_FIXTURE_ONLY,"acceptance,test",explicit_acceptance_or_test_runner,required,destroy_dedicated_acceptance_database,false,false,KEEP_OUT_OF_PRODUCTION_INSTALL_SET
scripts/verify/fe_view_state_smoke.js,,fe_view_state_smoke,TEST_FIXTURE_ONLY,"acceptance,test",explicit_acceptance_or_test_runner,required,destroy_dedicated_acceptance_database,false,false,KEEP_OUT_OF_PRODUCTION_INSTALL_SET
scripts/verify/fe_workbench_tiles_smoke.js,,fe_workbench_tiles_smoke,TEST_FIXTURE_ONLY,"acceptance,test",explicit_acceptance_or_test_runner,required,destroy_dedicated_acceptance_database,false,false,KEEP_OUT_OF_PRODUCTION_INSTALL_SET
scripts/verify/fe_workspace_tile_navigate_smoke.js,,fe_workspace_tile_navigate_smoke,TEST_FIXTURE_ONLY,"acceptance,test",explicit_acceptance_or_test_runner,required,destroy_dedicated_acceptance_database,false,false,KEEP_OUT_OF_PRODUCTION_INSTALL_SET
scripts/verify/fe_workspace_tiles_smoke.js,,fe_workspace_tiles_smoke,TEST_FIXTURE_ONLY,"acceptance,test",explicit_acceptance_or_test_runner,required,destroy_dedicated_acceptance_database,false,false,KEEP_OUT_OF_PRODUCTION_INSTALL_SET
scripts/verify/fe_write_conflict_smoke.js,,fe_write_conflict_smoke,TEST_FIXTURE_ONLY,"acceptance,test",explicit_acceptance_or_test_runner,required,destroy_dedicated_acceptance_database,false,false,KEEP_OUT_OF_PRODUCTION_INSTALL_SET
scripts/verify/field_operation_action_audit.py,,field_operation_action_audit,TEST_FIXTURE_ONLY,"acceptance,test",explicit_acceptance_or_test_runner,required,destroy_dedicated_acceptance_database,false,false,KEEP_OUT_OF_PRODUCTION_INSTALL_SET
scripts/verify/finance_business_category_action_audit.py,,finance_business_category_action_audit,TEST_FIXTURE_ONLY,"acceptance,test",explicit_acceptance_or_test_runner,required,destroy_dedicated_acceptance_database,false,false,KEEP_OUT_OF_PRODUCTION_INSTALL_SET
scripts/verify/finance_business_category_runtime_audit.py,,finance_business_category_runtime_audit,TEST_FIXTURE_ONLY,"acceptance,test",explicit_acceptance_or_test_runner,required,destroy_dedicated_acceptance_database,false,false,KEEP_OUT_OF_PRODUCTION_INSTALL_SET
scripts/verify/finance_business_fact_projection_audit.py,,finance_business_fact_projection_audit,TEST_FIXTURE_ONLY,"acceptance,test",explicit_acceptance_or_test_runner,required,destroy_dedicated_acceptance_database,false,false,KEEP_OUT_OF_PRODUCTION_INSTALL_SET
scripts/verify/finance_business_fact_scope_audit.py,,finance_business_fact_scope_audit,TEST_FIXTURE_ONLY,"acceptance,test",explicit_acceptance_or_test_runner,required,destroy_dedicated_acceptance_database,false,false,KEEP_OUT_OF_PRODUCTION_INSTALL_SET
scripts/verify/finance_business_project_summary_audit.py,,finance_business_project_summary_audit,TEST_FIXTURE_ONLY,"acceptance,test",explicit_acceptance_or_test_runner,required,destroy_dedicated_acceptance_database,false,false,KEEP_OUT_OF_PRODUCTION_INSTALL_SET
scripts/verify/finance_counterparty_identity_quality_audit.py,,finance_counterparty_identity_quality_audit,TEST_FIXTURE_ONLY,"acceptance,test",explicit_acceptance_or_test_runner,required,destroy_dedicated_acceptance_database,false,false,KEEP_OUT_OF_PRODUCTION_INSTALL_SET
scripts/verify/finance_counterparty_position_summary_audit.py,,finance_counterparty_position_summary_audit,TEST_FIXTURE_ONLY,"acceptance,test",explicit_acceptance_or_test_runner,required,destroy_dedicated_acceptance_database,false,false,KEEP_OUT_OF_PRODUCTION_INSTALL_SET
scripts/verify/finance_downstream_traceability_audit.py,,finance_downstream_traceability_audit,TEST_FIXTURE_ONLY,"acceptance,test",explicit_acceptance_or_test_runner,required,destroy_dedicated_acceptance_database,false,false,KEEP_OUT_OF_PRODUCTION_INSTALL_SET
scripts/verify/finance_expense_approval_policy_audit.py,,finance_expense_approval_policy_audit,TEST_FIXTURE_ONLY,"acceptance,test",explicit_acceptance_or_test_runner,required,destroy_dedicated_acceptance_database,false,false,KEEP_OUT_OF_PRODUCTION_INSTALL_SET
scripts/verify/finance_expense_category_handling_policy_audit.py,,finance_expense_category_handling_policy_audit,TEST_FIXTURE_ONLY,"acceptance,test",explicit_acceptance_or_test_runner,required,destroy_dedicated_acceptance_database,false,false,KEEP_OUT_OF_PRODUCTION_INSTALL_SET
scripts/verify/finance_expense_claim_entry_context_audit.py,,finance_expense_claim_entry_context_audit,TEST_FIXTURE_ONLY,"acceptance,test",explicit_acceptance_or_test_runner,required,destroy_dedicated_acceptance_database,false,false,KEEP_OUT_OF_PRODUCTION_INSTALL_SET
scripts/verify/finance_handling_browser_acceptance.js,,finance_handling_browser_acceptance,TEST_FIXTURE_ONLY,"acceptance,test",explicit_acceptance_or_test_runner,required,destroy_dedicated_acceptance_database,false,false,KEEP_OUT_OF_PRODUCTION_INSTALL_SET
scripts/verify/finance_handling_browser_setup.py,,finance_handling_browser_setup,TEST_FIXTURE_ONLY,"acceptance,test",explicit_acceptance_or_test_runner,required,destroy_dedicated_acceptance_database,false,false,KEEP_OUT_OF_PRODUCTION_INSTALL_SET
scripts/verify/finance_handling_entry_catalog_audit.py,,finance_handling_entry_catalog_audit,TEST_FIXTURE_ONLY,"acceptance,test",explicit_acceptance_or_test_runner,required,destroy_dedicated_acceptance_database,false,false,KEEP_OUT_OF_PRODUCTION_INSTALL_SET
scripts/verify/finance_handling_evidence_audit.py,,finance_handling_evidence_audit,TEST_FIXTURE_ONLY,"acceptance,test",explicit_acceptance_or_test_runner,required,destroy_dedicated_acceptance_database,false,false,KEEP_OUT_OF_PRODUCTION_INSTALL_SET
scripts/verify/finance_handling_http_surface_smoke.py,,finance_handling_http_surface_smoke,TEST_FIXTURE_ONLY,"acceptance,test",explicit_acceptance_or_test_runner,required,destroy_dedicated_acceptance_database,false,false,KEEP_OUT_OF_PRODUCTION_INSTALL_SET
scripts/verify/finance_handling_menu_structure_audit.py,,finance_handling_menu_structure_audit,TEST_FIXTURE_ONLY,"acceptance,test",explicit_acceptance_or_test_runner,required,destroy_dedicated_acceptance_database,false,false,KEEP_OUT_OF_PRODUCTION_INSTALL_SET
scripts/verify/finance_interfund_category_handling_policy_audit.py,,finance_interfund_category_handling_policy_audit,TEST_FIXTURE_ONLY,"acceptance,test",explicit_acceptance_or_test_runner,required,destroy_dedicated_acceptance_database,false,false,KEEP_OUT_OF_PRODUCTION_INSTALL_SET
scripts/verify/finance_interfund_handling_entry_audit.py,,finance_interfund_handling_entry_audit,TEST_FIXTURE_ONLY,"acceptance,test",explicit_acceptance_or_test_runner,required,destroy_dedicated_acceptance_database,false,false,KEEP_OUT_OF_PRODUCTION_INSTALL_SET
scripts/verify/finance_interfund_position_bundle_summary.py,,finance_interfund_position_bundle_summary,TEST_FIXTURE_ONLY,"acceptance,test",explicit_acceptance_or_test_runner,required,destroy_dedicated_acceptance_database,false,false,KEEP_OUT_OF_PRODUCTION_INSTALL_SET
scripts/verify/finance_interfund_position_menu_runtime_audit.py,,finance_interfund_position_menu_runtime_audit,TEST_FIXTURE_ONLY,"acceptance,test",explicit_acceptance_or_test_runner,required,destroy_dedicated_acceptance_database,false,false,KEEP_OUT_OF_PRODUCTION_INSTALL_SET
scripts/verify/finance_interfund_product_menu_browser_acceptance.js,,finance_interfund_product_menu_browser_acceptance,TEST_FIXTURE_ONLY,"acceptance,test",explicit_acceptance_or_test_runner,required,destroy_dedicated_acceptance_database,false,false,KEEP_OUT_OF_PRODUCTION_INSTALL_SET
scripts/verify/finance_interfund_projection_static_guard.py,,finance_interfund_projection_static_guard,TEST_FIXTURE_ONLY,"acceptance,test",explicit_acceptance_or_test_runner,required,destroy_dedicated_acceptance_database,false,false,KEEP_OUT_OF_PRODUCTION_INSTALL_SET
scripts/verify/finance_legacy_cash_ledger_backfill_readiness_audit.py,,finance_legacy_cash_ledger_backfill_readiness_audit,TEST_FIXTURE_ONLY,"acceptance,test",explicit_acceptance_or_test_runner,required,destroy_dedicated_acceptance_database,false,false,KEEP_OUT_OF_PRODUCTION_INSTALL_SET
scripts/verify/finance_legacy_source_less_ledger_reconciliation_audit.py,,finance_legacy_source_less_ledger_reconciliation_audit,TEST_FIXTURE_ONLY,"acceptance,test",explicit_acceptance_or_test_runner,required,destroy_dedicated_acceptance_database,false,false,KEEP_OUT_OF_PRODUCTION_INSTALL_SET
scripts/verify/finance_p0_currency_default_audit.py,,finance_p0_currency_default_audit,TEST_FIXTURE_ONLY,"acceptance,test",explicit_acceptance_or_test_runner,required,destroy_dedicated_acceptance_database,false,false,KEEP_OUT_OF_PRODUCTION_INSTALL_SET
scripts/verify/finance_position_drilldown_usability_audit.py,,finance_position_drilldown_usability_audit,TEST_FIXTURE_ONLY,"acceptance,test",explicit_acceptance_or_test_runner,required,destroy_dedicated_acceptance_database,false,false,KEEP_OUT_OF_PRODUCTION_INSTALL_SET
scripts/verify/finance_project_capital_position_audit.py,,finance_project_capital_position_audit,TEST_FIXTURE_ONLY,"acceptance,test",explicit_acceptance_or_test_runner,required,destroy_dedicated_acceptance_database,false,false,KEEP_OUT_OF_PRODUCTION_INSTALL_SET
scripts/verify/finance_project_counterparty_position_audit.py,,finance_project_counterparty_position_audit,TEST_FIXTURE_ONLY,"acceptance,test",explicit_acceptance_or_test_runner,required,destroy_dedicated_acceptance_database,false,false,KEEP_OUT_OF_PRODUCTION_INSTALL_SET
scripts/verify/finance_relation_required_audit.py,,finance_relation_required_audit,TEST_FIXTURE_ONLY,"acceptance,test",explicit_acceptance_or_test_runner,required,destroy_dedicated_acceptance_database,false,false,KEEP_OUT_OF_PRODUCTION_INSTALL_SET
scripts/verify/finance_role_permission_audit.py,,finance_role_permission_audit,TEST_FIXTURE_ONLY,"acceptance,test",explicit_acceptance_or_test_runner,required,destroy_dedicated_acceptance_database,false,false,KEEP_OUT_OF_PRODUCTION_INSTALL_SET
scripts/verify/fixtures/sc_migration_failure_fixture/__init__.py,,__init__,TEST_FIXTURE_ONLY,"acceptance,test",explicit_acceptance_or_test_runner,required,destroy_dedicated_acceptance_database,false,false,KEEP_OUT_OF_PRODUCTION_INSTALL_SET
scripts/verify/fixtures/sc_migration_failure_fixture/__manifest__.py,,module_manifest,TEST_FIXTURE_ONLY,"acceptance,test",module_manifest,required,destroy_dedicated_acceptance_database,false,false,KEEP_OUT_OF_PRODUCTION_INSTALL_SET
scripts/verify/fixtures/sc_migration_failure_fixture/migrations/17.0.0.1.1/post-migration.py,,module_upgrade_migration,TEST_FIXTURE_ONLY,"acceptance,test",module_upgrade_migration,required,destroy_dedicated_acceptance_database,false,false,KEEP_OUT_OF_PRODUCTION_INSTALL_SET
scripts/verify/foreign_tax_certificate_visible_surface_alignment_audit.py,,foreign_tax_certificate_visible_surface_alignment_audit,TEST_FIXTURE_ONLY,"acceptance,test",explicit_acceptance_or_test_runner,required,destroy_dedicated_acceptance_database,false,false,KEEP_OUT_OF_PRODUCTION_INSTALL_SET
scripts/verify/form_accessibility_acceptance.js,,form_accessibility_acceptance,TEST_FIXTURE_ONLY,"acceptance,test",explicit_acceptance_or_test_runner,required,destroy_dedicated_acceptance_database,false,false,KEEP_OUT_OF_PRODUCTION_INSTALL_SET
scripts/verify/form_action_path_acceptance.js,,form_action_path_acceptance,TEST_FIXTURE_ONLY,"acceptance,test",explicit_acceptance_or_test_runner,required,destroy_dedicated_acceptance_database,false,false,KEEP_OUT_OF_PRODUCTION_INSTALL_SET
scripts/verify/form_attachment_delete_policy_acceptance.js,,form_attachment_delete_policy_acceptance,TEST_FIXTURE_ONLY,"acceptance,test",explicit_acceptance_or_test_runner,required,destroy_dedicated_acceptance_database,false,false,KEEP_OUT_OF_PRODUCTION_INSTALL_SET
scripts/verify/form_body_action_safety_acceptance.js,,form_body_action_safety_acceptance,TEST_FIXTURE_ONLY,"acceptance,test",explicit_acceptance_or_test_runner,required,destroy_dedicated_acceptance_database,false,false,KEEP_OUT_OF_PRODUCTION_INSTALL_SET
scripts/verify/form_business_path_acceptance.js,,form_business_path_acceptance,TEST_FIXTURE_ONLY,"acceptance,test",explicit_acceptance_or_test_runner,required,destroy_dedicated_acceptance_database,false,false,KEEP_OUT_OF_PRODUCTION_INSTALL_SET
scripts/verify/form_chatter_note_acceptance.js,,form_chatter_note_acceptance,TEST_FIXTURE_ONLY,"acceptance,test",explicit_acceptance_or_test_runner,required,destroy_dedicated_acceptance_database,false,false,KEEP_OUT_OF_PRODUCTION_INSTALL_SET
scripts/verify/form_concurrency_conflict_acceptance.js,,form_concurrency_conflict_acceptance,TEST_FIXTURE_ONLY,"acceptance,test",explicit_acceptance_or_test_runner,required,destroy_dedicated_acceptance_database,false,false,KEEP_OUT_OF_PRODUCTION_INSTALL_SET
scripts/verify/form_create_entry_acceptance.js,,form_create_entry_acceptance,TEST_FIXTURE_ONLY,"acceptance,test",explicit_acceptance_or_test_runner,required,destroy_dedicated_acceptance_database,false,false,KEEP_OUT_OF_PRODUCTION_INSTALL_SET
scripts/verify/form_edit_discard_acceptance.js,,form_edit_discard_acceptance,TEST_FIXTURE_ONLY,"acceptance,test",explicit_acceptance_or_test_runner,required,destroy_dedicated_acceptance_database,false,false,KEEP_OUT_OF_PRODUCTION_INSTALL_SET
scripts/verify/form_entry_routing_acceptance.js,,form_entry_routing_acceptance,TEST_FIXTURE_ONLY,"acceptance,test",explicit_acceptance_or_test_runner,required,destroy_dedicated_acceptance_database,false,false,KEEP_OUT_OF_PRODUCTION_INSTALL_SET
scripts/verify/form_layout_governance_guard.py,,form_layout_governance_guard,TEST_FIXTURE_ONLY,"acceptance,test",explicit_acceptance_or_test_runner,required,destroy_dedicated_acceptance_database,false,false,KEEP_OUT_OF_PRODUCTION_INSTALL_SET
scripts/verify/form_localization_acceptance.js,,form_localization_acceptance,TEST_FIXTURE_ONLY,"acceptance,test",explicit_acceptance_or_test_runner,required,destroy_dedicated_acceptance_database,false,false,KEEP_OUT_OF_PRODUCTION_INSTALL_SET
scripts/verify/form_m2_payment_request_acceptance.js,,form_m2_payment_request_acceptance,TEST_FIXTURE_ONLY,"acceptance,test",explicit_acceptance_or_test_runner,required,destroy_dedicated_acceptance_database,false,false,KEEP_OUT_OF_PRODUCTION_INSTALL_SET
scripts/verify/form_m2_payment_request_reject_acceptance.js,,form_m2_payment_request_reject_acceptance,TEST_FIXTURE_ONLY,"acceptance,test",explicit_acceptance_or_test_runner,required,destroy_dedicated_acceptance_database,false,false,KEEP_OUT_OF_PRODUCTION_INSTALL_SET
scripts/verify/form_m3_purchase_order_acceptance.js,,form_m3_purchase_order_acceptance,TEST_FIXTURE_ONLY,"acceptance,test",explicit_acceptance_or_test_runner,required,destroy_dedicated_acceptance_database,false,false,KEEP_OUT_OF_PRODUCTION_INSTALL_SET
scripts/verify/form_m3_purchase_order_line_acceptance.js,,form_m3_purchase_order_line_acceptance,TEST_FIXTURE_ONLY,"acceptance,test",explicit_acceptance_or_test_runner,required,destroy_dedicated_acceptance_database,false,false,KEEP_OUT_OF_PRODUCTION_INSTALL_SET
scripts/verify/form_m4_legacy_readonly_acceptance.js,,form_m4_legacy_readonly_acceptance,TEST_FIXTURE_ONLY,"acceptance,test",explicit_acceptance_or_test_runner,required,destroy_dedicated_acceptance_database,false,false,KEEP_OUT_OF_PRODUCTION_INSTALL_SET
scripts/verify/form_m5_dictionary_maintenance_acceptance.js,,form_m5_dictionary_maintenance_acceptance,TEST_FIXTURE_ONLY,"acceptance,test",explicit_acceptance_or_test_runner,required,destroy_dedicated_acceptance_database,false,false,KEEP_OUT_OF_PRODUCTION_INSTALL_SET
scripts/verify/form_many2many_multi_select_acceptance.js,,form_many2many_multi_select_acceptance,TEST_FIXTURE_ONLY,"acceptance,test",explicit_acceptance_or_test_runner,required,destroy_dedicated_acceptance_database,false,false,KEEP_OUT_OF_PRODUCTION_INSTALL_SET
scripts/verify/form_model_error_recovery_acceptance.js,,form_model_error_recovery_acceptance,TEST_FIXTURE_ONLY,"acceptance,test",explicit_acceptance_or_test_runner,required,destroy_dedicated_acceptance_database,false,false,KEEP_OUT_OF_PRODUCTION_INSTALL_SET
scripts/verify/form_model_tier_acceptance.js,,form_model_tier_acceptance,TEST_FIXTURE_ONLY,"acceptance,test",explicit_acceptance_or_test_runner,required,destroy_dedicated_acceptance_database,false,false,KEEP_OUT_OF_PRODUCTION_INSTALL_SET
scripts/verify/form_native_custom_gap_audit.js,,form_native_custom_gap_audit,TEST_FIXTURE_ONLY,"acceptance,test",explicit_acceptance_or_test_runner,required,destroy_dedicated_acceptance_database,false,false,KEEP_OUT_OF_PRODUCTION_INSTALL_SET
scripts/verify/form_navigation_recovery_acceptance.js,,form_navigation_recovery_acceptance,TEST_FIXTURE_ONLY,"acceptance,test",explicit_acceptance_or_test_runner,required,destroy_dedicated_acceptance_database,false,false,KEEP_OUT_OF_PRODUCTION_INSTALL_SET
scripts/verify/form_orchestration_business_usability_audit.py,,form_orchestration_business_usability_audit,TEST_FIXTURE_ONLY,"acceptance,test",explicit_acceptance_or_test_runner,required,destroy_dedicated_acceptance_database,false,false,KEEP_OUT_OF_PRODUCTION_INSTALL_SET
scripts/verify/form_primitive_fields_acceptance.js,,form_primitive_fields_acceptance,TEST_FIXTURE_ONLY,"acceptance,test",explicit_acceptance_or_test_runner,required,destroy_dedicated_acceptance_database,false,false,KEEP_OUT_OF_PRODUCTION_INSTALL_SET
scripts/verify/form_primitive_html_acceptance.js,,form_primitive_html_acceptance,TEST_FIXTURE_ONLY,"acceptance,test",explicit_acceptance_or_test_runner,required,destroy_dedicated_acceptance_database,false,false,KEEP_OUT_OF_PRODUCTION_INSTALL_SET
scripts/verify/form_primitive_numeric_date_acceptance.js,,form_primitive_numeric_date_acceptance,TEST_FIXTURE_ONLY,"acceptance,test",explicit_acceptance_or_test_runner,required,destroy_dedicated_acceptance_database,false,false,KEEP_OUT_OF_PRODUCTION_INSTALL_SET
scripts/verify/form_primitive_text_datetime_acceptance.js,,form_primitive_text_datetime_acceptance,TEST_FIXTURE_ONLY,"acceptance,test",explicit_acceptance_or_test_runner,required,destroy_dedicated_acceptance_database,false,false,KEEP_OUT_OF_PRODUCTION_INSTALL_SET
scripts/verify/form_relation_deferred_create_save_acceptance.js,,form_relation_deferred_create_save_acceptance,TEST_FIXTURE_ONLY,"acceptance,test",explicit_acceptance_or_test_runner,required,destroy_dedicated_acceptance_database,false,false,KEEP_OUT_OF_PRODUCTION_INSTALL_SET
scripts/verify/form_relation_dialog_create_entry_acceptance.js,,form_relation_dialog_create_entry_acceptance,TEST_FIXTURE_ONLY,"acceptance,test",explicit_acceptance_or_test_runner,required,destroy_dedicated_acceptance_database,false,false,KEEP_OUT_OF_PRODUCTION_INSTALL_SET
scripts/verify/form_relation_path_acceptance.js,,form_relation_path_acceptance,TEST_FIXTURE_ONLY,"acceptance,test",explicit_acceptance_or_test_runner,required,destroy_dedicated_acceptance_database,false,false,KEEP_OUT_OF_PRODUCTION_INSTALL_SET
scripts/verify/form_relation_quick_input_edge_acceptance.js,,form_relation_quick_input_edge_acceptance,TEST_FIXTURE_ONLY,"acceptance,test",explicit_acceptance_or_test_runner,required,destroy_dedicated_acceptance_database,false,false,KEEP_OUT_OF_PRODUCTION_INSTALL_SET
scripts/verify/form_role_state_acceptance.js,,form_role_state_acceptance,TEST_FIXTURE_ONLY,"acceptance,test",explicit_acceptance_or_test_runner,required,destroy_dedicated_acceptance_database,false,false,KEEP_OUT_OF_PRODUCTION_INSTALL_SET
scripts/verify/form_smart_button_overflow_acceptance.js,,form_smart_button_overflow_acceptance,TEST_FIXTURE_ONLY,"acceptance,test",explicit_acceptance_or_test_runner,required,destroy_dedicated_acceptance_database,false,false,KEEP_OUT_OF_PRODUCTION_INSTALL_SET
scripts/verify/form_status_transition_acceptance.js,,form_status_transition_acceptance,TEST_FIXTURE_ONLY,"acceptance,test",explicit_acceptance_or_test_runner,required,destroy_dedicated_acceptance_database,false,false,KEEP_OUT_OF_PRODUCTION_INSTALL_SET
scripts/verify/form_structure_business_priority_report.py,,form_structure_business_priority_report,TEST_FIXTURE_ONLY,"acceptance,test",explicit_acceptance_or_test_runner,required,destroy_dedicated_acceptance_database,false,false,KEEP_OUT_OF_PRODUCTION_INSTALL_SET
scripts/verify/form_structure_contract_runtime_audit.py,,form_structure_contract_runtime_audit,TEST_FIXTURE_ONLY,"acceptance,test",explicit_acceptance_or_test_runner,required,destroy_dedicated_acceptance_database,false,false,KEEP_OUT_OF_PRODUCTION_INSTALL_SET
scripts/verify/form_structure_contract_runtime_audit.sh,,form_structure_contract_runtime_audit,TEST_FIXTURE_ONLY,"acceptance,test",explicit_acceptance_or_test_runner,required,destroy_dedicated_acceptance_database,false,false,KEEP_OUT_OF_PRODUCTION_INSTALL_SET
scripts/verify/form_structure_contract_seed_generate.py,,form_structure_contract_seed_generate,TEST_FIXTURE_ONLY,"acceptance,test",explicit_acceptance_or_test_runner,required,destroy_dedicated_acceptance_database,false,false,KEEP_OUT_OF_PRODUCTION_INSTALL_SET
scripts/verify/form_structure_contract_standardizer_guard.py,,form_structure_contract_standardizer_guard,TEST_FIXTURE_ONLY,"acceptance,test",explicit_acceptance_or_test_runner,required,destroy_dedicated_acceptance_database,false,false,KEEP_OUT_OF_PRODUCTION_INSTALL_SET
scripts/verify/form_structure_standardization_audit.py,,form_structure_standardization_audit,TEST_FIXTURE_ONLY,"acceptance,test",explicit_acceptance_or_test_runner,required,destroy_dedicated_acceptance_database,false,false,KEEP_OUT_OF_PRODUCTION_INSTALL_SET
scripts/verify/form_structure_standardization_runtime_audit.sh,,form_structure_standardization_runtime_audit,TEST_FIXTURE_ONLY,"acceptance,test",explicit_acceptance_or_test_runner,required,destroy_dedicated_acceptance_database,false,false,KEEP_OUT_OF_PRODUCTION_INSTALL_SET
scripts/verify/form_view_native_structure_boundary_guard.py,,form_view_native_structure_boundary_guard,TEST_FIXTURE_ONLY,"acceptance,test",explicit_acceptance_or_test_runner,required,destroy_dedicated_acceptance_database,false,false,KEEP_OUT_OF_PRODUCTION_INSTALL_SET
scripts/verify/form_view_scope_action_projection_audit.py,,form_view_scope_action_projection_audit,TEST_FIXTURE_ONLY,"acceptance,test",explicit_acceptance_or_test_runner,required,destroy_dedicated_acceptance_database,false,false,KEEP_OUT_OF_PRODUCTION_INSTALL_SET
scripts/verify/form_view_scope_action_projection_audit.sh,,form_view_scope_action_projection_audit,TEST_FIXTURE_ONLY,"acceptance,test",explicit_acceptance_or_test_runner,required,destroy_dedicated_acceptance_database,false,false,KEEP_OUT_OF_PRODUCTION_INSTALL_SET
scripts/verify/form_view_scope_boundary_guard.py,,form_view_scope_boundary_guard,TEST_FIXTURE_ONLY,"acceptance,test",explicit_acceptance_or_test_runner,required,destroy_dedicated_acceptance_database,false,false,KEEP_OUT_OF_PRODUCTION_INSTALL_SET
scripts/verify/form_view_scope_runtime_chain_guard.py,,form_view_scope_runtime_chain_guard,TEST_FIXTURE_ONLY,"acceptance,test",explicit_acceptance_or_test_runner,required,destroy_dedicated_acceptance_database,false,false,KEEP_OUT_OF_PRODUCTION_INSTALL_SET
scripts/verify/form_visual_containment_acceptance.js,,form_visual_containment_acceptance,TEST_FIXTURE_ONLY,"acceptance,test",explicit_acceptance_or_test_runner,required,destroy_dedicated_acceptance_database,false,false,KEEP_OUT_OF_PRODUCTION_INSTALL_SET
scripts/verify/formal_action_runtime_drift_audit.py,,formal_action_runtime_drift_audit,TEST_FIXTURE_ONLY,"acceptance,test",explicit_acceptance_or_test_runner,required,destroy_dedicated_acceptance_database,false,false,KEEP_OUT_OF_PRODUCTION_INSTALL_SET
scripts/verify/formal_business_backfill_audit_probe.py,,formal_business_backfill_audit_probe,TEST_FIXTURE_ONLY,"acceptance,test",explicit_acceptance_or_test_runner,required,destroy_dedicated_acceptance_database,false,false,KEEP_OUT_OF_PRODUCTION_INSTALL_SET
scripts/verify/formal_business_operation_capability_matrix.py,,formal_business_operation_capability_matrix,TEST_FIXTURE_ONLY,"acceptance,test",explicit_acceptance_or_test_runner,required,destroy_dedicated_acceptance_database,false,false,KEEP_OUT_OF_PRODUCTION_INSTALL_SET
scripts/verify/formal_business_operation_core_flow_smoke.py,,formal_business_operation_core_flow_smoke,TEST_FIXTURE_ONLY,"acceptance,test",explicit_acceptance_or_test_runner,required,destroy_dedicated_acceptance_database,false,false,KEEP_OUT_OF_PRODUCTION_INSTALL_SET
scripts/verify/formal_entry_metadata_audit.py,,formal_entry_metadata_audit,TEST_FIXTURE_ONLY,"acceptance,test",explicit_acceptance_or_test_runner,required,destroy_dedicated_acceptance_database,false,false,KEEP_OUT_OF_PRODUCTION_INSTALL_SET
scripts/verify/formal_expense_execution_acceptance_alignment.js,,formal_expense_execution_acceptance_alignment,TEST_FIXTURE_ONLY,"acceptance,test",explicit_acceptance_or_test_runner,required,destroy_dedicated_acceptance_database,false,false,KEEP_OUT_OF_PRODUCTION_INSTALL_SET
scripts/verify/formal_list_surface_no_test_placeholder_guard.py,,formal_list_surface_no_test_placeholder_guard,TEST_FIXTURE_ONLY,"acceptance,test",explicit_acceptance_or_test_runner,required,destroy_dedicated_acceptance_database,false,false,KEEP_OUT_OF_PRODUCTION_INSTALL_SET
scripts/verify/formal_menu_no_legacy_carrier_guard.py,,formal_menu_no_legacy_carrier_guard,TEST_FIXTURE_ONLY,"acceptance,test",explicit_acceptance_or_test_runner,required,destroy_dedicated_acceptance_database,false,false,KEEP_OUT_OF_PRODUCTION_INSTALL_SET
scripts/verify/formal_menu_runtime_no_legacy_carrier_guard.py,,formal_menu_runtime_no_legacy_carrier_guard,TEST_FIXTURE_ONLY,"acceptance,test",explicit_acceptance_or_test_runner,required,destroy_dedicated_acceptance_database,false,false,KEEP_OUT_OF_PRODUCTION_INSTALL_SET
scripts/verify/formal_product_field_purity_guard.py,,formal_product_field_purity_guard,TEST_FIXTURE_ONLY,"acceptance,test",explicit_acceptance_or_test_runner,required,destroy_dedicated_acceptance_database,false,false,KEEP_OUT_OF_PRODUCTION_INSTALL_SET
scripts/verify/formal_projection_refresh_probe.py,,formal_projection_refresh_probe,TEST_FIXTURE_ONLY,"acceptance,test",explicit_acceptance_or_test_runner,required,destroy_dedicated_acceptance_database,false,false,KEEP_OUT_OF_PRODUCTION_INSTALL_SET
scripts/verify/formal_surface_transition_field_audit.py,,formal_surface_transition_field_audit,TEST_FIXTURE_ONLY,"acceptance,test",explicit_acceptance_or_test_runner,required,destroy_dedicated_acceptance_database,false,false,KEEP_OUT_OF_PRODUCTION_INSTALL_SET
scripts/verify/frontend_actionview_scene_specialcase_guard.py,,frontend_actionview_scene_specialcase_guard,TEST_FIXTURE_ONLY,"acceptance,test",explicit_acceptance_or_test_runner,required,destroy_dedicated_acceptance_database,false,false,KEEP_OUT_OF_PRODUCTION_INSTALL_SET
scripts/verify/frontend_api_smoke.py,,frontend_api_smoke,TEST_FIXTURE_ONLY,"acceptance,test",explicit_acceptance_or_test_runner,required,destroy_dedicated_acceptance_database,false,false,KEEP_OUT_OF_PRODUCTION_INSTALL_SET
scripts/verify/frontend_build_fingerprint.sh,,frontend_build_fingerprint,TEST_FIXTURE_ONLY,"acceptance,test",explicit_acceptance_or_test_runner,required,destroy_dedicated_acceptance_database,false,false,KEEP_OUT_OF_PRODUCTION_INSTALL_SET
scripts/verify/frontend_business_list_productization_browser.mjs,,frontend_business_list_productization_browser,TEST_FIXTURE_ONLY,"acceptance,test",explicit_acceptance_or_test_runner,required,destroy_dedicated_acceptance_database,false,false,KEEP_OUT_OF_PRODUCTION_INSTALL_SET
scripts/verify/frontend_config_workbench_navigation_boundary_guard.py,,frontend_config_workbench_navigation_boundary_guard,TEST_FIXTURE_ONLY,"acceptance,test",explicit_acceptance_or_test_runner,required,destroy_dedicated_acceptance_database,false,false,KEEP_OUT_OF_PRODUCTION_INSTALL_SET
scripts/verify/frontend_contract_consumer_intrusion_guard.py,,frontend_contract_consumer_intrusion_guard,TEST_FIXTURE_ONLY,"acceptance,test",explicit_acceptance_or_test_runner,required,destroy_dedicated_acceptance_database,false,false,KEEP_OUT_OF_PRODUCTION_INSTALL_SET
scripts/verify/frontend_contract_normalized_fields_guard.py,,frontend_contract_normalized_fields_guard,TEST_FIXTURE_ONLY,"acceptance,test",explicit_acceptance_or_test_runner,required,destroy_dedicated_acceptance_database,false,false,KEEP_OUT_OF_PRODUCTION_INSTALL_SET
scripts/verify/frontend_contract_query_context_guard.py,,frontend_contract_query_context_guard,TEST_FIXTURE_ONLY,"acceptance,test",explicit_acceptance_or_test_runner,required,destroy_dedicated_acceptance_database,false,false,KEEP_OUT_OF_PRODUCTION_INSTALL_SET
scripts/verify/frontend_contract_record_layout_guard.py,,frontend_contract_record_layout_guard,TEST_FIXTURE_ONLY,"acceptance,test",explicit_acceptance_or_test_runner,required,destroy_dedicated_acceptance_database,false,false,KEEP_OUT_OF_PRODUCTION_INSTALL_SET
scripts/verify/frontend_contract_route_guard.py,,frontend_contract_route_guard,TEST_FIXTURE_ONLY,"acceptance,test",explicit_acceptance_or_test_runner,required,destroy_dedicated_acceptance_database,false,false,KEEP_OUT_OF_PRODUCTION_INSTALL_SET
scripts/verify/frontend_contract_runtime_guard.py,,frontend_contract_runtime_guard,TEST_FIXTURE_ONLY,"acceptance,test",explicit_acceptance_or_test_runner,required,destroy_dedicated_acceptance_database,false,false,KEEP_OUT_OF_PRODUCTION_INSTALL_SET
scripts/verify/frontend_contract_text_hardcode_guard.py,,frontend_contract_text_hardcode_guard,TEST_FIXTURE_ONLY,"acceptance,test",explicit_acceptance_or_test_runner,required,destroy_dedicated_acceptance_database,false,false,KEEP_OUT_OF_PRODUCTION_INSTALL_SET
scripts/verify/frontend_core_record_form_journeys.mjs,,frontend_core_record_form_journeys,TEST_FIXTURE_ONLY,"acceptance,test",explicit_acceptance_or_test_runner,required,destroy_dedicated_acceptance_database,false,false,KEEP_OUT_OF_PRODUCTION_INSTALL_SET
scripts/verify/frontend_core_record_form_professional_audit.mjs,,frontend_core_record_form_professional_audit,TEST_FIXTURE_ONLY,"acceptance,test",explicit_acceptance_or_test_runner,required,destroy_dedicated_acceptance_database,false,false,KEEP_OUT_OF_PRODUCTION_INSTALL_SET
scripts/verify/frontend_delivery_hardening_browser.mjs,,frontend_delivery_hardening_browser,TEST_FIXTURE_ONLY,"acceptance,test",explicit_acceptance_or_test_runner,required,destroy_dedicated_acceptance_database,false,false,KEEP_OUT_OF_PRODUCTION_INSTALL_SET
scripts/verify/frontend_delivery_hardening_guard.py,,frontend_delivery_hardening_guard,TEST_FIXTURE_ONLY,"acceptance,test",explicit_acceptance_or_test_runner,required,destroy_dedicated_acceptance_database,false,false,KEEP_OUT_OF_PRODUCTION_INSTALL_SET
scripts/verify/frontend_delivery_hardening_runtime_ids.py,,frontend_delivery_hardening_runtime_ids,TEST_FIXTURE_ONLY,"acceptance,test",explicit_acceptance_or_test_runner,required,destroy_dedicated_acceptance_database,false,false,KEEP_OUT_OF_PRODUCTION_INSTALL_SET
scripts/verify/frontend_delivery_ui_inventory.py,,frontend_delivery_ui_inventory,TEST_FIXTURE_ONLY,"acceptance,test",explicit_acceptance_or_test_runner,required,destroy_dedicated_acceptance_database,false,false,KEEP_OUT_OF_PRODUCTION_INSTALL_SET
scripts/verify/frontend_detail_form_productization_browser.mjs,,frontend_detail_form_productization_browser,TEST_FIXTURE_ONLY,"acceptance,test",explicit_acceptance_or_test_runner,required,destroy_dedicated_acceptance_database,false,false,KEEP_OUT_OF_PRODUCTION_INSTALL_SET
scripts/verify/frontend_detail_form_productization_guard.py,,frontend_detail_form_productization_guard,TEST_FIXTURE_ONLY,"acceptance,test",explicit_acceptance_or_test_runner,required,destroy_dedicated_acceptance_database,false,false,KEEP_OUT_OF_PRODUCTION_INSTALL_SET
scripts/verify/frontend_error_context_contract_guard.py,,frontend_error_context_contract_guard,TEST_FIXTURE_ONLY,"acceptance,test",explicit_acceptance_or_test_runner,required,destroy_dedicated_acceptance_database,false,false,KEEP_OUT_OF_PRODUCTION_INSTALL_SET
scripts/verify/frontend_financial_workspace_action_smoke.py,,frontend_financial_workspace_action_smoke,TEST_FIXTURE_ONLY,"acceptance,test",explicit_acceptance_or_test_runner,required,destroy_dedicated_acceptance_database,false,false,KEEP_OUT_OF_PRODUCTION_INSTALL_SET
scripts/verify/frontend_financial_workspace_browser.mjs,,frontend_financial_workspace_browser,TEST_FIXTURE_ONLY,"acceptance,test",explicit_acceptance_or_test_runner,required,destroy_dedicated_acceptance_database,false,false,KEEP_OUT_OF_PRODUCTION_INSTALL_SET
scripts/verify/frontend_financial_workspace_guard.py,,frontend_financial_workspace_guard,TEST_FIXTURE_ONLY,"acceptance,test",explicit_acceptance_or_test_runner,required,destroy_dedicated_acceptance_database,false,false,KEEP_OUT_OF_PRODUCTION_INSTALL_SET
scripts/verify/frontend_financial_workspace_runtime.py,,frontend_financial_workspace_runtime,TEST_FIXTURE_ONLY,"acceptance,test",explicit_acceptance_or_test_runner,required,destroy_dedicated_acceptance_database,false,false,KEEP_OUT_OF_PRODUCTION_INSTALL_SET
scripts/verify/frontend_financial_workspace_runtime_ids.py,,frontend_financial_workspace_runtime_ids,TEST_FIXTURE_ONLY,"acceptance,test",explicit_acceptance_or_test_runner,required,destroy_dedicated_acceptance_database,false,false,KEEP_OUT_OF_PRODUCTION_INSTALL_SET
scripts/verify/frontend_financial_workspace_v2_contract.py,,frontend_financial_workspace_v2_contract,TEST_FIXTURE_ONLY,"acceptance,test",explicit_acceptance_or_test_runner,required,destroy_dedicated_acceptance_database,false,false,KEEP_OUT_OF_PRODUCTION_INSTALL_SET
scripts/verify/frontend_form_canvas_layout_contract_test.ts,,frontend_form_canvas_layout_contract_test,TEST_FIXTURE_ONLY,"acceptance,test",explicit_acceptance_or_test_runner,required,destroy_dedicated_acceptance_database,false,false,KEEP_OUT_OF_PRODUCTION_INSTALL_SET
scripts/verify/frontend_form_canvas_wide_grid_guard.py,,frontend_form_canvas_wide_grid_guard,TEST_FIXTURE_ONLY,"acceptance,test",explicit_acceptance_or_test_runner,required,destroy_dedicated_acceptance_database,false,false,KEEP_OUT_OF_PRODUCTION_INSTALL_SET
scripts/verify/frontend_form_grid_span_browser.mjs,,frontend_form_grid_span_browser,TEST_FIXTURE_ONLY,"acceptance,test",explicit_acceptance_or_test_runner,required,destroy_dedicated_acceptance_database,false,false,KEEP_OUT_OF_PRODUCTION_INSTALL_SET
scripts/verify/frontend_form_loading_continuity_guard.py,,frontend_form_loading_continuity_guard,TEST_FIXTURE_ONLY,"acceptance,test",explicit_acceptance_or_test_runner,required,destroy_dedicated_acceptance_database,false,false,KEEP_OUT_OF_PRODUCTION_INSTALL_SET
scripts/verify/frontend_home_layout_section_coverage_guard.py,,frontend_home_layout_section_coverage_guard,TEST_FIXTURE_ONLY,"acceptance,test",explicit_acceptance_or_test_runner,required,destroy_dedicated_acceptance_database,false,false,KEEP_OUT_OF_PRODUCTION_INSTALL_SET
scripts/verify/frontend_home_orchestration_consumption_guard.py,,frontend_home_orchestration_consumption_guard,TEST_FIXTURE_ONLY,"acceptance,test",explicit_acceptance_or_test_runner,required,destroy_dedicated_acceptance_database,false,false,KEEP_OUT_OF_PRODUCTION_INSTALL_SET
scripts/verify/frontend_home_suggestion_semantics_guard.py,,frontend_home_suggestion_semantics_guard,TEST_FIXTURE_ONLY,"acceptance,test",explicit_acceptance_or_test_runner,required,destroy_dedicated_acceptance_database,false,false,KEEP_OUT_OF_PRODUCTION_INSTALL_SET
scripts/verify/frontend_intent_channel_guard.py,,frontend_intent_channel_guard,TEST_FIXTURE_ONLY,"acceptance,test",explicit_acceptance_or_test_runner,required,destroy_dedicated_acceptance_database,false,false,KEEP_OUT_OF_PRODUCTION_INSTALL_SET
scripts/verify/frontend_list_contract_rendering_guard.py,,frontend_list_contract_rendering_guard,TEST_FIXTURE_ONLY,"acceptance,test",explicit_acceptance_or_test_runner,required,destroy_dedicated_acceptance_database,false,false,KEEP_OUT_OF_PRODUCTION_INSTALL_SET
scripts/verify/frontend_my_work_approval_browser.mjs,,frontend_my_work_approval_browser,TEST_FIXTURE_ONLY,"acceptance,test",explicit_acceptance_or_test_runner,required,destroy_dedicated_acceptance_database,false,false,KEEP_OUT_OF_PRODUCTION_INSTALL_SET
scripts/verify/frontend_my_work_approval_guard.py,,frontend_my_work_approval_guard,TEST_FIXTURE_ONLY,"acceptance,test",explicit_acceptance_or_test_runner,required,destroy_dedicated_acceptance_database,false,false,KEEP_OUT_OF_PRODUCTION_INSTALL_SET
scripts/verify/frontend_my_work_approval_runtime.py,,frontend_my_work_approval_runtime,TEST_FIXTURE_ONLY,"acceptance,test",explicit_acceptance_or_test_runner,required,destroy_dedicated_acceptance_database,false,false,KEEP_OUT_OF_PRODUCTION_INSTALL_SET
scripts/verify/frontend_my_work_approval_runtime_ids.py,,frontend_my_work_approval_runtime_ids,TEST_FIXTURE_ONLY,"acceptance,test",explicit_acceptance_or_test_runner,required,destroy_dedicated_acceptance_database,false,false,KEEP_OUT_OF_PRODUCTION_INSTALL_SET
scripts/verify/frontend_my_work_block_migration_guard.py,,frontend_my_work_block_migration_guard,TEST_FIXTURE_ONLY,"acceptance,test",explicit_acceptance_or_test_runner,required,destroy_dedicated_acceptance_database,false,false,KEEP_OUT_OF_PRODUCTION_INSTALL_SET
scripts/verify/frontend_navigation_access_consistency_browser.mjs,,frontend_navigation_access_consistency_browser,TEST_FIXTURE_ONLY,"acceptance,test",explicit_acceptance_or_test_runner,required,destroy_dedicated_acceptance_database,false,false,KEEP_OUT_OF_PRODUCTION_INSTALL_SET
scripts/verify/frontend_navigation_access_runtime_ids.py,,frontend_navigation_access_runtime_ids,TEST_FIXTURE_ONLY,"acceptance,test",explicit_acceptance_or_test_runner,required,destroy_dedicated_acceptance_database,false,false,KEEP_OUT_OF_PRODUCTION_INSTALL_SET
scripts/verify/frontend_navigation_audit.mjs,,frontend_navigation_audit,TEST_FIXTURE_ONLY,"acceptance,test",explicit_acceptance_or_test_runner,required,destroy_dedicated_acceptance_database,false,false,KEEP_OUT_OF_PRODUCTION_INSTALL_SET
scripts/verify/frontend_navigation_audit.test.mjs,,frontend_navigation_audit.test,TEST_FIXTURE_ONLY,"acceptance,test",explicit_acceptance_or_test_runner,required,destroy_dedicated_acceptance_database,false,false,KEEP_OUT_OF_PRODUCTION_INSTALL_SET
scripts/verify/frontend_no_base_contract_direct_consume_guard.py,,frontend_no_base_contract_direct_consume_guard,TEST_FIXTURE_ONLY,"acceptance,test",explicit_acceptance_or_test_runner,required,destroy_dedicated_acceptance_database,false,false,KEEP_OUT_OF_PRODUCTION_INSTALL_SET
scripts/verify/frontend_page_block_registry_guard.py,,frontend_page_block_registry_guard,TEST_FIXTURE_ONLY,"acceptance,test",explicit_acceptance_or_test_runner,required,destroy_dedicated_acceptance_database,false,false,KEEP_OUT_OF_PRODUCTION_INSTALL_SET
scripts/verify/frontend_page_block_renderer_smoke_guard.py,,frontend_page_block_renderer_smoke_guard,TEST_FIXTURE_ONLY,"acceptance,test",explicit_acceptance_or_test_runner,required,destroy_dedicated_acceptance_database,false,false,KEEP_OUT_OF_PRODUCTION_INSTALL_SET
scripts/verify/frontend_page_block_visual_snapshot_guard.py,,frontend_page_block_visual_snapshot_guard,TEST_FIXTURE_ONLY,"acceptance,test",explicit_acceptance_or_test_runner,required,destroy_dedicated_acceptance_database,false,false,KEEP_OUT_OF_PRODUCTION_INSTALL_SET
scripts/verify/frontend_page_contract_boundary_guard.py,,frontend_page_contract_boundary_guard,TEST_FIXTURE_ONLY,"acceptance,test",explicit_acceptance_or_test_runner,required,destroy_dedicated_acceptance_database,false,false,KEEP_OUT_OF_PRODUCTION_INSTALL_SET
scripts/verify/frontend_page_contract_key_consistency_guard.py,,frontend_page_contract_key_consistency_guard,TEST_FIXTURE_ONLY,"acceptance,test",explicit_acceptance_or_test_runner,required,destroy_dedicated_acceptance_database,false,false,KEEP_OUT_OF_PRODUCTION_INSTALL_SET
scripts/verify/frontend_page_contract_orchestration_consumption_guard.py,,frontend_page_contract_orchestration_consumption_guard,TEST_FIXTURE_ONLY,"acceptance,test",explicit_acceptance_or_test_runner,required,destroy_dedicated_acceptance_database,false,false,KEEP_OUT_OF_PRODUCTION_INSTALL_SET
scripts/verify/frontend_page_contract_runtime_universal_guard.py,,frontend_page_contract_runtime_universal_guard,TEST_FIXTURE_ONLY,"acceptance,test",explicit_acceptance_or_test_runner,required,destroy_dedicated_acceptance_database,false,false,KEEP_OUT_OF_PRODUCTION_INSTALL_SET
scripts/verify/frontend_page_contract_section_style_coverage_guard.py,,frontend_page_contract_section_style_coverage_guard,TEST_FIXTURE_ONLY,"acceptance,test",explicit_acceptance_or_test_runner,required,destroy_dedicated_acceptance_database,false,false,KEEP_OUT_OF_PRODUCTION_INSTALL_SET
scripts/verify/frontend_page_contract_section_tag_coverage_guard.py,,frontend_page_contract_section_tag_coverage_guard,TEST_FIXTURE_ONLY,"acceptance,test",explicit_acceptance_or_test_runner,required,destroy_dedicated_acceptance_database,false,false,KEEP_OUT_OF_PRODUCTION_INSTALL_SET
scripts/verify/frontend_page_contract_sections_coverage_guard.py,,frontend_page_contract_sections_coverage_guard,TEST_FIXTURE_ONLY,"acceptance,test",explicit_acceptance_or_test_runner,required,destroy_dedicated_acceptance_database,false,false,KEEP_OUT_OF_PRODUCTION_INSTALL_SET
scripts/verify/frontend_page_identity_deep_browser.mjs,,frontend_page_identity_deep_browser,TEST_FIXTURE_ONLY,"acceptance,test",explicit_acceptance_or_test_runner,required,destroy_dedicated_acceptance_database,false,false,KEEP_OUT_OF_PRODUCTION_INSTALL_SET
scripts/verify/frontend_page_identity_deep_runtime.py,,frontend_page_identity_deep_runtime,TEST_FIXTURE_ONLY,"acceptance,test",explicit_acceptance_or_test_runner,required,destroy_dedicated_acceptance_database,false,false,KEEP_OUT_OF_PRODUCTION_INSTALL_SET
scripts/verify/frontend_page_identity_guard.py,,frontend_page_identity_guard,TEST_FIXTURE_ONLY,"acceptance,test",explicit_acceptance_or_test_runner,required,destroy_dedicated_acceptance_database,false,false,KEEP_OUT_OF_PRODUCTION_INSTALL_SET
scripts/verify/frontend_page_identity_lifecycle_smoke.js,,frontend_page_identity_lifecycle_smoke,TEST_FIXTURE_ONLY,"acceptance,test",explicit_acceptance_or_test_runner,required,destroy_dedicated_acceptance_database,false,false,KEEP_OUT_OF_PRODUCTION_INSTALL_SET
scripts/verify/frontend_page_identity_runtime_metadata.py,,frontend_page_identity_runtime_metadata,TEST_FIXTURE_ONLY,"acceptance,test",explicit_acceptance_or_test_runner,required,destroy_dedicated_acceptance_database,false,false,KEEP_OUT_OF_PRODUCTION_INSTALL_SET
scripts/verify/frontend_page_identity_smoke.js,,frontend_page_identity_smoke,TEST_FIXTURE_ONLY,"acceptance,test",explicit_acceptance_or_test_runner,required,destroy_dedicated_acceptance_database,false,false,KEEP_OUT_OF_PRODUCTION_INSTALL_SET
scripts/verify/frontend_page_legacy_renderer_residue_guard.py,,frontend_page_legacy_renderer_residue_guard,TEST_FIXTURE_ONLY,"acceptance,test",explicit_acceptance_or_test_runner,required,destroy_dedicated_acceptance_database,false,false,KEEP_OUT_OF_PRODUCTION_INSTALL_SET
scripts/verify/frontend_page_renderer_default_guard.py,,frontend_page_renderer_default_guard,TEST_FIXTURE_ONLY,"acceptance,test",explicit_acceptance_or_test_runner,required,destroy_dedicated_acceptance_database,false,false,KEEP_OUT_OF_PRODUCTION_INSTALL_SET
scripts/verify/frontend_performance_budget.mjs,,frontend_performance_budget,TEST_FIXTURE_ONLY,"acceptance,test",explicit_acceptance_or_test_runner,required,destroy_dedicated_acceptance_database,false,false,KEEP_OUT_OF_PRODUCTION_INSTALL_SET
scripts/verify/frontend_performance_budget.test.mjs,,frontend_performance_budget.test,TEST_FIXTURE_ONLY,"acceptance,test",explicit_acceptance_or_test_runner,required,destroy_dedicated_acceptance_database,false,false,KEEP_OUT_OF_PRODUCTION_INSTALL_SET
scripts/verify/frontend_pilot_readiness_guard.py,,frontend_pilot_readiness_guard,TEST_FIXTURE_ONLY,"acceptance,test",explicit_acceptance_or_test_runner,required,destroy_dedicated_acceptance_database,false,false,KEEP_OUT_OF_PRODUCTION_INSTALL_SET
scripts/verify/frontend_platform_runtime_config_guard.py,,frontend_platform_runtime_config_guard,TEST_FIXTURE_ONLY,"acceptance,test",explicit_acceptance_or_test_runner,required,destroy_dedicated_acceptance_database,false,false,KEEP_OUT_OF_PRODUCTION_INSTALL_SET
scripts/verify/frontend_portal_dashboard_block_migration_guard.py,,frontend_portal_dashboard_block_migration_guard,TEST_FIXTURE_ONLY,"acceptance,test",explicit_acceptance_or_test_runner,required,destroy_dedicated_acceptance_database,false,false,KEEP_OUT_OF_PRODUCTION_INSTALL_SET
scripts/verify/frontend_product_contract_consumption_guard.py,,frontend_product_contract_consumption_guard,TEST_FIXTURE_ONLY,"acceptance,test",explicit_acceptance_or_test_runner,required,destroy_dedicated_acceptance_database,false,false,KEEP_OUT_OF_PRODUCTION_INSTALL_SET
scripts/verify/frontend_product_design_system_audit.mjs,,frontend_product_design_system_audit,TEST_FIXTURE_ONLY,"acceptance,test",explicit_acceptance_or_test_runner,required,destroy_dedicated_acceptance_database,false,false,KEEP_OUT_OF_PRODUCTION_INSTALL_SET
scripts/verify/frontend_product_design_system_metrics.py,,frontend_product_design_system_metrics,TEST_FIXTURE_ONLY,"acceptance,test",explicit_acceptance_or_test_runner,required,destroy_dedicated_acceptance_database,false,false,KEEP_OUT_OF_PRODUCTION_INSTALL_SET
scripts/verify/frontend_product_language_guard.py,,frontend_product_language_guard,TEST_FIXTURE_ONLY,"acceptance,test",explicit_acceptance_or_test_runner,required,destroy_dedicated_acceptance_database,false,false,KEEP_OUT_OF_PRODUCTION_INSTALL_SET
scripts/verify/frontend_productization_fixture.py,,frontend_productization_fixture,TEST_FIXTURE_ONLY,"acceptance,test",explicit_acceptance_or_test_runner,required,destroy_dedicated_acceptance_database,false,false,KEEP_OUT_OF_PRODUCTION_INSTALL_SET
scripts/verify/frontend_productization_fixture.sh,,frontend_productization_fixture,TEST_FIXTURE_ONLY,"acceptance,test",explicit_acceptance_or_test_runner,required,destroy_dedicated_acceptance_database,false,false,KEEP_OUT_OF_PRODUCTION_INSTALL_SET
scripts/verify/frontend_productization_fixture_browser.mjs,,frontend_productization_fixture_browser,TEST_FIXTURE_ONLY,"acceptance,test",explicit_acceptance_or_test_runner,required,destroy_dedicated_acceptance_database,false,false,KEEP_OUT_OF_PRODUCTION_INSTALL_SET
scripts/verify/frontend_productization_fixture_guard.sh,,frontend_productization_fixture_guard,TEST_FIXTURE_ONLY,"acceptance,test",explicit_acceptance_or_test_runner,required,destroy_dedicated_acceptance_database,false,false,KEEP_OUT_OF_PRODUCTION_INSTALL_SET
scripts/verify/frontend_productization_fixture_nonfixture_regression.py,,frontend_productization_fixture_nonfixture_regression,TEST_FIXTURE_ONLY,"acceptance,test",explicit_acceptance_or_test_runner,required,destroy_dedicated_acceptance_database,false,false,KEEP_OUT_OF_PRODUCTION_INSTALL_SET
scripts/verify/frontend_productization_fixture_runtime_ids.py,,frontend_productization_fixture_runtime_ids,TEST_FIXTURE_ONLY,"acceptance,test",explicit_acceptance_or_test_runner,required,destroy_dedicated_acceptance_database,false,false,KEEP_OUT_OF_PRODUCTION_INSTALL_SET
scripts/verify/frontend_productization_history_fingerprint.py,,frontend_productization_history_fingerprint,TEST_FIXTURE_ONLY,"acceptance,test",explicit_acceptance_or_test_runner,required,destroy_dedicated_acceptance_database,false,false,KEEP_OUT_OF_PRODUCTION_INSTALL_SET
scripts/verify/frontend_project_management_scene_bridge_guard.py,,frontend_project_management_scene_bridge_guard,TEST_FIXTURE_ONLY,"acceptance,test",explicit_acceptance_or_test_runner,required,destroy_dedicated_acceptance_database,false,false,KEEP_OUT_OF_PRODUCTION_INSTALL_SET
scripts/verify/frontend_release_audit.py,,frontend_release_audit,TEST_FIXTURE_ONLY,"acceptance,test",explicit_acceptance_or_test_runner,required,destroy_dedicated_acceptance_database,false,false,KEEP_OUT_OF_PRODUCTION_INSTALL_SET
scripts/verify/frontend_release_ci_guard.py,,frontend_release_ci_guard,TEST_FIXTURE_ONLY,"acceptance,test",explicit_acceptance_or_test_runner,required,destroy_dedicated_acceptance_database,false,false,KEEP_OUT_OF_PRODUCTION_INSTALL_SET
scripts/verify/frontend_release_evidence_bundle.py,,frontend_release_evidence_bundle,TEST_FIXTURE_ONLY,"acceptance,test",explicit_acceptance_or_test_runner,required,destroy_dedicated_acceptance_database,false,false,KEEP_OUT_OF_PRODUCTION_INSTALL_SET
scripts/verify/frontend_release_gate.py,,frontend_release_gate,TEST_FIXTURE_ONLY,"acceptance,test",explicit_acceptance_or_test_runner,required,destroy_dedicated_acceptance_database,false,false,KEEP_OUT_OF_PRODUCTION_INSTALL_SET
scripts/verify/frontend_release_navigation_policy_guard.py,,frontend_release_navigation_policy_guard,TEST_FIXTURE_ONLY,"acceptance,test",explicit_acceptance_or_test_runner,required,destroy_dedicated_acceptance_database,false,false,KEEP_OUT_OF_PRODUCTION_INSTALL_SET
scripts/verify/frontend_role_home_professional_audit.mjs,,frontend_role_home_professional_audit,TEST_FIXTURE_ONLY,"acceptance,test",explicit_acceptance_or_test_runner,required,destroy_dedicated_acceptance_database,false,false,KEEP_OUT_OF_PRODUCTION_INSTALL_SET
scripts/verify/frontend_runtime_navigation_hud_guard.py,,frontend_runtime_navigation_hud_guard,TEST_FIXTURE_ONLY,"acceptance,test",explicit_acceptance_or_test_runner,required,destroy_dedicated_acceptance_database,false,false,KEEP_OUT_OF_PRODUCTION_INSTALL_SET
scripts/verify/frontend_scene_contract_auto_render_guard.py,,frontend_scene_contract_auto_render_guard,TEST_FIXTURE_ONLY,"acceptance,test",explicit_acceptance_or_test_runner,required,destroy_dedicated_acceptance_database,false,false,KEEP_OUT_OF_PRODUCTION_INSTALL_SET
scripts/verify/frontend_scene_contract_v1_consumption_guard.py,,frontend_scene_contract_v1_consumption_guard,TEST_FIXTURE_ONLY,"acceptance,test",explicit_acceptance_or_test_runner,required,destroy_dedicated_acceptance_database,false,false,KEEP_OUT_OF_PRODUCTION_INSTALL_SET
scripts/verify/frontend_scene_governance_consumption_guard.py,,frontend_scene_governance_consumption_guard,TEST_FIXTURE_ONLY,"acceptance,test",explicit_acceptance_or_test_runner,required,destroy_dedicated_acceptance_database,false,false,KEEP_OUT_OF_PRODUCTION_INSTALL_SET
scripts/verify/frontend_scene_record_semantics_guard.py,,frontend_scene_record_semantics_guard,TEST_FIXTURE_ONLY,"acceptance,test",explicit_acceptance_or_test_runner,required,destroy_dedicated_acceptance_database,false,false,KEEP_OUT_OF_PRODUCTION_INSTALL_SET
scripts/verify/frontend_shared_surface_semantic_boundary_guard.py,,frontend_shared_surface_semantic_boundary_guard,TEST_FIXTURE_ONLY,"acceptance,test",explicit_acceptance_or_test_runner,required,destroy_dedicated_acceptance_database,false,false,KEEP_OUT_OF_PRODUCTION_INSTALL_SET
scripts/verify/frontend_shell_usability_browser.mjs,,frontend_shell_usability_browser,TEST_FIXTURE_ONLY,"acceptance,test",explicit_acceptance_or_test_runner,required,destroy_dedicated_acceptance_database,false,false,KEEP_OUT_OF_PRODUCTION_INSTALL_SET
scripts/verify/frontend_standard_list_scroll_contract_guard.py,,frontend_standard_list_scroll_contract_guard,TEST_FIXTURE_ONLY,"acceptance,test",explicit_acceptance_or_test_runner,required,destroy_dedicated_acceptance_database,false,false,KEEP_OUT_OF_PRODUCTION_INSTALL_SET
scripts/verify/frontend_static_release_audit.py,,frontend_static_release_audit,TEST_FIXTURE_ONLY,"acceptance,test",explicit_acceptance_or_test_runner,required,destroy_dedicated_acceptance_database,false,false,KEEP_OUT_OF_PRODUCTION_INSTALL_SET
scripts/verify/frontend_style_system_guard.py,,frontend_style_system_guard,TEST_FIXTURE_ONLY,"acceptance,test",explicit_acceptance_or_test_runner,required,destroy_dedicated_acceptance_database,false,false,KEEP_OUT_OF_PRODUCTION_INSTALL_SET
scripts/verify/frontend_v2_policy_projection_guard.py,,frontend_v2_policy_projection_guard,TEST_FIXTURE_ONLY,"acceptance,test",explicit_acceptance_or_test_runner,required,destroy_dedicated_acceptance_database,false,false,KEEP_OUT_OF_PRODUCTION_INSTALL_SET
scripts/verify/frontend_work_center_list_professional_audit.mjs,,frontend_work_center_list_professional_audit,TEST_FIXTURE_ONLY,"acceptance,test",explicit_acceptance_or_test_runner,required,destroy_dedicated_acceptance_database,false,false,KEEP_OUT_OF_PRODUCTION_INSTALL_SET
scripts/verify/frontend_workbench_block_migration_guard.py,,frontend_workbench_block_migration_guard,TEST_FIXTURE_ONLY,"acceptance,test",explicit_acceptance_or_test_runner,required,destroy_dedicated_acceptance_database,false,false,KEEP_OUT_OF_PRODUCTION_INSTALL_SET
scripts/verify/frontend_workspace_content_alignment_guard.py,,frontend_workspace_content_alignment_guard,TEST_FIXTURE_ONLY,"acceptance,test",explicit_acceptance_or_test_runner,required,destroy_dedicated_acceptance_database,false,false,KEEP_OUT_OF_PRODUCTION_INSTALL_SET
scripts/verify/frontend_workspace_layout_contract_compatibility_test.ts,,frontend_workspace_layout_contract_compatibility_test,TEST_FIXTURE_ONLY,"acceptance,test",explicit_acceptance_or_test_runner,required,destroy_dedicated_acceptance_database,false,false,KEEP_OUT_OF_PRODUCTION_INSTALL_SET
scripts/verify/full_product_capability_scope_audit.py,,full_product_capability_scope_audit,TEST_FIXTURE_ONLY,"acceptance,test",explicit_acceptance_or_test_runner,required,destroy_dedicated_acceptance_database,false,false,KEEP_OUT_OF_PRODUCTION_INSTALL_SET
scripts/verify/fund_account_balance_backfill_readiness_audit.py,,fund_account_balance_backfill_readiness_audit,TEST_FIXTURE_ONLY,"acceptance,test",explicit_acceptance_or_test_runner,required,destroy_dedicated_acceptance_database,false,false,KEEP_OUT_OF_PRODUCTION_INSTALL_SET
scripts/verify/fund_daily_handling_audit.py,,fund_daily_handling_audit,TEST_FIXTURE_ONLY,"acceptance,test",explicit_acceptance_or_test_runner,required,destroy_dedicated_acceptance_database,false,false,KEEP_OUT_OF_PRODUCTION_INSTALL_SET
scripts/verify/generate_field_arch_p0_02_evidence.py,,generate_field_arch_p0_02_evidence,TEST_FIXTURE_ONLY,"acceptance,test",explicit_acceptance_or_test_runner,required,destroy_dedicated_acceptance_database,false,false,KEEP_OUT_OF_PRODUCTION_INSTALL_SET
scripts/verify/github_actions_security_guard.py,,github_actions_security_guard,TEST_FIXTURE_ONLY,"acceptance,test",explicit_acceptance_or_test_runner,required,destroy_dedicated_acceptance_database,false,false,KEEP_OUT_OF_PRODUCTION_INSTALL_SET
scripts/verify/github_non_mirror_push_denied.sh,,github_non_mirror_push_denied,TEST_FIXTURE_ONLY,"acceptance,test",explicit_acceptance_or_test_runner,required,destroy_dedicated_acceptance_database,false,false,KEEP_OUT_OF_PRODUCTION_INSTALL_SET
scripts/verify/governed_surface_policy_guard.py,,governed_surface_policy_guard,TEST_FIXTURE_ONLY,"acceptance,test",explicit_acceptance_or_test_runner,required,destroy_dedicated_acceptance_database,false,false,KEEP_OUT_OF_PRODUCTION_INSTALL_SET
scripts/verify/group_summary_runtime_guard.py,,group_summary_runtime_guard,TEST_FIXTURE_ONLY,"acceptance,test",explicit_acceptance_or_test_runner,required,destroy_dedicated_acceptance_database,false,false,KEEP_OUT_OF_PRODUCTION_INSTALL_SET
scripts/verify/grouped_contract_consistency_guard.py,,grouped_contract_consistency_guard,TEST_FIXTURE_ONLY,"acceptance,test",explicit_acceptance_or_test_runner,required,destroy_dedicated_acceptance_database,false,false,KEEP_OUT_OF_PRODUCTION_INSTALL_SET
scripts/verify/grouped_drift_summary_baseline_guard.py,,grouped_drift_summary_baseline_guard,TEST_FIXTURE_ONLY,"acceptance,test",explicit_acceptance_or_test_runner,required,destroy_dedicated_acceptance_database,false,false,KEEP_OUT_OF_PRODUCTION_INSTALL_SET
scripts/verify/grouped_drift_summary_guard.py,,grouped_drift_summary_guard,TEST_FIXTURE_ONLY,"acceptance,test",explicit_acceptance_or_test_runner,required,destroy_dedicated_acceptance_database,false,false,KEEP_OUT_OF_PRODUCTION_INSTALL_SET
scripts/verify/grouped_drift_summary_schema_guard.py,,grouped_drift_summary_schema_guard,TEST_FIXTURE_ONLY,"acceptance,test",explicit_acceptance_or_test_runner,required,destroy_dedicated_acceptance_database,false,false,KEEP_OUT_OF_PRODUCTION_INSTALL_SET
scripts/verify/grouped_governance_brief_baseline_guard.py,,grouped_governance_brief_baseline_guard,TEST_FIXTURE_ONLY,"acceptance,test",explicit_acceptance_or_test_runner,required,destroy_dedicated_acceptance_database,false,false,KEEP_OUT_OF_PRODUCTION_INSTALL_SET
scripts/verify/grouped_governance_brief_guard.py,,grouped_governance_brief_guard,TEST_FIXTURE_ONLY,"acceptance,test",explicit_acceptance_or_test_runner,required,destroy_dedicated_acceptance_database,false,false,KEEP_OUT_OF_PRODUCTION_INSTALL_SET
scripts/verify/grouped_governance_brief_schema_guard.py,,grouped_governance_brief_schema_guard,TEST_FIXTURE_ONLY,"acceptance,test",explicit_acceptance_or_test_runner,required,destroy_dedicated_acceptance_database,false,false,KEEP_OUT_OF_PRODUCTION_INSTALL_SET
scripts/verify/grouped_governance_policy_matrix.py,,grouped_governance_policy_matrix,TEST_FIXTURE_ONLY,"acceptance,test",explicit_acceptance_or_test_runner,required,destroy_dedicated_acceptance_database,false,false,KEEP_OUT_OF_PRODUCTION_INSTALL_SET
scripts/verify/grouped_governance_policy_matrix_schema_guard.py,,grouped_governance_policy_matrix_schema_guard,TEST_FIXTURE_ONLY,"acceptance,test",explicit_acceptance_or_test_runner,required,destroy_dedicated_acceptance_database,false,false,KEEP_OUT_OF_PRODUCTION_INSTALL_SET
scripts/verify/grouped_governance_trend_consistency_baseline_guard.py,,grouped_governance_trend_consistency_baseline_guard,TEST_FIXTURE_ONLY,"acceptance,test",explicit_acceptance_or_test_runner,required,destroy_dedicated_acceptance_database,false,false,KEEP_OUT_OF_PRODUCTION_INSTALL_SET
scripts/verify/grouped_governance_trend_consistency_guard.py,,grouped_governance_trend_consistency_guard,TEST_FIXTURE_ONLY,"acceptance,test",explicit_acceptance_or_test_runner,required,destroy_dedicated_acceptance_database,false,false,KEEP_OUT_OF_PRODUCTION_INSTALL_SET
scripts/verify/grouped_governance_trend_consistency_schema_guard.py,,grouped_governance_trend_consistency_schema_guard,TEST_FIXTURE_ONLY,"acceptance,test",explicit_acceptance_or_test_runner,required,destroy_dedicated_acceptance_database,false,false,KEEP_OUT_OF_PRODUCTION_INSTALL_SET
scripts/verify/grouped_pagination_semantic_drift_guard.py,,grouped_pagination_semantic_drift_guard,TEST_FIXTURE_ONLY,"acceptance,test",explicit_acceptance_or_test_runner,required,destroy_dedicated_acceptance_database,false,false,KEEP_OUT_OF_PRODUCTION_INSTALL_SET
scripts/verify/grouped_pagination_semantic_guard.py,,grouped_pagination_semantic_guard,TEST_FIXTURE_ONLY,"acceptance,test",explicit_acceptance_or_test_runner,required,destroy_dedicated_acceptance_database,false,false,KEEP_OUT_OF_PRODUCTION_INSTALL_SET
scripts/verify/grouped_rows_runtime_guard.py,,grouped_rows_runtime_guard,TEST_FIXTURE_ONLY,"acceptance,test",explicit_acceptance_or_test_runner,required,destroy_dedicated_acceptance_database,false,false,KEEP_OUT_OF_PRODUCTION_INSTALL_SET
scripts/verify/history_confirmed_attachment_write_policy_guard.py,,history_confirmed_attachment_write_policy_guard,TEST_FIXTURE_ONLY,"acceptance,test",explicit_acceptance_or_test_runner,required,destroy_dedicated_acceptance_database,false,false,KEEP_OUT_OF_PRODUCTION_INSTALL_SET
scripts/verify/http_smoke_utils.js,,http_smoke_utils,TEST_FIXTURE_ONLY,"acceptance,test",explicit_acceptance_or_test_runner,required,destroy_dedicated_acceptance_database,false,false,KEEP_OUT_OF_PRODUCTION_INSTALL_SET
scripts/verify/income_contract_execution_acceptance_projection_audit.py,,income_contract_execution_acceptance_projection_audit,TEST_FIXTURE_ONLY,"acceptance,test",explicit_acceptance_or_test_runner,required,destroy_dedicated_acceptance_database,false,false,KEEP_OUT_OF_PRODUCTION_INSTALL_SET
scripts/verify/income_contract_ledger_scope_probe.py,,income_contract_ledger_scope_probe,TEST_FIXTURE_ONLY,"acceptance,test",explicit_acceptance_or_test_runner,required,destroy_dedicated_acceptance_database,false,false,KEEP_OUT_OF_PRODUCTION_INSTALL_SET
scripts/verify/income_contract_receipt_invoice_closure_audit.py,,income_contract_receipt_invoice_closure_audit,TEST_FIXTURE_ONLY,"acceptance,test",explicit_acceptance_or_test_runner,required,destroy_dedicated_acceptance_database,false,false,KEEP_OUT_OF_PRODUCTION_INSTALL_SET
scripts/verify/income_contract_settlement_surface_cutover_audit.py,,income_contract_settlement_surface_cutover_audit,TEST_FIXTURE_ONLY,"acceptance,test",explicit_acceptance_or_test_runner,required,destroy_dedicated_acceptance_database,false,false,KEEP_OUT_OF_PRODUCTION_INSTALL_SET
scripts/verify/industry_form_required_marker_audit.py,,industry_form_required_marker_audit,TEST_FIXTURE_ONLY,"acceptance,test",explicit_acceptance_or_test_runner,required,destroy_dedicated_acceptance_database,false,false,KEEP_OUT_OF_PRODUCTION_INSTALL_SET
scripts/verify/industry_list_delete_action_audit.py,,industry_list_delete_action_audit,TEST_FIXTURE_ONLY,"acceptance,test",explicit_acceptance_or_test_runner,required,destroy_dedicated_acceptance_database,false,false,KEEP_OUT_OF_PRODUCTION_INSTALL_SET
scripts/verify/industry_module_product_boundary_guard.py,,industry_module_product_boundary_guard,TEST_FIXTURE_ONLY,"acceptance,test",explicit_acceptance_or_test_runner,required,destroy_dedicated_acceptance_database,false,false,KEEP_OUT_OF_PRODUCTION_INSTALL_SET
scripts/verify/input_invoice_visible_surface_alignment_audit.py,,input_invoice_visible_surface_alignment_audit,TEST_FIXTURE_ONLY,"acceptance,test",explicit_acceptance_or_test_runner,required,destroy_dedicated_acceptance_database,false,false,KEEP_OUT_OF_PRODUCTION_INSTALL_SET
scripts/verify/intent_canonical_alias_snapshot_guard.py,,intent_canonical_alias_snapshot_guard,TEST_FIXTURE_ONLY,"acceptance,test",explicit_acceptance_or_test_runner,required,destroy_dedicated_acceptance_database,false,false,KEEP_OUT_OF_PRODUCTION_INSTALL_SET
scripts/verify/intent_canonical_alias_snapshot_schema_guard.py,,intent_canonical_alias_snapshot_schema_guard,TEST_FIXTURE_ONLY,"acceptance,test",explicit_acceptance_or_test_runner,required,destroy_dedicated_acceptance_database,false,false,KEEP_OUT_OF_PRODUCTION_INSTALL_SET
scripts/verify/intent_capability_matrix_report.py,,intent_capability_matrix_report,TEST_FIXTURE_ONLY,"acceptance,test",explicit_acceptance_or_test_runner,required,destroy_dedicated_acceptance_database,false,false,KEEP_OUT_OF_PRODUCTION_INSTALL_SET
scripts/verify/intent_cases_catalog_guard.py,,intent_cases_catalog_guard,TEST_FIXTURE_ONLY,"acceptance,test",explicit_acceptance_or_test_runner,required,destroy_dedicated_acceptance_database,false,false,KEEP_OUT_OF_PRODUCTION_INSTALL_SET
scripts/verify/intent_cases_integrity_guard.py,,intent_cases_integrity_guard,TEST_FIXTURE_ONLY,"acceptance,test",explicit_acceptance_or_test_runner,required,destroy_dedicated_acceptance_database,false,false,KEEP_OUT_OF_PRODUCTION_INSTALL_SET
scripts/verify/intent_catalog_case_coverage_guard.py,,intent_catalog_case_coverage_guard,TEST_FIXTURE_ONLY,"acceptance,test",explicit_acceptance_or_test_runner,required,destroy_dedicated_acceptance_database,false,false,KEEP_OUT_OF_PRODUCTION_INSTALL_SET
scripts/verify/intent_catalog_example_shape_guard.py,,intent_catalog_example_shape_guard,TEST_FIXTURE_ONLY,"acceptance,test",explicit_acceptance_or_test_runner,required,destroy_dedicated_acceptance_database,false,false,KEEP_OUT_OF_PRODUCTION_INSTALL_SET
scripts/verify/intent_catalog_inferred_guard.py,,intent_catalog_inferred_guard,TEST_FIXTURE_ONLY,"acceptance,test",explicit_acceptance_or_test_runner,required,destroy_dedicated_acceptance_database,false,false,KEEP_OUT_OF_PRODUCTION_INSTALL_SET
scripts/verify/intent_catalog_snapshot_reference_guard.py,,intent_catalog_snapshot_reference_guard,TEST_FIXTURE_ONLY,"acceptance,test",explicit_acceptance_or_test_runner,required,destroy_dedicated_acceptance_database,false,false,KEEP_OUT_OF_PRODUCTION_INSTALL_SET
scripts/verify/intent_concurrent_smoke_report.py,,intent_concurrent_smoke_report,TEST_FIXTURE_ONLY,"acceptance,test",explicit_acceptance_or_test_runner,required,destroy_dedicated_acceptance_database,false,false,KEEP_OUT_OF_PRODUCTION_INSTALL_SET
scripts/verify/intent_execution_path_report.py,,intent_execution_path_report,TEST_FIXTURE_ONLY,"acceptance,test",explicit_acceptance_or_test_runner,required,destroy_dedicated_acceptance_database,false,false,KEEP_OUT_OF_PRODUCTION_INSTALL_SET
scripts/verify/intent_layered_catalog_report.py,,intent_layered_catalog_report,TEST_FIXTURE_ONLY,"acceptance,test",explicit_acceptance_or_test_runner,required,destroy_dedicated_acceptance_database,false,false,KEEP_OUT_OF_PRODUCTION_INSTALL_SET
scripts/verify/intent_orphan_report.py,,intent_orphan_report,TEST_FIXTURE_ONLY,"acceptance,test",explicit_acceptance_or_test_runner,required,destroy_dedicated_acceptance_database,false,false,KEEP_OUT_OF_PRODUCTION_INSTALL_SET
scripts/verify/intent_permission_matrix_guard.py,,intent_permission_matrix_guard,TEST_FIXTURE_ONLY,"acceptance,test",explicit_acceptance_or_test_runner,required,destroy_dedicated_acceptance_database,false,false,KEEP_OUT_OF_PRODUCTION_INSTALL_SET
scripts/verify/intent_permission_matrix_report.py,,intent_permission_matrix_report,TEST_FIXTURE_ONLY,"acceptance,test",explicit_acceptance_or_test_runner,required,destroy_dedicated_acceptance_database,false,false,KEEP_OUT_OF_PRODUCTION_INSTALL_SET
scripts/verify/intent_public_surface_ready_report.py,,intent_public_surface_ready_report,TEST_FIXTURE_ONLY,"acceptance,test",explicit_acceptance_or_test_runner,required,destroy_dedicated_acceptance_database,false,false,KEEP_OUT_OF_PRODUCTION_INSTALL_SET
scripts/verify/intent_router_purity_guard.py,,intent_router_purity_guard,TEST_FIXTURE_ONLY,"acceptance,test",explicit_acceptance_or_test_runner,required,destroy_dedicated_acceptance_database,false,false,KEEP_OUT_OF_PRODUCTION_INSTALL_SET
scripts/verify/intent_smoke_utils.js,,intent_smoke_utils,TEST_FIXTURE_ONLY,"acceptance,test",explicit_acceptance_or_test_runner,required,destroy_dedicated_acceptance_database,false,false,KEEP_OUT_OF_PRODUCTION_INSTALL_SET
scripts/verify/intent_smoke_utils.py,,intent_smoke_utils,TEST_FIXTURE_ONLY,"acceptance,test",explicit_acceptance_or_test_runner,required,destroy_dedicated_acceptance_database,false,false,KEEP_OUT_OF_PRODUCTION_INSTALL_SET
scripts/verify/intent_write_runtime_smoke.py,,intent_write_runtime_smoke,TEST_FIXTURE_ONLY,"acceptance,test",explicit_acceptance_or_test_runner,required,destroy_dedicated_acceptance_database,false,false,KEEP_OUT_OF_PRODUCTION_INSTALL_SET
scripts/verify/intent_write_smoke.py,,intent_write_smoke,TEST_FIXTURE_ONLY,"acceptance,test",explicit_acceptance_or_test_runner,required,destroy_dedicated_acceptance_database,false,false,KEEP_OUT_OF_PRODUCTION_INSTALL_SET
scripts/verify/interfund_account_loan_closure_audit.py,,interfund_account_loan_closure_audit,TEST_FIXTURE_ONLY,"acceptance,test",explicit_acceptance_or_test_runner,required,destroy_dedicated_acceptance_database,false,false,KEEP_OUT_OF_PRODUCTION_INSTALL_SET
scripts/verify/interfund_borrow_classification_gap_audit.py,,interfund_borrow_classification_gap_audit,TEST_FIXTURE_ONLY,"acceptance,test",explicit_acceptance_or_test_runner,required,destroy_dedicated_acceptance_database,false,false,KEEP_OUT_OF_PRODUCTION_INSTALL_SET
scripts/verify/interfund_financing_loan_partner_candidate_audit.py,,interfund_financing_loan_partner_candidate_audit,TEST_FIXTURE_ONLY,"acceptance,test",explicit_acceptance_or_test_runner,required,destroy_dedicated_acceptance_database,false,false,KEEP_OUT_OF_PRODUCTION_INSTALL_SET
scripts/verify/interfund_movement_fact_audit.py,,interfund_movement_fact_audit,TEST_FIXTURE_ONLY,"acceptance,test",explicit_acceptance_or_test_runner,required,destroy_dedicated_acceptance_database,false,false,KEEP_OUT_OF_PRODUCTION_INSTALL_SET
scripts/verify/interfund_movement_project_summary_audit.py,,interfund_movement_project_summary_audit,TEST_FIXTURE_ONLY,"acceptance,test",explicit_acceptance_or_test_runner,required,destroy_dedicated_acceptance_database,false,false,KEEP_OUT_OF_PRODUCTION_INSTALL_SET
scripts/verify/interfund_treasury_ledger_backfill_readiness_audit.py,,interfund_treasury_ledger_backfill_readiness_audit,TEST_FIXTURE_ONLY,"acceptance,test",explicit_acceptance_or_test_runner,required,destroy_dedicated_acceptance_database,false,false,KEEP_OUT_OF_PRODUCTION_INSTALL_SET
scripts/verify/interfund_user_data_full_coverage_audit.py,,interfund_user_data_full_coverage_audit,TEST_FIXTURE_ONLY,"acceptance,test",explicit_acceptance_or_test_runner,required,destroy_dedicated_acceptance_database,false,false,KEEP_OUT_OF_PRODUCTION_INSTALL_SET
scripts/verify/invoice_entry_fact_browser_smoke.js,,invoice_entry_fact_browser_smoke,TEST_FIXTURE_ONLY,"acceptance,test",explicit_acceptance_or_test_runner,required,destroy_dedicated_acceptance_database,false,false,KEEP_OUT_OF_PRODUCTION_INSTALL_SET
scripts/verify/invoice_entry_fact_contract_guard.py,,invoice_entry_fact_contract_guard,TEST_FIXTURE_ONLY,"acceptance,test",explicit_acceptance_or_test_runner,required,destroy_dedicated_acceptance_database,false,false,KEEP_OUT_OF_PRODUCTION_INSTALL_SET
scripts/verify/invoice_entry_fact_runtime_smoke.js,,invoice_entry_fact_runtime_smoke,TEST_FIXTURE_ONLY,"acceptance,test",explicit_acceptance_or_test_runner,required,destroy_dedicated_acceptance_database,false,false,KEEP_OUT_OF_PRODUCTION_INSTALL_SET
scripts/verify/invoice_output_detail_browser_smoke.js,,invoice_output_detail_browser_smoke,TEST_FIXTURE_ONLY,"acceptance,test",explicit_acceptance_or_test_runner,required,destroy_dedicated_acceptance_database,false,false,KEEP_OUT_OF_PRODUCTION_INSTALL_SET
scripts/verify/invoice_output_detail_runtime_smoke.js,,invoice_output_detail_runtime_smoke,TEST_FIXTURE_ONLY,"acceptance,test",explicit_acceptance_or_test_runner,required,destroy_dedicated_acceptance_database,false,false,KEEP_OUT_OF_PRODUCTION_INSTALL_SET
scripts/verify/invoice_tax_business_category_action_audit.py,,invoice_tax_business_category_action_audit,TEST_FIXTURE_ONLY,"acceptance,test",explicit_acceptance_or_test_runner,required,destroy_dedicated_acceptance_database,false,false,KEEP_OUT_OF_PRODUCTION_INSTALL_SET
scripts/verify/invoice_tax_business_category_runtime_audit.py,,invoice_tax_business_category_runtime_audit,TEST_FIXTURE_ONLY,"acceptance,test",explicit_acceptance_or_test_runner,required,destroy_dedicated_acceptance_database,false,false,KEEP_OUT_OF_PRODUCTION_INSTALL_SET
scripts/verify/invoice_tax_category_binding_audit.py,,invoice_tax_category_binding_audit,TEST_FIXTURE_ONLY,"acceptance,test",explicit_acceptance_or_test_runner,required,destroy_dedicated_acceptance_database,false,false,KEEP_OUT_OF_PRODUCTION_INSTALL_SET
scripts/verify/invoice_tax_downstream_traceability_audit.py,,invoice_tax_downstream_traceability_audit,TEST_FIXTURE_ONLY,"acceptance,test",explicit_acceptance_or_test_runner,required,destroy_dedicated_acceptance_database,false,false,KEEP_OUT_OF_PRODUCTION_INSTALL_SET
scripts/verify/invoice_tax_handling_evidence_audit.py,,invoice_tax_handling_evidence_audit,TEST_FIXTURE_ONLY,"acceptance,test",explicit_acceptance_or_test_runner,required,destroy_dedicated_acceptance_database,false,false,KEEP_OUT_OF_PRODUCTION_INSTALL_SET
scripts/verify/invoice_tax_partner_anchor_audit.py,,invoice_tax_partner_anchor_audit,TEST_FIXTURE_ONLY,"acceptance,test",explicit_acceptance_or_test_runner,required,destroy_dedicated_acceptance_database,false,false,KEEP_OUT_OF_PRODUCTION_INSTALL_SET
scripts/verify/invoice_tax_role_permission_audit.py,,invoice_tax_role_permission_audit,TEST_FIXTURE_ONLY,"acceptance,test",explicit_acceptance_or_test_runner,required,destroy_dedicated_acceptance_database,false,false,KEEP_OUT_OF_PRODUCTION_INSTALL_SET
scripts/verify/kernel_freeze_guard.py,,kernel_freeze_guard,TEST_FIXTURE_ONLY,"acceptance,test",explicit_acceptance_or_test_runner,required,destroy_dedicated_acceptance_database,false,false,KEEP_OUT_OF_PRODUCTION_INSTALL_SET
scripts/verify/kernel_immutable_guard.py,,kernel_immutable_guard,TEST_FIXTURE_ONLY,"acceptance,test",explicit_acceptance_or_test_runner,required,destroy_dedicated_acceptance_database,false,false,KEEP_OUT_OF_PRODUCTION_INSTALL_SET
scripts/verify/labor_settlement_candidate_audit.py,,labor_settlement_candidate_audit,TEST_FIXTURE_ONLY,"acceptance,test",explicit_acceptance_or_test_runner,required,destroy_dedicated_acceptance_database,false,false,KEEP_OUT_OF_PRODUCTION_INSTALL_SET
scripts/verify/labor_usage_legacy_settlement_projection_audit.py,,labor_usage_legacy_settlement_projection_audit,TEST_FIXTURE_ONLY,"acceptance,test",explicit_acceptance_or_test_runner,required,destroy_dedicated_acceptance_database,false,false,KEEP_OUT_OF_PRODUCTION_INSTALL_SET
scripts/verify/ledger_reconciliation_trend.py,,ledger_reconciliation_trend,TEST_FIXTURE_ONLY,"acceptance,test",explicit_acceptance_or_test_runner,required,destroy_dedicated_acceptance_database,false,false,KEEP_OUT_OF_PRODUCTION_INSTALL_SET
scripts/verify/ledger_snapshot_seed.py,,ledger_snapshot_seed,TEST_FIXTURE_ONLY,"acceptance,test",explicit_acceptance_or_test_runner,required,destroy_dedicated_acceptance_database,false,false,KEEP_OUT_OF_PRODUCTION_INSTALL_SET
scripts/verify/ledger_snapshot_smoke.py,,ledger_snapshot_smoke,TEST_FIXTURE_ONLY,"acceptance,test",explicit_acceptance_or_test_runner,required,destroy_dedicated_acceptance_database,false,false,KEEP_OUT_OF_PRODUCTION_INSTALL_SET
scripts/verify/legacy_attachment_frontend_browser_acceptance.js,,legacy_attachment_frontend_browser_acceptance,TEST_FIXTURE_ONLY,"acceptance,test",explicit_acceptance_or_test_runner,required,destroy_dedicated_acceptance_database,false,false,KEEP_OUT_OF_PRODUCTION_INSTALL_SET
scripts/verify/legacy_attachment_frontend_browser_sample_manifest.py,,legacy_attachment_frontend_browser_sample_manifest,TEST_FIXTURE_ONLY,"acceptance,test",explicit_acceptance_or_test_runner,required,destroy_dedicated_acceptance_database,false,false,KEEP_OUT_OF_PRODUCTION_INSTALL_SET
scripts/verify/legacy_attachment_mirror_completeness_audit.py,,legacy_attachment_mirror_completeness_audit,TEST_FIXTURE_ONLY,"acceptance,test",explicit_acceptance_or_test_runner,required,destroy_dedicated_acceptance_database,false,false,KEEP_OUT_OF_PRODUCTION_INSTALL_SET
scripts/verify/legacy_attachment_missing_residual_summarize.py,,legacy_attachment_missing_residual_summarize,TEST_FIXTURE_ONLY,"acceptance,test",explicit_acceptance_or_test_runner,required,destroy_dedicated_acceptance_database,false,false,KEEP_OUT_OF_PRODUCTION_INSTALL_SET
scripts/verify/legacy_attachment_surface_inventory.py,,legacy_attachment_surface_inventory,TEST_FIXTURE_ONLY,"acceptance,test",explicit_acceptance_or_test_runner,required,destroy_dedicated_acceptance_database,false,false,KEEP_OUT_OF_PRODUCTION_INSTALL_SET
scripts/verify/legacy_business_data_inventory_probe.py,,legacy_business_data_inventory_probe,TEST_FIXTURE_ONLY,"acceptance,test",explicit_acceptance_or_test_runner,required,destroy_dedicated_acceptance_database,false,false,KEEP_OUT_OF_PRODUCTION_INSTALL_SET
scripts/verify/legacy_direct_acceptance_attachment_label_audit.py,,legacy_direct_acceptance_attachment_label_audit,TEST_FIXTURE_ONLY,"acceptance,test",explicit_acceptance_or_test_runner,required,destroy_dedicated_acceptance_database,false,false,KEEP_OUT_OF_PRODUCTION_INSTALL_SET
scripts/verify/legacy_online_attachment_custody_evidence.py,,legacy_online_attachment_custody_evidence,TEST_FIXTURE_ONLY,"acceptance,test",explicit_acceptance_or_test_runner,required,destroy_dedicated_acceptance_database,false,false,KEEP_OUT_OF_PRODUCTION_INSTALL_SET
scripts/verify/legacy_online_attachment_mirror_job_audit.py,,legacy_online_attachment_mirror_job_audit,TEST_FIXTURE_ONLY,"acceptance,test",explicit_acceptance_or_test_runner,required,destroy_dedicated_acceptance_database,false,false,KEEP_OUT_OF_PRODUCTION_INSTALL_SET
scripts/verify/legacy_scene_endpoint_guard.py,,legacy_scene_endpoint_guard,TEST_FIXTURE_ONLY,"acceptance,test",explicit_acceptance_or_test_runner,required,destroy_dedicated_acceptance_database,false,false,KEEP_OUT_OF_PRODUCTION_INSTALL_SET
scripts/verify/legacy_tenant_acceptance_menu_data_alignment.js,,legacy_tenant_acceptance_menu_data_alignment,TEST_FIXTURE_ONLY,"acceptance,test",explicit_acceptance_or_test_runner,required,destroy_dedicated_acceptance_database,false,false,KEEP_OUT_OF_PRODUCTION_INSTALL_SET
scripts/verify/lib/scene_schema_loader.js,,scene_schema_loader,TEST_FIXTURE_ONLY,"acceptance,test",explicit_acceptance_or_test_runner,required,destroy_dedicated_acceptance_database,false,false,KEEP_OUT_OF_PRODUCTION_INSTALL_SET
scripts/verify/lib/scene_schema_validator.js,,scene_schema_validator,TEST_FIXTURE_ONLY,"acceptance,test",explicit_acceptance_or_test_runner,required,destroy_dedicated_acceptance_database,false,false,KEEP_OUT_OF_PRODUCTION_INSTALL_SET
scripts/verify/lib/scene_snapshot.js,,scene_snapshot,TEST_FIXTURE_ONLY,"acceptance,test",explicit_acceptance_or_test_runner,required,destroy_dedicated_acceptance_database,false,false,KEEP_OUT_OF_PRODUCTION_INSTALL_SET
scripts/verify/lifecycle_audit_export.py,,lifecycle_audit_export,TEST_FIXTURE_ONLY,"acceptance,test",explicit_acceptance_or_test_runner,required,destroy_dedicated_acceptance_database,false,false,KEEP_OUT_OF_PRODUCTION_INSTALL_SET
scripts/verify/list_batch_action_closure_guard.py,,list_batch_action_closure_guard,TEST_FIXTURE_ONLY,"acceptance,test",explicit_acceptance_or_test_runner,required,destroy_dedicated_acceptance_database,false,false,KEEP_OUT_OF_PRODUCTION_INSTALL_SET
scripts/verify/list_field_semantic_integrity_guard.py,,list_field_semantic_integrity_guard,TEST_FIXTURE_ONLY,"acceptance,test",explicit_acceptance_or_test_runner,required,destroy_dedicated_acceptance_database,false,false,KEEP_OUT_OF_PRODUCTION_INSTALL_SET
scripts/verify/list_group_clear_acceptance.js,,list_group_clear_acceptance,TEST_FIXTURE_ONLY,"acceptance,test",explicit_acceptance_or_test_runner,required,destroy_dedicated_acceptance_database,false,false,KEEP_OUT_OF_PRODUCTION_INSTALL_SET
scripts/verify/list_native_custom_gap_audit.js,,list_native_custom_gap_audit,TEST_FIXTURE_ONLY,"acceptance,test",explicit_acceptance_or_test_runner,required,destroy_dedicated_acceptance_database,false,false,KEEP_OUT_OF_PRODUCTION_INSTALL_SET
scripts/verify/list_search_group_usability_audit.js,,list_search_group_usability_audit,TEST_FIXTURE_ONLY,"acceptance,test",explicit_acceptance_or_test_runner,required,destroy_dedicated_acceptance_database,false,false,KEEP_OUT_OF_PRODUCTION_INSTALL_SET
scripts/verify/list_surface_clean_guard.py,,list_surface_clean_guard,TEST_FIXTURE_ONLY,"acceptance,test",explicit_acceptance_or_test_runner,required,destroy_dedicated_acceptance_database,false,false,KEEP_OUT_OF_PRODUCTION_INSTALL_SET
scripts/verify/load_view_access_contract_guard.py,,load_view_access_contract_guard,TEST_FIXTURE_ONLY,"acceptance,test",explicit_acceptance_or_test_runner,required,destroy_dedicated_acceptance_database,false,false,KEEP_OUT_OF_PRODUCTION_INSTALL_SET
scripts/verify/locked_fact_formal_model_continuity_guard.py,,locked_fact_formal_model_continuity_guard,TEST_FIXTURE_ONLY,"acceptance,test",explicit_acceptance_or_test_runner,required,destroy_dedicated_acceptance_database,false,false,KEEP_OUT_OF_PRODUCTION_INSTALL_SET
scripts/verify/low_code_product_surface_audit.py,,low_code_product_surface_audit,TEST_FIXTURE_ONLY,"acceptance,test",explicit_acceptance_or_test_runner,required,destroy_dedicated_acceptance_database,false,false,KEEP_OUT_OF_PRODUCTION_INSTALL_SET
scripts/verify/low_code_publish_boundary_guard.mjs,,low_code_publish_boundary_guard,TEST_FIXTURE_ONLY,"acceptance,test",explicit_acceptance_or_test_runner,required,destroy_dedicated_acceptance_database,false,false,KEEP_OUT_OF_PRODUCTION_INSTALL_SET
scripts/verify/low_code_workbench_product_guard.py,,low_code_workbench_product_guard,TEST_FIXTURE_ONLY,"acceptance,test",explicit_acceptance_or_test_runner,required,destroy_dedicated_acceptance_database,false,false,KEEP_OUT_OF_PRODUCTION_INSTALL_SET
scripts/verify/lowcode_config_boundary_guard.py,,lowcode_config_boundary_guard,TEST_FIXTURE_ONLY,"acceptance,test",explicit_acceptance_or_test_runner,required,destroy_dedicated_acceptance_database,false,false,KEEP_OUT_OF_PRODUCTION_INSTALL_SET
scripts/verify/lowcode_config_runtime_boundary_guard.py,,lowcode_config_runtime_boundary_guard,TEST_FIXTURE_ONLY,"acceptance,test",explicit_acceptance_or_test_runner,required,destroy_dedicated_acceptance_database,false,false,KEEP_OUT_OF_PRODUCTION_INSTALL_SET
scripts/verify/lowcode_customer_config_acceptance_decision_template.py,,lowcode_customer_config_acceptance_decision_template,TEST_FIXTURE_ONLY,"acceptance,test",explicit_acceptance_or_test_runner,required,destroy_dedicated_acceptance_database,false,false,KEEP_OUT_OF_PRODUCTION_INSTALL_SET
scripts/verify/lowcode_customer_config_apply_acceptance_decisions.py,,lowcode_customer_config_apply_acceptance_decisions,TEST_FIXTURE_ONLY,"acceptance,test",explicit_acceptance_or_test_runner,required,destroy_dedicated_acceptance_database,false,false,KEEP_OUT_OF_PRODUCTION_INSTALL_SET
scripts/verify/lowcode_customer_config_apply_acceptance_decisions_test.py,,lowcode_customer_config_apply_acceptance_decisions_test,TEST_FIXTURE_ONLY,"acceptance,test",explicit_acceptance_or_test_runner,required,destroy_dedicated_acceptance_database,false,false,KEEP_OUT_OF_PRODUCTION_INSTALL_SET
scripts/verify/lowcode_customer_config_baseline_candidate.py,,lowcode_customer_config_baseline_candidate,TEST_FIXTURE_ONLY,"acceptance,test",explicit_acceptance_or_test_runner,required,destroy_dedicated_acceptance_database,false,false,KEEP_OUT_OF_PRODUCTION_INSTALL_SET
scripts/verify/lowcode_customer_config_module_asset_draft.py,,lowcode_customer_config_module_asset_draft,TEST_FIXTURE_ONLY,"acceptance,test",explicit_acceptance_or_test_runner,required,destroy_dedicated_acceptance_database,false,false,KEEP_OUT_OF_PRODUCTION_INSTALL_SET
scripts/verify/lowcode_customer_config_module_asset_replay_guard.py,,lowcode_customer_config_module_asset_replay_guard,TEST_FIXTURE_ONLY,"acceptance,test",explicit_acceptance_or_test_runner,required,destroy_dedicated_acceptance_database,false,false,KEEP_OUT_OF_PRODUCTION_INSTALL_SET
scripts/verify/lowcode_customer_config_release_hardening_guard.py,,lowcode_customer_config_release_hardening_guard,TEST_FIXTURE_ONLY,"acceptance,test",explicit_acceptance_or_test_runner,required,destroy_dedicated_acceptance_database,false,false,KEEP_OUT_OF_PRODUCTION_INSTALL_SET
scripts/verify/make_source_inventory.py,,make_source_inventory,TEST_FIXTURE_ONLY,"acceptance,test",explicit_acceptance_or_test_runner,required,destroy_dedicated_acceptance_database,false,false,KEEP_OUT_OF_PRODUCTION_INSTALL_SET
scripts/verify/management_viewer_readonly_guard.py,,management_viewer_readonly_guard,TEST_FIXTURE_ONLY,"acceptance,test",explicit_acceptance_or_test_runner,required,destroy_dedicated_acceptance_database,false,false,KEEP_OUT_OF_PRODUCTION_INSTALL_SET
scripts/verify/marketplace_smoke.py,,marketplace_smoke,TEST_FIXTURE_ONLY,"acceptance,test",explicit_acceptance_or_test_runner,required,destroy_dedicated_acceptance_database,false,false,KEEP_OUT_OF_PRODUCTION_INSTALL_SET
scripts/verify/marketplace_smoke.sh,,marketplace_smoke,TEST_FIXTURE_ONLY,"acceptance,test",explicit_acceptance_or_test_runner,required,destroy_dedicated_acceptance_database,false,false,KEEP_OUT_OF_PRODUCTION_INSTALL_SET
scripts/verify/material_action_replay_seed.py,,material_action_replay_seed,TEST_FIXTURE_ONLY,"acceptance,test",explicit_acceptance_or_test_runner,required,destroy_dedicated_acceptance_database,false,false,KEEP_OUT_OF_PRODUCTION_INSTALL_SET
scripts/verify/material_action_replay_smoke.py,,material_action_replay_smoke,TEST_FIXTURE_ONLY,"acceptance,test",explicit_acceptance_or_test_runner,required,destroy_dedicated_acceptance_database,false,false,KEEP_OUT_OF_PRODUCTION_INSTALL_SET
scripts/verify/material_business_category_action_audit.py,,material_business_category_action_audit,TEST_FIXTURE_ONLY,"acceptance,test",explicit_acceptance_or_test_runner,required,destroy_dedicated_acceptance_database,false,false,KEEP_OUT_OF_PRODUCTION_INSTALL_SET
scripts/verify/material_business_category_binding_audit.py,,material_business_category_binding_audit,TEST_FIXTURE_ONLY,"acceptance,test",explicit_acceptance_or_test_runner,required,destroy_dedicated_acceptance_database,false,false,KEEP_OUT_OF_PRODUCTION_INSTALL_SET
scripts/verify/material_business_category_runtime_audit.py,,material_business_category_runtime_audit,TEST_FIXTURE_ONLY,"acceptance,test",explicit_acceptance_or_test_runner,required,destroy_dedicated_acceptance_database,false,false,KEEP_OUT_OF_PRODUCTION_INSTALL_SET
scripts/verify/material_cost_trigger_policy_audit.py,,material_cost_trigger_policy_audit,TEST_FIXTURE_ONLY,"acceptance,test",explicit_acceptance_or_test_runner,required,destroy_dedicated_acceptance_database,false,false,KEEP_OUT_OF_PRODUCTION_INSTALL_SET
scripts/verify/material_cross_document_traceability_audit.py,,material_cross_document_traceability_audit,TEST_FIXTURE_ONLY,"acceptance,test",explicit_acceptance_or_test_runner,required,destroy_dedicated_acceptance_database,false,false,KEEP_OUT_OF_PRODUCTION_INSTALL_SET
scripts/verify/material_downstream_traceability_audit.py,,material_downstream_traceability_audit,TEST_FIXTURE_ONLY,"acceptance,test",explicit_acceptance_or_test_runner,required,destroy_dedicated_acceptance_database,false,false,KEEP_OUT_OF_PRODUCTION_INSTALL_SET
scripts/verify/material_handling_evidence_audit.py,,material_handling_evidence_audit,TEST_FIXTURE_ONLY,"acceptance,test",explicit_acceptance_or_test_runner,required,destroy_dedicated_acceptance_database,false,false,KEEP_OUT_OF_PRODUCTION_INSTALL_SET
scripts/verify/material_loss_approval_policy_audit.py,,material_loss_approval_policy_audit,TEST_FIXTURE_ONLY,"acceptance,test",explicit_acceptance_or_test_runner,required,destroy_dedicated_acceptance_database,false,false,KEEP_OUT_OF_PRODUCTION_INSTALL_SET
scripts/verify/material_outbound_derivative_strategy_audit.py,,material_outbound_derivative_strategy_audit,TEST_FIXTURE_ONLY,"acceptance,test",explicit_acceptance_or_test_runner,required,destroy_dedicated_acceptance_database,false,false,KEEP_OUT_OF_PRODUCTION_INSTALL_SET
scripts/verify/material_plan_purchase_request_traceability_audit.py,,material_plan_purchase_request_traceability_audit,TEST_FIXTURE_ONLY,"acceptance,test",explicit_acceptance_or_test_runner,required,destroy_dedicated_acceptance_database,false,false,KEEP_OUT_OF_PRODUCTION_INSTALL_SET
scripts/verify/material_plan_visible_note_audit.py,,material_plan_visible_note_audit,TEST_FIXTURE_ONLY,"acceptance,test",explicit_acceptance_or_test_runner,required,destroy_dedicated_acceptance_database,false,false,KEEP_OUT_OF_PRODUCTION_INSTALL_SET
scripts/verify/material_product_projection_probe.py,,material_product_projection_probe,TEST_FIXTURE_ONLY,"acceptance,test",explicit_acceptance_or_test_runner,required,destroy_dedicated_acceptance_database,false,false,KEEP_OUT_OF_PRODUCTION_INSTALL_SET
scripts/verify/material_purchase_request_downstream_strategy_audit.py,,material_purchase_request_downstream_strategy_audit,TEST_FIXTURE_ONLY,"acceptance,test",explicit_acceptance_or_test_runner,required,destroy_dedicated_acceptance_database,false,false,KEEP_OUT_OF_PRODUCTION_INSTALL_SET
scripts/verify/material_rfq_source_coverage_audit.py,,material_rfq_source_coverage_audit,TEST_FIXTURE_ONLY,"acceptance,test",explicit_acceptance_or_test_runner,required,destroy_dedicated_acceptance_database,false,false,KEEP_OUT_OF_PRODUCTION_INSTALL_SET
scripts/verify/material_role_permission_audit.py,,material_role_permission_audit,TEST_FIXTURE_ONLY,"acceptance,test",explicit_acceptance_or_test_runner,required,destroy_dedicated_acceptance_database,false,false,KEEP_OUT_OF_PRODUCTION_INSTALL_SET
scripts/verify/material_settlement_payment_execution_approval_policy_audit.py,,material_settlement_payment_execution_approval_policy_audit,TEST_FIXTURE_ONLY,"acceptance,test",explicit_acceptance_or_test_runner,required,destroy_dedicated_acceptance_database,false,false,KEEP_OUT_OF_PRODUCTION_INSTALL_SET
scripts/verify/material_settlement_payment_execution_traceability_audit.py,,material_settlement_payment_execution_traceability_audit,TEST_FIXTURE_ONLY,"acceptance,test",explicit_acceptance_or_test_runner,required,destroy_dedicated_acceptance_database,false,false,KEEP_OUT_OF_PRODUCTION_INSTALL_SET
scripts/verify/material_settlement_payment_reversal_audit.py,,material_settlement_payment_reversal_audit,TEST_FIXTURE_ONLY,"acceptance,test",explicit_acceptance_or_test_runner,required,destroy_dedicated_acceptance_database,false,false,KEEP_OUT_OF_PRODUCTION_INSTALL_SET
scripts/verify/material_settlement_split_payment_audit.py,,material_settlement_split_payment_audit,TEST_FIXTURE_ONLY,"acceptance,test",explicit_acceptance_or_test_runner,required,destroy_dedicated_acceptance_database,false,false,KEEP_OUT_OF_PRODUCTION_INSTALL_SET
scripts/verify/mechanical_settlement_partner_audit.py,,mechanical_settlement_partner_audit,TEST_FIXTURE_ONLY,"acceptance,test",explicit_acceptance_or_test_runner,required,destroy_dedicated_acceptance_database,false,false,KEEP_OUT_OF_PRODUCTION_INSTALL_SET
scripts/verify/menu_config_tree_editor_behavior_guard.sh,,menu_config_tree_editor_behavior_guard,TEST_FIXTURE_ONLY,"acceptance,test",explicit_acceptance_or_test_runner,required,destroy_dedicated_acceptance_database,false,false,KEEP_OUT_OF_PRODUCTION_INSTALL_SET
scripts/verify/menu_config_tree_editor_behavior_guard.ts,,menu_config_tree_editor_behavior_guard,TEST_FIXTURE_ONLY,"acceptance,test",explicit_acceptance_or_test_runner,required,destroy_dedicated_acceptance_database,false,false,KEEP_OUT_OF_PRODUCTION_INSTALL_SET
scripts/verify/menu_navigation_field_snapshot.js,,menu_navigation_field_snapshot,TEST_FIXTURE_ONLY,"acceptance,test",explicit_acceptance_or_test_runner,required,destroy_dedicated_acceptance_database,false,false,KEEP_OUT_OF_PRODUCTION_INSTALL_SET
scripts/verify/menu_scene_resolve_summary.js,,menu_scene_resolve_summary,TEST_FIXTURE_ONLY,"acceptance,test",explicit_acceptance_or_test_runner,required,destroy_dedicated_acceptance_database,false,false,KEEP_OUT_OF_PRODUCTION_INSTALL_SET
scripts/verify/migration_safety_fingerprint.py,,migration_safety_fingerprint,TEST_FIXTURE_ONLY,"acceptance,test",explicit_acceptance_or_test_runner,required,destroy_dedicated_acceptance_database,false,false,KEEP_OUT_OF_PRODUCTION_INSTALL_SET
scripts/verify/model_ui_dependency_guard.py,,model_ui_dependency_guard,TEST_FIXTURE_ONLY,"acceptance,test",explicit_acceptance_or_test_runner,required,destroy_dedicated_acceptance_database,false,false,KEEP_OUT_OF_PRODUCTION_INSTALL_SET
scripts/verify/model_view_fact_layer_audit.py,,model_view_fact_layer_audit,TEST_FIXTURE_ONLY,"acceptance,test",explicit_acceptance_or_test_runner,required,destroy_dedicated_acceptance_database,false,false,KEEP_OUT_OF_PRODUCTION_INSTALL_SET
scripts/verify/model_view_standardization_plan.py,,model_view_standardization_plan,TEST_FIXTURE_ONLY,"acceptance,test",explicit_acceptance_or_test_runner,required,destroy_dedicated_acceptance_database,false,false,KEEP_OUT_OF_PRODUCTION_INSTALL_SET
scripts/verify/modifiers_runtime_guard.py,,modifiers_runtime_guard,TEST_FIXTURE_ONLY,"acceptance,test",explicit_acceptance_or_test_runner,required,destroy_dedicated_acceptance_database,false,false,KEEP_OUT_OF_PRODUCTION_INSTALL_SET
scripts/verify/module_scene_capability_map_report.py,,module_scene_capability_map_report,TEST_FIXTURE_ONLY,"acceptance,test",explicit_acceptance_or_test_runner,required,destroy_dedicated_acceptance_database,false,false,KEEP_OUT_OF_PRODUCTION_INSTALL_SET
scripts/verify/multi_tenant_evolution_smoke.py,,multi_tenant_evolution_smoke,TEST_FIXTURE_ONLY,"acceptance,test",explicit_acceptance_or_test_runner,required,destroy_dedicated_acceptance_database,false,false,KEEP_OUT_OF_PRODUCTION_INSTALL_SET
scripts/verify/native_parser_capability_audit.py,,native_parser_capability_audit,TEST_FIXTURE_ONLY,"acceptance,test",explicit_acceptance_or_test_runner,required,destroy_dedicated_acceptance_database,false,false,KEEP_OUT_OF_PRODUCTION_INSTALL_SET
scripts/verify/native_parser_capability_audit.sh,,native_parser_capability_audit,TEST_FIXTURE_ONLY,"acceptance,test",explicit_acceptance_or_test_runner,required,destroy_dedicated_acceptance_database,false,false,KEEP_OUT_OF_PRODUCTION_INSTALL_SET
scripts/verify/native_surface_integrity_guard.py,,native_surface_integrity_guard,TEST_FIXTURE_ONLY,"acceptance,test",explicit_acceptance_or_test_runner,required,destroy_dedicated_acceptance_database,false,false,KEEP_OUT_OF_PRODUCTION_INSTALL_SET
scripts/verify/native_view_coverage_report.py,,native_view_coverage_report,TEST_FIXTURE_ONLY,"acceptance,test",explicit_acceptance_or_test_runner,required,destroy_dedicated_acceptance_database,false,false,KEEP_OUT_OF_PRODUCTION_INSTALL_SET
scripts/verify/native_view_ecosystem_readiness_report.py,,native_view_ecosystem_readiness_report,TEST_FIXTURE_ONLY,"acceptance,test",explicit_acceptance_or_test_runner,required,destroy_dedicated_acceptance_database,false,false,KEEP_OUT_OF_PRODUCTION_INSTALL_SET
scripts/verify/native_view_sample_compare_report.py,,native_view_sample_compare_report,TEST_FIXTURE_ONLY,"acceptance,test",explicit_acceptance_or_test_runner,required,destroy_dedicated_acceptance_database,false,false,KEEP_OUT_OF_PRODUCTION_INSTALL_SET
scripts/verify/native_view_semantic_page_schema_guard.py,,native_view_semantic_page_schema_guard,TEST_FIXTURE_ONLY,"acceptance,test",explicit_acceptance_or_test_runner,required,destroy_dedicated_acceptance_database,false,false,KEEP_OUT_OF_PRODUCTION_INSTALL_SET
scripts/verify/native_view_semantic_page_shape_guard.py,,native_view_semantic_page_shape_guard,TEST_FIXTURE_ONLY,"acceptance,test",explicit_acceptance_or_test_runner,required,destroy_dedicated_acceptance_database,false,false,KEEP_OUT_OF_PRODUCTION_INSTALL_SET
scripts/verify/nav_pro_01_browser_smoke.mjs,,nav_pro_01_browser_smoke,TEST_FIXTURE_ONLY,"acceptance,test",explicit_acceptance_or_test_runner,required,destroy_dedicated_acceptance_database,false,false,KEEP_OUT_OF_PRODUCTION_INSTALL_SET
scripts/verify/nav_pro_01_http_smoke.py,,nav_pro_01_http_smoke,TEST_FIXTURE_ONLY,"acceptance,test",explicit_acceptance_or_test_runner,required,destroy_dedicated_acceptance_database,false,false,KEEP_OUT_OF_PRODUCTION_INSTALL_SET
scripts/verify/nav_pro_01_native_visibility.py,,nav_pro_01_native_visibility,TEST_FIXTURE_ONLY,"acceptance,test",explicit_acceptance_or_test_runner,required,destroy_dedicated_acceptance_database,false,false,KEEP_OUT_OF_PRODUCTION_INSTALL_SET
scripts/verify/nav_pro_01_prepare_runtime.py,,nav_pro_01_prepare_runtime,TEST_FIXTURE_ONLY,"acceptance,test",explicit_acceptance_or_test_runner,required,destroy_dedicated_acceptance_database,false,false,KEEP_OUT_OF_PRODUCTION_INSTALL_SET
scripts/verify/nav_pro_01r_route_authority_browser.mjs,,nav_pro_01r_route_authority_browser,TEST_FIXTURE_ONLY,"acceptance,test",explicit_acceptance_or_test_runner,required,destroy_dedicated_acceptance_database,false,false,KEEP_OUT_OF_PRODUCTION_INSTALL_SET
scripts/verify/nav_pro_01r_route_authority_http.py,,nav_pro_01r_route_authority_http,TEST_FIXTURE_ONLY,"acceptance,test",explicit_acceptance_or_test_runner,required,destroy_dedicated_acceptance_database,false,false,KEEP_OUT_OF_PRODUCTION_INSTALL_SET
scripts/verify/navigation_context_smoke.js,,navigation_context_smoke,TEST_FIXTURE_ONLY,"acceptance,test",explicit_acceptance_or_test_runner,required,destroy_dedicated_acceptance_database,false,false,KEEP_OUT_OF_PRODUCTION_INSTALL_SET
scripts/verify/navigation_contract_boundary_guard.py,,navigation_contract_boundary_guard,TEST_FIXTURE_ONLY,"acceptance,test",explicit_acceptance_or_test_runner,required,destroy_dedicated_acceptance_database,false,false,KEEP_OUT_OF_PRODUCTION_INSTALL_SET
scripts/verify/no_new_any_guard.py,,no_new_any_guard,TEST_FIXTURE_ONLY,"acceptance,test",explicit_acceptance_or_test_runner,required,destroy_dedicated_acceptance_database,false,false,KEEP_OUT_OF_PRODUCTION_INSTALL_SET
scripts/verify/non_demo_data_contamination_guard.py,,non_demo_data_contamination_guard,TEST_FIXTURE_ONLY,"acceptance,test",explicit_acceptance_or_test_runner,required,destroy_dedicated_acceptance_database,false,false,KEEP_OUT_OF_PRODUCTION_INSTALL_SET
scripts/verify/non_demo_data_contamination_guard_schema_guard.py,,non_demo_data_contamination_guard_schema_guard,TEST_FIXTURE_ONLY,"acceptance,test",explicit_acceptance_or_test_runner,required,destroy_dedicated_acceptance_database,false,false,KEEP_OUT_OF_PRODUCTION_INSTALL_SET
scripts/verify/onchange_contract_schema_guard.py,,onchange_contract_schema_guard,TEST_FIXTURE_ONLY,"acceptance,test",explicit_acceptance_or_test_runner,required,destroy_dedicated_acceptance_database,false,false,KEEP_OUT_OF_PRODUCTION_INSTALL_SET
scripts/verify/onchange_line_patch_guard.py,,onchange_line_patch_guard,TEST_FIXTURE_ONLY,"acceptance,test",explicit_acceptance_or_test_runner,required,destroy_dedicated_acceptance_database,false,false,KEEP_OUT_OF_PRODUCTION_INSTALL_SET
scripts/verify/onchange_roundtrip_guard.py,,onchange_roundtrip_guard,TEST_FIXTURE_ONLY,"acceptance,test",explicit_acceptance_or_test_runner,required,destroy_dedicated_acceptance_database,false,false,KEEP_OUT_OF_PRODUCTION_INSTALL_SET
scripts/verify/operation_gateway_contract_guard.py,,operation_gateway_contract_guard,TEST_FIXTURE_ONLY,"acceptance,test",explicit_acceptance_or_test_runner,required,destroy_dedicated_acceptance_database,false,false,KEEP_OUT_OF_PRODUCTION_INSTALL_SET
scripts/verify/operation_strategy_contract_surface_audit.py,,operation_strategy_contract_surface_audit,TEST_FIXTURE_ONLY,"acceptance,test",explicit_acceptance_or_test_runner,required,destroy_dedicated_acceptance_database,false,false,KEEP_OUT_OF_PRODUCTION_INSTALL_SET
scripts/verify/ops_batch_smoke.py,,ops_batch_smoke,TEST_FIXTURE_ONLY,"acceptance,test",explicit_acceptance_or_test_runner,required,destroy_dedicated_acceptance_database,false,false,KEEP_OUT_OF_PRODUCTION_INSTALL_SET
scripts/verify/ops_batch_smoke.sh,,ops_batch_smoke,TEST_FIXTURE_ONLY,"acceptance,test",explicit_acceptance_or_test_runner,required,destroy_dedicated_acceptance_database,false,false,KEEP_OUT_OF_PRODUCTION_INSTALL_SET
scripts/verify/orchestration_semantics_registry_guard.py,,orchestration_semantics_registry_guard,TEST_FIXTURE_ONLY,"acceptance,test",explicit_acceptance_or_test_runner,required,destroy_dedicated_acceptance_database,false,false,KEEP_OUT_OF_PRODUCTION_INSTALL_SET
scripts/verify/overview_entry.sh,,overview_entry,TEST_FIXTURE_ONLY,"acceptance,test",explicit_acceptance_or_test_runner,required,destroy_dedicated_acceptance_database,false,false,KEEP_OUT_OF_PRODUCTION_INSTALL_SET
scripts/verify/overview_logic.sh,,overview_logic,TEST_FIXTURE_ONLY,"acceptance,test",explicit_acceptance_or_test_runner,required,destroy_dedicated_acceptance_database,false,false,KEEP_OUT_OF_PRODUCTION_INSTALL_SET
scripts/verify/overview_rules.sh,,overview_rules,TEST_FIXTURE_ONLY,"acceptance,test",explicit_acceptance_or_test_runner,required,destroy_dedicated_acceptance_database,false,false,KEEP_OUT_OF_PRODUCTION_INSTALL_SET
scripts/verify/owner_industry_isolation_probe.py,,owner_industry_isolation_probe,TEST_FIXTURE_ONLY,"acceptance,test",explicit_acceptance_or_test_runner,required,destroy_dedicated_acceptance_database,false,false,KEEP_OUT_OF_PRODUCTION_INSTALL_SET
scripts/verify/owner_intent_non_intrusion_guard.py,,owner_intent_non_intrusion_guard,TEST_FIXTURE_ONLY,"acceptance,test",explicit_acceptance_or_test_runner,required,destroy_dedicated_acceptance_database,false,false,KEEP_OUT_OF_PRODUCTION_INSTALL_SET
scripts/verify/owner_scene_independent_deploy_report.py,,owner_scene_independent_deploy_report,TEST_FIXTURE_ONLY,"acceptance,test",explicit_acceptance_or_test_runner,required,destroy_dedicated_acceptance_database,false,false,KEEP_OUT_OF_PRODUCTION_INSTALL_SET
scripts/verify/p0_base.sh,,p0_base,TEST_FIXTURE_ONLY,"acceptance,test",explicit_acceptance_or_test_runner,required,destroy_dedicated_acceptance_database,false,false,KEEP_OUT_OF_PRODUCTION_INSTALL_SET
scripts/verify/p0_flow.sh,,p0_flow,TEST_FIXTURE_ONLY,"acceptance,test",explicit_acceptance_or_test_runner,required,destroy_dedicated_acceptance_database,false,false,KEEP_OUT_OF_PRODUCTION_INSTALL_SET
scripts/verify/p1_business_relationship_gap_report.py,,p1_business_relationship_gap_report,TEST_FIXTURE_ONLY,"acceptance,test",explicit_acceptance_or_test_runner,required,destroy_dedicated_acceptance_database,false,false,KEEP_OUT_OF_PRODUCTION_INSTALL_SET
scripts/verify/p1_daily_business_form_usability_audit.py,,p1_daily_business_form_usability_audit,TEST_FIXTURE_ONLY,"acceptance,test",explicit_acceptance_or_test_runner,required,destroy_dedicated_acceptance_database,false,false,KEEP_OUT_OF_PRODUCTION_INSTALL_SET
scripts/verify/p1_daily_business_visible_contract_audit.py,,p1_daily_business_visible_contract_audit,TEST_FIXTURE_ONLY,"acceptance,test",explicit_acceptance_or_test_runner,required,destroy_dedicated_acceptance_database,false,false,KEEP_OUT_OF_PRODUCTION_INSTALL_SET
scripts/verify/p1_formal_relationship_continuity_audit.py,,p1_formal_relationship_continuity_audit,TEST_FIXTURE_ONLY,"acceptance,test",explicit_acceptance_or_test_runner,required,destroy_dedicated_acceptance_database,false,false,KEEP_OUT_OF_PRODUCTION_INSTALL_SET
scripts/verify/p1_formal_relationship_scope_block_smoke.py,,p1_formal_relationship_scope_block_smoke,TEST_FIXTURE_ONLY,"acceptance,test",explicit_acceptance_or_test_runner,required,destroy_dedicated_acceptance_database,false,false,KEEP_OUT_OF_PRODUCTION_INSTALL_SET
scripts/verify/p1_locked_fact_mapping_candidate_guard.py,,p1_locked_fact_mapping_candidate_guard,TEST_FIXTURE_ONLY,"acceptance,test",explicit_acceptance_or_test_runner,required,destroy_dedicated_acceptance_database,false,false,KEEP_OUT_OF_PRODUCTION_INSTALL_SET
scripts/verify/p1_locked_fact_mapping_candidate_probe.py,,p1_locked_fact_mapping_candidate_probe,TEST_FIXTURE_ONLY,"acceptance,test",explicit_acceptance_or_test_runner,required,destroy_dedicated_acceptance_database,false,false,KEEP_OUT_OF_PRODUCTION_INSTALL_SET
scripts/verify/p1_relationship_review_queue_audit.py,,p1_relationship_review_queue_audit,TEST_FIXTURE_ONLY,"acceptance,test",explicit_acceptance_or_test_runner,required,destroy_dedicated_acceptance_database,false,false,KEEP_OUT_OF_PRODUCTION_INSTALL_SET
scripts/verify/p1_relationship_suggestion_audit.py,,p1_relationship_suggestion_audit,TEST_FIXTURE_ONLY,"acceptance,test",explicit_acceptance_or_test_runner,required,destroy_dedicated_acceptance_database,false,false,KEEP_OUT_OF_PRODUCTION_INSTALL_SET
scripts/verify/page_contract_action_schema_semantics_guard.py,,page_contract_action_schema_semantics_guard,TEST_FIXTURE_ONLY,"acceptance,test",explicit_acceptance_or_test_runner,required,destroy_dedicated_acceptance_database,false,false,KEEP_OUT_OF_PRODUCTION_INSTALL_SET
scripts/verify/page_contract_data_source_semantics_guard.py,,page_contract_data_source_semantics_guard,TEST_FIXTURE_ONLY,"acceptance,test",explicit_acceptance_or_test_runner,required,destroy_dedicated_acceptance_database,false,false,KEEP_OUT_OF_PRODUCTION_INSTALL_SET
scripts/verify/page_contract_orchestration_schema_guard.py,,page_contract_orchestration_schema_guard,TEST_FIXTURE_ONLY,"acceptance,test",explicit_acceptance_or_test_runner,required,destroy_dedicated_acceptance_database,false,false,KEEP_OUT_OF_PRODUCTION_INSTALL_SET
scripts/verify/page_contract_provider_split_guard.py,,page_contract_provider_split_guard,TEST_FIXTURE_ONLY,"acceptance,test",explicit_acceptance_or_test_runner,required,destroy_dedicated_acceptance_database,false,false,KEEP_OUT_OF_PRODUCTION_INSTALL_SET
scripts/verify/page_contract_role_orchestration_variance_guard.py,,page_contract_role_orchestration_variance_guard,TEST_FIXTURE_ONLY,"acceptance,test",explicit_acceptance_or_test_runner,required,destroy_dedicated_acceptance_database,false,false,KEEP_OUT_OF_PRODUCTION_INSTALL_SET
scripts/verify/page_contract_role_strategy_provider_split_guard.py,,page_contract_role_strategy_provider_split_guard,TEST_FIXTURE_ONLY,"acceptance,test",explicit_acceptance_or_test_runner,required,destroy_dedicated_acceptance_database,false,false,KEEP_OUT_OF_PRODUCTION_INSTALL_SET
scripts/verify/page_contract_sections_schema_guard.py,,page_contract_sections_schema_guard,TEST_FIXTURE_ONLY,"acceptance,test",explicit_acceptance_or_test_runner,required,destroy_dedicated_acceptance_database,false,false,KEEP_OUT_OF_PRODUCTION_INSTALL_SET
scripts/verify/page_contract_semantic_provider_split_guard.py,,page_contract_semantic_provider_split_guard,TEST_FIXTURE_ONLY,"acceptance,test",explicit_acceptance_or_test_runner,required,destroy_dedicated_acceptance_database,false,false,KEEP_OUT_OF_PRODUCTION_INSTALL_SET
scripts/verify/page_contract_strategy_provider_split_guard.py,,page_contract_strategy_provider_split_guard,TEST_FIXTURE_ONLY,"acceptance,test",explicit_acceptance_or_test_runner,required,destroy_dedicated_acceptance_database,false,false,KEEP_OUT_OF_PRODUCTION_INSTALL_SET
scripts/verify/page_contract_text_key_coverage_guard.py,,page_contract_text_key_coverage_guard,TEST_FIXTURE_ONLY,"acceptance,test",explicit_acceptance_or_test_runner,required,destroy_dedicated_acceptance_database,false,false,KEEP_OUT_OF_PRODUCTION_INSTALL_SET
scripts/verify/page_orchestration_target_completion_guard.py,,page_orchestration_target_completion_guard,TEST_FIXTURE_ONLY,"acceptance,test",explicit_acceptance_or_test_runner,required,destroy_dedicated_acceptance_database,false,false,KEEP_OUT_OF_PRODUCTION_INSTALL_SET
scripts/verify/payment_execution_form_productization_runtime_guard.py,,payment_execution_form_productization_runtime_guard,TEST_FIXTURE_ONLY,"acceptance,test",explicit_acceptance_or_test_runner,required,destroy_dedicated_acceptance_database,false,false,KEEP_OUT_OF_PRODUCTION_INSTALL_SET
scripts/verify/payment_execution_request_anchor_audit.py,,payment_execution_request_anchor_audit,TEST_FIXTURE_ONLY,"acceptance,test",explicit_acceptance_or_test_runner,required,destroy_dedicated_acceptance_database,false,false,KEEP_OUT_OF_PRODUCTION_INSTALL_SET
scripts/verify/payment_request_approval_chain_summary.py,,payment_request_approval_chain_summary,TEST_FIXTURE_ONLY,"acceptance,test",explicit_acceptance_or_test_runner,required,destroy_dedicated_acceptance_database,false,false,KEEP_OUT_OF_PRODUCTION_INSTALL_SET
scripts/verify/payment_request_approval_field_consumer_audit.py,,payment_request_approval_field_consumer_audit,TEST_FIXTURE_ONLY,"acceptance,test",explicit_acceptance_or_test_runner,required,destroy_dedicated_acceptance_database,false,false,KEEP_OUT_OF_PRODUCTION_INSTALL_SET
scripts/verify/payment_request_approval_handoff_smoke.py,,payment_request_approval_handoff_smoke,TEST_FIXTURE_ONLY,"acceptance,test",explicit_acceptance_or_test_runner,required,destroy_dedicated_acceptance_database,false,false,KEEP_OUT_OF_PRODUCTION_INSTALL_SET
scripts/verify/payment_request_approval_smoke.py,,payment_request_approval_smoke,TEST_FIXTURE_ONLY,"acceptance,test",explicit_acceptance_or_test_runner,required,destroy_dedicated_acceptance_database,false,false,KEEP_OUT_OF_PRODUCTION_INSTALL_SET
scripts/verify/payment_request_receipt_type_browser_group_smoke.js,,payment_request_receipt_type_browser_group_smoke,TEST_FIXTURE_ONLY,"acceptance,test",explicit_acceptance_or_test_runner,required,destroy_dedicated_acceptance_database,false,false,KEEP_OUT_OF_PRODUCTION_INSTALL_SET
scripts/verify/payment_request_receipt_type_guard.py,,payment_request_receipt_type_guard,TEST_FIXTURE_ONLY,"acceptance,test",explicit_acceptance_or_test_runner,required,destroy_dedicated_acceptance_database,false,false,KEEP_OUT_OF_PRODUCTION_INSTALL_SET
scripts/verify/payment_request_visible_surface_alignment_audit.py,,payment_request_visible_surface_alignment_audit,TEST_FIXTURE_ONLY,"acceptance,test",explicit_acceptance_or_test_runner,required,destroy_dedicated_acceptance_database,false,false,KEEP_OUT_OF_PRODUCTION_INSTALL_SET
scripts/verify/phase_9_8_gate_summary.js,,phase_9_8_gate_summary,TEST_FIXTURE_ONLY,"acceptance,test",explicit_acceptance_or_test_runner,required,destroy_dedicated_acceptance_database,false,false,KEEP_OUT_OF_PRODUCTION_INSTALL_SET
scripts/verify/phasex_operating_summary_report.py,,phasex_operating_summary_report,TEST_FIXTURE_ONLY,"acceptance,test",explicit_acceptance_or_test_runner,required,destroy_dedicated_acceptance_database,false,false,KEEP_OUT_OF_PRODUCTION_INSTALL_SET
scripts/verify/platform_company_access_kernel_probe.py,,platform_company_access_kernel_probe,TEST_FIXTURE_ONLY,"acceptance,test",explicit_acceptance_or_test_runner,required,destroy_dedicated_acceptance_database,false,false,KEEP_OUT_OF_PRODUCTION_INSTALL_SET
scripts/verify/platform_company_access_manifest_guard.py,,platform_company_access_manifest_guard,TEST_FIXTURE_ONLY,"acceptance,test",explicit_acceptance_or_test_runner,required,destroy_dedicated_acceptance_database,false,false,KEEP_OUT_OF_PRODUCTION_INSTALL_SET
scripts/verify/platform_config_fixture.py,,platform_config_fixture,TEST_FIXTURE_ONLY,"acceptance,test",explicit_acceptance_or_test_runner,required,destroy_dedicated_acceptance_database,false,false,KEEP_OUT_OF_PRODUCTION_INSTALL_SET
scripts/verify/platform_distribution_ready_report.py,,platform_distribution_ready_report,TEST_FIXTURE_ONLY,"acceptance,test",explicit_acceptance_or_test_runner,required,destroy_dedicated_acceptance_database,false,false,KEEP_OUT_OF_PRODUCTION_INSTALL_SET
scripts/verify/platform_init_preflight.sh,,platform_init_preflight,TEST_FIXTURE_ONLY,"acceptance,test",explicit_acceptance_or_test_runner,required,destroy_dedicated_acceptance_database,false,false,KEEP_OUT_OF_PRODUCTION_INSTALL_SET
scripts/verify/platform_kernel_baseline_guard.py,,platform_kernel_baseline_guard,TEST_FIXTURE_ONLY,"acceptance,test",explicit_acceptance_or_test_runner,required,destroy_dedicated_acceptance_database,false,false,KEEP_OUT_OF_PRODUCTION_INSTALL_SET
scripts/verify/platform_multi_domain_ready_report.py,,platform_multi_domain_ready_report,TEST_FIXTURE_ONLY,"acceptance,test",explicit_acceptance_or_test_runner,required,destroy_dedicated_acceptance_database,false,false,KEEP_OUT_OF_PRODUCTION_INSTALL_SET
scripts/verify/platform_performance_smoke.py,,platform_performance_smoke,TEST_FIXTURE_ONLY,"acceptance,test",explicit_acceptance_or_test_runner,required,destroy_dedicated_acceptance_database,false,false,KEEP_OUT_OF_PRODUCTION_INSTALL_SET
scripts/verify/platform_release_policy_runtime_probe.py,,platform_release_policy_runtime_probe,TEST_FIXTURE_ONLY,"acceptance,test",explicit_acceptance_or_test_runner,required,destroy_dedicated_acceptance_database,false,false,KEEP_OUT_OF_PRODUCTION_INSTALL_SET
scripts/verify/platform_release_policy_runtime_schema_guard.py,,platform_release_policy_runtime_schema_guard,TEST_FIXTURE_ONLY,"acceptance,test",explicit_acceptance_or_test_runner,required,destroy_dedicated_acceptance_database,false,false,KEEP_OUT_OF_PRODUCTION_INSTALL_SET
scripts/verify/platform_sla_guard.py,,platform_sla_guard,TEST_FIXTURE_ONLY,"acceptance,test",explicit_acceptance_or_test_runner,required,destroy_dedicated_acceptance_database,false,false,KEEP_OUT_OF_PRODUCTION_INSTALL_SET
scripts/verify/platform_usage_handler_ownership_guard.py,,platform_usage_handler_ownership_guard,TEST_FIXTURE_ONLY,"acceptance,test",explicit_acceptance_or_test_runner,required,destroy_dedicated_acceptance_database,false,false,KEEP_OUT_OF_PRODUCTION_INSTALL_SET
scripts/verify/playwright_runtime.mjs,,playwright_runtime,TEST_FIXTURE_ONLY,"acceptance,test",explicit_acceptance_or_test_runner,required,destroy_dedicated_acceptance_database,false,false,KEEP_OUT_OF_PRODUCTION_INSTALL_SET
scripts/verify/portal_bridge_e2e_smoke.js,,portal_bridge_e2e_smoke,TEST_FIXTURE_ONLY,"acceptance,test",explicit_acceptance_or_test_runner,required,destroy_dedicated_acceptance_database,false,false,KEEP_OUT_OF_PRODUCTION_INSTALL_SET
scripts/verify/portal_dashboard.sh,,portal_dashboard,TEST_FIXTURE_ONLY,"acceptance,test",explicit_acceptance_or_test_runner,required,destroy_dedicated_acceptance_database,false,false,KEEP_OUT_OF_PRODUCTION_INSTALL_SET
scripts/verify/portal_entry_registry_guard.py,,portal_entry_registry_guard,TEST_FIXTURE_ONLY,"acceptance,test",explicit_acceptance_or_test_runner,required,destroy_dedicated_acceptance_database,false,false,KEEP_OUT_OF_PRODUCTION_INSTALL_SET
scripts/verify/portal_entry_registry_quality_guard.py,,portal_entry_registry_quality_guard,TEST_FIXTURE_ONLY,"acceptance,test",explicit_acceptance_or_test_runner,required,destroy_dedicated_acceptance_database,false,false,KEEP_OUT_OF_PRODUCTION_INSTALL_SET
scripts/verify/portal_execute_button.sh,,portal_execute_button,TEST_FIXTURE_ONLY,"acceptance,test",explicit_acceptance_or_test_runner,required,destroy_dedicated_acceptance_database,false,false,KEEP_OUT_OF_PRODUCTION_INSTALL_SET
scripts/verify/portal_navigation_entry_registry_guard.py,,portal_navigation_entry_registry_guard,TEST_FIXTURE_ONLY,"acceptance,test",explicit_acceptance_or_test_runner,required,destroy_dedicated_acceptance_database,false,false,KEEP_OUT_OF_PRODUCTION_INSTALL_SET
scripts/verify/portal_navigation_registry_quality_guard.py,,portal_navigation_registry_quality_guard,TEST_FIXTURE_ONLY,"acceptance,test",explicit_acceptance_or_test_runner,required,destroy_dedicated_acceptance_database,false,false,KEEP_OUT_OF_PRODUCTION_INSTALL_SET
scripts/verify/portal_product_scene_mapping_guard.py,,portal_product_scene_mapping_guard,TEST_FIXTURE_ONLY,"acceptance,test",explicit_acceptance_or_test_runner,required,destroy_dedicated_acceptance_database,false,false,KEEP_OUT_OF_PRODUCTION_INSTALL_SET
scripts/verify/portal_role_home_scene_guard.py,,portal_role_home_scene_guard,TEST_FIXTURE_ONLY,"acceptance,test",explicit_acceptance_or_test_runner,required,destroy_dedicated_acceptance_database,false,false,KEEP_OUT_OF_PRODUCTION_INSTALL_SET
scripts/verify/portal_role_scene_navigation_guard.py,,portal_role_scene_navigation_guard,TEST_FIXTURE_ONLY,"acceptance,test",explicit_acceptance_or_test_runner,required,destroy_dedicated_acceptance_database,false,false,KEEP_OUT_OF_PRODUCTION_INSTALL_SET
scripts/verify/portal_scene_product_filter_guard.py,,portal_scene_product_filter_guard,TEST_FIXTURE_ONLY,"acceptance,test",explicit_acceptance_or_test_runner,required,destroy_dedicated_acceptance_database,false,false,KEEP_OUT_OF_PRODUCTION_INSTALL_SET
scripts/verify/portal_template_schema_guard.py,,portal_template_schema_guard,TEST_FIXTURE_ONLY,"acceptance,test",explicit_acceptance_or_test_runner,required,destroy_dedicated_acceptance_database,false,false,KEEP_OUT_OF_PRODUCTION_INSTALL_SET
scripts/verify/prepare_migration_safety_fixture.sql,,prepare_migration_safety_fixture,TEST_FIXTURE_ONLY,"acceptance,test",explicit_acceptance_or_test_runner,required,destroy_dedicated_acceptance_database,false,false,KEEP_OUT_OF_PRODUCTION_INSTALL_SET
scripts/verify/prod_guard_smoke.sh,,prod_guard_smoke,TEST_FIXTURE_ONLY,"acceptance,test",explicit_acceptance_or_test_runner,required,destroy_dedicated_acceptance_database,false,false,KEEP_OUT_OF_PRODUCTION_INSTALL_SET
scripts/verify/prod_sim_acceptance_evidence_schema_guard.py,,prod_sim_acceptance_evidence_schema_guard,TEST_FIXTURE_ONLY,"acceptance,test",explicit_acceptance_or_test_runner,required,destroy_dedicated_acceptance_database,false,false,KEEP_OUT_OF_PRODUCTION_INSTALL_SET
scripts/verify/product_boundary_catalog_guard.py,,product_boundary_catalog_guard,TEST_FIXTURE_ONLY,"acceptance,test",explicit_acceptance_or_test_runner,required,destroy_dedicated_acceptance_database,false,false,KEEP_OUT_OF_PRODUCTION_INSTALL_SET
scripts/verify/product_capability_matrix_ready.py,,product_capability_matrix_ready,TEST_FIXTURE_ONLY,"acceptance,test",explicit_acceptance_or_test_runner,required,destroy_dedicated_acceptance_database,false,false,KEEP_OUT_OF_PRODUCTION_INSTALL_SET
scripts/verify/product_capability_matrix_v2_report.py,,product_capability_matrix_v2_report,TEST_FIXTURE_ONLY,"acceptance,test",explicit_acceptance_or_test_runner,required,destroy_dedicated_acceptance_database,false,false,KEEP_OUT_OF_PRODUCTION_INSTALL_SET
scripts/verify/product_delivery_action_closure_smoke.py,,product_delivery_action_closure_smoke,TEST_FIXTURE_ONLY,"acceptance,test",explicit_acceptance_or_test_runner,required,destroy_dedicated_acceptance_database,false,false,KEEP_OUT_OF_PRODUCTION_INSTALL_SET
scripts/verify/product_delivery_freshness_guard.py,,product_delivery_freshness_guard,TEST_FIXTURE_ONLY,"acceptance,test",explicit_acceptance_or_test_runner,required,destroy_dedicated_acceptance_database,false,false,KEEP_OUT_OF_PRODUCTION_INSTALL_SET
scripts/verify/product_delivery_gap_report.py,,product_delivery_gap_report,TEST_FIXTURE_ONLY,"acceptance,test",explicit_acceptance_or_test_runner,required,destroy_dedicated_acceptance_database,false,false,KEEP_OUT_OF_PRODUCTION_INSTALL_SET
scripts/verify/product_delivery_governance_truth_guard.py,,product_delivery_governance_truth_guard,TEST_FIXTURE_ONLY,"acceptance,test",explicit_acceptance_or_test_runner,required,destroy_dedicated_acceptance_database,false,false,KEEP_OUT_OF_PRODUCTION_INSTALL_SET
scripts/verify/product_delivery_governance_truth_schema_guard.py,,product_delivery_governance_truth_schema_guard,TEST_FIXTURE_ONLY,"acceptance,test",explicit_acceptance_or_test_runner,required,destroy_dedicated_acceptance_database,false,false,KEEP_OUT_OF_PRODUCTION_INSTALL_SET
scripts/verify/product_delivery_module9_smoke.py,,product_delivery_module9_smoke,TEST_FIXTURE_ONLY,"acceptance,test",explicit_acceptance_or_test_runner,required,destroy_dedicated_acceptance_database,false,false,KEEP_OUT_OF_PRODUCTION_INSTALL_SET
scripts/verify/product_delivery_package_manifest.py,,product_delivery_package_manifest,TEST_FIXTURE_ONLY,"acceptance,test",explicit_acceptance_or_test_runner,required,destroy_dedicated_acceptance_database,false,false,KEEP_OUT_OF_PRODUCTION_INSTALL_SET
scripts/verify/product_delivery_productization_readiness.py,,product_delivery_productization_readiness,TEST_FIXTURE_ONLY,"acceptance,test",explicit_acceptance_or_test_runner,required,destroy_dedicated_acceptance_database,false,false,KEEP_OUT_OF_PRODUCTION_INSTALL_SET
scripts/verify/product_delivery_scoreboard_final_closeout_guard.py,,product_delivery_scoreboard_final_closeout_guard,TEST_FIXTURE_ONLY,"acceptance,test",explicit_acceptance_or_test_runner,required,destroy_dedicated_acceptance_database,false,false,KEEP_OUT_OF_PRODUCTION_INSTALL_SET
scripts/verify/product_delivery_smoke_schema_guard.py,,product_delivery_smoke_schema_guard,TEST_FIXTURE_ONLY,"acceptance,test",explicit_acceptance_or_test_runner,required,destroy_dedicated_acceptance_database,false,false,KEEP_OUT_OF_PRODUCTION_INSTALL_SET
scripts/verify/product_hardening_schema_guard.py,,product_hardening_schema_guard,TEST_FIXTURE_ONLY,"acceptance,test",explicit_acceptance_or_test_runner,required,destroy_dedicated_acceptance_database,false,false,KEEP_OUT_OF_PRODUCTION_INSTALL_SET
scripts/verify/product_image_tenant_neutral_guard.py,,product_image_tenant_neutral_guard,TEST_FIXTURE_ONLY,"acceptance,test",explicit_acceptance_or_test_runner,required,destroy_dedicated_acceptance_database,false,false,KEEP_OUT_OF_PRODUCTION_INSTALL_SET
scripts/verify/product_menu_blueprint_report.py,,product_menu_blueprint_report,TEST_FIXTURE_ONLY,"acceptance,test",explicit_acceptance_or_test_runner,required,destroy_dedicated_acceptance_database,false,false,KEEP_OUT_OF_PRODUCTION_INSTALL_SET
scripts/verify/product_menu_catalog_report.py,,product_menu_catalog_report,TEST_FIXTURE_ONLY,"acceptance,test",explicit_acceptance_or_test_runner,required,destroy_dedicated_acceptance_database,false,false,KEEP_OUT_OF_PRODUCTION_INSTALL_SET
scripts/verify/product_menu_catalog_runtime_audit.py,,product_menu_catalog_runtime_audit,TEST_FIXTURE_ONLY,"acceptance,test",explicit_acceptance_or_test_runner,required,destroy_dedicated_acceptance_database,false,false,KEEP_OUT_OF_PRODUCTION_INSTALL_SET
scripts/verify/product_release_version_guard.py,,product_release_version_guard,TEST_FIXTURE_ONLY,"acceptance,test",explicit_acceptance_or_test_runner,required,destroy_dedicated_acceptance_database,false,false,KEEP_OUT_OF_PRODUCTION_INSTALL_SET
scripts/verify/product_tier_coverage.py,,product_tier_coverage,TEST_FIXTURE_ONLY,"acceptance,test",explicit_acceptance_or_test_runner,required,destroy_dedicated_acceptance_database,false,false,KEEP_OUT_OF_PRODUCTION_INSTALL_SET
scripts/verify/product_tier_ready.py,,product_tier_ready,TEST_FIXTURE_ONLY,"acceptance,test",explicit_acceptance_or_test_runner,required,destroy_dedicated_acceptance_database,false,false,KEEP_OUT_OF_PRODUCTION_INSTALL_SET
scripts/verify/product_to_customer_dependency_guard.py,,product_to_customer_dependency_guard,TEST_FIXTURE_ONLY,"acceptance,test",explicit_acceptance_or_test_runner,required,destroy_dedicated_acceptance_database,false,false,KEEP_OUT_OF_PRODUCTION_INSTALL_SET
scripts/verify/production_blocker_fresh_and_rollback.sh,,production_blocker_fresh_and_rollback,TEST_FIXTURE_ONLY,"acceptance,test",explicit_acceptance_or_test_runner,required,destroy_dedicated_acceptance_database,false,false,KEEP_OUT_OF_PRODUCTION_INSTALL_SET
scripts/verify/production_blocker_history_upgrade.sh,,production_blocker_history_upgrade,TEST_FIXTURE_ONLY,"acceptance,test",explicit_acceptance_or_test_runner,required,destroy_dedicated_acceptance_database,false,false,KEEP_OUT_OF_PRODUCTION_INSTALL_SET
scripts/verify/production_blocker_image.sh,,production_blocker_image,TEST_FIXTURE_ONLY,"acceptance,test",explicit_acceptance_or_test_runner,required,destroy_dedicated_acceptance_database,false,false,KEEP_OUT_OF_PRODUCTION_INSTALL_SET
scripts/verify/production_blocker_migration_matrix.sh,,production_blocker_migration_matrix,TEST_FIXTURE_ONLY,"acceptance,test",explicit_acceptance_or_test_runner,required,destroy_dedicated_acceptance_database,false,false,KEEP_OUT_OF_PRODUCTION_INSTALL_SET
scripts/verify/production_blocker_runtime_assets.sh,,production_blocker_runtime_assets,TEST_FIXTURE_ONLY,"acceptance,test",explicit_acceptance_or_test_runner,required,destroy_dedicated_acceptance_database,false,false,KEEP_OUT_OF_PRODUCTION_INSTALL_SET
scripts/verify/production_deployment_record_guard.py,,production_deployment_record_guard,TEST_FIXTURE_ONLY,"acceptance,test",explicit_acceptance_or_test_runner,required,destroy_dedicated_acceptance_database,false,false,KEEP_OUT_OF_PRODUCTION_INSTALL_SET
scripts/verify/production_git_authority_guard.py,,production_git_authority_guard,TEST_FIXTURE_ONLY,"acceptance,test",explicit_acceptance_or_test_runner,required,destroy_dedicated_acceptance_database,false,false,KEEP_OUT_OF_PRODUCTION_INSTALL_SET
scripts/verify/production_menu_release_gate_guard.py,,production_menu_release_gate_guard,TEST_FIXTURE_ONLY,"acceptance,test",explicit_acceptance_or_test_runner,required,destroy_dedicated_acceptance_database,false,false,KEEP_OUT_OF_PRODUCTION_INSTALL_SET
scripts/verify/production_release_flow_guard.py,,production_release_flow_guard,TEST_FIXTURE_ONLY,"acceptance,test",explicit_acceptance_or_test_runner,required,destroy_dedicated_acceptance_database,false,false,KEEP_OUT_OF_PRODUCTION_INSTALL_SET
scripts/verify/project_budget_legacy_material_audit.py,,project_budget_legacy_material_audit,TEST_FIXTURE_ONLY,"acceptance,test",explicit_acceptance_or_test_runner,required,destroy_dedicated_acceptance_database,false,false,KEEP_OUT_OF_PRODUCTION_INSTALL_SET
scripts/verify/project_context_selector_product_boundary_guard.py,,project_context_selector_product_boundary_guard,TEST_FIXTURE_ONLY,"acceptance,test",explicit_acceptance_or_test_runner,required,destroy_dedicated_acceptance_database,false,false,KEEP_OUT_OF_PRODUCTION_INSTALL_SET
scripts/verify/project_dashboard_assembly_guard.py,,project_dashboard_assembly_guard,TEST_FIXTURE_ONLY,"acceptance,test",explicit_acceptance_or_test_runner,required,destroy_dedicated_acceptance_database,false,false,KEEP_OUT_OF_PRODUCTION_INSTALL_SET
scripts/verify/project_dashboard_block_payload_guard.py,,project_dashboard_block_payload_guard,TEST_FIXTURE_ONLY,"acceptance,test",explicit_acceptance_or_test_runner,required,destroy_dedicated_acceptance_database,false,false,KEEP_OUT_OF_PRODUCTION_INSTALL_SET
scripts/verify/project_dashboard_block_schema_guard.py,,project_dashboard_block_schema_guard,TEST_FIXTURE_ONLY,"acceptance,test",explicit_acceptance_or_test_runner,required,destroy_dedicated_acceptance_database,false,false,KEEP_OUT_OF_PRODUCTION_INSTALL_SET
scripts/verify/project_dashboard_contract_snapshot_export.py,,project_dashboard_contract_snapshot_export,TEST_FIXTURE_ONLY,"acceptance,test",explicit_acceptance_or_test_runner,required,destroy_dedicated_acceptance_database,false,false,KEEP_OUT_OF_PRODUCTION_INSTALL_SET
scripts/verify/project_dashboard_evidence_export.py,,project_dashboard_evidence_export,TEST_FIXTURE_ONLY,"acceptance,test",explicit_acceptance_or_test_runner,required,destroy_dedicated_acceptance_database,false,false,KEEP_OUT_OF_PRODUCTION_INSTALL_SET
scripts/verify/project_dashboard_intent_guard.py,,project_dashboard_intent_guard,TEST_FIXTURE_ONLY,"acceptance,test",explicit_acceptance_or_test_runner,required,destroy_dedicated_acceptance_database,false,false,KEEP_OUT_OF_PRODUCTION_INSTALL_SET
scripts/verify/project_dashboard_metric_semantics_guard.py,,project_dashboard_metric_semantics_guard,TEST_FIXTURE_ONLY,"acceptance,test",explicit_acceptance_or_test_runner,required,destroy_dedicated_acceptance_database,false,false,KEEP_OUT_OF_PRODUCTION_INSTALL_SET
scripts/verify/project_dashboard_project_id_order_guard.py,,project_dashboard_project_id_order_guard,TEST_FIXTURE_ONLY,"acceptance,test",explicit_acceptance_or_test_runner,required,destroy_dedicated_acceptance_database,false,false,KEEP_OUT_OF_PRODUCTION_INSTALL_SET
scripts/verify/project_dashboard_role_runtime_guard.py,,project_dashboard_role_runtime_guard,TEST_FIXTURE_ONLY,"acceptance,test",explicit_acceptance_or_test_runner,required,destroy_dedicated_acceptance_database,false,false,KEEP_OUT_OF_PRODUCTION_INSTALL_SET
scripts/verify/project_dashboard_runtime_chain_guard.py,,project_dashboard_runtime_chain_guard,TEST_FIXTURE_ONLY,"acceptance,test",explicit_acceptance_or_test_runner,required,destroy_dedicated_acceptance_database,false,false,KEEP_OUT_OF_PRODUCTION_INSTALL_SET
scripts/verify/project_dashboard_snapshot_freshness_guard.py,,project_dashboard_snapshot_freshness_guard,TEST_FIXTURE_ONLY,"acceptance,test",explicit_acceptance_or_test_runner,required,destroy_dedicated_acceptance_database,false,false,KEEP_OUT_OF_PRODUCTION_INSTALL_SET
scripts/verify/project_dashboard_snapshot_schema_guard.py,,project_dashboard_snapshot_schema_guard,TEST_FIXTURE_ONLY,"acceptance,test",explicit_acceptance_or_test_runner,required,destroy_dedicated_acceptance_database,false,false,KEEP_OUT_OF_PRODUCTION_INSTALL_SET
scripts/verify/project_form_contract_surface_guard.py,,project_form_contract_surface_guard,TEST_FIXTURE_ONLY,"acceptance,test",explicit_acceptance_or_test_runner,required,destroy_dedicated_acceptance_database,false,false,KEEP_OUT_OF_PRODUCTION_INSTALL_SET
scripts/verify/project_journey_trace_archive.py,,project_journey_trace_archive,TEST_FIXTURE_ONLY,"acceptance,test",explicit_acceptance_or_test_runner,required,destroy_dedicated_acceptance_database,false,false,KEEP_OUT_OF_PRODUCTION_INSTALL_SET
scripts/verify/project_management_contract_guard.py,,project_management_contract_guard,TEST_FIXTURE_ONLY,"acceptance,test",explicit_acceptance_or_test_runner,required,destroy_dedicated_acceptance_database,false,false,KEEP_OUT_OF_PRODUCTION_INSTALL_SET
scripts/verify/project_management_productization_acceptance_export.py,,project_management_productization_acceptance_export,TEST_FIXTURE_ONLY,"acceptance,test",explicit_acceptance_or_test_runner,required,destroy_dedicated_acceptance_database,false,false,KEEP_OUT_OF_PRODUCTION_INSTALL_SET
scripts/verify/project_management_productization_flow_guard.py,,project_management_productization_flow_guard,TEST_FIXTURE_ONLY,"acceptance,test",explicit_acceptance_or_test_runner,required,destroy_dedicated_acceptance_database,false,false,KEEP_OUT_OF_PRODUCTION_INSTALL_SET
scripts/verify/project_master_business_fact_coverage_classifier.py,,project_master_business_fact_coverage_classifier,TEST_FIXTURE_ONLY,"acceptance,test",explicit_acceptance_or_test_runner,required,destroy_dedicated_acceptance_database,false,false,KEEP_OUT_OF_PRODUCTION_INSTALL_SET
scripts/verify/project_member_unification_guard.py,,project_member_unification_guard,TEST_FIXTURE_ONLY,"acceptance,test",explicit_acceptance_or_test_runner,required,destroy_dedicated_acceptance_database,false,false,KEEP_OUT_OF_PRODUCTION_INSTALL_SET
scripts/verify/project_migration_field_continuity_gap_probe.py,,project_migration_field_continuity_gap_probe,TEST_FIXTURE_ONLY,"acceptance,test",explicit_acceptance_or_test_runner,required,destroy_dedicated_acceptance_database,false,false,KEEP_OUT_OF_PRODUCTION_INSTALL_SET
scripts/verify/project_scope_contract_matrix_audit.py,,project_scope_contract_matrix_audit,TEST_FIXTURE_ONLY,"acceptance,test",explicit_acceptance_or_test_runner,required,destroy_dedicated_acceptance_database,false,false,KEEP_OUT_OF_PRODUCTION_INSTALL_SET
scripts/verify/project_task_action_seed.py,,project_task_action_seed,TEST_FIXTURE_ONLY,"acceptance,test",explicit_acceptance_or_test_runner,required,destroy_dedicated_acceptance_database,false,false,KEEP_OUT_OF_PRODUCTION_INSTALL_SET
scripts/verify/project_task_action_smoke.py,,project_task_action_smoke,TEST_FIXTURE_ONLY,"acceptance,test",explicit_acceptance_or_test_runner,required,destroy_dedicated_acceptance_database,false,false,KEEP_OUT_OF_PRODUCTION_INSTALL_SET
scripts/verify/provider_locator_removed_guard.py,,provider_locator_removed_guard,TEST_FIXTURE_ONLY,"acceptance,test",explicit_acceptance_or_test_runner,required,destroy_dedicated_acceptance_database,false,false,KEEP_OUT_OF_PRODUCTION_INSTALL_SET
scripts/verify/public_old_commit_probe.py,,public_old_commit_probe,TEST_FIXTURE_ONLY,"acceptance,test",explicit_acceptance_or_test_runner,required,destroy_dedicated_acceptance_database,false,false,KEEP_OUT_OF_PRODUCTION_INSTALL_SET
scripts/verify/python_http_smoke_utils.py,,python_http_smoke_utils,TEST_FIXTURE_ONLY,"acceptance,test",explicit_acceptance_or_test_runner,required,destroy_dedicated_acceptance_database,false,false,KEEP_OUT_OF_PRODUCTION_INSTALL_SET
scripts/verify/receipt_income_partner_anchor_audit.py,,receipt_income_partner_anchor_audit,TEST_FIXTURE_ONLY,"acceptance,test",explicit_acceptance_or_test_runner,required,destroy_dedicated_acceptance_database,false,false,KEEP_OUT_OF_PRODUCTION_INSTALL_SET
scripts/verify/receipt_income_type_mapping_guard.py,,receipt_income_type_mapping_guard,TEST_FIXTURE_ONLY,"acceptance,test",explicit_acceptance_or_test_runner,required,destroy_dedicated_acceptance_database,false,false,KEEP_OUT_OF_PRODUCTION_INSTALL_SET
scripts/verify/receipt_invoice_source_document_audit.py,,receipt_invoice_source_document_audit,TEST_FIXTURE_ONLY,"acceptance,test",explicit_acceptance_or_test_runner,required,destroy_dedicated_acceptance_database,false,false,KEEP_OUT_OF_PRODUCTION_INSTALL_SET
scripts/verify/relation_access_policy_consistency_audit.py,,relation_access_policy_consistency_audit,TEST_FIXTURE_ONLY,"acceptance,test",explicit_acceptance_or_test_runner,required,destroy_dedicated_acceptance_database,false,false,KEEP_OUT_OF_PRODUCTION_INSTALL_SET
scripts/verify/relation_entry_contract_guard.py,,relation_entry_contract_guard,TEST_FIXTURE_ONLY,"acceptance,test",explicit_acceptance_or_test_runner,required,destroy_dedicated_acceptance_database,false,false,KEEP_OUT_OF_PRODUCTION_INSTALL_SET
scripts/verify/relation_read_closure_guard.py,,relation_read_closure_guard,TEST_FIXTURE_ONLY,"acceptance,test",explicit_acceptance_or_test_runner,required,destroy_dedicated_acceptance_database,false,false,KEEP_OUT_OF_PRODUCTION_INSTALL_SET
scripts/verify/release_capability_audit.py,,release_capability_audit,TEST_FIXTURE_ONLY,"acceptance,test",explicit_acceptance_or_test_runner,required,destroy_dedicated_acceptance_database,false,false,KEEP_OUT_OF_PRODUCTION_INSTALL_SET
scripts/verify/release_capability_audit_schema_guard.py,,release_capability_audit_schema_guard,TEST_FIXTURE_ONLY,"acceptance,test",explicit_acceptance_or_test_runner,required,destroy_dedicated_acceptance_database,false,false,KEEP_OUT_OF_PRODUCTION_INSTALL_SET
scripts/verify/release_current_status_wording_closeout_guard.py,,release_current_status_wording_closeout_guard,TEST_FIXTURE_ONLY,"acceptance,test",explicit_acceptance_or_test_runner,required,destroy_dedicated_acceptance_database,false,false,KEEP_OUT_OF_PRODUCTION_INSTALL_SET
scripts/verify/release_master_stage_final_closeout_guard.py,,release_master_stage_final_closeout_guard,TEST_FIXTURE_ONLY,"acceptance,test",explicit_acceptance_or_test_runner,required,destroy_dedicated_acceptance_database,false,false,KEEP_OUT_OF_PRODUCTION_INSTALL_SET
scripts/verify/release_phase1_navigation_convergence_guard.py,,release_phase1_navigation_convergence_guard,TEST_FIXTURE_ONLY,"acceptance,test",explicit_acceptance_or_test_runner,required,destroy_dedicated_acceptance_database,false,false,KEEP_OUT_OF_PRODUCTION_INSTALL_SET
scripts/verify/release_phase2_core_scenarios_closure_guard.py,,release_phase2_core_scenarios_closure_guard,TEST_FIXTURE_ONLY,"acceptance,test",explicit_acceptance_or_test_runner,required,destroy_dedicated_acceptance_database,false,false,KEEP_OUT_OF_PRODUCTION_INSTALL_SET
scripts/verify/release_phase6_launch_closeout_guard.py,,release_phase6_launch_closeout_guard,TEST_FIXTURE_ONLY,"acceptance,test",explicit_acceptance_or_test_runner,required,destroy_dedicated_acceptance_database,false,false,KEEP_OUT_OF_PRODUCTION_INSTALL_SET
scripts/verify/release_round1_final_closeout_guard.py,,release_round1_final_closeout_guard,TEST_FIXTURE_ONLY,"acceptance,test",explicit_acceptance_or_test_runner,required,destroy_dedicated_acceptance_database,false,false,KEEP_OUT_OF_PRODUCTION_INSTALL_SET
scripts/verify/release_user_acceptance_closeout_guard.py,,release_user_acceptance_closeout_guard,TEST_FIXTURE_ONLY,"acceptance,test",explicit_acceptance_or_test_runner,required,destroy_dedicated_acceptance_database,false,false,KEEP_OUT_OF_PRODUCTION_INSTALL_SET
scripts/verify/release_v2_0_0_checklist_guard.py,,release_v2_0_0_checklist_guard,TEST_FIXTURE_ONLY,"acceptance,test",explicit_acceptance_or_test_runner,required,destroy_dedicated_acceptance_database,false,false,KEEP_OUT_OF_PRODUCTION_INSTALL_SET
scripts/verify/release_v2_0_0_control_docs_guard.py,,release_v2_0_0_control_docs_guard,TEST_FIXTURE_ONLY,"acceptance,test",explicit_acceptance_or_test_runner,required,destroy_dedicated_acceptance_database,false,false,KEEP_OUT_OF_PRODUCTION_INSTALL_SET
scripts/verify/release_v2_0_0_evidence_manifest_guard.py,,release_v2_0_0_evidence_manifest_guard,TEST_FIXTURE_ONLY,"acceptance,test",explicit_acceptance_or_test_runner,required,destroy_dedicated_acceptance_database,false,false,KEEP_OUT_OF_PRODUCTION_INSTALL_SET
scripts/verify/released_navigation_target.mjs,,released_navigation_target,TEST_FIXTURE_ONLY,"acceptance,test",explicit_acceptance_or_test_runner,required,destroy_dedicated_acceptance_database,false,false,KEEP_OUT_OF_PRODUCTION_INSTALL_SET
scripts/verify/render_policy_ready_guard.py,,render_policy_ready_guard,TEST_FIXTURE_ONLY,"acceptance,test",explicit_acceptance_or_test_runner,required,destroy_dedicated_acceptance_database,false,false,KEEP_OUT_OF_PRODUCTION_INSTALL_SET
scripts/verify/render_semantic_ready_guard.py,,render_semantic_ready_guard,TEST_FIXTURE_ONLY,"acceptance,test",explicit_acceptance_or_test_runner,required,destroy_dedicated_acceptance_database,false,false,KEEP_OUT_OF_PRODUCTION_INSTALL_SET
scripts/verify/repository_clean_history_guard.py,,repository_clean_history_guard,TEST_FIXTURE_ONLY,"acceptance,test",explicit_acceptance_or_test_runner,required,destroy_dedicated_acceptance_database,false,false,KEEP_OUT_OF_PRODUCTION_INSTALL_SET
scripts/verify/role_acl_minimum_set_guard.py,,role_acl_minimum_set_guard,TEST_FIXTURE_ONLY,"acceptance,test",explicit_acceptance_or_test_runner,required,destroy_dedicated_acceptance_database,false,false,KEEP_OUT_OF_PRODUCTION_INSTALL_SET
scripts/verify/role_capability_diff_report.py,,role_capability_diff_report,TEST_FIXTURE_ONLY,"acceptance,test",explicit_acceptance_or_test_runner,required,destroy_dedicated_acceptance_database,false,false,KEEP_OUT_OF_PRODUCTION_INSTALL_SET
scripts/verify/role_capability_floor_guard.py,,role_capability_floor_guard,TEST_FIXTURE_ONLY,"acceptance,test",explicit_acceptance_or_test_runner,required,destroy_dedicated_acceptance_database,false,false,KEEP_OUT_OF_PRODUCTION_INSTALL_SET
scripts/verify/role_capability_floor_prod_like.py,,role_capability_floor_prod_like,TEST_FIXTURE_ONLY,"acceptance,test",explicit_acceptance_or_test_runner,required,destroy_dedicated_acceptance_database,false,false,KEEP_OUT_OF_PRODUCTION_INSTALL_SET
scripts/verify/role_capability_floor_prod_like_schema_guard.py,,role_capability_floor_prod_like_schema_guard,TEST_FIXTURE_ONLY,"acceptance,test",explicit_acceptance_or_test_runner,required,destroy_dedicated_acceptance_database,false,false,KEEP_OUT_OF_PRODUCTION_INSTALL_SET
scripts/verify/role_capability_profiles_export.py,,role_capability_profiles_export,TEST_FIXTURE_ONLY,"acceptance,test",explicit_acceptance_or_test_runner,required,destroy_dedicated_acceptance_database,false,false,KEEP_OUT_OF_PRODUCTION_INSTALL_SET
scripts/verify/role_home_openability_report.py,,role_home_openability_report,TEST_FIXTURE_ONLY,"acceptance,test",explicit_acceptance_or_test_runner,required,destroy_dedicated_acceptance_database,false,false,KEEP_OUT_OF_PRODUCTION_INSTALL_SET
scripts/verify/role_surface_preflight.sh,,role_surface_preflight,TEST_FIXTURE_ONLY,"acceptance,test",explicit_acceptance_or_test_runner,required,destroy_dedicated_acceptance_database,false,false,KEEP_OUT_OF_PRODUCTION_INSTALL_SET
scripts/verify/role_surface_smoke.py,,role_surface_smoke,TEST_FIXTURE_ONLY,"acceptance,test",explicit_acceptance_or_test_runner,required,destroy_dedicated_acceptance_database,false,false,KEEP_OUT_OF_PRODUCTION_INSTALL_SET
scripts/verify/runtime_contract_test_placeholder_guard.py,,runtime_contract_test_placeholder_guard,TEST_FIXTURE_ONLY,"acceptance,test",explicit_acceptance_or_test_runner,required,destroy_dedicated_acceptance_database,false,false,KEEP_OUT_OF_PRODUCTION_INSTALL_SET
scripts/verify/runtime_language_baseline_probe.py,,runtime_language_baseline_probe,TEST_FIXTURE_ONLY,"acceptance,test",explicit_acceptance_or_test_runner,required,destroy_dedicated_acceptance_database,false,false,KEEP_OUT_OF_PRODUCTION_INSTALL_SET
scripts/verify/runtime_surface_dashboard_report.py,,runtime_surface_dashboard_report,TEST_FIXTURE_ONLY,"acceptance,test",explicit_acceptance_or_test_runner,required,destroy_dedicated_acceptance_database,false,false,KEEP_OUT_OF_PRODUCTION_INSTALL_SET
scripts/verify/runtime_surface_dashboard_schema_guard.py,,runtime_surface_dashboard_schema_guard,TEST_FIXTURE_ONLY,"acceptance,test",explicit_acceptance_or_test_runner,required,destroy_dedicated_acceptance_database,false,false,KEEP_OUT_OF_PRODUCTION_INSTALL_SET
scripts/verify/runtime_surface_dashboard_strict_guard.py,,runtime_surface_dashboard_strict_guard,TEST_FIXTURE_ONLY,"acceptance,test",explicit_acceptance_or_test_runner,required,destroy_dedicated_acceptance_database,false,false,KEEP_OUT_OF_PRODUCTION_INSTALL_SET
scripts/verify/runtime_trend_report.py,,runtime_trend_report,TEST_FIXTURE_ONLY,"acceptance,test",explicit_acceptance_or_test_runner,required,destroy_dedicated_acceptance_database,false,false,KEEP_OUT_OF_PRODUCTION_INSTALL_SET
scripts/verify/scene_action_surface_strategy_live_matrix_guard.py,,scene_action_surface_strategy_live_matrix_guard,TEST_FIXTURE_ONLY,"acceptance,test",explicit_acceptance_or_test_runner,required,destroy_dedicated_acceptance_database,false,false,KEEP_OUT_OF_PRODUCTION_INSTALL_SET
scripts/verify/scene_action_surface_strategy_payload_guard.py,,scene_action_surface_strategy_payload_guard,TEST_FIXTURE_ONLY,"acceptance,test",explicit_acceptance_or_test_runner,required,destroy_dedicated_acceptance_database,false,false,KEEP_OUT_OF_PRODUCTION_INSTALL_SET
scripts/verify/scene_action_surface_strategy_priority_guard.py,,scene_action_surface_strategy_priority_guard,TEST_FIXTURE_ONLY,"acceptance,test",explicit_acceptance_or_test_runner,required,destroy_dedicated_acceptance_database,false,false,KEEP_OUT_OF_PRODUCTION_INSTALL_SET
scripts/verify/scene_action_surface_strategy_schema_guard.py,,scene_action_surface_strategy_schema_guard,TEST_FIXTURE_ONLY,"acceptance,test",explicit_acceptance_or_test_runner,required,destroy_dedicated_acceptance_database,false,false,KEEP_OUT_OF_PRODUCTION_INSTALL_SET
scripts/verify/scene_action_surface_strategy_wiring_guard.py,,scene_action_surface_strategy_wiring_guard,TEST_FIXTURE_ONLY,"acceptance,test",explicit_acceptance_or_test_runner,required,destroy_dedicated_acceptance_database,false,false,KEEP_OUT_OF_PRODUCTION_INSTALL_SET
scripts/verify/scene_admin_smoke.py,,scene_admin_smoke,TEST_FIXTURE_ONLY,"acceptance,test",explicit_acceptance_or_test_runner,required,destroy_dedicated_acceptance_database,false,false,KEEP_OUT_OF_PRODUCTION_INSTALL_SET
scripts/verify/scene_admin_smoke.sh,,scene_admin_smoke,TEST_FIXTURE_ONLY,"acceptance,test",explicit_acceptance_or_test_runner,required,destroy_dedicated_acceptance_database,false,false,KEEP_OUT_OF_PRODUCTION_INSTALL_SET
scripts/verify/scene_asset_queue_trend_guard.py,,scene_asset_queue_trend_guard,TEST_FIXTURE_ONLY,"acceptance,test",explicit_acceptance_or_test_runner,required,destroy_dedicated_acceptance_database,false,false,KEEP_OUT_OF_PRODUCTION_INSTALL_SET
scripts/verify/scene_base_contract_asset_coverage_guard.py,,scene_base_contract_asset_coverage_guard,TEST_FIXTURE_ONLY,"acceptance,test",explicit_acceptance_or_test_runner,required,destroy_dedicated_acceptance_database,false,false,KEEP_OUT_OF_PRODUCTION_INSTALL_SET
scripts/verify/scene_base_contract_source_mix_company_matrix_guard.py,,scene_base_contract_source_mix_company_matrix_guard,TEST_FIXTURE_ONLY,"acceptance,test",explicit_acceptance_or_test_runner,required,destroy_dedicated_acceptance_database,false,false,KEEP_OUT_OF_PRODUCTION_INSTALL_SET
scripts/verify/scene_base_contract_source_mix_guard.py,,scene_base_contract_source_mix_guard,TEST_FIXTURE_ONLY,"acceptance,test",explicit_acceptance_or_test_runner,required,destroy_dedicated_acceptance_database,false,false,KEEP_OUT_OF_PRODUCTION_INSTALL_SET
scripts/verify/scene_base_contract_source_mix_role_matrix_guard.py,,scene_base_contract_source_mix_role_matrix_guard,TEST_FIXTURE_ONLY,"acceptance,test",explicit_acceptance_or_test_runner,required,destroy_dedicated_acceptance_database,false,false,KEEP_OUT_OF_PRODUCTION_INSTALL_SET
scripts/verify/scene_capability_contract_guard.py,,scene_capability_contract_guard,TEST_FIXTURE_ONLY,"acceptance,test",explicit_acceptance_or_test_runner,required,destroy_dedicated_acceptance_database,false,false,KEEP_OUT_OF_PRODUCTION_INSTALL_SET
scripts/verify/scene_capability_matrix_report.py,,scene_capability_matrix_report,TEST_FIXTURE_ONLY,"acceptance,test",explicit_acceptance_or_test_runner,required,destroy_dedicated_acceptance_database,false,false,KEEP_OUT_OF_PRODUCTION_INSTALL_SET
scripts/verify/scene_capability_matrix_report_schema_guard.py,,scene_capability_matrix_report_schema_guard,TEST_FIXTURE_ONLY,"acceptance,test",explicit_acceptance_or_test_runner,required,destroy_dedicated_acceptance_database,false,false,KEEP_OUT_OF_PRODUCTION_INSTALL_SET
scripts/verify/scene_catalog_runtime_alignment_guard.py,,scene_catalog_runtime_alignment_guard,TEST_FIXTURE_ONLY,"acceptance,test",explicit_acceptance_or_test_runner,required,destroy_dedicated_acceptance_database,false,false,KEEP_OUT_OF_PRODUCTION_INSTALL_SET
scripts/verify/scene_catalog_source_guard.py,,scene_catalog_source_guard,TEST_FIXTURE_ONLY,"acceptance,test",explicit_acceptance_or_test_runner,required,destroy_dedicated_acceptance_database,false,false,KEEP_OUT_OF_PRODUCTION_INSTALL_SET
scripts/verify/scene_company_access_preflight_guard.py,,scene_company_access_preflight_guard,TEST_FIXTURE_ONLY,"acceptance,test",explicit_acceptance_or_test_runner,required,destroy_dedicated_acceptance_database,false,false,KEEP_OUT_OF_PRODUCTION_INSTALL_SET
scripts/verify/scene_company_snapshot_collect.py,,scene_company_snapshot_collect,TEST_FIXTURE_ONLY,"acceptance,test",explicit_acceptance_or_test_runner,required,destroy_dedicated_acceptance_database,false,false,KEEP_OUT_OF_PRODUCTION_INSTALL_SET
scripts/verify/scene_compression_model_report.py,,scene_compression_model_report,TEST_FIXTURE_ONLY,"acceptance,test",explicit_acceptance_or_test_runner,required,destroy_dedicated_acceptance_database,false,false,KEEP_OUT_OF_PRODUCTION_INSTALL_SET
scripts/verify/scene_conflict_stress_report.py,,scene_conflict_stress_report,TEST_FIXTURE_ONLY,"acceptance,test",explicit_acceptance_or_test_runner,required,destroy_dedicated_acceptance_database,false,false,KEEP_OUT_OF_PRODUCTION_INSTALL_SET
scripts/verify/scene_contract_coverage_baseline_guard.py,,scene_contract_coverage_baseline_guard,TEST_FIXTURE_ONLY,"acceptance,test",explicit_acceptance_or_test_runner,required,destroy_dedicated_acceptance_database,false,false,KEEP_OUT_OF_PRODUCTION_INSTALL_SET
scripts/verify/scene_contract_coverage_brief.py,,scene_contract_coverage_brief,TEST_FIXTURE_ONLY,"acceptance,test",explicit_acceptance_or_test_runner,required,destroy_dedicated_acceptance_database,false,false,KEEP_OUT_OF_PRODUCTION_INSTALL_SET
scripts/verify/scene_contract_coverage_schema_guard.py,,scene_contract_coverage_schema_guard,TEST_FIXTURE_ONLY,"acceptance,test",explicit_acceptance_or_test_runner,required,destroy_dedicated_acceptance_database,false,false,KEEP_OUT_OF_PRODUCTION_INSTALL_SET
scripts/verify/scene_contract_semantic_v2_guard.py,,scene_contract_semantic_v2_guard,TEST_FIXTURE_ONLY,"acceptance,test",explicit_acceptance_or_test_runner,required,destroy_dedicated_acceptance_database,false,false,KEEP_OUT_OF_PRODUCTION_INSTALL_SET
scripts/verify/scene_contract_shape_guard.py,,scene_contract_shape_guard,TEST_FIXTURE_ONLY,"acceptance,test",explicit_acceptance_or_test_runner,required,destroy_dedicated_acceptance_database,false,false,KEEP_OUT_OF_PRODUCTION_INSTALL_SET
scripts/verify/scene_contract_v1_field_schema_guard.py,,scene_contract_v1_field_schema_guard,TEST_FIXTURE_ONLY,"acceptance,test",explicit_acceptance_or_test_runner,required,destroy_dedicated_acceptance_database,false,false,KEEP_OUT_OF_PRODUCTION_INSTALL_SET
scripts/verify/scene_core_api_boundary_guard.py,,scene_core_api_boundary_guard,TEST_FIXTURE_ONLY,"acceptance,test",explicit_acceptance_or_test_runner,required,destroy_dedicated_acceptance_database,false,false,KEEP_OUT_OF_PRODUCTION_INSTALL_SET
scripts/verify/scene_coverage_dashboard_report.py,,scene_coverage_dashboard_report,TEST_FIXTURE_ONLY,"acceptance,test",explicit_acceptance_or_test_runner,required,destroy_dedicated_acceptance_database,false,false,KEEP_OUT_OF_PRODUCTION_INSTALL_SET
scripts/verify/scene_data_source_schema_guard.py,,scene_data_source_schema_guard,TEST_FIXTURE_ONLY,"acceptance,test",explicit_acceptance_or_test_runner,required,destroy_dedicated_acceptance_database,false,false,KEEP_OUT_OF_PRODUCTION_INSTALL_SET
scripts/verify/scene_definition_semantics_guard.py,,scene_definition_semantics_guard,TEST_FIXTURE_ONLY,"acceptance,test",explicit_acceptance_or_test_runner,required,destroy_dedicated_acceptance_database,false,false,KEEP_OUT_OF_PRODUCTION_INSTALL_SET
scripts/verify/scene_delivery_failure_brief.py,,scene_delivery_failure_brief,TEST_FIXTURE_ONLY,"acceptance,test",explicit_acceptance_or_test_runner,required,destroy_dedicated_acceptance_database,false,false,KEEP_OUT_OF_PRODUCTION_INSTALL_SET
scripts/verify/scene_delivery_failure_brief_summary.py,,scene_delivery_failure_brief_summary,TEST_FIXTURE_ONLY,"acceptance,test",explicit_acceptance_or_test_runner,required,destroy_dedicated_acceptance_database,false,false,KEEP_OUT_OF_PRODUCTION_INSTALL_SET
scripts/verify/scene_delivery_runtime_gate_decision.py,,scene_delivery_runtime_gate_decision,TEST_FIXTURE_ONLY,"acceptance,test",explicit_acceptance_or_test_runner,required,destroy_dedicated_acceptance_database,false,false,KEEP_OUT_OF_PRODUCTION_INSTALL_SET
scripts/verify/scene_demo_leak_guard.py,,scene_demo_leak_guard,TEST_FIXTURE_ONLY,"acceptance,test",explicit_acceptance_or_test_runner,required,destroy_dedicated_acceptance_database,false,false,KEEP_OUT_OF_PRODUCTION_INSTALL_SET
scripts/verify/scene_domain_taxonomy_guard.py,,scene_domain_taxonomy_guard,TEST_FIXTURE_ONLY,"acceptance,test",explicit_acceptance_or_test_runner,required,destroy_dedicated_acceptance_database,false,false,KEEP_OUT_OF_PRODUCTION_INSTALL_SET
scripts/verify/scene_drift_smoke_report.py,,scene_drift_smoke_report,TEST_FIXTURE_ONLY,"acceptance,test",explicit_acceptance_or_test_runner,required,destroy_dedicated_acceptance_database,false,false,KEEP_OUT_OF_PRODUCTION_INSTALL_SET
scripts/verify/scene_engine_migration_matrix_guard.py,,scene_engine_migration_matrix_guard,TEST_FIXTURE_ONLY,"acceptance,test",explicit_acceptance_or_test_runner,required,destroy_dedicated_acceptance_database,false,false,KEEP_OUT_OF_PRODUCTION_INSTALL_SET
scripts/verify/scene_governance_history_archive_guard.py,,scene_governance_history_archive_guard,TEST_FIXTURE_ONLY,"acceptance,test",explicit_acceptance_or_test_runner,required,destroy_dedicated_acceptance_database,false,false,KEEP_OUT_OF_PRODUCTION_INSTALL_SET
scripts/verify/scene_governance_history_report_guard.py,,scene_governance_history_report_guard,TEST_FIXTURE_ONLY,"acceptance,test",explicit_acceptance_or_test_runner,required,destroy_dedicated_acceptance_database,false,false,KEEP_OUT_OF_PRODUCTION_INSTALL_SET
scripts/verify/scene_governance_payload_guard.py,,scene_governance_payload_guard,TEST_FIXTURE_ONLY,"acceptance,test",explicit_acceptance_or_test_runner,required,destroy_dedicated_acceptance_database,false,false,KEEP_OUT_OF_PRODUCTION_INSTALL_SET
scripts/verify/scene_governance_payment_entry_branch_closure_export.py,,scene_governance_payment_entry_branch_closure_export,TEST_FIXTURE_ONLY,"acceptance,test",explicit_acceptance_or_test_runner,required,destroy_dedicated_acceptance_database,false,false,KEEP_OUT_OF_PRODUCTION_INSTALL_SET
scripts/verify/scene_governance_smoke.py,,scene_governance_smoke,TEST_FIXTURE_ONLY,"acceptance,test",explicit_acceptance_or_test_runner,required,destroy_dedicated_acceptance_database,false,false,KEEP_OUT_OF_PRODUCTION_INSTALL_SET
scripts/verify/scene_hud_trace_smoke.py,,scene_hud_trace_smoke,TEST_FIXTURE_ONLY,"acceptance,test",explicit_acceptance_or_test_runner,required,destroy_dedicated_acceptance_database,false,false,KEEP_OUT_OF_PRODUCTION_INSTALL_SET
scripts/verify/scene_input_boundary_guard.py,,scene_input_boundary_guard,TEST_FIXTURE_ONLY,"acceptance,test",explicit_acceptance_or_test_runner,required,destroy_dedicated_acceptance_database,false,false,KEEP_OUT_OF_PRODUCTION_INSTALL_SET
scripts/verify/scene_intent_consistency_guard.py,,scene_intent_consistency_guard,TEST_FIXTURE_ONLY,"acceptance,test",explicit_acceptance_or_test_runner,required,destroy_dedicated_acceptance_database,false,false,KEEP_OUT_OF_PRODUCTION_INSTALL_SET
scripts/verify/scene_intent_matrix_report.py,,scene_intent_matrix_report,TEST_FIXTURE_ONLY,"acceptance,test",explicit_acceptance_or_test_runner,required,destroy_dedicated_acceptance_database,false,false,KEEP_OUT_OF_PRODUCTION_INSTALL_SET
scripts/verify/scene_inventory_draft_diff_report.py,,scene_inventory_draft_diff_report,TEST_FIXTURE_ONLY,"acceptance,test",explicit_acceptance_or_test_runner,required,destroy_dedicated_acceptance_database,false,false,KEEP_OUT_OF_PRODUCTION_INSTALL_SET
scripts/verify/scene_inventory_freeze_guard.py,,scene_inventory_freeze_guard,TEST_FIXTURE_ONLY,"acceptance,test",explicit_acceptance_or_test_runner,required,destroy_dedicated_acceptance_database,false,false,KEEP_OUT_OF_PRODUCTION_INSTALL_SET
scripts/verify/scene_key_domain_coverage_guard.py,,scene_key_domain_coverage_guard,TEST_FIXTURE_ONLY,"acceptance,test",explicit_acceptance_or_test_runner,required,destroy_dedicated_acceptance_database,false,false,KEEP_OUT_OF_PRODUCTION_INSTALL_SET
scripts/verify/scene_legacy_assertions.py,,scene_legacy_assertions,TEST_FIXTURE_ONLY,"acceptance,test",explicit_acceptance_or_test_runner,required,destroy_dedicated_acceptance_database,false,false,KEEP_OUT_OF_PRODUCTION_INSTALL_SET
scripts/verify/scene_legacy_auth_smoke.py,,scene_legacy_auth_smoke,TEST_FIXTURE_ONLY,"acceptance,test",explicit_acceptance_or_test_runner,required,destroy_dedicated_acceptance_database,false,false,KEEP_OUT_OF_PRODUCTION_INSTALL_SET
scripts/verify/scene_legacy_contract_guard.py,,scene_legacy_contract_guard,TEST_FIXTURE_ONLY,"acceptance,test",explicit_acceptance_or_test_runner,required,destroy_dedicated_acceptance_database,false,false,KEEP_OUT_OF_PRODUCTION_INSTALL_SET
scripts/verify/scene_legacy_deprecation_smoke.py,,scene_legacy_deprecation_smoke,TEST_FIXTURE_ONLY,"acceptance,test",explicit_acceptance_or_test_runner,required,destroy_dedicated_acceptance_database,false,false,KEEP_OUT_OF_PRODUCTION_INSTALL_SET
scripts/verify/scene_legacy_docs_guard.py,,scene_legacy_docs_guard,TEST_FIXTURE_ONLY,"acceptance,test",explicit_acceptance_or_test_runner,required,destroy_dedicated_acceptance_database,false,false,KEEP_OUT_OF_PRODUCTION_INSTALL_SET
scripts/verify/scene_maturity_guard.py,,scene_maturity_guard,TEST_FIXTURE_ONLY,"acceptance,test",explicit_acceptance_or_test_runner,required,destroy_dedicated_acceptance_database,false,false,KEEP_OUT_OF_PRODUCTION_INSTALL_SET
scripts/verify/scene_meta_trace_smoke.py,,scene_meta_trace_smoke,TEST_FIXTURE_ONLY,"acceptance,test",explicit_acceptance_or_test_runner,required,destroy_dedicated_acceptance_database,false,false,KEEP_OUT_OF_PRODUCTION_INSTALL_SET
scripts/verify/scene_multi_company_evidence_guard.py,,scene_multi_company_evidence_guard,TEST_FIXTURE_ONLY,"acceptance,test",explicit_acceptance_or_test_runner,required,destroy_dedicated_acceptance_database,false,false,KEEP_OUT_OF_PRODUCTION_INSTALL_SET
scripts/verify/scene_no_action_scene_guard.py,,scene_no_action_scene_guard,TEST_FIXTURE_ONLY,"acceptance,test",explicit_acceptance_or_test_runner,required,destroy_dedicated_acceptance_database,false,false,KEEP_OUT_OF_PRODUCTION_INSTALL_SET
scripts/verify/scene_observability_preflight_brief.py,,scene_observability_preflight_brief,TEST_FIXTURE_ONLY,"acceptance,test",explicit_acceptance_or_test_runner,required,destroy_dedicated_acceptance_database,false,false,KEEP_OUT_OF_PRODUCTION_INSTALL_SET
scripts/verify/scene_observability_preflight_report.py,,scene_observability_preflight_report,TEST_FIXTURE_ONLY,"acceptance,test",explicit_acceptance_or_test_runner,required,destroy_dedicated_acceptance_database,false,false,KEEP_OUT_OF_PRODUCTION_INSTALL_SET
scripts/verify/scene_observability_structure_guard.py,,scene_observability_structure_guard,TEST_FIXTURE_ONLY,"acceptance,test",explicit_acceptance_or_test_runner,required,destroy_dedicated_acceptance_database,false,false,KEEP_OUT_OF_PRODUCTION_INSTALL_SET
scripts/verify/scene_observability_utils.js,,scene_observability_utils,TEST_FIXTURE_ONLY,"acceptance,test",explicit_acceptance_or_test_runner,required,destroy_dedicated_acceptance_database,false,false,KEEP_OUT_OF_PRODUCTION_INSTALL_SET
scripts/verify/scene_orchestration_provider_shape_guard.py,,scene_orchestration_provider_shape_guard,TEST_FIXTURE_ONLY,"acceptance,test",explicit_acceptance_or_test_runner,required,destroy_dedicated_acceptance_database,false,false,KEEP_OUT_OF_PRODUCTION_INSTALL_SET
scripts/verify/scene_orchestrator_action_surface_guard.py,,scene_orchestrator_action_surface_guard,TEST_FIXTURE_ONLY,"acceptance,test",explicit_acceptance_or_test_runner,required,destroy_dedicated_acceptance_database,false,false,KEEP_OUT_OF_PRODUCTION_INSTALL_SET
scripts/verify/scene_orchestrator_base_fact_binding_guard.py,,scene_orchestrator_base_fact_binding_guard,TEST_FIXTURE_ONLY,"acceptance,test",explicit_acceptance_or_test_runner,required,destroy_dedicated_acceptance_database,false,false,KEEP_OUT_OF_PRODUCTION_INSTALL_SET
scripts/verify/scene_orchestrator_industry_interface_guard.py,,scene_orchestrator_industry_interface_guard,TEST_FIXTURE_ONLY,"acceptance,test",explicit_acceptance_or_test_runner,required,destroy_dedicated_acceptance_database,false,false,KEEP_OUT_OF_PRODUCTION_INSTALL_SET
scripts/verify/scene_orchestrator_input_schema_guard.py,,scene_orchestrator_input_schema_guard,TEST_FIXTURE_ONLY,"acceptance,test",explicit_acceptance_or_test_runner,required,destroy_dedicated_acceptance_database,false,false,KEEP_OUT_OF_PRODUCTION_INSTALL_SET
scripts/verify/scene_orchestrator_key_scene_compile_guard.py,,scene_orchestrator_key_scene_compile_guard,TEST_FIXTURE_ONLY,"acceptance,test",explicit_acceptance_or_test_runner,required,destroy_dedicated_acceptance_database,false,false,KEEP_OUT_OF_PRODUCTION_INSTALL_SET
scripts/verify/scene_orchestrator_merge_priority_guard.py,,scene_orchestrator_merge_priority_guard,TEST_FIXTURE_ONLY,"acceptance,test",explicit_acceptance_or_test_runner,required,destroy_dedicated_acceptance_database,false,false,KEEP_OUT_OF_PRODUCTION_INSTALL_SET
scripts/verify/scene_orchestrator_output_schema_guard.py,,scene_orchestrator_output_schema_guard,TEST_FIXTURE_ONLY,"acceptance,test",explicit_acceptance_or_test_runner,required,destroy_dedicated_acceptance_database,false,false,KEEP_OUT_OF_PRODUCTION_INSTALL_SET
scripts/verify/scene_orchestrator_scene_type_surface_guard.py,,scene_orchestrator_scene_type_surface_guard,TEST_FIXTURE_ONLY,"acceptance,test",explicit_acceptance_or_test_runner,required,destroy_dedicated_acceptance_database,false,false,KEEP_OUT_OF_PRODUCTION_INSTALL_SET
scripts/verify/scene_order_determinism_smoke.py,,scene_order_determinism_smoke,TEST_FIXTURE_ONLY,"acceptance,test",explicit_acceptance_or_test_runner,required,destroy_dedicated_acceptance_database,false,false,KEEP_OUT_OF_PRODUCTION_INSTALL_SET
scripts/verify/scene_permission_reasoncode_deeplink_guard.py,,scene_permission_reasoncode_deeplink_guard,TEST_FIXTURE_ONLY,"acceptance,test",explicit_acceptance_or_test_runner,required,destroy_dedicated_acceptance_database,false,false,KEEP_OUT_OF_PRODUCTION_INSTALL_SET
scripts/verify/scene_product_delivery_readiness_guard.py,,scene_product_delivery_readiness_guard,TEST_FIXTURE_ONLY,"acceptance,test",explicit_acceptance_or_test_runner,required,destroy_dedicated_acceptance_database,false,false,KEEP_OUT_OF_PRODUCTION_INSTALL_SET
scripts/verify/scene_provider_guard.py,,scene_provider_guard,TEST_FIXTURE_ONLY,"acceptance,test",explicit_acceptance_or_test_runner,required,destroy_dedicated_acceptance_database,false,false,KEEP_OUT_OF_PRODUCTION_INSTALL_SET
scripts/verify/scene_provider_registry_consumer_guard.py,,scene_provider_registry_consumer_guard,TEST_FIXTURE_ONLY,"acceptance,test",explicit_acceptance_or_test_runner,required,destroy_dedicated_acceptance_database,false,false,KEEP_OUT_OF_PRODUCTION_INSTALL_SET
scripts/verify/scene_provider_registry_guard.py,,scene_provider_registry_guard,TEST_FIXTURE_ONLY,"acceptance,test",explicit_acceptance_or_test_runner,required,destroy_dedicated_acceptance_database,false,false,KEEP_OUT_OF_PRODUCTION_INSTALL_SET
scripts/verify/scene_r1_r2_upgrade_queue_report.py,,scene_r1_r2_upgrade_queue_report,TEST_FIXTURE_ONLY,"acceptance,test",explicit_acceptance_or_test_runner,required,destroy_dedicated_acceptance_database,false,false,KEEP_OUT_OF_PRODUCTION_INSTALL_SET
scripts/verify/scene_r2_r3_upgrade_queue_report.py,,scene_r2_r3_upgrade_queue_report,TEST_FIXTURE_ONLY,"acceptance,test",explicit_acceptance_or_test_runner,required,destroy_dedicated_acceptance_database,false,false,KEEP_OUT_OF_PRODUCTION_INSTALL_SET
scripts/verify/scene_r3_runtime_guard.py,,scene_r3_runtime_guard,TEST_FIXTURE_ONLY,"acceptance,test",explicit_acceptance_or_test_runner,required,destroy_dedicated_acceptance_database,false,false,KEEP_OUT_OF_PRODUCTION_INSTALL_SET
scripts/verify/scene_ready_blocks_by_view_guard.py,,scene_ready_blocks_by_view_guard,TEST_FIXTURE_ONLY,"acceptance,test",explicit_acceptance_or_test_runner,required,destroy_dedicated_acceptance_database,false,false,KEEP_OUT_OF_PRODUCTION_INSTALL_SET
scripts/verify/scene_ready_consumption_trend_guard.py,,scene_ready_consumption_trend_guard,TEST_FIXTURE_ONLY,"acceptance,test",explicit_acceptance_or_test_runner,required,destroy_dedicated_acceptance_database,false,false,KEEP_OUT_OF_PRODUCTION_INSTALL_SET
scripts/verify/scene_ready_scene_type_consumption_metrics_guard.py,,scene_ready_scene_type_consumption_metrics_guard,TEST_FIXTURE_ONLY,"acceptance,test",explicit_acceptance_or_test_runner,required,destroy_dedicated_acceptance_database,false,false,KEEP_OUT_OF_PRODUCTION_INSTALL_SET
scripts/verify/scene_ready_strict_contract_guard.py,,scene_ready_strict_contract_guard,TEST_FIXTURE_ONLY,"acceptance,test",explicit_acceptance_or_test_runner,required,destroy_dedicated_acceptance_database,false,false,KEEP_OUT_OF_PRODUCTION_INSTALL_SET
scripts/verify/scene_ready_strict_gap_full_audit.py,,scene_ready_strict_gap_full_audit,TEST_FIXTURE_ONLY,"acceptance,test",explicit_acceptance_or_test_runner,required,destroy_dedicated_acceptance_database,false,false,KEEP_OUT_OF_PRODUCTION_INSTALL_SET
scripts/verify/scene_registry_asset_snapshot_guard.py,,scene_registry_asset_snapshot_guard,TEST_FIXTURE_ONLY,"acceptance,test",explicit_acceptance_or_test_runner,required,destroy_dedicated_acceptance_database,false,false,KEEP_OUT_OF_PRODUCTION_INSTALL_SET
scripts/verify/scene_role_policy_consistency_guard.py,,scene_role_policy_consistency_guard,TEST_FIXTURE_ONLY,"acceptance,test",explicit_acceptance_or_test_runner,required,destroy_dedicated_acceptance_database,false,false,KEEP_OUT_OF_PRODUCTION_INSTALL_SET
scripts/verify/scene_role_surface_consistency_guard.py,,scene_role_surface_consistency_guard,TEST_FIXTURE_ONLY,"acceptance,test",explicit_acceptance_or_test_runner,required,destroy_dedicated_acceptance_database,false,false,KEEP_OUT_OF_PRODUCTION_INSTALL_SET
scripts/verify/scene_sample_registry_diff_guard.py,,scene_sample_registry_diff_guard,TEST_FIXTURE_ONLY,"acceptance,test",explicit_acceptance_or_test_runner,required,destroy_dedicated_acceptance_database,false,false,KEEP_OUT_OF_PRODUCTION_INSTALL_SET
scripts/verify/scene_sample_registry_diff_trend_guard.py,,scene_sample_registry_diff_trend_guard,TEST_FIXTURE_ONLY,"acceptance,test",explicit_acceptance_or_test_runner,required,destroy_dedicated_acceptance_database,false,false,KEEP_OUT_OF_PRODUCTION_INSTALL_SET
scripts/verify/scene_source_fallback_burndown_guard.py,,scene_source_fallback_burndown_guard,TEST_FIXTURE_ONLY,"acceptance,test",explicit_acceptance_or_test_runner,required,destroy_dedicated_acceptance_database,false,false,KEEP_OUT_OF_PRODUCTION_INSTALL_SET
scripts/verify/scene_ui_base_contract_canonicalizer_guard.py,,scene_ui_base_contract_canonicalizer_guard,TEST_FIXTURE_ONLY,"acceptance,test",explicit_acceptance_or_test_runner,required,destroy_dedicated_acceptance_database,false,false,KEEP_OUT_OF_PRODUCTION_INSTALL_SET
scripts/verify/scene_validation_recovery_strategy_e2e_smoke_guard.py,,scene_validation_recovery_strategy_e2e_smoke_guard,TEST_FIXTURE_ONLY,"acceptance,test",explicit_acceptance_or_test_runner,required,destroy_dedicated_acceptance_database,false,false,KEEP_OUT_OF_PRODUCTION_INSTALL_SET
scripts/verify/scene_validation_recovery_strategy_guard.py,,scene_validation_recovery_strategy_guard,TEST_FIXTURE_ONLY,"acceptance,test",explicit_acceptance_or_test_runner,required,destroy_dedicated_acceptance_database,false,false,KEEP_OUT_OF_PRODUCTION_INSTALL_SET
scripts/verify/scene_validation_recovery_strategy_payload_path_guard.py,,scene_validation_recovery_strategy_payload_path_guard,TEST_FIXTURE_ONLY,"acceptance,test",explicit_acceptance_or_test_runner,required,destroy_dedicated_acceptance_database,false,false,KEEP_OUT_OF_PRODUCTION_INSTALL_SET
scripts/verify/scene_warnings_guard_summary.js,,scene_warnings_guard_summary,TEST_FIXTURE_ONLY,"acceptance,test",explicit_acceptance_or_test_runner,required,destroy_dedicated_acceptance_database,false,false,KEEP_OUT_OF_PRODUCTION_INSTALL_SET
scripts/verify/search_groupby_savedfilters_guard.py,,search_groupby_savedfilters_guard,TEST_FIXTURE_ONLY,"acceptance,test",explicit_acceptance_or_test_runner,required,destroy_dedicated_acceptance_database,false,false,KEEP_OUT_OF_PRODUCTION_INSTALL_SET
scripts/verify/seed_delivery_minimum.py,,seed_delivery_minimum,TEST_FIXTURE_ONLY,"acceptance,test",explicit_acceptance_or_test_runner,required,destroy_dedicated_acceptance_database,false,false,KEEP_OUT_OF_PRODUCTION_INSTALL_SET
scripts/verify/seed_demo_import_boundary_guard.py,,seed_demo_import_boundary_guard,TEST_FIXTURE_ONLY,"acceptance,test",explicit_acceptance_or_test_runner,required,destroy_dedicated_acceptance_database,false,false,KEEP_OUT_OF_PRODUCTION_INSTALL_SET
scripts/verify/self_funding_handling_audit.py,,self_funding_handling_audit,TEST_FIXTURE_ONLY,"acceptance,test",explicit_acceptance_or_test_runner,required,destroy_dedicated_acceptance_database,false,false,KEEP_OUT_OF_PRODUCTION_INSTALL_SET
scripts/verify/semantic_behavior_guard_report.py,,semantic_behavior_guard_report,TEST_FIXTURE_ONLY,"acceptance,test",explicit_acceptance_or_test_runner,required,destroy_dedicated_acceptance_database,false,false,KEEP_OUT_OF_PRODUCTION_INSTALL_SET
scripts/verify/settlement_contract_surface_audit.py,,settlement_contract_surface_audit,TEST_FIXTURE_ONLY,"acceptance,test",explicit_acceptance_or_test_runner,required,destroy_dedicated_acceptance_database,false,false,KEEP_OUT_OF_PRODUCTION_INSTALL_SET
scripts/verify/side_effect_intent_policy_guard.py,,side_effect_intent_policy_guard,TEST_FIXTURE_ONLY,"acceptance,test",explicit_acceptance_or_test_runner,required,destroy_dedicated_acceptance_database,false,false,KEEP_OUT_OF_PRODUCTION_INSTALL_SET
scripts/verify/site_quality_safety_closure_audit.py,,site_quality_safety_closure_audit,TEST_FIXTURE_ONLY,"acceptance,test",explicit_acceptance_or_test_runner,required,destroy_dedicated_acceptance_database,false,false,KEEP_OUT_OF_PRODUCTION_INSTALL_SET
scripts/verify/smart_core.sh,,smart_core,TEST_FIXTURE_ONLY,"acceptance,test",explicit_acceptance_or_test_runner,required,destroy_dedicated_acceptance_database,false,false,KEEP_OUT_OF_PRODUCTION_INSTALL_SET
scripts/verify/smart_core_app_open_fallback_regression_guard.py,,smart_core_app_open_fallback_regression_guard,TEST_FIXTURE_ONLY,"acceptance,test",explicit_acceptance_or_test_runner,required,destroy_dedicated_acceptance_database,false,false,KEEP_OUT_OF_PRODUCTION_INSTALL_SET
scripts/verify/smart_core_boundary_guard.py,,smart_core_boundary_guard,TEST_FIXTURE_ONLY,"acceptance,test",explicit_acceptance_or_test_runner,required,destroy_dedicated_acceptance_database,false,false,KEEP_OUT_OF_PRODUCTION_INSTALL_SET
scripts/verify/smart_core_legacy_group_required_groups_guard.py,,smart_core_legacy_group_required_groups_guard,TEST_FIXTURE_ONLY,"acceptance,test",explicit_acceptance_or_test_runner,required,destroy_dedicated_acceptance_database,false,false,KEEP_OUT_OF_PRODUCTION_INSTALL_SET
scripts/verify/smart_core_minimum_contract_surface_guard.py,,smart_core_minimum_contract_surface_guard,TEST_FIXTURE_ONLY,"acceptance,test",explicit_acceptance_or_test_runner,required,destroy_dedicated_acceptance_database,false,false,KEEP_OUT_OF_PRODUCTION_INSTALL_SET
scripts/verify/smart_core_minimum_handler_surface_guard.py,,smart_core_minimum_handler_surface_guard,TEST_FIXTURE_ONLY,"acceptance,test",explicit_acceptance_or_test_runner,required,destroy_dedicated_acceptance_database,false,false,KEEP_OUT_OF_PRODUCTION_INSTALL_SET
scripts/verify/smart_core_minimum_surface_order_regression_guard.py,,smart_core_minimum_surface_order_regression_guard,TEST_FIXTURE_ONLY,"acceptance,test",explicit_acceptance_or_test_runner,required,destroy_dedicated_acceptance_database,false,false,KEEP_OUT_OF_PRODUCTION_INSTALL_SET
scripts/verify/smart_core_owner_startup_smoke.py,,smart_core_owner_startup_smoke,TEST_FIXTURE_ONLY,"acceptance,test",explicit_acceptance_or_test_runner,required,destroy_dedicated_acceptance_database,false,false,KEEP_OUT_OF_PRODUCTION_INSTALL_SET
scripts/verify/smart_core_platform_minimum_nav_isolation_guard.py,,smart_core_platform_minimum_nav_isolation_guard,TEST_FIXTURE_ONLY,"acceptance,test",explicit_acceptance_or_test_runner,required,destroy_dedicated_acceptance_database,false,false,KEEP_OUT_OF_PRODUCTION_INSTALL_SET
scripts/verify/smart_core_same_route_residency_guard.py,,smart_core_same_route_residency_guard,TEST_FIXTURE_ONLY,"acceptance,test",explicit_acceptance_or_test_runner,required,destroy_dedicated_acceptance_database,false,false,KEEP_OUT_OF_PRODUCTION_INSTALL_SET
scripts/verify/sprint_week1_audit_report.py,,sprint_week1_audit_report,TEST_FIXTURE_ONLY,"acceptance,test",explicit_acceptance_or_test_runner,required,destroy_dedicated_acceptance_database,false,false,KEEP_OUT_OF_PRODUCTION_INSTALL_SET
scripts/verify/sprint_week2_final_report.py,,sprint_week2_final_report,TEST_FIXTURE_ONLY,"acceptance,test",explicit_acceptance_or_test_runner,required,destroy_dedicated_acceptance_database,false,false,KEEP_OUT_OF_PRODUCTION_INSTALL_SET
scripts/verify/startup_chain_mainline_guard.py,,startup_chain_mainline_guard,TEST_FIXTURE_ONLY,"acceptance,test",explicit_acceptance_or_test_runner,required,destroy_dedicated_acceptance_database,false,false,KEEP_OUT_OF_PRODUCTION_INSTALL_SET
scripts/verify/stress_regression_policy_guard.py,,stress_regression_policy_guard,TEST_FIXTURE_ONLY,"acceptance,test",explicit_acceptance_or_test_runner,required,destroy_dedicated_acceptance_database,false,false,KEEP_OUT_OF_PRODUCTION_INSTALL_SET
scripts/verify/subcontract_request_contract_anchor_audit.py,,subcontract_request_contract_anchor_audit,TEST_FIXTURE_ONLY,"acceptance,test",explicit_acceptance_or_test_runner,required,destroy_dedicated_acceptance_database,false,false,KEEP_OUT_OF_PRODUCTION_INSTALL_SET
scripts/verify/subscription_smoke.py,,subscription_smoke,TEST_FIXTURE_ONLY,"acceptance,test",explicit_acceptance_or_test_runner,required,destroy_dedicated_acceptance_database,false,false,KEEP_OUT_OF_PRODUCTION_INSTALL_SET
scripts/verify/subscription_smoke.sh,,subscription_smoke,TEST_FIXTURE_ONLY,"acceptance,test",explicit_acceptance_or_test_runner,required,destroy_dedicated_acceptance_database,false,false,KEEP_OUT_OF_PRODUCTION_INSTALL_SET
scripts/verify/subviews_contract_guard.py,,subviews_contract_guard,TEST_FIXTURE_ONLY,"acceptance,test",explicit_acceptance_or_test_runner,required,destroy_dedicated_acceptance_database,false,false,KEEP_OUT_OF_PRODUCTION_INSTALL_SET
scripts/verify/suggested_action_catalog_export.py,,suggested_action_catalog_export,TEST_FIXTURE_ONLY,"acceptance,test",explicit_acceptance_or_test_runner,required,destroy_dedicated_acceptance_database,false,false,KEEP_OUT_OF_PRODUCTION_INSTALL_SET
scripts/verify/suggested_action_contract_guard.py,,suggested_action_contract_guard,TEST_FIXTURE_ONLY,"acceptance,test",explicit_acceptance_or_test_runner,required,destroy_dedicated_acceptance_database,false,false,KEEP_OUT_OF_PRODUCTION_INSTALL_SET
scripts/verify/suggested_action_hud_export_guard.py,,suggested_action_hud_export_guard,TEST_FIXTURE_ONLY,"acceptance,test",explicit_acceptance_or_test_runner,required,destroy_dedicated_acceptance_database,false,false,KEEP_OUT_OF_PRODUCTION_INSTALL_SET
scripts/verify/suggested_action_import_boundary_guard.py,,suggested_action_import_boundary_guard,TEST_FIXTURE_ONLY,"acceptance,test",explicit_acceptance_or_test_runner,required,destroy_dedicated_acceptance_database,false,false,KEEP_OUT_OF_PRODUCTION_INSTALL_SET
scripts/verify/suggested_action_parser_guard.py,,suggested_action_parser_guard,TEST_FIXTURE_ONLY,"acceptance,test",explicit_acceptance_or_test_runner,required,destroy_dedicated_acceptance_database,false,false,KEEP_OUT_OF_PRODUCTION_INSTALL_SET
scripts/verify/suggested_action_runtime_guard.py,,suggested_action_runtime_guard,TEST_FIXTURE_ONLY,"acceptance,test",explicit_acceptance_or_test_runner,required,destroy_dedicated_acceptance_database,false,false,KEEP_OUT_OF_PRODUCTION_INSTALL_SET
scripts/verify/suggested_action_since_filter_guard.py,,suggested_action_since_filter_guard,TEST_FIXTURE_ONLY,"acceptance,test",explicit_acceptance_or_test_runner,required,destroy_dedicated_acceptance_database,false,false,KEEP_OUT_OF_PRODUCTION_INSTALL_SET
scripts/verify/suggested_action_topk_guard.py,,suggested_action_topk_guard,TEST_FIXTURE_ONLY,"acceptance,test",explicit_acceptance_or_test_runner,required,destroy_dedicated_acceptance_database,false,false,KEEP_OUT_OF_PRODUCTION_INSTALL_SET
scripts/verify/suggested_action_trace_export_guard.py,,suggested_action_trace_export_guard,TEST_FIXTURE_ONLY,"acceptance,test",explicit_acceptance_or_test_runner,required,destroy_dedicated_acceptance_database,false,false,KEEP_OUT_OF_PRODUCTION_INSTALL_SET
scripts/verify/suggested_action_usage_guard.py,,suggested_action_usage_guard,TEST_FIXTURE_ONLY,"acceptance,test",explicit_acceptance_or_test_runner,required,destroy_dedicated_acceptance_database,false,false,KEEP_OUT_OF_PRODUCTION_INSTALL_SET
scripts/verify/surface_mapping_guard.py,,surface_mapping_guard,TEST_FIXTURE_ONLY,"acceptance,test",explicit_acceptance_or_test_runner,required,destroy_dedicated_acceptance_database,false,false,KEEP_OUT_OF_PRODUCTION_INSTALL_SET
scripts/verify/system_admin_minimum_permission_audit_guard.py,,system_admin_minimum_permission_audit_guard,TEST_FIXTURE_ONLY,"acceptance,test",explicit_acceptance_or_test_runner,required,destroy_dedicated_acceptance_database,false,false,KEEP_OUT_OF_PRODUCTION_INSTALL_SET
scripts/verify/system_capability_baseline_report.py,,system_capability_baseline_report,TEST_FIXTURE_ONLY,"acceptance,test",explicit_acceptance_or_test_runner,required,destroy_dedicated_acceptance_database,false,false,KEEP_OUT_OF_PRODUCTION_INSTALL_SET
scripts/verify/system_capability_baseline_report_schema_guard.py,,system_capability_baseline_report_schema_guard,TEST_FIXTURE_ONLY,"acceptance,test",explicit_acceptance_or_test_runner,required,destroy_dedicated_acceptance_database,false,false,KEEP_OUT_OF_PRODUCTION_INSTALL_SET
scripts/verify/system_group_business_acl_guard.py,,system_group_business_acl_guard,TEST_FIXTURE_ONLY,"acceptance,test",explicit_acceptance_or_test_runner,required,destroy_dedicated_acceptance_database,false,false,KEEP_OUT_OF_PRODUCTION_INSTALL_SET
scripts/verify/system_init_menu_boundary_guard.py,,system_init_menu_boundary_guard,TEST_FIXTURE_ONLY,"acceptance,test",explicit_acceptance_or_test_runner,required,destroy_dedicated_acceptance_database,false,false,KEEP_OUT_OF_PRODUCTION_INSTALL_SET
scripts/verify/system_init_runtime_context_stability.py,,system_init_runtime_context_stability,TEST_FIXTURE_ONLY,"acceptance,test",explicit_acceptance_or_test_runner,required,destroy_dedicated_acceptance_database,false,false,KEEP_OUT_OF_PRODUCTION_INSTALL_SET
scripts/verify/system_init_snapshot_equivalence.py,,system_init_snapshot_equivalence,TEST_FIXTURE_ONLY,"acceptance,test",explicit_acceptance_or_test_runner,required,destroy_dedicated_acceptance_database,false,false,KEEP_OUT_OF_PRODUCTION_INSTALL_SET
scripts/verify/system_stability_stress_regression.py,,system_stability_stress_regression,TEST_FIXTURE_ONLY,"acceptance,test",explicit_acceptance_or_test_runner,required,destroy_dedicated_acceptance_database,false,false,KEEP_OUT_OF_PRODUCTION_INSTALL_SET
scripts/verify/system_user_experience_coverage_guard.py,,system_user_experience_coverage_guard,TEST_FIXTURE_ONLY,"acceptance,test",explicit_acceptance_or_test_runner,required,destroy_dedicated_acceptance_database,false,false,KEEP_OUT_OF_PRODUCTION_INSTALL_SET
scripts/verify/tax_deduction_visible_surface_alignment_audit.py,,tax_deduction_visible_surface_alignment_audit,TEST_FIXTURE_ONLY,"acceptance,test",explicit_acceptance_or_test_runner,required,destroy_dedicated_acceptance_database,false,false,KEEP_OUT_OF_PRODUCTION_INSTALL_SET
scripts/verify/tenant_customer_module_ownership.py,,tenant_customer_module_ownership,TEST_FIXTURE_ONLY,"acceptance,test",explicit_acceptance_or_test_runner,required,destroy_dedicated_acceptance_database,false,false,KEEP_OUT_OF_PRODUCTION_INSTALL_SET
scripts/verify/tenant_data_responsibility_boundary.py,,tenant_data_responsibility_boundary,TEST_FIXTURE_ONLY,"acceptance,test",explicit_acceptance_or_test_runner,required,destroy_dedicated_acceptance_database,false,false,KEEP_OUT_OF_PRODUCTION_INSTALL_SET
scripts/verify/tenant_delivery_protocol_guard.py,,tenant_delivery_protocol_guard,TEST_FIXTURE_ONLY,"acceptance,test",explicit_acceptance_or_test_runner,required,destroy_dedicated_acceptance_database,false,false,KEEP_OUT_OF_PRODUCTION_INSTALL_SET
scripts/verify/tenant_legacy_xmlid_boundary.py,,tenant_legacy_xmlid_boundary,TEST_FIXTURE_ONLY,"acceptance,test",explicit_acceptance_or_test_runner,required,destroy_dedicated_acceptance_database,false,false,KEEP_OUT_OF_PRODUCTION_INSTALL_SET
scripts/verify/tenant_module_set_matrix.py,,tenant_module_set_matrix,TEST_FIXTURE_ONLY,"acceptance,test",explicit_acceptance_or_test_runner,required,destroy_dedicated_acceptance_database,false,false,KEEP_OUT_OF_PRODUCTION_INSTALL_SET
scripts/verify/tenant_p04_p0_debt_guard.py,,tenant_p04_p0_debt_guard,TEST_FIXTURE_ONLY,"acceptance,test",explicit_acceptance_or_test_runner,required,destroy_dedicated_acceptance_database,false,false,KEEP_OUT_OF_PRODUCTION_INSTALL_SET
scripts/verify/tenant_payload_permission_probe.py,,tenant_payload_permission_probe,TEST_FIXTURE_ONLY,"acceptance,test",explicit_acceptance_or_test_runner,required,destroy_dedicated_acceptance_database,false,false,KEEP_OUT_OF_PRODUCTION_INSTALL_SET
scripts/verify/tenant_product_fresh_install.py,,tenant_product_fresh_install,TEST_FIXTURE_ONLY,"acceptance,test",explicit_acceptance_or_test_runner,required,destroy_dedicated_acceptance_database,false,false,KEEP_OUT_OF_PRODUCTION_INSTALL_SET
scripts/verify/tenant_product_legacy_boundary.py,,tenant_product_legacy_boundary,TEST_FIXTURE_ONLY,"acceptance,test",explicit_acceptance_or_test_runner,required,destroy_dedicated_acceptance_database,false,false,KEEP_OUT_OF_PRODUCTION_INSTALL_SET
scripts/verify/tenant_product_payload_boundary_guard.py,,tenant_product_payload_boundary_guard,TEST_FIXTURE_ONLY,"acceptance,test",explicit_acceptance_or_test_runner,required,destroy_dedicated_acceptance_database,false,false,KEEP_OUT_OF_PRODUCTION_INSTALL_SET
scripts/verify/tender_optional_scope_metadata_probe.py,,tender_optional_scope_metadata_probe,TEST_FIXTURE_ONLY,"acceptance,test",explicit_acceptance_or_test_runner,required,destroy_dedicated_acceptance_database,false,false,KEEP_OUT_OF_PRODUCTION_INSTALL_SET
scripts/verify/terminal_shell_v2_contract_guard.py,,terminal_shell_v2_contract_guard,TEST_FIXTURE_ONLY,"acceptance,test",explicit_acceptance_or_test_runner,required,destroy_dedicated_acceptance_database,false,false,KEEP_OUT_OF_PRODUCTION_INSTALL_SET
scripts/verify/test_branch_governance_consistency_guard.py,,test_branch_governance_consistency_guard,TEST_FIXTURE_ONLY,"acceptance,test",explicit_acceptance_or_test_runner,required,destroy_dedicated_acceptance_database,false,false,KEEP_OUT_OF_PRODUCTION_INSTALL_SET
scripts/verify/test_clean_product_tree_guard.py,,test_clean_product_tree_guard,TEST_FIXTURE_ONLY,"acceptance,test",explicit_acceptance_or_test_runner,required,destroy_dedicated_acceptance_database,false,false,KEEP_OUT_OF_PRODUCTION_INSTALL_SET
scripts/verify/test_external_customer_addons_runtime_boundary.py,,test_external_customer_addons_runtime_boundary,TEST_FIXTURE_ONLY,"acceptance,test",explicit_acceptance_or_test_runner,required,destroy_dedicated_acceptance_database,false,false,KEEP_OUT_OF_PRODUCTION_INSTALL_SET
scripts/verify/test_formal_product_alias_cleanup_migration.py,,test_formal_product_alias_cleanup_migration,TEST_FIXTURE_ONLY,"acceptance,test",explicit_acceptance_or_test_runner,required,destroy_dedicated_acceptance_database,false,false,KEEP_OUT_OF_PRODUCTION_INSTALL_SET
scripts/verify/test_formal_product_field_purity_guard.py,,test_formal_product_field_purity_guard,TEST_FIXTURE_ONLY,"acceptance,test",explicit_acceptance_or_test_runner,required,destroy_dedicated_acceptance_database,false,false,KEEP_OUT_OF_PRODUCTION_INSTALL_SET
scripts/verify/test_frontend_delivery_hardening_guard.py,,test_frontend_delivery_hardening_guard,TEST_FIXTURE_ONLY,"acceptance,test",explicit_acceptance_or_test_runner,required,destroy_dedicated_acceptance_database,false,false,KEEP_OUT_OF_PRODUCTION_INSTALL_SET
scripts/verify/test_frontend_release_audit.py,,test_frontend_release_audit,TEST_FIXTURE_ONLY,"acceptance,test",explicit_acceptance_or_test_runner,required,destroy_dedicated_acceptance_database,false,false,KEEP_OUT_OF_PRODUCTION_INSTALL_SET
scripts/verify/test_frontend_release_ci_guard.py,,test_frontend_release_ci_guard,TEST_FIXTURE_ONLY,"acceptance,test",explicit_acceptance_or_test_runner,required,destroy_dedicated_acceptance_database,false,false,KEEP_OUT_OF_PRODUCTION_INSTALL_SET
scripts/verify/test_frontend_release_evidence_bundle.py,,test_frontend_release_evidence_bundle,TEST_FIXTURE_ONLY,"acceptance,test",explicit_acceptance_or_test_runner,required,destroy_dedicated_acceptance_database,false,false,KEEP_OUT_OF_PRODUCTION_INSTALL_SET
scripts/verify/test_frontend_release_gate.py,,test_frontend_release_gate,TEST_FIXTURE_ONLY,"acceptance,test",explicit_acceptance_or_test_runner,required,destroy_dedicated_acceptance_database,false,false,KEEP_OUT_OF_PRODUCTION_INSTALL_SET
scripts/verify/test_frontend_release_navigation_policy_guard.py,,test_frontend_release_navigation_policy_guard,TEST_FIXTURE_ONLY,"acceptance,test",explicit_acceptance_or_test_runner,required,destroy_dedicated_acceptance_database,false,false,KEEP_OUT_OF_PRODUCTION_INSTALL_SET
scripts/verify/test_gitee_to_github_mirror.py,,test_gitee_to_github_mirror,TEST_FIXTURE_ONLY,"acceptance,test",explicit_acceptance_or_test_runner,required,destroy_dedicated_acceptance_database,false,false,KEEP_OUT_OF_PRODUCTION_INSTALL_SET
scripts/verify/test_gitee_webhook_ci.py,,test_gitee_webhook_ci,TEST_FIXTURE_ONLY,"acceptance,test",explicit_acceptance_or_test_runner,required,destroy_dedicated_acceptance_database,false,false,KEEP_OUT_OF_PRODUCTION_INSTALL_SET
scripts/verify/test_github_actions_security_guard.py,,test_github_actions_security_guard,TEST_FIXTURE_ONLY,"acceptance,test",explicit_acceptance_or_test_runner,required,destroy_dedicated_acceptance_database,false,false,KEEP_OUT_OF_PRODUCTION_INSTALL_SET
scripts/verify/test_industry_module_product_boundary_guard.py,,test_industry_module_product_boundary_guard,TEST_FIXTURE_ONLY,"acceptance,test",explicit_acceptance_or_test_runner,required,destroy_dedicated_acceptance_database,false,false,KEEP_OUT_OF_PRODUCTION_INSTALL_SET
scripts/verify/test_product_boundary_catalog_guard.py,,test_product_boundary_catalog_guard,TEST_FIXTURE_ONLY,"acceptance,test",explicit_acceptance_or_test_runner,required,destroy_dedicated_acceptance_database,false,false,KEEP_OUT_OF_PRODUCTION_INSTALL_SET
scripts/verify/test_production_git_authority_guard.py,,test_production_git_authority_guard,TEST_FIXTURE_ONLY,"acceptance,test",explicit_acceptance_or_test_runner,required,destroy_dedicated_acceptance_database,false,false,KEEP_OUT_OF_PRODUCTION_INSTALL_SET
scripts/verify/test_public_old_commit_probe.py,,test_public_old_commit_probe,TEST_FIXTURE_ONLY,"acceptance,test",explicit_acceptance_or_test_runner,required,destroy_dedicated_acceptance_database,false,false,KEEP_OUT_OF_PRODUCTION_INSTALL_SET
scripts/verify/test_registry_audit_environment.py,,test_registry_audit_environment,TEST_FIXTURE_ONLY,"acceptance,test",explicit_acceptance_or_test_runner,required,destroy_dedicated_acceptance_database,false,false,KEEP_OUT_OF_PRODUCTION_INSTALL_SET
scripts/verify/test_repository_clean_history_guard.py,,test_repository_clean_history_guard,TEST_FIXTURE_ONLY,"acceptance,test",explicit_acceptance_or_test_runner,required,destroy_dedicated_acceptance_database,false,false,KEEP_OUT_OF_PRODUCTION_INSTALL_SET
scripts/verify/test_seed_dependency_guard.sh,,test_seed_dependency_guard,TEST_FIXTURE_ONLY,"acceptance,test",explicit_acceptance_or_test_runner,required,destroy_dedicated_acceptance_database,false,false,KEEP_OUT_OF_PRODUCTION_INSTALL_SET
scripts/verify/test_tax_certificate_formal_contract.py,,test_tax_certificate_formal_contract,TEST_FIXTURE_ONLY,"acceptance,test",explicit_acceptance_or_test_runner,required,destroy_dedicated_acceptance_database,false,false,KEEP_OUT_OF_PRODUCTION_INSTALL_SET
scripts/verify/test_tenant_delivery_manifest.py,,test_tenant_delivery_manifest,TEST_FIXTURE_ONLY,"acceptance,test",explicit_acceptance_or_test_runner,required,destroy_dedicated_acceptance_database,false,false,KEEP_OUT_OF_PRODUCTION_INSTALL_SET
scripts/verify/test_tenant_payload_v1.py,,test_tenant_payload_v1,TEST_FIXTURE_ONLY,"acceptance,test",explicit_acceptance_or_test_runner,required,destroy_dedicated_acceptance_database,false,false,KEEP_OUT_OF_PRODUCTION_INSTALL_SET
scripts/verify/test_tenant_product_payload_boundary_guard.py,,test_tenant_product_payload_boundary_guard,TEST_FIXTURE_ONLY,"acceptance,test",explicit_acceptance_or_test_runner,required,destroy_dedicated_acceptance_database,false,false,KEEP_OUT_OF_PRODUCTION_INSTALL_SET
scripts/verify/test_um_p1_ownership_visibility_contract_guard.py,,test_um_p1_ownership_visibility_contract_guard,TEST_FIXTURE_ONLY,"acceptance,test",explicit_acceptance_or_test_runner,required,destroy_dedicated_acceptance_database,false,false,KEEP_OUT_OF_PRODUCTION_INSTALL_SET
scripts/verify/test_um_p3_core035_s07ac_confirmation_guard.py,,test_um_p3_core035_s07ac_confirmation_guard,TEST_FIXTURE_ONLY,"acceptance,test",explicit_acceptance_or_test_runner,required,destroy_dedicated_acceptance_database,false,false,KEEP_OUT_OF_PRODUCTION_INSTALL_SET
scripts/verify/test_um_p3_core_domain_authority_baseline_guard.py,,test_um_p3_core_domain_authority_baseline_guard,TEST_FIXTURE_ONLY,"acceptance,test",explicit_acceptance_or_test_runner,required,destroy_dedicated_acceptance_database,false,false,KEEP_OUT_OF_PRODUCTION_INSTALL_SET
scripts/verify/ui_contract_v2_contract_boundary_guard.py,,ui_contract_v2_contract_boundary_guard,TEST_FIXTURE_ONLY,"acceptance,test",explicit_acceptance_or_test_runner,required,destroy_dedicated_acceptance_database,false,false,KEEP_OUT_OF_PRODUCTION_INSTALL_SET
scripts/verify/ui_contract_v2_responsibility_map_guard.py,,ui_contract_v2_responsibility_map_guard,TEST_FIXTURE_ONLY,"acceptance,test",explicit_acceptance_or_test_runner,required,destroy_dedicated_acceptance_database,false,false,KEEP_OUT_OF_PRODUCTION_INSTALL_SET
scripts/verify/ui_surface_stability_ready.py,,ui_surface_stability_ready,TEST_FIXTURE_ONLY,"acceptance,test",explicit_acceptance_or_test_runner,required,destroy_dedicated_acceptance_database,false,false,KEEP_OUT_OF_PRODUCTION_INSTALL_SET
scripts/verify/um_p1_ownership_visibility_contract_guard.py,,um_p1_ownership_visibility_contract_guard,TEST_FIXTURE_ONLY,"acceptance,test",explicit_acceptance_or_test_runner,required,destroy_dedicated_acceptance_database,false,false,KEEP_OUT_OF_PRODUCTION_INSTALL_SET
scripts/verify/um_p2_interfund_relation_aggregation_guard.py,,um_p2_interfund_relation_aggregation_guard,TEST_FIXTURE_ONLY,"acceptance,test",explicit_acceptance_or_test_runner,required,destroy_dedicated_acceptance_database,false,false,KEEP_OUT_OF_PRODUCTION_INSTALL_SET
scripts/verify/um_p2_invoice_relation_aggregation_guard.py,,um_p2_invoice_relation_aggregation_guard,TEST_FIXTURE_ONLY,"acceptance,test",explicit_acceptance_or_test_runner,required,destroy_dedicated_acceptance_database,false,false,KEEP_OUT_OF_PRODUCTION_INSTALL_SET
scripts/verify/um_p2_payment_relation_aggregation_guard.py,,um_p2_payment_relation_aggregation_guard,TEST_FIXTURE_ONLY,"acceptance,test",explicit_acceptance_or_test_runner,required,destroy_dedicated_acceptance_database,false,false,KEEP_OUT_OF_PRODUCTION_INSTALL_SET
scripts/verify/um_p2_receipt_relation_aggregation_guard.py,,um_p2_receipt_relation_aggregation_guard,TEST_FIXTURE_ONLY,"acceptance,test",explicit_acceptance_or_test_runner,required,destroy_dedicated_acceptance_database,false,false,KEEP_OUT_OF_PRODUCTION_INSTALL_SET
scripts/verify/um_p2_settlement_relation_aggregation_guard.py,,um_p2_settlement_relation_aggregation_guard,TEST_FIXTURE_ONLY,"acceptance,test",explicit_acceptance_or_test_runner,required,destroy_dedicated_acceptance_database,false,false,KEEP_OUT_OF_PRODUCTION_INSTALL_SET
scripts/verify/um_p3_core035_s07ac_confirmation_generate.py,,um_p3_core035_s07ac_confirmation_generate,TEST_FIXTURE_ONLY,"acceptance,test",explicit_acceptance_or_test_runner,required,destroy_dedicated_acceptance_database,false,false,KEEP_OUT_OF_PRODUCTION_INSTALL_SET
scripts/verify/um_p3_core035_s07ac_confirmation_guard.py,,um_p3_core035_s07ac_confirmation_guard,TEST_FIXTURE_ONLY,"acceptance,test",explicit_acceptance_or_test_runner,required,destroy_dedicated_acceptance_database,false,false,KEEP_OUT_OF_PRODUCTION_INSTALL_SET
scripts/verify/um_p3_core_domain_authority_baseline_guard.py,,um_p3_core_domain_authority_baseline_guard,TEST_FIXTURE_ONLY,"acceptance,test",explicit_acceptance_or_test_runner,required,destroy_dedicated_acceptance_database,false,false,KEEP_OUT_OF_PRODUCTION_INSTALL_SET
scripts/verify/unified_page_contract_lite_acceptance_checklist_guard.py,,unified_page_contract_lite_acceptance_checklist_guard,TEST_FIXTURE_ONLY,"acceptance,test",explicit_acceptance_or_test_runner,required,destroy_dedicated_acceptance_database,false,false,KEEP_OUT_OF_PRODUCTION_INSTALL_SET
scripts/verify/unified_page_contract_lite_adapter_guard.py,,unified_page_contract_lite_adapter_guard,TEST_FIXTURE_ONLY,"acceptance,test",explicit_acceptance_or_test_runner,required,destroy_dedicated_acceptance_database,false,false,KEEP_OUT_OF_PRODUCTION_INSTALL_SET
scripts/verify/unified_page_contract_lite_all_tree_browser_smoke.js,,unified_page_contract_lite_all_tree_browser_smoke,TEST_FIXTURE_ONLY,"acceptance,test",explicit_acceptance_or_test_runner,required,destroy_dedicated_acceptance_database,false,false,KEEP_OUT_OF_PRODUCTION_INSTALL_SET
scripts/verify/unified_page_contract_lite_all_tree_legacy_browser_smoke.js,,unified_page_contract_lite_all_tree_legacy_browser_smoke,TEST_FIXTURE_ONLY,"acceptance,test",explicit_acceptance_or_test_runner,required,destroy_dedicated_acceptance_database,false,false,KEEP_OUT_OF_PRODUCTION_INSTALL_SET
scripts/verify/unified_page_contract_lite_all_tree_matrix_browser_smoke.js,,unified_page_contract_lite_all_tree_matrix_browser_smoke,TEST_FIXTURE_ONLY,"acceptance,test",explicit_acceptance_or_test_runner,required,destroy_dedicated_acceptance_database,false,false,KEEP_OUT_OF_PRODUCTION_INSTALL_SET
scripts/verify/unified_page_contract_lite_api_onchange_preview_behavior_guard.py,,unified_page_contract_lite_api_onchange_preview_behavior_guard,TEST_FIXTURE_ONLY,"acceptance,test",explicit_acceptance_or_test_runner,required,destroy_dedicated_acceptance_database,false,false,KEEP_OUT_OF_PRODUCTION_INSTALL_SET
scripts/verify/unified_page_contract_lite_api_onchange_preview_guard.py,,unified_page_contract_lite_api_onchange_preview_guard,TEST_FIXTURE_ONLY,"acceptance,test",explicit_acceptance_or_test_runner,required,destroy_dedicated_acceptance_database,false,false,KEEP_OUT_OF_PRODUCTION_INSTALL_SET
scripts/verify/unified_page_contract_lite_api_onchange_preview_intent_smoke.py,,unified_page_contract_lite_api_onchange_preview_intent_smoke,TEST_FIXTURE_ONLY,"acceptance,test",explicit_acceptance_or_test_runner,required,destroy_dedicated_acceptance_database,false,false,KEEP_OUT_OF_PRODUCTION_INSTALL_SET
scripts/verify/unified_page_contract_lite_api_onchange_preview_interface_probe.py,,unified_page_contract_lite_api_onchange_preview_interface_probe,TEST_FIXTURE_ONLY,"acceptance,test",explicit_acceptance_or_test_runner,required,destroy_dedicated_acceptance_database,false,false,KEEP_OUT_OF_PRODUCTION_INSTALL_SET
scripts/verify/unified_page_contract_lite_contract_freeze_v2_0_guard.py,,unified_page_contract_lite_contract_freeze_v2_0_guard,TEST_FIXTURE_ONLY,"acceptance,test",explicit_acceptance_or_test_runner,required,destroy_dedicated_acceptance_database,false,false,KEEP_OUT_OF_PRODUCTION_INSTALL_SET
scripts/verify/unified_page_contract_lite_frontend_controlled_pilot_readiness_guard.py,,unified_page_contract_lite_frontend_controlled_pilot_readiness_guard,TEST_FIXTURE_ONLY,"acceptance,test",explicit_acceptance_or_test_runner,required,destroy_dedicated_acceptance_database,false,false,KEEP_OUT_OF_PRODUCTION_INSTALL_SET
scripts/verify/unified_page_contract_lite_frontend_pilot_browser_smoke.js,,unified_page_contract_lite_frontend_pilot_browser_smoke,TEST_FIXTURE_ONLY,"acceptance,test",explicit_acceptance_or_test_runner,required,destroy_dedicated_acceptance_database,false,false,KEEP_OUT_OF_PRODUCTION_INSTALL_SET
scripts/verify/unified_page_contract_lite_frontend_pilot_implementation_guard.py,,unified_page_contract_lite_frontend_pilot_implementation_guard,TEST_FIXTURE_ONLY,"acceptance,test",explicit_acceptance_or_test_runner,required,destroy_dedicated_acceptance_database,false,false,KEEP_OUT_OF_PRODUCTION_INSTALL_SET
scripts/verify/unified_page_contract_lite_frontend_runtime_negative_guard.py,,unified_page_contract_lite_frontend_runtime_negative_guard,TEST_FIXTURE_ONLY,"acceptance,test",explicit_acceptance_or_test_runner,required,destroy_dedicated_acceptance_database,false,false,KEEP_OUT_OF_PRODUCTION_INSTALL_SET
scripts/verify/unified_page_contract_lite_guard.py,,unified_page_contract_lite_guard,TEST_FIXTURE_ONLY,"acceptance,test",explicit_acceptance_or_test_runner,required,destroy_dedicated_acceptance_database,false,false,KEEP_OUT_OF_PRODUCTION_INSTALL_SET
scripts/verify/unified_page_contract_lite_harmony_h5_compile_pilot_guard.py,,unified_page_contract_lite_harmony_h5_compile_pilot_guard,TEST_FIXTURE_ONLY,"acceptance,test",explicit_acceptance_or_test_runner,required,destroy_dedicated_acceptance_database,false,false,KEEP_OUT_OF_PRODUCTION_INSTALL_SET
scripts/verify/unified_page_contract_lite_harmony_h5_device_acceptance_pilot_guard.py,,unified_page_contract_lite_harmony_h5_device_acceptance_pilot_guard,TEST_FIXTURE_ONLY,"acceptance,test",explicit_acceptance_or_test_runner,required,destroy_dedicated_acceptance_database,false,false,KEEP_OUT_OF_PRODUCTION_INSTALL_SET
scripts/verify/unified_page_contract_lite_harmony_h5_page_integration_pilot_guard.py,,unified_page_contract_lite_harmony_h5_page_integration_pilot_guard,TEST_FIXTURE_ONLY,"acceptance,test",explicit_acceptance_or_test_runner,required,destroy_dedicated_acceptance_database,false,false,KEEP_OUT_OF_PRODUCTION_INSTALL_SET
scripts/verify/unified_page_contract_lite_harmony_h5_renderer_input_pilot_guard.py,,unified_page_contract_lite_harmony_h5_renderer_input_pilot_guard,TEST_FIXTURE_ONLY,"acceptance,test",explicit_acceptance_or_test_runner,required,destroy_dedicated_acceptance_database,false,false,KEEP_OUT_OF_PRODUCTION_INSTALL_SET
scripts/verify/unified_page_contract_lite_harmony_h5_runtime_acceptance_pilot.js,,unified_page_contract_lite_harmony_h5_runtime_acceptance_pilot,TEST_FIXTURE_ONLY,"acceptance,test",explicit_acceptance_or_test_runner,required,destroy_dedicated_acceptance_database,false,false,KEEP_OUT_OF_PRODUCTION_INSTALL_SET
scripts/verify/unified_page_contract_lite_harmony_h5_runtime_mount_pilot_guard.py,,unified_page_contract_lite_harmony_h5_runtime_mount_pilot_guard,TEST_FIXTURE_ONLY,"acceptance,test",explicit_acceptance_or_test_runner,required,destroy_dedicated_acceptance_database,false,false,KEEP_OUT_OF_PRODUCTION_INSTALL_SET
scripts/verify/unified_page_contract_lite_harmony_h5_ui_renderer_pilot_guard.py,,unified_page_contract_lite_harmony_h5_ui_renderer_pilot_guard,TEST_FIXTURE_ONLY,"acceptance,test",explicit_acceptance_or_test_runner,required,destroy_dedicated_acceptance_database,false,false,KEEP_OUT_OF_PRODUCTION_INSTALL_SET
scripts/verify/unified_page_contract_lite_integration_plan_guard.py,,unified_page_contract_lite_integration_plan_guard,TEST_FIXTURE_ONLY,"acceptance,test",explicit_acceptance_or_test_runner,required,destroy_dedicated_acceptance_database,false,false,KEEP_OUT_OF_PRODUCTION_INSTALL_SET
scripts/verify/unified_page_contract_lite_integration_validation_matrix_guard.py,,unified_page_contract_lite_integration_validation_matrix_guard,TEST_FIXTURE_ONLY,"acceptance,test",explicit_acceptance_or_test_runner,required,destroy_dedicated_acceptance_database,false,false,KEEP_OUT_OF_PRODUCTION_INSTALL_SET
scripts/verify/unified_page_contract_lite_load_contract_negative_smoke.py,,unified_page_contract_lite_load_contract_negative_smoke,TEST_FIXTURE_ONLY,"acceptance,test",explicit_acceptance_or_test_runner,required,destroy_dedicated_acceptance_database,false,false,KEEP_OUT_OF_PRODUCTION_INSTALL_SET
scripts/verify/unified_page_contract_lite_load_contract_preview_intent_smoke.py,,unified_page_contract_lite_load_contract_preview_intent_smoke,TEST_FIXTURE_ONLY,"acceptance,test",explicit_acceptance_or_test_runner,required,destroy_dedicated_acceptance_database,false,false,KEEP_OUT_OF_PRODUCTION_INSTALL_SET
scripts/verify/unified_page_contract_lite_load_contract_preview_interface_probe.py,,unified_page_contract_lite_load_contract_preview_interface_probe,TEST_FIXTURE_ONLY,"acceptance,test",explicit_acceptance_or_test_runner,required,destroy_dedicated_acceptance_database,false,false,KEEP_OUT_OF_PRODUCTION_INSTALL_SET
scripts/verify/unified_page_contract_lite_load_contract_preview_matrix_smoke.py,,unified_page_contract_lite_load_contract_preview_matrix_smoke,TEST_FIXTURE_ONLY,"acceptance,test",explicit_acceptance_or_test_runner,required,destroy_dedicated_acceptance_database,false,false,KEEP_OUT_OF_PRODUCTION_INSTALL_SET
scripts/verify/unified_page_contract_lite_mainline_absorption_guard.py,,unified_page_contract_lite_mainline_absorption_guard,TEST_FIXTURE_ONLY,"acceptance,test",explicit_acceptance_or_test_runner,required,destroy_dedicated_acceptance_database,false,false,KEEP_OUT_OF_PRODUCTION_INSTALL_SET
scripts/verify/unified_page_contract_lite_mainline_readiness_guard.py,,unified_page_contract_lite_mainline_readiness_guard,TEST_FIXTURE_ONLY,"acceptance,test",explicit_acceptance_or_test_runner,required,destroy_dedicated_acceptance_database,false,false,KEEP_OUT_OF_PRODUCTION_INSTALL_SET
scripts/verify/unified_page_contract_lite_mapping_guard.py,,unified_page_contract_lite_mapping_guard,TEST_FIXTURE_ONLY,"acceptance,test",explicit_acceptance_or_test_runner,required,destroy_dedicated_acceptance_database,false,false,KEEP_OUT_OF_PRODUCTION_INSTALL_SET
scripts/verify/unified_page_contract_lite_opt_in_envelope_guard.py,,unified_page_contract_lite_opt_in_envelope_guard,TEST_FIXTURE_ONLY,"acceptance,test",explicit_acceptance_or_test_runner,required,destroy_dedicated_acceptance_database,false,false,KEEP_OUT_OF_PRODUCTION_INSTALL_SET
scripts/verify/unified_page_contract_lite_opt_in_negative_guard.py,,unified_page_contract_lite_opt_in_negative_guard,TEST_FIXTURE_ONLY,"acceptance,test",explicit_acceptance_or_test_runner,required,destroy_dedicated_acceptance_database,false,false,KEEP_OUT_OF_PRODUCTION_INSTALL_SET
scripts/verify/unified_page_contract_lite_opt_in_response_guard.py,,unified_page_contract_lite_opt_in_response_guard,TEST_FIXTURE_ONLY,"acceptance,test",explicit_acceptance_or_test_runner,required,destroy_dedicated_acceptance_database,false,false,KEEP_OUT_OF_PRODUCTION_INSTALL_SET
scripts/verify/unified_page_contract_lite_patch_normalizer_guard.py,,unified_page_contract_lite_patch_normalizer_guard,TEST_FIXTURE_ONLY,"acceptance,test",explicit_acceptance_or_test_runner,required,destroy_dedicated_acceptance_database,false,false,KEEP_OUT_OF_PRODUCTION_INSTALL_SET
scripts/verify/unified_page_contract_lite_phase1_closure_guard.py,,unified_page_contract_lite_phase1_closure_guard,TEST_FIXTURE_ONLY,"acceptance,test",explicit_acceptance_or_test_runner,required,destroy_dedicated_acceptance_database,false,false,KEEP_OUT_OF_PRODUCTION_INSTALL_SET
scripts/verify/unified_page_contract_lite_phase1_readiness_guard.py,,unified_page_contract_lite_phase1_readiness_guard,TEST_FIXTURE_ONLY,"acceptance,test",explicit_acceptance_or_test_runner,required,destroy_dedicated_acceptance_database,false,false,KEEP_OUT_OF_PRODUCTION_INSTALL_SET
scripts/verify/unified_page_contract_lite_phase2_candidate_plan_guard.py,,unified_page_contract_lite_phase2_candidate_plan_guard,TEST_FIXTURE_ONLY,"acceptance,test",explicit_acceptance_or_test_runner,required,destroy_dedicated_acceptance_database,false,false,KEEP_OUT_OF_PRODUCTION_INSTALL_SET
scripts/verify/unified_page_contract_lite_phase2_load_contract_gate_guard.py,,unified_page_contract_lite_phase2_load_contract_gate_guard,TEST_FIXTURE_ONLY,"acceptance,test",explicit_acceptance_or_test_runner,required,destroy_dedicated_acceptance_database,false,false,KEEP_OUT_OF_PRODUCTION_INSTALL_SET
scripts/verify/unified_page_contract_lite_phase3_ui_contract_risk_guard.py,,unified_page_contract_lite_phase3_ui_contract_risk_guard,TEST_FIXTURE_ONLY,"acceptance,test",explicit_acceptance_or_test_runner,required,destroy_dedicated_acceptance_database,false,false,KEEP_OUT_OF_PRODUCTION_INSTALL_SET
scripts/verify/unified_page_contract_lite_pipeline_guard.py,,unified_page_contract_lite_pipeline_guard,TEST_FIXTURE_ONLY,"acceptance,test",explicit_acceptance_or_test_runner,required,destroy_dedicated_acceptance_database,false,false,KEEP_OUT_OF_PRODUCTION_INSTALL_SET
scripts/verify/unified_page_contract_lite_rollout_switch_guard.py,,unified_page_contract_lite_rollout_switch_guard,TEST_FIXTURE_ONLY,"acceptance,test",explicit_acceptance_or_test_runner,required,destroy_dedicated_acceptance_database,false,false,KEEP_OUT_OF_PRODUCTION_INSTALL_SET
scripts/verify/unified_page_contract_lite_runtime_boundary_guard.py,,unified_page_contract_lite_runtime_boundary_guard,TEST_FIXTURE_ONLY,"acceptance,test",explicit_acceptance_or_test_runner,required,destroy_dedicated_acceptance_database,false,false,KEEP_OUT_OF_PRODUCTION_INSTALL_SET
scripts/verify/unified_page_contract_lite_runtime_scope_closure_guard.py,,unified_page_contract_lite_runtime_scope_closure_guard,TEST_FIXTURE_ONLY,"acceptance,test",explicit_acceptance_or_test_runner,required,destroy_dedicated_acceptance_database,false,false,KEEP_OUT_OF_PRODUCTION_INSTALL_SET
scripts/verify/unified_page_contract_lite_source_guard.py,,unified_page_contract_lite_source_guard,TEST_FIXTURE_ONLY,"acceptance,test",explicit_acceptance_or_test_runner,required,destroy_dedicated_acceptance_database,false,false,KEEP_OUT_OF_PRODUCTION_INSTALL_SET
scripts/verify/unified_page_contract_lite_source_normalizer_guard.py,,unified_page_contract_lite_source_normalizer_guard,TEST_FIXTURE_ONLY,"acceptance,test",explicit_acceptance_or_test_runner,required,destroy_dedicated_acceptance_database,false,false,KEEP_OUT_OF_PRODUCTION_INSTALL_SET
scripts/verify/unified_page_contract_lite_startup_chain_negative_smoke.py,,unified_page_contract_lite_startup_chain_negative_smoke,TEST_FIXTURE_ONLY,"acceptance,test",explicit_acceptance_or_test_runner,required,destroy_dedicated_acceptance_database,false,false,KEEP_OUT_OF_PRODUCTION_INSTALL_SET
scripts/verify/unified_page_contract_lite_terminal_client_parity_guard.py,,unified_page_contract_lite_terminal_client_parity_guard,TEST_FIXTURE_ONLY,"acceptance,test",explicit_acceptance_or_test_runner,required,destroy_dedicated_acceptance_database,false,false,KEEP_OUT_OF_PRODUCTION_INSTALL_SET
scripts/verify/unified_page_contract_lite_terminal_consumer_boundary_guard.py,,unified_page_contract_lite_terminal_consumer_boundary_guard,TEST_FIXTURE_ONLY,"acceptance,test",explicit_acceptance_or_test_runner,required,destroy_dedicated_acceptance_database,false,false,KEEP_OUT_OF_PRODUCTION_INSTALL_SET
scripts/verify/unified_page_contract_lite_terminal_coverage_matrix_guard.py,,unified_page_contract_lite_terminal_coverage_matrix_guard,TEST_FIXTURE_ONLY,"acceptance,test",explicit_acceptance_or_test_runner,required,destroy_dedicated_acceptance_database,false,false,KEEP_OUT_OF_PRODUCTION_INSTALL_SET
scripts/verify/unified_page_contract_lite_wx_mini_compile_pilot_guard.py,,unified_page_contract_lite_wx_mini_compile_pilot_guard,TEST_FIXTURE_ONLY,"acceptance,test",explicit_acceptance_or_test_runner,required,destroy_dedicated_acceptance_database,false,false,KEEP_OUT_OF_PRODUCTION_INSTALL_SET
scripts/verify/unified_page_contract_lite_wx_mini_device_acceptance_pilot_guard.py,,unified_page_contract_lite_wx_mini_device_acceptance_pilot_guard,TEST_FIXTURE_ONLY,"acceptance,test",explicit_acceptance_or_test_runner,required,destroy_dedicated_acceptance_database,false,false,KEEP_OUT_OF_PRODUCTION_INSTALL_SET
scripts/verify/unified_page_contract_lite_wx_mini_page_integration_pilot_guard.py,,unified_page_contract_lite_wx_mini_page_integration_pilot_guard,TEST_FIXTURE_ONLY,"acceptance,test",explicit_acceptance_or_test_runner,required,destroy_dedicated_acceptance_database,false,false,KEEP_OUT_OF_PRODUCTION_INSTALL_SET
scripts/verify/unified_page_contract_lite_wx_mini_real_compile_pilot_guard.py,,unified_page_contract_lite_wx_mini_real_compile_pilot_guard,TEST_FIXTURE_ONLY,"acceptance,test",explicit_acceptance_or_test_runner,required,destroy_dedicated_acceptance_database,false,false,KEEP_OUT_OF_PRODUCTION_INSTALL_SET
scripts/verify/unified_page_contract_lite_wx_mini_renderer_input_pilot_guard.py,,unified_page_contract_lite_wx_mini_renderer_input_pilot_guard,TEST_FIXTURE_ONLY,"acceptance,test",explicit_acceptance_or_test_runner,required,destroy_dedicated_acceptance_database,false,false,KEEP_OUT_OF_PRODUCTION_INSTALL_SET
scripts/verify/unified_page_contract_lite_wx_mini_runtime_acceptance_pilot_guard.py,,unified_page_contract_lite_wx_mini_runtime_acceptance_pilot_guard,TEST_FIXTURE_ONLY,"acceptance,test",explicit_acceptance_or_test_runner,required,destroy_dedicated_acceptance_database,false,false,KEEP_OUT_OF_PRODUCTION_INSTALL_SET
scripts/verify/unified_page_contract_lite_wx_mini_runtime_mount_pilot_guard.py,,unified_page_contract_lite_wx_mini_runtime_mount_pilot_guard,TEST_FIXTURE_ONLY,"acceptance,test",explicit_acceptance_or_test_runner,required,destroy_dedicated_acceptance_database,false,false,KEEP_OUT_OF_PRODUCTION_INSTALL_SET
scripts/verify/unified_page_contract_lite_wx_mini_ui_renderer_pilot_guard.py,,unified_page_contract_lite_wx_mini_ui_renderer_pilot_guard,TEST_FIXTURE_ONLY,"acceptance,test",explicit_acceptance_or_test_runner,required,destroy_dedicated_acceptance_database,false,false,KEEP_OUT_OF_PRODUCTION_INSTALL_SET
scripts/verify/unified_page_contract_v2_action_guard.py,,unified_page_contract_v2_action_guard,TEST_FIXTURE_ONLY,"acceptance,test",explicit_acceptance_or_test_runner,required,destroy_dedicated_acceptance_database,false,false,KEEP_OUT_OF_PRODUCTION_INSTALL_SET
scripts/verify/unified_page_contract_v2_assembler_guard.py,,unified_page_contract_v2_assembler_guard,TEST_FIXTURE_ONLY,"acceptance,test",explicit_acceptance_or_test_runner,required,destroy_dedicated_acceptance_database,false,false,KEEP_OUT_OF_PRODUCTION_INSTALL_SET
scripts/verify/unified_page_contract_v2_client_guard.py,,unified_page_contract_v2_client_guard,TEST_FIXTURE_ONLY,"acceptance,test",explicit_acceptance_or_test_runner,required,destroy_dedicated_acceptance_database,false,false,KEEP_OUT_OF_PRODUCTION_INSTALL_SET
scripts/verify/unified_page_contract_v2_data_guard.py,,unified_page_contract_v2_data_guard,TEST_FIXTURE_ONLY,"acceptance,test",explicit_acceptance_or_test_runner,required,destroy_dedicated_acceptance_database,false,false,KEEP_OUT_OF_PRODUCTION_INSTALL_SET
scripts/verify/unified_page_contract_v2_guard_inventory.py,,unified_page_contract_v2_guard_inventory,TEST_FIXTURE_ONLY,"acceptance,test",explicit_acceptance_or_test_runner,required,destroy_dedicated_acceptance_database,false,false,KEEP_OUT_OF_PRODUCTION_INSTALL_SET
scripts/verify/unified_page_contract_v2_harmony_h5_compile_acceptance_guard.py,,unified_page_contract_v2_harmony_h5_compile_acceptance_guard,TEST_FIXTURE_ONLY,"acceptance,test",explicit_acceptance_or_test_runner,required,destroy_dedicated_acceptance_database,false,false,KEEP_OUT_OF_PRODUCTION_INSTALL_SET
scripts/verify/unified_page_contract_v2_intent_guard.py,,unified_page_contract_v2_intent_guard,TEST_FIXTURE_ONLY,"acceptance,test",explicit_acceptance_or_test_runner,required,destroy_dedicated_acceptance_database,false,false,KEEP_OUT_OF_PRODUCTION_INSTALL_SET
scripts/verify/unified_page_contract_v2_regression_audit.py,,unified_page_contract_v2_regression_audit,TEST_FIXTURE_ONLY,"acceptance,test",explicit_acceptance_or_test_runner,required,destroy_dedicated_acceptance_database,false,false,KEEP_OUT_OF_PRODUCTION_INSTALL_SET
scripts/verify/unified_page_contract_v2_runtime_guard.py,,unified_page_contract_v2_runtime_guard,TEST_FIXTURE_ONLY,"acceptance,test",explicit_acceptance_or_test_runner,required,destroy_dedicated_acceptance_database,false,false,KEEP_OUT_OF_PRODUCTION_INSTALL_SET
scripts/verify/unified_page_contract_v2_schema_guard.py,,unified_page_contract_v2_schema_guard,TEST_FIXTURE_ONLY,"acceptance,test",explicit_acceptance_or_test_runner,required,destroy_dedicated_acceptance_database,false,false,KEEP_OUT_OF_PRODUCTION_INSTALL_SET
scripts/verify/unified_page_contract_v2_status_guard.py,,unified_page_contract_v2_status_guard,TEST_FIXTURE_ONLY,"acceptance,test",explicit_acceptance_or_test_runner,required,destroy_dedicated_acceptance_database,false,false,KEEP_OUT_OF_PRODUCTION_INSTALL_SET
scripts/verify/unified_page_contract_v2_web_consumer_guard.py,,unified_page_contract_v2_web_consumer_guard,TEST_FIXTURE_ONLY,"acceptance,test",explicit_acceptance_or_test_runner,required,destroy_dedicated_acceptance_database,false,false,KEEP_OUT_OF_PRODUCTION_INSTALL_SET
scripts/verify/unified_page_contract_v2_web_visual_acceptance.js,,unified_page_contract_v2_web_visual_acceptance,TEST_FIXTURE_ONLY,"acceptance,test",explicit_acceptance_or_test_runner,required,destroy_dedicated_acceptance_database,false,false,KEEP_OUT_OF_PRODUCTION_INSTALL_SET
scripts/verify/usage_product_clean_guard.py,,usage_product_clean_guard,TEST_FIXTURE_ONLY,"acceptance,test",explicit_acceptance_or_test_runner,required,destroy_dedicated_acceptance_database,false,false,KEEP_OUT_OF_PRODUCTION_INSTALL_SET
scripts/verify/user_business_data_portrait.py,,user_business_data_portrait,TEST_FIXTURE_ONLY,"acceptance,test",explicit_acceptance_or_test_runner,required,destroy_dedicated_acceptance_database,false,false,KEEP_OUT_OF_PRODUCTION_INSTALL_SET
scripts/verify/user_business_productization_baseline_guard.py,,user_business_productization_baseline_guard,TEST_FIXTURE_ONLY,"acceptance,test",explicit_acceptance_or_test_runner,required,destroy_dedicated_acceptance_database,false,false,KEEP_OUT_OF_PRODUCTION_INSTALL_SET
scripts/verify/user_confirmed_62_business_entry_integration_matrix.py,,user_confirmed_62_business_entry_integration_matrix,TEST_FIXTURE_ONLY,"acceptance,test",explicit_acceptance_or_test_runner,required,destroy_dedicated_acceptance_database,false,false,KEEP_OUT_OF_PRODUCTION_INSTALL_SET
scripts/verify/user_confirmed_formal_menu_full_browser_alignment.js,,user_confirmed_formal_menu_full_browser_alignment,TEST_FIXTURE_ONLY,"acceptance,test",explicit_acceptance_or_test_runner,required,destroy_dedicated_acceptance_database,false,false,KEEP_OUT_OF_PRODUCTION_INSTALL_SET
scripts/verify/user_confirmed_menu_surface_guard.py,,user_confirmed_menu_surface_guard,TEST_FIXTURE_ONLY,"acceptance,test",explicit_acceptance_or_test_runner,required,destroy_dedicated_acceptance_database,false,false,KEEP_OUT_OF_PRODUCTION_INSTALL_SET
scripts/verify/user_confirmed_settlement_usability_audit.py,,user_confirmed_settlement_usability_audit,TEST_FIXTURE_ONLY,"acceptance,test",explicit_acceptance_or_test_runner,required,destroy_dedicated_acceptance_database,false,false,KEEP_OUT_OF_PRODUCTION_INSTALL_SET
scripts/verify/user_data_migration_closure_gate.py,,user_data_migration_closure_gate,TEST_FIXTURE_ONLY,"acceptance,test",explicit_acceptance_or_test_runner,required,destroy_dedicated_acceptance_database,false,false,KEEP_OUT_OF_PRODUCTION_INSTALL_SET
scripts/verify/user_data_production_boundary_guard.py,,user_data_production_boundary_guard,TEST_FIXTURE_ONLY,"acceptance,test",explicit_acceptance_or_test_runner,required,destroy_dedicated_acceptance_database,false,false,KEEP_OUT_OF_PRODUCTION_INSTALL_SET
scripts/verify/user_delete_data_closure_guard.py,,user_delete_data_closure_guard,TEST_FIXTURE_ONLY,"acceptance,test",explicit_acceptance_or_test_runner,required,destroy_dedicated_acceptance_database,false,false,KEEP_OUT_OF_PRODUCTION_INSTALL_SET
scripts/verify/user_entry_delivery_browser_acceptance.js,,user_entry_delivery_browser_acceptance,TEST_FIXTURE_ONLY,"acceptance,test",explicit_acceptance_or_test_runner,required,destroy_dedicated_acceptance_database,false,false,KEEP_OUT_OF_PRODUCTION_INSTALL_SET
scripts/verify/user_form_preference_boundary_guard.py,,user_form_preference_boundary_guard,TEST_FIXTURE_ONLY,"acceptance,test",explicit_acceptance_or_test_runner,required,destroy_dedicated_acceptance_database,false,false,KEEP_OUT_OF_PRODUCTION_INSTALL_SET
scripts/verify/user_form_preference_full_browser_acceptance.mjs,,user_form_preference_full_browser_acceptance,TEST_FIXTURE_ONLY,"acceptance,test",explicit_acceptance_or_test_runner,required,destroy_dedicated_acceptance_database,false,false,KEEP_OUT_OF_PRODUCTION_INSTALL_SET
scripts/verify/user_form_preference_runtime_audit.py,,user_form_preference_runtime_audit,TEST_FIXTURE_ONLY,"acceptance,test",explicit_acceptance_or_test_runner,required,destroy_dedicated_acceptance_database,false,false,KEEP_OUT_OF_PRODUCTION_INSTALL_SET
scripts/verify/user_formal_field_module_boundary_audit.py,,user_formal_field_module_boundary_audit,TEST_FIXTURE_ONLY,"acceptance,test",explicit_acceptance_or_test_runner,required,destroy_dedicated_acceptance_database,false,false,KEEP_OUT_OF_PRODUCTION_INSTALL_SET
scripts/verify/user_menu_config_panel_probe.py,,user_menu_config_panel_probe,TEST_FIXTURE_ONLY,"acceptance,test",explicit_acceptance_or_test_runner,required,destroy_dedicated_acceptance_database,false,false,KEEP_OUT_OF_PRODUCTION_INSTALL_SET
scripts/verify/user_menu_config_policy_probe.py,,user_menu_config_policy_probe,TEST_FIXTURE_ONLY,"acceptance,test",explicit_acceptance_or_test_runner,required,destroy_dedicated_acceptance_database,false,false,KEEP_OUT_OF_PRODUCTION_INSTALL_SET
scripts/verify/user_menu_preference_runtime_audit.py,,user_menu_preference_runtime_audit,TEST_FIXTURE_ONLY,"acceptance,test",explicit_acceptance_or_test_runner,required,destroy_dedicated_acceptance_database,false,false,KEEP_OUT_OF_PRODUCTION_INSTALL_SET
scripts/verify/user_menu_reachability_guard.py,,user_menu_reachability_guard,TEST_FIXTURE_ONLY,"acceptance,test",explicit_acceptance_or_test_runner,required,destroy_dedicated_acceptance_database,false,false,KEEP_OUT_OF_PRODUCTION_INSTALL_SET
scripts/verify/user_module_data_baseline_runtime_audit.py,,user_module_data_baseline_runtime_audit,TEST_FIXTURE_ONLY,"acceptance,test",explicit_acceptance_or_test_runner,required,destroy_dedicated_acceptance_database,false,false,KEEP_OUT_OF_PRODUCTION_INSTALL_SET
scripts/verify/user_module_data_rebaseline_contract_guard.py,,user_module_data_rebaseline_contract_guard,TEST_FIXTURE_ONLY,"acceptance,test",explicit_acceptance_or_test_runner,required,destroy_dedicated_acceptance_database,false,false,KEEP_OUT_OF_PRODUCTION_INSTALL_SET
scripts/verify/user_module_product_boundary_guard.py,,user_module_product_boundary_guard,TEST_FIXTURE_ONLY,"acceptance,test",explicit_acceptance_or_test_runner,required,destroy_dedicated_acceptance_database,false,false,KEEP_OUT_OF_PRODUCTION_INSTALL_SET
scripts/verify/user_permission_view_contract_boundary_guard.py,,user_permission_view_contract_boundary_guard,TEST_FIXTURE_ONLY,"acceptance,test",explicit_acceptance_or_test_runner,required,destroy_dedicated_acceptance_database,false,false,KEEP_OUT_OF_PRODUCTION_INSTALL_SET
scripts/verify/user_priority_browser_evidence_coverage.py,,user_priority_browser_evidence_coverage,TEST_FIXTURE_ONLY,"acceptance,test",explicit_acceptance_or_test_runner,required,destroy_dedicated_acceptance_database,false,false,KEEP_OUT_OF_PRODUCTION_INSTALL_SET
scripts/verify/user_reconciliation_readiness_probe.py,,user_reconciliation_readiness_probe,TEST_FIXTURE_ONLY,"acceptance,test",explicit_acceptance_or_test_runner,required,destroy_dedicated_acceptance_database,false,false,KEEP_OUT_OF_PRODUCTION_INSTALL_SET
scripts/verify/user_role_approval_matrix_guard.py,,user_role_approval_matrix_guard,TEST_FIXTURE_ONLY,"acceptance,test",explicit_acceptance_or_test_runner,required,destroy_dedicated_acceptance_database,false,false,KEEP_OUT_OF_PRODUCTION_INSTALL_SET
scripts/verify/v1_1_convergence_status_guard.py,,v1_1_convergence_status_guard,TEST_FIXTURE_ONLY,"acceptance,test",explicit_acceptance_or_test_runner,required,destroy_dedicated_acceptance_database,false,false,KEEP_OUT_OF_PRODUCTION_INSTALL_SET
scripts/verify/view_orchestration_boundary_guard.py,,view_orchestration_boundary_guard,TEST_FIXTURE_ONLY,"acceptance,test",explicit_acceptance_or_test_runner,required,destroy_dedicated_acceptance_database,false,false,KEEP_OUT_OF_PRODUCTION_INSTALL_SET
scripts/verify/view_orchestration_product_boundary_guard.py,,view_orchestration_product_boundary_guard,TEST_FIXTURE_ONLY,"acceptance,test",explicit_acceptance_or_test_runner,required,destroy_dedicated_acceptance_database,false,false,KEEP_OUT_OF_PRODUCTION_INSTALL_SET
scripts/verify/view_orchestration_user_surface_browser_acceptance.js,,view_orchestration_user_surface_browser_acceptance,TEST_FIXTURE_ONLY,"acceptance,test",explicit_acceptance_or_test_runner,required,destroy_dedicated_acceptance_database,false,false,KEEP_OUT_OF_PRODUCTION_INSTALL_SET
scripts/verify/view_type_contract_semantic_guard.py,,view_type_contract_semantic_guard,TEST_FIXTURE_ONLY,"acceptance,test",explicit_acceptance_or_test_runner,required,destroy_dedicated_acceptance_database,false,false,KEEP_OUT_OF_PRODUCTION_INSTALL_SET
scripts/verify/view_type_render_coverage_guard.py,,view_type_render_coverage_guard,TEST_FIXTURE_ONLY,"acceptance,test",explicit_acceptance_or_test_runner,required,destroy_dedicated_acceptance_database,false,false,KEEP_OUT_OF_PRODUCTION_INSTALL_SET
scripts/verify/visibility_filter_verification.py,,visibility_filter_verification,TEST_FIXTURE_ONLY,"acceptance,test",explicit_acceptance_or_test_runner,required,destroy_dedicated_acceptance_database,false,false,KEEP_OUT_OF_PRODUCTION_INSTALL_SET
scripts/verify/visible_data_usability_matrix_probe.py,,visible_data_usability_matrix_probe,TEST_FIXTURE_ONLY,"acceptance,test",explicit_acceptance_or_test_runner,required,destroy_dedicated_acceptance_database,false,false,KEEP_OUT_OF_PRODUCTION_INSTALL_SET
scripts/verify/visible_data_usability_warning_classification.py,,visible_data_usability_warning_classification,TEST_FIXTURE_ONLY,"acceptance,test",explicit_acceptance_or_test_runner,required,destroy_dedicated_acceptance_database,false,false,KEEP_OUT_OF_PRODUCTION_INSTALL_SET
scripts/verify/web_contract_v2_form_shadow_browser_smoke.js,,web_contract_v2_form_shadow_browser_smoke,TEST_FIXTURE_ONLY,"acceptance,test",explicit_acceptance_or_test_runner,required,destroy_dedicated_acceptance_database,false,false,KEEP_OUT_OF_PRODUCTION_INSTALL_SET
scripts/verify/web_contract_v2_frontend_architecture_guard.py,,web_contract_v2_frontend_architecture_guard,TEST_FIXTURE_ONLY,"acceptance,test",explicit_acceptance_or_test_runner,required,destroy_dedicated_acceptance_database,false,false,KEEP_OUT_OF_PRODUCTION_INSTALL_SET
scripts/verify/web_unified_page_contract_v2_guard.py,,web_unified_page_contract_v2_guard,TEST_FIXTURE_ONLY,"acceptance,test",explicit_acceptance_or_test_runner,required,destroy_dedicated_acceptance_database,false,false,KEEP_OUT_OF_PRODUCTION_INSTALL_SET
scripts/verify/workbench_extraction_hit_rate_report.py,,workbench_extraction_hit_rate_report,TEST_FIXTURE_ONLY,"acceptance,test",explicit_acceptance_or_test_runner,required,destroy_dedicated_acceptance_database,false,false,KEEP_OUT_OF_PRODUCTION_INSTALL_SET
scripts/verify/workbench_product_acceptance_guard.py,,workbench_product_acceptance_guard,TEST_FIXTURE_ONLY,"acceptance,test",explicit_acceptance_or_test_runner,required,destroy_dedicated_acceptance_database,false,false,KEEP_OUT_OF_PRODUCTION_INSTALL_SET
scripts/verify/workflow_contract_custom_coverage_guard.py,,workflow_contract_custom_coverage_guard,TEST_FIXTURE_ONLY,"acceptance,test",explicit_acceptance_or_test_runner,required,destroy_dedicated_acceptance_database,false,false,KEEP_OUT_OF_PRODUCTION_INSTALL_SET
scripts/verify/workflow_create_statusbar_browser_acceptance.js,,workflow_create_statusbar_browser_acceptance,TEST_FIXTURE_ONLY,"acceptance,test",explicit_acceptance_or_test_runner,required,destroy_dedicated_acceptance_database,false,false,KEEP_OUT_OF_PRODUCTION_INSTALL_SET
scripts/verify/workflow_evidence_gate_browser_acceptance.js,,workflow_evidence_gate_browser_acceptance,TEST_FIXTURE_ONLY,"acceptance,test",explicit_acceptance_or_test_runner,required,destroy_dedicated_acceptance_database,false,false,KEEP_OUT_OF_PRODUCTION_INSTALL_SET
scripts/verify/workflow_inventory_profile_method_guard.py,,workflow_inventory_profile_method_guard,TEST_FIXTURE_ONLY,"acceptance,test",explicit_acceptance_or_test_runner,required,destroy_dedicated_acceptance_database,false,false,KEEP_OUT_OF_PRODUCTION_INSTALL_SET
scripts/verify/workspace_home_orchestration_schema_guard.py,,workspace_home_orchestration_schema_guard,TEST_FIXTURE_ONLY,"acceptance,test",explicit_acceptance_or_test_runner,required,destroy_dedicated_acceptance_database,false,false,KEEP_OUT_OF_PRODUCTION_INSTALL_SET
scripts/verify/workspace_home_provider_split_guard.py,,workspace_home_provider_split_guard,TEST_FIXTURE_ONLY,"acceptance,test",explicit_acceptance_or_test_runner,required,destroy_dedicated_acceptance_database,false,false,KEEP_OUT_OF_PRODUCTION_INSTALL_SET
scripts/verify/workspace_home_sections_schema_guard.py,,workspace_home_sections_schema_guard,TEST_FIXTURE_ONLY,"acceptance,test",explicit_acceptance_or_test_runner,required,destroy_dedicated_acceptance_database,false,false,KEEP_OUT_OF_PRODUCTION_INSTALL_SET
scripts/verify/write_intent_permission_audit.py,,write_intent_permission_audit,TEST_FIXTURE_ONLY,"acceptance,test",explicit_acceptance_or_test_runner,required,destroy_dedicated_acceptance_database,false,false,KEEP_OUT_OF_PRODUCTION_INSTALL_SET
scripts/verify/write_intent_sudo_guard.py,,write_intent_sudo_guard,TEST_FIXTURE_ONLY,"acceptance,test",explicit_acceptance_or_test_runner,required,destroy_dedicated_acceptance_database,false,false,KEEP_OUT_OF_PRODUCTION_INSTALL_SET
scripts/verify/x2many_command_semantic_guard.py,,x2many_command_semantic_guard,TEST_FIXTURE_ONLY,"acceptance,test",explicit_acceptance_or_test_runner,required,destroy_dedicated_acceptance_database,false,false,KEEP_OUT_OF_PRODUCTION_INSTALL_SET
scripts/verify/x2many_inline_edit_guard.py,,x2many_inline_edit_guard,TEST_FIXTURE_ONLY,"acceptance,test",explicit_acceptance_or_test_runner,required,destroy_dedicated_acceptance_database,false,false,KEEP_OUT_OF_PRODUCTION_INSTALL_SET
tools/continue/config/continue-config.json,,continue-config,PRODUCT_REQUIRED,"production,demo,acceptance,customer",explicit_tool_or_module_execution,required,module_owned_records_only,false,false,KEEP_AS_PRODUCT_OR_DELIVERY_CONFIGURATION
tools/continue/config/continue-deepseek.json,,continue-deepseek,PRODUCT_REQUIRED,"production,demo,acceptance,customer",explicit_tool_or_module_execution,required,module_owned_records_only,false,false,KEEP_AS_PRODUCT_OR_DELIVERY_CONFIGURATION
tools/continue/config/continue-deepseek.yaml,,continue-deepseek,PRODUCT_REQUIRED,"production,demo,acceptance,customer",explicit_tool_or_module_execution,required,module_owned_records_only,false,false,KEEP_AS_PRODUCT_OR_DELIVERY_CONFIGURATION
