menu_xmlid,label,domain,model,scope_disposition,batch,role_authority,action_xmlid,rendering_path,query_responsibility,write_responsibility,acceptance_status,evidence,gap
smart_construction_core.menu_sc_operating_metrics_project,数据总览,工作台,sc.operating.metrics.project,本轮验收,F3,"{""semantics"": ""all_restricted_layers_must_match_one_group"", ""menu_chain"": [{""menu_xmlid"": ""smart_construction_core.menu_sc_root"", ""groups"": []}, {""menu_xmlid"": ""smart_construction_core.menu_sc_workspace_center"", ""groups"": []}, {""menu_xmlid"": ""smart_construction_core.menu_sc_operating_metrics_project"", ""groups"": [""smart_construction_core.group_sc_cap_cost_read"", ""smart_construction_core.group_sc_cap_finance_read"", ""smart_construction_core.group_sc_cap_project_read""]}], ""action_groups"": [""smart_construction_core.group_sc_cap_cost_user""]}",smart_construction_core.action_sc_operating_metrics_project,Decoder → Store → Resolver → Runtime → Registry; tree:table [ready]; form:form_structure [structural]; pivot:pivot [readable_fallback],列表查询、筛选、详情回读：数据总览,按当前后端契约逐项验证允许的创建/编辑/动作；未核实前不承诺可写,passed,scripts/verify/baselines/formal_business_product_menu_policy_v1.json; docs/frontend_productization/domain-rollout/systemwide-coverage-audit-v1.json#smart_construction_core.menu_sc_operating_metrics_project；artifacts/frontend-business-entry-matrix/daily-f4279416-workbench/summary.json#smart_construction_core.menu_sc_operating_metrics_project（served f4279416/sc_demo；列表声明 data-list-status=empty、空态组件 ScEmptyState[data-state=empty] 渲染、分页 total=0、授权负例 fixture_role_finance 0 泄漏；后端 sc.operating.metrics.project 全库 0 行，空态为本公司真实产品状态）,G-F3-01 已收口（只读入口按声明空态）：空态清除/刷新入口存在；无记录故详情回读未执行——按声明空态记 observation、非缺陷、未放宽断言
smart_construction_core.menu_sc_project_kanban,项目看板,工作台,project.project,本轮验收,F3,"{""semantics"": ""all_restricted_layers_must_match_one_group"", ""menu_chain"": [{""menu_xmlid"": ""smart_construction_core.menu_sc_root"", ""groups"": []}, {""menu_xmlid"": ""smart_construction_core.menu_sc_workspace_center"", ""groups"": []}, {""menu_xmlid"": ""smart_construction_core.menu_sc_project_kanban"", ""groups"": [""smart_construction_core.group_sc_cap_project_read""]}], ""action_groups"": [""smart_construction_core.group_sc_cap_project_read""]}",smart_construction_core.action_project_dashboard,Decoder → Store → Resolver → Runtime → Registry; kanban:workflow_board [ready]; tree:table [ready]; form:form_structure [structural],列表查询、筛选、详情回读：项目看板,按当前后端契约逐项验证允许的创建/编辑/动作；未核实前不承诺可写,passed,"scripts/verify/baselines/formal_business_product_menu_policy_v1.json; docs/frontend_productization/domain-rollout/systemwide-coverage-audit-v1.json#smart_construction_core.menu_sc_project_kanban；artifacts/frontend-business-entry-matrix/daily-f4279416-workbench/summary.json#smart_construction_core.menu_sc_project_kanban（served f4279416/sc_demo；kanban 卡片 3 张、CollectionKanbanRecordCard 语义身份恢复、搜索 'FE Project A' 命中 3 行、点击开卡得契约 record_id=2014 与 workflow=[submit,close]、卡片分页 mode=paged 共 3 条、authority 负例 0 泄漏）",G-F3-01 已收口：kanban 列表/搜索/分页/详情回读/工作流动作/授权边界经真实入口核实；设计系统语义身份修复后 CollectionKanbanRecordCard 的 data-semantic-component 不再被原语默认吞掉
smart_construction_core.menu_sc_workbench_my_todo_fact,待办事项,工作台,sc.workbench.item,本轮验收,F3,"{""semantics"": ""all_restricted_layers_must_match_one_group"", ""menu_chain"": [{""menu_xmlid"": ""smart_construction_core.menu_sc_root"", ""groups"": []}, {""menu_xmlid"": ""smart_construction_core.menu_sc_workspace_center"", ""groups"": []}, {""menu_xmlid"": ""smart_construction_core.menu_sc_workbench_my_todo_fact"", ""groups"": [""smart_construction_core.group_sc_internal_user""]}], ""action_groups"": [""smart_construction_core.group_sc_task_entry_access""]}",smart_construction_core.action_sc_workbench_task_center,Decoder → Store → Resolver → Runtime → Registry; tree:table [ready]; form:form_structure [structural],列表查询、筛选、详情回读：待办事项,按当前后端契约逐项验证允许的创建/编辑/动作；未核实前不承诺可写,passed,scripts/verify/baselines/formal_business_product_menu_policy_v1.json; docs/frontend_productization/domain-rollout/systemwide-coverage-audit-v1.json#smart_construction_core.menu_sc_workbench_my_todo_fact；artifacts/frontend-business-entry-matrix/daily-f4279416-workbench/summary.json#smart_construction_core.menu_sc_workbench_my_todo_fact（served f4279416/sc_demo；列表声明 data-list-status=empty、空态组件渲染、分页 total=0、authority 负例通过；后端同域核对：sc.workbench.item 159404 行全部挂公司1项目、project_id.company_id=21 计 0 行，故本公司空态为真实产品状态）,G-F3-01 已收口（只读入口按声明空态）：本公司无待办事实、明细回读未执行（按声明空态记 observation、非缺陷）；api.data 的 project_id.company_id 公司作用域收窄为声明行为、未放宽断言
smart_construction_core.menu_sc_product_message_notification_v1,消息通知,工作台,mail.notification,本轮验收,F3,"{""semantics"": ""all_restricted_layers_must_match_one_group"", ""menu_chain"": [{""menu_xmlid"": ""smart_construction_core.menu_sc_root"", ""groups"": []}, {""menu_xmlid"": ""smart_construction_core.menu_sc_workspace_center"", ""groups"": []}, {""menu_xmlid"": ""smart_construction_core.menu_sc_product_message_notification_v1"", ""groups"": [""smart_construction_core.group_sc_cap_project_read""]}], ""action_groups"": [""smart_construction_core.group_sc_cap_project_read""]}",smart_construction_core.action_sc_product_message_notification_v1,Decoder → Store → Resolver → Runtime → Registry; tree:table [ready]; form:form_structure [structural],列表查询、筛选、详情回读：消息通知,按当前后端契约逐项验证允许的创建/编辑/动作；未核实前不承诺可写,passed,scripts/verify/baselines/formal_business_product_menu_policy_v1.json; docs/frontend_productization/domain-rollout/systemwide-coverage-audit-v1.json#smart_construction_core.menu_sc_product_message_notification_v1；artifacts/frontend-business-entry-matrix/daily-f4279416-workbench/summary.json#smart_construction_core.menu_sc_product_message_notification_v1（served f4279416/sc_demo；列表声明 data-list-status=empty、空态组件渲染、分页 total=0、authority 负例通过；后端 mail.notification 全库 5 行、当前收件人可读 0 行，空态为本用户真实状态）,G-F3-01 已收口（只读入口按声明空态）：当前用户收件箱无记录、明细回读未执行（按声明空态记 observation、非缺陷）
smart_construction_core.menu_sc_project_initiation,新项目立项,项目中心,project.project,本轮验收,F3,"{""semantics"": ""all_restricted_layers_must_match_one_group"", ""menu_chain"": [{""menu_xmlid"": ""smart_construction_core.menu_sc_root"", ""groups"": []}, {""menu_xmlid"": ""smart_construction_core.menu_sc_project_center"", ""groups"": [""smart_construction_core.group_sc_cap_project_read""]}, {""menu_xmlid"": ""smart_construction_core.menu_sc_project_management_group"", ""groups"": [""smart_construction_core.group_sc_cap_project_read""]}, {""menu_xmlid"": ""smart_construction_core.menu_sc_project_initiation"", ""groups"": [""smart_construction_core.group_sc_cap_project_manager"", ""smart_construction_core.group_sc_cap_project_user""]}], ""action_groups"": [""smart_construction_core.group_sc_cap_project_manager"", ""smart_construction_core.group_sc_cap_project_user""]}",smart_construction_core.action_project_initiation,Decoder → Store → Resolver → Runtime → Registry; form:form_structure [structural],核对表单默认值、关系选择及当前记录回读；入口不宣称提供独立列表：新项目立项,按当前后端契约逐项验证允许的创建/编辑/动作；未核实前不承诺可写,passed,scripts/verify/baselines/formal_business_product_menu_policy_v1.json; docs/frontend_productization/domain-rollout/systemwide-coverage-audit-v1.json#smart_construction_core.menu_sc_project_initiation; artifacts/frontend-web-fix-20260928/evidence.md#WEB-UAT-02（候选a2c4003f/源码fc84fd24：页面立项表单填写→创建项目 api.data create 200→跳转新建记录；后端回读 lifecycle_state=draft；空名称保存被拒且无 create。原始日志 uat02-raw/uat02b.json、uat02c_transitions.json、uat02_entries.json）,"G-F3-01（本入口声明职责=创建立项，已逐项验证并回填 passed）；入口按声明不提供独立列表，未按“缺列表”记缺口。治理元数据差异：声明组 chain 为 group_sc_cap_project_manager+group_sc_cap_project_user，但运行时 pm 被 role-surface 暴露策略拒绝（core_extension_policy_maps.py ROLE_SURFACE_OVERRIDES[""pm""] 未列 menu_sc_project_initiation）；矩阵 role_authority 未表达该层，待治理复核"
smart_construction_core.menu_sc_project_project,项目台账,项目中心,project.project,本轮验收,F1,"{""semantics"": ""all_restricted_layers_must_match_one_group"", ""menu_chain"": [{""menu_xmlid"": ""smart_construction_core.menu_sc_root"", ""groups"": []}, {""menu_xmlid"": ""smart_construction_core.menu_sc_project_center"", ""groups"": [""smart_construction_core.group_sc_cap_project_read""]}, {""menu_xmlid"": ""smart_construction_core.menu_sc_project_management_group"", ""groups"": [""smart_construction_core.group_sc_cap_project_read""]}, {""menu_xmlid"": ""smart_construction_core.menu_sc_project_project"", ""groups"": [""smart_construction_core.group_sc_cap_project_read""]}], ""action_groups"": [""smart_construction_core.group_sc_cap_project_read""]}",smart_construction_core.action_sc_project_list,Decoder → Store → Resolver → Runtime → Registry; tree:table [ready]; form:form_structure [structural],列表查询、筛选、详情回读：项目台账,名称、客户、日期、说明、责任明细保存；不推进生命周期,passed,scripts/verify/baselines/formal_business_product_menu_policy_v1.json; docs/frontend_productization/domain-rollout/systemwide-coverage-audit-v1.json#smart_construction_core.menu_sc_project_project（旧 /tmp/frontend-f1-*-20260923 证据源已不存在，不再引用；现行证据见 WEB-UAT-02）; artifacts/frontend-web-fix-20260928/evidence.md#WEB-UAT-02（候选a2c4003f/源码fc84fd24：列表关键字筛选-行详情-search与筛选返回还原；说明/项目名称/日期/客户关系真实写入并刷新回读；责任矩阵行经页面新增-保存-回读；必填清空零写请求+草稿与关系保留+纠正重试成功。原始日志 uat02-raw/uat02a_duties.json、uat02a_name_date.json）,G-F1-01/02/03/06/07/08/09 已关闭; WEB-UAT-02 本入口声明职责（列表查询筛选与详情返回、名称/客户/日期/说明/责任明细保存、校验拒绝与草稿恢复）均已取得页面级证据；未触及生命周期推进（提交立项按职责归 02B/生命周期入口）。遗留治理元数据差异：role_authority 仅表达 Odoo 菜单/动作组链，未含 role-surface 暴露策略层（见 02B/02C 的 pm 拒绝）
smart_construction_core.menu_sc_product_project_lifecycle_v1,项目启停管理,项目中心,project.project,本轮验收,F3,"{""semantics"": ""all_restricted_layers_must_match_one_group"", ""menu_chain"": [{""menu_xmlid"": ""smart_construction_core.menu_sc_root"", ""groups"": []}, {""menu_xmlid"": ""smart_construction_core.menu_sc_project_center"", ""groups"": [""smart_construction_core.group_sc_cap_project_read""]}, {""menu_xmlid"": ""smart_construction_core.menu_sc_project_management_group"", ""groups"": [""smart_construction_core.group_sc_cap_project_read""]}, {""menu_xmlid"": ""smart_construction_core.menu_sc_product_project_lifecycle_v1"", ""groups"": [""smart_construction_core.group_sc_cap_project_manager""]}], ""action_groups"": [""smart_construction_core.group_sc_cap_project_manager""]}",smart_construction_core.action_sc_product_project_lifecycle_v1,Decoder → Store → Resolver → Runtime → Registry; tree:table [ready]; form:form_structure [structural],列表查询、筛选、详情回读：项目启停管理,按当前后端契约逐项验证允许的创建/编辑/动作；未核实前不承诺可写,passed,"scripts/verify/frontend_business_entry_lifecycle_browser.mjs（契约驱动：消费运行时 ui.contract.v2 的 workflowContract.availableActions/rawState/stateField 与 dataContract.mainData，方法名一律取自契约，不硬编码）；受管身份解析 scripts/verify/frontend_delivery_hardening_runtime_ids.py -> artifacts/backend/acceptance_record_identity.json#lifecycle_project（record fe_project_lifecycle id2021 / company FE Company A(21) / menu 970 / action 1178 / 起点 lifecycle_state=draft,sc_approval_state=draft）；夹具载体 addons/smart_construction_acceptance_fixture/tools/frontend_productization_fixture.py（fe_project_lifecycle，可重置）；受管准备入口 make daily.runtime.lifecycle_fixture.prepare；运行证据 artifacts/frontend-business-entry-lifecycle/daily-6c8e07f7-r2/summary.json（served 6c8e07f7 / sc_demo / 登录 fixture_role_config_admin uid216 company21 / 0 console errors）：逐态契约可用动作与声明 state_actions 一致（draft:[submit,close]，activate 被 action_domains 域门拒绝；in_progress:[pause,complete,advance_closing,close]；done:[advance_closing,advance_warranty,close]；closing:[advance_warranty,close]；warranty:[close]；closed:[]），实际点击 submit->draft、activate->in_progress、complete->done、advance_closing->closing、advance_warranty->warranty、close->closed 均刷新回读；关闭确认弹窗真实出现并消费（确认关闭项目 / 关闭后不可恢复）；溢出菜单路径经真实点击消费 5 次（activate/complete/advance_closing/advance_warranty/close，via=overflow）。干跑 artifacts/frontend-business-entry-lifecycle/dryrun/summary.json。",本轮闭环：标记竣工/进入结算/进入保修期/关闭项目（含关闭确认弹窗）均经真实入口走通并刷新回读，0 problems。并列发现（不阻断本入口验收，待单独裁决）：发布导航授权对 group_sc_role_project_manager（fixture_role_pm uid214）过滤掉本菜单 970/action 1178，而菜单/动作声明的 group_sc_cap_project_manager 对该角色成立（ORM has_group=True），即菜单层 group 授权与发布导航授权口径不一致；本行以发布导航含该入口的 group_sc_role_business_admin（fixture_role_config_admin uid216）完成验收。
smart_construction_core.menu_sc_customer_partner,客户档案,项目中心,res.partner,本轮验收,F3,"{""semantics"": ""all_restricted_layers_must_match_one_group"", ""menu_chain"": [{""menu_xmlid"": ""smart_construction_core.menu_sc_root"", ""groups"": []}, {""menu_xmlid"": ""smart_construction_core.menu_sc_project_center"", ""groups"": [""smart_construction_core.group_sc_cap_project_read""]}, {""menu_xmlid"": ""smart_construction_core.menu_sc_project_partner_group_wave1"", ""groups"": [""smart_construction_core.group_sc_cap_project_read""]}, {""menu_xmlid"": ""smart_construction_core.menu_sc_customer_partner"", ""groups"": [""smart_construction_core.group_sc_cap_contact_manager""]}], ""action_groups"": [""smart_construction_core.group_sc_cap_contact_manager""]}",smart_construction_core.action_sc_customer_partner,Decoder → Store → Resolver → Runtime → Registry; tree:table [ready]; form:form_structure [structural],列表查询、筛选、详情回读：客户档案,按当前后端契约逐项验证允许的创建/编辑/动作；未核实前不承诺可写,passed,artifacts/frontend-business-entry-matrix/daily-f4279416-matrix/summary.json#smart_construction_core.menu_sc_customer_partner（served f4279416/sc_demo；呈现 table、声明 ok、渲染记录 20；详情回读 record_id=8769 公司=None 动作=None）,G-F3-01 已收口：列表查询/筛选/详情回读按声明面逐项验证，明细公司归属与工作流动作取自 ui.contract.v2 信封 已收口：列表查询/筛选/详情回读按声明面逐项验证，明细公司归属与工作流动作取自 ui.contract.v2 信封
smart_construction_core.menu_sc_supplier_partner,供应商档案,项目中心,res.partner,本轮验收,F3,"{""semantics"": ""all_restricted_layers_must_match_one_group"", ""menu_chain"": [{""menu_xmlid"": ""smart_construction_core.menu_sc_root"", ""groups"": []}, {""menu_xmlid"": ""smart_construction_core.menu_sc_project_center"", ""groups"": [""smart_construction_core.group_sc_cap_project_read""]}, {""menu_xmlid"": ""smart_construction_core.menu_sc_project_partner_group_wave1"", ""groups"": [""smart_construction_core.group_sc_cap_project_read""]}, {""menu_xmlid"": ""smart_construction_core.menu_sc_supplier_partner"", ""groups"": [""smart_construction_core.group_sc_cap_contact_manager""]}], ""action_groups"": [""smart_construction_core.group_sc_cap_contact_manager""]}",smart_construction_core.action_sc_supplier_partner,Decoder → Store → Resolver → Runtime → Registry; tree:table [ready]; form:form_structure [structural],列表查询、筛选、详情回读：供应商档案,按当前后端契约逐项验证允许的创建/编辑/动作；未核实前不承诺可写,passed,artifacts/frontend-business-entry-matrix/daily-f4279416-matrix/summary.json#smart_construction_core.menu_sc_supplier_partner（served f4279416/sc_demo；呈现 table、声明 ok、渲染记录 20；详情回读 record_id=8987 公司=None 动作=None）,G-F3-01 已收口：列表查询/筛选/详情回读按声明面逐项验证，明细公司归属与工作流动作取自 ui.contract.v2 信封 已收口：列表查询/筛选/详情回读按声明面逐项验证，明细公司归属与工作流动作取自 ui.contract.v2 信封
smart_construction_core.menu_sc_product_partner_blacklist_v1,客商黑名单,项目中心,res.partner,本轮验收,F3,"{""semantics"": ""all_restricted_layers_must_match_one_group"", ""menu_chain"": [{""menu_xmlid"": ""smart_construction_core.menu_sc_root"", ""groups"": []}, {""menu_xmlid"": ""smart_construction_core.menu_sc_project_center"", ""groups"": [""smart_construction_core.group_sc_cap_project_read""]}, {""menu_xmlid"": ""smart_construction_core.menu_sc_project_partner_group_wave1"", ""groups"": [""smart_construction_core.group_sc_cap_project_read""]}, {""menu_xmlid"": ""smart_construction_core.menu_sc_product_partner_blacklist_v1"", ""groups"": [""smart_construction_core.group_sc_cap_contact_manager""]}], ""action_groups"": [""smart_construction_core.group_sc_cap_contact_manager""]}",smart_construction_core.action_sc_product_partner_blacklist_v1,Decoder → Store → Resolver → Runtime → Registry; tree:table [ready]; form:form_structure [structural],列表查询、筛选、详情回读：客商黑名单,按当前后端契约逐项验证允许的创建/编辑/动作；未核实前不承诺可写,passed,artifacts/frontend-business-entry-matrix/daily-f4279416-matrix/summary.json#smart_construction_core.menu_sc_product_partner_blacklist_v1（served f4279416/sc_demo；呈现 table、声明 ok、渲染记录 20；详情回读 record_id=8984 公司=None 动作=None）,G-F3-01 已收口：列表查询/筛选/详情回读按声明面逐项验证，明细公司归属与工作流动作取自 ui.contract.v2 信封 已收口：列表查询/筛选/详情回读按声明面逐项验证，明细公司归属与工作流动作取自 ui.contract.v2 信封
smart_construction_core.menu_sc_product_tender_information_v1,招标信息,项目中心,tender.opportunity,本轮验收,F3,"{""semantics"": ""all_restricted_layers_must_match_one_group"", ""menu_chain"": [{""menu_xmlid"": ""smart_construction_core.menu_sc_root"", ""groups"": []}, {""menu_xmlid"": ""smart_construction_core.menu_sc_project_center"", ""groups"": [""smart_construction_core.group_sc_cap_project_read""]}, {""menu_xmlid"": ""smart_construction_core.menu_sc_tender_management_group"", ""groups"": [""smart_construction_core.group_sc_cap_project_read""]}, {""menu_xmlid"": ""smart_construction_core.menu_sc_product_tender_information_v1"", ""groups"": [""smart_construction_core.group_sc_cap_project_read""]}], ""action_groups"": [""smart_construction_core.group_sc_cap_project_read""]}",smart_construction_core.action_sc_product_tender_information_v1,Decoder → Store → Resolver → Runtime → Registry; tree:table [ready]; form:form_structure [structural],列表查询、筛选、详情回读：招标信息,按当前后端契约逐项验证允许的创建/编辑/动作；未核实前不承诺可写,passed,artifacts/frontend-business-entry-matrix/daily-f4279416-matrix/summary.json#smart_construction_core.menu_sc_product_tender_information_v1（served f4279416/sc_demo；呈现 table、声明 empty、渲染记录 0；负例不可构造（声明组含基线能力 group_sc_cap_project_read，全部受测夹具角色均持有，属角色模型结构事实）；权威计数 visible_as_role=0/total_rows=0（真实空态））,G-F3-01 已收口（只读入口按声明空态）：空态按声明组件渲染并附权威计数证据；无记录故详情回读未执行——按声明空态记 observation、非缺陷、未放宽断言 已收口（只读入口按声明空态）：空态按声明组件渲染并附权威计数证据；无记录故详情回读未执行——按声明空态记 observation、非缺陷、未放宽断言
smart_construction_core.menu_sc_project_tender,投标项目,项目中心,tender.bid,本轮验收,F3,"{""semantics"": ""all_restricted_layers_must_match_one_group"", ""menu_chain"": [{""menu_xmlid"": ""smart_construction_core.menu_sc_root"", ""groups"": []}, {""menu_xmlid"": ""smart_construction_core.menu_sc_project_center"", ""groups"": [""smart_construction_core.group_sc_cap_project_read""]}, {""menu_xmlid"": ""smart_construction_core.menu_sc_tender_management_group"", ""groups"": [""smart_construction_core.group_sc_cap_project_read""]}, {""menu_xmlid"": ""smart_construction_core.menu_sc_project_tender"", ""groups"": [""smart_construction_core.group_sc_cap_project_read""]}], ""action_groups"": [""smart_construction_core.group_sc_cap_project_read""]}",smart_construction_core.action_tender_bid,Decoder → Store → Resolver → Runtime → Registry; tree:table [ready]; form:form_structure [structural],列表查询、筛选、详情回读：投标项目,按当前后端契约逐项验证允许的创建/编辑/动作；未核实前不承诺可写,passed,artifacts/frontend-business-entry-matrix/daily-f4279416-matrix/summary.json#smart_construction_core.menu_sc_project_tender（served f4279416/sc_demo；呈现 table、声明 empty、渲染记录 0；负例不可构造（声明组含基线能力 group_sc_cap_project_read，全部受测夹具角色均持有，属角色模型结构事实）；作用域边界：受测角色可见 0、全库 13101 行且归属公司1（受测公司作用域排除），非产品零数据）,G-F3-01 已收口（只读入口按声明空态）：空态按声明组件渲染并附权威计数证据；无记录故详情回读未执行——按声明空态记 observation、非缺陷、未放宽断言 已收口（只读入口按声明空态）：空态按声明组件渲染并附权威计数证据；无记录故详情回读未执行——按声明空态记 observation、非缺陷、未放宽断言
smart_construction_core.menu_sc_product_tender_document_v1,标书管理,项目中心,tender.document,本轮验收,F3,"{""semantics"": ""all_restricted_layers_must_match_one_group"", ""menu_chain"": [{""menu_xmlid"": ""smart_construction_core.menu_sc_root"", ""groups"": []}, {""menu_xmlid"": ""smart_construction_core.menu_sc_project_center"", ""groups"": [""smart_construction_core.group_sc_cap_project_read""]}, {""menu_xmlid"": ""smart_construction_core.menu_sc_tender_management_group"", ""groups"": [""smart_construction_core.group_sc_cap_project_read""]}, {""menu_xmlid"": ""smart_construction_core.menu_sc_product_tender_document_v1"", ""groups"": [""smart_construction_core.group_sc_cap_project_manager"", ""smart_construction_core.group_sc_cap_project_user""]}], ""action_groups"": [""smart_construction_core.group_sc_cap_project_manager"", ""smart_construction_core.group_sc_cap_project_user""]}",smart_construction_core.action_sc_product_tender_document_v1,Decoder → Store → Resolver → Runtime → Registry; tree:table [ready]; form:form_structure [structural],列表查询、筛选、详情回读：标书管理,按当前后端契约逐项验证允许的创建/编辑/动作；未核实前不承诺可写,passed,artifacts/frontend-business-entry-matrix/daily-f4279416-matrix/summary.json#smart_construction_core.menu_sc_product_tender_document_v1（served f4279416/sc_demo；呈现 table、声明 empty、渲染记录 0；权威计数 visible_as_role=0/total_rows=0（真实空态））,G-F3-01 已收口（只读入口按声明空态）：空态按声明组件渲染并附权威计数证据；无记录故详情回读未执行——按声明空态记 observation、非缺陷、未放宽断言 已收口（只读入口按声明空态）：空态按声明组件渲染并附权威计数证据；无记录故详情回读未执行——按声明空态记 observation、非缺陷、未放宽断言
smart_construction_core.menu_sc_tender_guarantee,投标保证金,项目中心,tender.guarantee,本轮验收,F3,"{""semantics"": ""all_restricted_layers_must_match_one_group"", ""menu_chain"": [{""menu_xmlid"": ""smart_construction_core.menu_sc_root"", ""groups"": []}, {""menu_xmlid"": ""smart_construction_core.menu_sc_project_center"", ""groups"": [""smart_construction_core.group_sc_cap_project_read""]}, {""menu_xmlid"": ""smart_construction_core.menu_sc_tender_management_group"", ""groups"": [""smart_construction_core.group_sc_cap_project_read""]}, {""menu_xmlid"": ""smart_construction_core.menu_sc_tender_guarantee"", ""groups"": [""smart_construction_core.group_sc_cap_project_manager"", ""smart_construction_core.group_sc_cap_project_user""]}], ""action_groups"": [""smart_construction_core.group_sc_cap_project_manager"", ""smart_construction_core.group_sc_cap_project_user""]}",smart_construction_core.action_sc_tender_guarantee,Decoder → Store → Resolver → Runtime → Registry; tree:table [ready]; form:form_structure [structural],列表查询、筛选、详情回读：投标保证金,按当前后端契约逐项验证允许的创建/编辑/动作；未核实前不承诺可写,passed,artifacts/frontend-business-entry-matrix/daily-f4279416-matrix/summary.json#smart_construction_core.menu_sc_tender_guarantee（served f4279416/sc_demo；呈现 table、声明 empty、渲染记录 0；作用域边界：受测角色可见 0、全库 7439 行且归属公司1（受测公司作用域排除），非产品零数据）,G-F3-01 已收口（只读入口按声明空态）：空态按声明组件渲染并附权威计数证据；无记录故详情回读未执行——按声明空态记 observation、非缺陷、未放宽断言 已收口（只读入口按声明空态）：空态按声明组件渲染并附权威计数证据；无记录故详情回读未执行——按声明空态记 observation、非缺陷、未放宽断言
smart_construction_core.menu_sc_tender_won,中标管理,项目中心,tender.bid,本轮验收,F3,"{""semantics"": ""all_restricted_layers_must_match_one_group"", ""menu_chain"": [{""menu_xmlid"": ""smart_construction_core.menu_sc_root"", ""groups"": []}, {""menu_xmlid"": ""smart_construction_core.menu_sc_project_center"", ""groups"": [""smart_construction_core.group_sc_cap_project_read""]}, {""menu_xmlid"": ""smart_construction_core.menu_sc_tender_management_group"", ""groups"": [""smart_construction_core.group_sc_cap_project_read""]}, {""menu_xmlid"": ""smart_construction_core.menu_sc_tender_won"", ""groups"": [""smart_construction_core.group_sc_cap_project_read""]}], ""action_groups"": [""smart_construction_core.group_sc_cap_project_read""]}",smart_construction_core.action_sc_tender_won,Decoder → Store → Resolver → Runtime → Registry; tree:table [ready]; form:form_structure [structural],列表查询、筛选、详情回读：中标管理,按当前后端契约逐项验证允许的创建/编辑/动作；未核实前不承诺可写,passed,artifacts/frontend-business-entry-matrix/daily-f4279416-matrix/summary.json#smart_construction_core.menu_sc_tender_won（served f4279416/sc_demo；呈现 table、声明 empty、渲染记录 0；负例不可构造（声明组含基线能力 group_sc_cap_project_read，全部受测夹具角色均持有，属角色模型结构事实）；作用域边界：受测角色可见 0、全库 13101 行且归属公司1（受测公司作用域排除），非产品零数据）,G-F3-01 已收口（只读入口按声明空态）：空态按声明组件渲染并附权威计数证据；无记录故详情回读未执行——按声明空态记 observation、非缺陷、未放宽断言 已收口（只读入口按声明空态）：空态按声明组件渲染并附权威计数证据；无记录故详情回读未执行——按声明空态记 observation、非缺陷、未放宽断言
smart_construction_core.menu_sc_safety_issue,安全检查,项目中心,sc.safety.issue,本轮验收,F3,"{""semantics"": ""all_restricted_layers_must_match_one_group"", ""menu_chain"": [{""menu_xmlid"": ""smart_construction_core.menu_sc_root"", ""groups"": []}, {""menu_xmlid"": ""smart_construction_core.menu_sc_project_center"", ""groups"": [""smart_construction_core.group_sc_cap_project_read""]}, {""menu_xmlid"": ""smart_construction_core.menu_sc_construction_management_center"", ""groups"": [""smart_construction_core.group_sc_cap_project_read""]}, {""menu_xmlid"": ""smart_construction_core.menu_sc_safety_issue"", ""groups"": [""smart_construction_core.group_sc_cap_project_manager"", ""smart_construction_core.group_sc_cap_project_read"", ""smart_construction_core.group_sc_cap_project_user""]}], ""action_groups"": [""smart_construction_core.group_sc_cap_project_manager"", ""smart_construction_core.group_sc_cap_project_read"", ""smart_construction_core.group_sc_cap_project_user""]}",smart_construction_core.action_sc_safety_issue,Decoder → Store → Resolver → Runtime → Registry; tree:table [ready]; form:form_structure [structural],列表查询、筛选、详情回读：安全检查,按当前后端契约逐项验证允许的创建/编辑/动作；未核实前不承诺可写,passed,artifacts/frontend-business-entry-matrix/daily-f4279416-matrix/summary.json#smart_construction_core.menu_sc_safety_issue（served f4279416/sc_demo；呈现 table、声明 empty、渲染记录 0；负例不可构造（声明组含基线能力 group_sc_cap_project_read，全部受测夹具角色均持有，属角色模型结构事实）；权威计数 visible_as_role=0/total_rows=0（真实空态））,G-F3-01 已收口（只读入口按声明空态）：空态按声明组件渲染并附权威计数证据；无记录故详情回读未执行——按声明空态记 observation、非缺陷、未放宽断言 已收口（只读入口按声明空态）：空态按声明组件渲染并附权威计数证据；无记录故详情回读未执行——按声明空态记 observation、非缺陷、未放宽断言
smart_construction_core.menu_sc_product_quality_acceptance_v1,质量验收,项目中心,sc.quality.acceptance,本轮验收,F3,"{""semantics"": ""all_restricted_layers_must_match_one_group"", ""menu_chain"": [{""menu_xmlid"": ""smart_construction_core.menu_sc_root"", ""groups"": []}, {""menu_xmlid"": ""smart_construction_core.menu_sc_project_center"", ""groups"": [""smart_construction_core.group_sc_cap_project_read""]}, {""menu_xmlid"": ""smart_construction_core.menu_sc_construction_management_center"", ""groups"": [""smart_construction_core.group_sc_cap_project_read""]}, {""menu_xmlid"": ""smart_construction_core.menu_sc_product_quality_acceptance_v1"", ""groups"": [""smart_construction_core.group_sc_cap_project_manager"", ""smart_construction_core.group_sc_cap_project_user""]}], ""action_groups"": [""smart_construction_core.group_sc_cap_project_manager"", ""smart_construction_core.group_sc_cap_project_user""]}",smart_construction_core.action_sc_product_quality_acceptance_v1,Decoder → Store → Resolver → Runtime → Registry; tree:table [ready]; form:form_structure [structural],列表查询、筛选、详情回读：质量验收,按当前后端契约逐项验证允许的创建/编辑/动作；未核实前不承诺可写,passed,artifacts/frontend-business-entry-matrix/daily-f4279416-matrix/summary.json#smart_construction_core.menu_sc_product_quality_acceptance_v1（served f4279416/sc_demo；呈现 table、声明 empty、渲染记录 0；权威计数 visible_as_role=0/total_rows=0（真实空态））,G-F3-01 已收口（只读入口按声明空态）：空态按声明组件渲染并附权威计数证据；无记录故详情回读未执行——按声明空态记 observation、非缺陷、未放宽断言 已收口（只读入口按声明空态）：空态按声明组件渲染并附权威计数证据；无记录故详情回读未执行——按声明空态记 observation、非缺陷、未放宽断言
smart_construction_core.menu_sc_project_documents,工程资料,项目中心,sc.project.document,本轮验收,F3,"{""semantics"": ""all_restricted_layers_must_match_one_group"", ""menu_chain"": [{""menu_xmlid"": ""smart_construction_core.menu_sc_root"", ""groups"": []}, {""menu_xmlid"": ""smart_construction_core.menu_sc_project_center"", ""groups"": [""smart_construction_core.group_sc_cap_project_read""]}, {""menu_xmlid"": ""smart_construction_core.menu_sc_construction_management_center"", ""groups"": [""smart_construction_core.group_sc_cap_project_read""]}, {""menu_xmlid"": ""smart_construction_core.menu_sc_project_documents"", ""groups"": [""smart_construction_core.group_sc_cap_project_read""]}], ""action_groups"": [""smart_construction_core.group_sc_cap_project_read""]}",smart_construction_core.action_sc_project_document,Decoder → Store → Resolver → Runtime → Registry; tree:table [ready]; form:form_structure [structural],列表查询、筛选、详情回读：工程资料,按当前后端契约逐项验证允许的创建/编辑/动作；未核实前不承诺可写,passed,artifacts/frontend-business-entry-matrix/daily-f4279416-matrix/summary.json#smart_construction_core.menu_sc_project_documents（served f4279416/sc_demo；呈现 table、声明 empty、渲染记录 0；负例不可构造（声明组含基线能力 group_sc_cap_project_read，全部受测夹具角色均持有，属角色模型结构事实）；权威计数 visible_as_role=0/total_rows=0（真实空态））,G-F3-01 已收口（只读入口按声明空态）：空态按声明组件渲染并附权威计数证据；无记录故详情回读未执行——按声明空态记 observation、非缺陷、未放宽断言 已收口（只读入口按声明空态）：空态按声明组件渲染并附权威计数证据；无记录故详情回读未执行——按声明空态记 observation、非缺陷、未放宽断言
smart_construction_core.menu_sc_construction_diary,施工日志,项目中心,sc.construction.diary,本轮验收,F3,"{""semantics"": ""all_restricted_layers_must_match_one_group"", ""menu_chain"": [{""menu_xmlid"": ""smart_construction_core.menu_sc_root"", ""groups"": []}, {""menu_xmlid"": ""smart_construction_core.menu_sc_project_center"", ""groups"": [""smart_construction_core.group_sc_cap_project_read""]}, {""menu_xmlid"": ""smart_construction_core.menu_sc_construction_management_center"", ""groups"": [""smart_construction_core.group_sc_cap_project_read""]}, {""menu_xmlid"": ""smart_construction_core.menu_sc_construction_diary"", ""groups"": [""smart_construction_core.group_sc_cap_project_manager"", ""smart_construction_core.group_sc_cap_project_read"", ""smart_construction_core.group_sc_cap_project_user""]}], ""action_groups"": [""smart_construction_core.group_sc_cap_project_manager"", ""smart_construction_core.group_sc_cap_project_read"", ""smart_construction_core.group_sc_cap_project_user""]}",smart_construction_core.action_sc_construction_diary,Decoder → Store → Resolver → Runtime → Registry; tree:table [ready]; form:form_structure [structural],列表查询、筛选、详情回读：施工日志,按当前后端契约逐项验证允许的创建/编辑/动作；未核实前不承诺可写,passed,artifacts/frontend-business-entry-matrix/daily-f4279416-matrix/summary.json#smart_construction_core.menu_sc_construction_diary（served f4279416/sc_demo；呈现 table、声明 empty、渲染记录 0；负例不可构造（声明组含基线能力 group_sc_cap_project_read，全部受测夹具角色均持有，属角色模型结构事实）；作用域边界：受测角色可见 0、全库 8898 行且归属公司1（受测公司作用域排除），非产品零数据）,G-F3-01 已收口（只读入口按声明空态）：空态按声明组件渲染并附权威计数证据；无记录故详情回读未执行——按声明空态记 observation、非缺陷、未放宽断言 已收口（只读入口按声明空态）：空态按声明组件渲染并附权威计数证据；无记录故详情回读未执行——按声明空态记 observation、非缺陷、未放宽断言
smart_construction_core.menu_sc_construction_progress,施工进度,项目中心,project.progress.entry,本轮验收,F3,"{""semantics"": ""all_restricted_layers_must_match_one_group"", ""menu_chain"": [{""menu_xmlid"": ""smart_construction_core.menu_sc_root"", ""groups"": []}, {""menu_xmlid"": ""smart_construction_core.menu_sc_project_center"", ""groups"": [""smart_construction_core.group_sc_cap_project_read""]}, {""menu_xmlid"": ""smart_construction_core.menu_sc_construction_management_center"", ""groups"": [""smart_construction_core.group_sc_cap_project_read""]}, {""menu_xmlid"": ""smart_construction_core.menu_sc_construction_progress"", ""groups"": [""smart_construction_core.group_sc_cap_cost_manager"", ""smart_construction_core.group_sc_cap_cost_user""]}], ""action_groups"": [""smart_construction_core.group_sc_cap_cost_manager"", ""smart_construction_core.group_sc_cap_cost_read"", ""smart_construction_core.group_sc_cap_cost_user""]}",smart_construction_core.action_project_progress_entry,Decoder → Store → Resolver → Runtime → Registry; tree:table [ready]; form:form_structure [structural],列表查询、筛选、详情回读：施工进度,按当前后端契约逐项验证允许的创建/编辑/动作；未核实前不承诺可写,passed,artifacts/frontend-business-entry-matrix/daily-f4279416-matrix/summary.json#smart_construction_core.menu_sc_construction_progress（served f4279416/sc_demo；呈现 table、声明 empty、渲染记录 0；作用域边界：受测角色可见 0、全库 1 行且归属公司1（受测公司作用域排除），非产品零数据）,G-F3-01 已收口（只读入口按声明空态）：空态按声明组件渲染并附权威计数证据；无记录故详情回读未执行——按声明空态记 observation、非缺陷、未放宽断言 已收口（只读入口按声明空态）：空态按声明组件渲染并附权威计数证据；无记录故详情回读未执行——按声明空态记 observation、非缺陷、未放宽断言
smart_construction_core.menu_sc_product_site_variation_v1,签证变更,项目中心,sc.site.variation,本轮验收,F3,"{""semantics"": ""all_restricted_layers_must_match_one_group"", ""menu_chain"": [{""menu_xmlid"": ""smart_construction_core.menu_sc_root"", ""groups"": []}, {""menu_xmlid"": ""smart_construction_core.menu_sc_project_center"", ""groups"": [""smart_construction_core.group_sc_cap_project_read""]}, {""menu_xmlid"": ""smart_construction_core.menu_sc_construction_management_center"", ""groups"": [""smart_construction_core.group_sc_cap_project_read""]}, {""menu_xmlid"": ""smart_construction_core.menu_sc_product_site_variation_v1"", ""groups"": [""smart_construction_core.group_sc_cap_project_read""]}], ""action_groups"": [""smart_construction_core.group_sc_cap_project_read""]}",smart_construction_core.action_sc_product_site_variation_v1,Decoder → Store → Resolver → Runtime → Registry; tree:table [ready]; form:form_structure [structural],列表查询、筛选、详情回读：签证变更,按当前后端契约逐项验证允许的创建/编辑/动作；未核实前不承诺可写,passed,artifacts/frontend-business-entry-matrix/daily-f4279416-matrix/summary.json#smart_construction_core.menu_sc_product_site_variation_v1（served f4279416/sc_demo；呈现 table、声明 empty、渲染记录 0；负例不可构造（声明组含基线能力 group_sc_cap_project_read，全部受测夹具角色均持有，属角色模型结构事实）；权威计数 visible_as_role=0/total_rows=0（真实空态））,G-F3-01 已收口（只读入口按声明空态）：空态按声明组件渲染并附权威计数证据；无记录故详情回读未执行——按声明空态记 observation、非缺陷、未放宽断言 已收口（只读入口按声明空态）：空态按声明组件渲染并附权威计数证据；无记录故详情回读未执行——按声明空态记 observation、非缺陷、未放宽断言
smart_construction_core.menu_sc_product_labor_realname_v1,劳务实名制,项目中心,sc.labor.worker,本轮验收,F3,"{""semantics"": ""all_restricted_layers_must_match_one_group"", ""menu_chain"": [{""menu_xmlid"": ""smart_construction_core.menu_sc_root"", ""groups"": []}, {""menu_xmlid"": ""smart_construction_core.menu_sc_project_center"", ""groups"": [""smart_construction_core.group_sc_cap_project_read""]}, {""menu_xmlid"": ""smart_construction_core.menu_sc_product_labor_cost_group_v1"", ""groups"": [""smart_construction_core.group_sc_cap_project_read""]}, {""menu_xmlid"": ""smart_construction_core.menu_sc_product_labor_realname_v1"", ""groups"": [""smart_construction_core.group_sc_cap_project_read""]}], ""action_groups"": [""smart_construction_core.group_sc_cap_project_read""]}",smart_construction_core.action_sc_product_labor_realname_v1,Decoder → Store → Resolver → Runtime → Registry; tree:table [ready]; form:form_structure [structural],列表查询、筛选、详情回读：劳务实名制,按当前后端契约逐项验证允许的创建/编辑/动作；未核实前不承诺可写,passed,artifacts/frontend-business-entry-matrix/daily-f4279416-matrix/summary.json#smart_construction_core.menu_sc_product_labor_realname_v1（served f4279416/sc_demo；呈现 table、声明 empty、渲染记录 0；负例不可构造（声明组含基线能力 group_sc_cap_project_read，全部受测夹具角色均持有，属角色模型结构事实）；权威计数 visible_as_role=0/total_rows=0（真实空态））,G-F3-01 已收口（只读入口按声明空态）：空态按声明组件渲染并附权威计数证据；无记录故详情回读未执行——按声明空态记 observation、非缺陷、未放宽断言 已收口（只读入口按声明空态）：空态按声明组件渲染并附权威计数证据；无记录故详情回读未执行——按声明空态记 observation、非缺陷、未放宽断言
smart_construction_core.menu_sc_product_labor_cost_v1,劳务成本登记,项目中心,sc.labor.usage,本轮验收,F3,"{""semantics"": ""all_restricted_layers_must_match_one_group"", ""menu_chain"": [{""menu_xmlid"": ""smart_construction_core.menu_sc_root"", ""groups"": []}, {""menu_xmlid"": ""smart_construction_core.menu_sc_project_center"", ""groups"": [""smart_construction_core.group_sc_cap_project_read""]}, {""menu_xmlid"": ""smart_construction_core.menu_sc_product_labor_cost_group_v1"", ""groups"": [""smart_construction_core.group_sc_cap_project_read""]}, {""menu_xmlid"": ""smart_construction_core.menu_sc_product_labor_cost_v1"", ""groups"": [""smart_construction_core.group_sc_cap_project_read""]}], ""action_groups"": [""smart_construction_core.group_sc_cap_project_read""]}",smart_construction_core.action_sc_product_labor_cost_v1,Decoder → Store → Resolver → Runtime → Registry; tree:table [ready]; form:form_structure [structural],列表查询、筛选、详情回读：劳务成本登记,按当前后端契约逐项验证允许的创建/编辑/动作；未核实前不承诺可写,passed,"artifacts/frontend-business-entry-matrix/daily-f4279416-matrix/summary.json#smart_construction_core.menu_sc_product_labor_cost_v1（served f4279416/sc_demo；呈现 table、声明 ok、渲染记录 1；负例不可构造（声明组含基线能力 group_sc_cap_project_read，全部受测夹具角色均持有，属角色模型结构事实）；详情回读 record_id=9071 公司=None 动作=['submit', 'cancel']）",G-F3-01 已收口：列表查询/筛选/详情回读按声明面逐项验证，明细公司归属与工作流动作取自 ui.contract.v2 信封 已收口：列表查询/筛选/详情回读按声明面逐项验证，明细公司归属与工作流动作取自 ui.contract.v2 信封
smart_construction_core.menu_sc_product_labor_deduction_v1,劳务扣款明细,项目中心,sc.labor.deduction,本轮验收,F3,"{""semantics"": ""all_restricted_layers_must_match_one_group"", ""menu_chain"": [{""menu_xmlid"": ""smart_construction_core.menu_sc_root"", ""groups"": []}, {""menu_xmlid"": ""smart_construction_core.menu_sc_project_center"", ""groups"": [""smart_construction_core.group_sc_cap_project_read""]}, {""menu_xmlid"": ""smart_construction_core.menu_sc_product_labor_cost_group_v1"", ""groups"": [""smart_construction_core.group_sc_cap_project_read""]}, {""menu_xmlid"": ""smart_construction_core.menu_sc_product_labor_deduction_v1"", ""groups"": [""smart_construction_core.group_sc_cap_project_read""]}], ""action_groups"": [""smart_construction_core.group_sc_cap_project_read""]}",smart_construction_core.action_sc_product_labor_deduction_v1,Decoder → Store → Resolver → Runtime → Registry; tree:table [ready]; form:form_structure [structural],列表查询、筛选、详情回读：劳务扣款明细,按当前后端契约逐项验证允许的创建/编辑/动作；未核实前不承诺可写,passed,artifacts/frontend-business-entry-matrix/daily-f4279416-matrix/summary.json#smart_construction_core.menu_sc_product_labor_deduction_v1（served f4279416/sc_demo；呈现 table、声明 empty、渲染记录 0；负例不可构造（声明组含基线能力 group_sc_cap_project_read，全部受测夹具角色均持有，属角色模型结构事实）；权威计数 visible_as_role=0/total_rows=0（真实空态））,G-F3-01 已收口（只读入口按声明空态）：空态按声明组件渲染并附权威计数证据；无记录故详情回读未执行——按声明空态记 observation、非缺陷、未放宽断言 已收口（只读入口按声明空态）：空态按声明组件渲染并附权威计数证据；无记录故详情回读未执行——按声明空态记 observation、非缺陷、未放宽断言
smart_construction_core.menu_sc_material_inbound,材料入库,项目中心,sc.material.inbound,本轮验收,F3,"{""semantics"": ""all_restricted_layers_must_match_one_group"", ""menu_chain"": [{""menu_xmlid"": ""smart_construction_core.menu_sc_root"", ""groups"": []}, {""menu_xmlid"": ""smart_construction_core.menu_sc_project_center"", ""groups"": [""smart_construction_core.group_sc_cap_project_read""]}, {""menu_xmlid"": ""smart_construction_core.menu_sc_material_center"", ""groups"": [""smart_construction_core.group_sc_cap_project_read""]}, {""menu_xmlid"": ""smart_construction_core.menu_sc_material_inbound"", ""groups"": [""smart_construction_core.group_sc_cap_material_manager"", ""smart_construction_core.group_sc_cap_material_read"", ""smart_construction_core.group_sc_cap_material_user""]}], ""action_groups"": [""smart_construction_core.group_sc_cap_material_manager"", ""smart_construction_core.group_sc_cap_material_read"", ""smart_construction_core.group_sc_cap_material_user""]}",smart_construction_core.action_sc_material_inbound_handling,Decoder → Store → Resolver → Runtime → Registry; tree:table [ready]; form:form_structure [structural],列表查询、筛选、详情回读：材料入库,按当前后端契约逐项验证允许的创建/编辑/动作；未核实前不承诺可写,passed,artifacts/frontend-business-entry-matrix/daily-f4279416-matrix/summary.json#smart_construction_core.menu_sc_material_inbound（served f4279416/sc_demo；呈现 table、声明 empty、渲染记录 0；作用域边界：受测角色可见 0、全库 13584 行且归属公司1（受测公司作用域排除），非产品零数据）,G-F3-01 已收口（只读入口按声明空态）：空态按声明组件渲染并附权威计数证据；无记录故详情回读未执行——按声明空态记 observation、非缺陷、未放宽断言 已收口（只读入口按声明空态）：空态按声明组件渲染并附权威计数证据；无记录故详情回读未执行——按声明空态记 observation、非缺陷、未放宽断言
smart_construction_core.menu_sc_material_outbound,材料出库,项目中心,sc.material.outbound,本轮验收,F3,"{""semantics"": ""all_restricted_layers_must_match_one_group"", ""menu_chain"": [{""menu_xmlid"": ""smart_construction_core.menu_sc_root"", ""groups"": []}, {""menu_xmlid"": ""smart_construction_core.menu_sc_project_center"", ""groups"": [""smart_construction_core.group_sc_cap_project_read""]}, {""menu_xmlid"": ""smart_construction_core.menu_sc_material_center"", ""groups"": [""smart_construction_core.group_sc_cap_project_read""]}, {""menu_xmlid"": ""smart_construction_core.menu_sc_material_outbound"", ""groups"": [""smart_construction_core.group_sc_cap_material_manager"", ""smart_construction_core.group_sc_cap_material_read"", ""smart_construction_core.group_sc_cap_material_user""]}], ""action_groups"": [""smart_construction_core.group_sc_cap_material_manager"", ""smart_construction_core.group_sc_cap_material_read"", ""smart_construction_core.group_sc_cap_material_user""]}",smart_construction_core.action_sc_material_outbound,Decoder → Store → Resolver → Runtime → Registry; tree:table [ready]; form:form_structure [structural],列表查询、筛选、详情回读：材料出库,按当前后端契约逐项验证允许的创建/编辑/动作；未核实前不承诺可写,passed,artifacts/frontend-business-entry-matrix/daily-f4279416-matrix/summary.json#smart_construction_core.menu_sc_material_outbound（served f4279416/sc_demo；呈现 table、声明 empty、渲染记录 0；权威计数 visible_as_role=0/total_rows=0（真实空态））,G-F3-01 已收口（只读入口按声明空态）：空态按声明组件渲染并附权威计数证据；无记录故详情回读未执行——按声明空态记 observation、非缺陷、未放宽断言 已收口（只读入口按声明空态）：空态按声明组件渲染并附权威计数证据；无记录故详情回读未执行——按声明空态记 observation、非缺陷、未放宽断言
smart_construction_core.menu_sc_product_material_return_v1,材料退货,项目中心,sc.material.supplier.return,本轮验收,F3,"{""semantics"": ""all_restricted_layers_must_match_one_group"", ""menu_chain"": [{""menu_xmlid"": ""smart_construction_core.menu_sc_root"", ""groups"": []}, {""menu_xmlid"": ""smart_construction_core.menu_sc_project_center"", ""groups"": [""smart_construction_core.group_sc_cap_project_read""]}, {""menu_xmlid"": ""smart_construction_core.menu_sc_material_center"", ""groups"": [""smart_construction_core.group_sc_cap_project_read""]}, {""menu_xmlid"": ""smart_construction_core.menu_sc_product_material_return_v1"", ""groups"": [""smart_construction_core.group_sc_cap_material_read""]}], ""action_groups"": [""smart_construction_core.group_sc_cap_material_read""]}",smart_construction_core.action_sc_material_supplier_return,Decoder → Store → Resolver → Runtime → Registry; tree:table [ready]; form:form_structure [structural],列表查询、筛选、详情回读：材料退货,按当前后端契约逐项验证允许的创建/编辑/动作；未核实前不承诺可写,passed,artifacts/frontend-business-entry-matrix/daily-f4279416-matrix/summary.json#smart_construction_core.menu_sc_product_material_return_v1（served f4279416/sc_demo；呈现 table、声明 empty、渲染记录 0；权威计数 visible_as_role=0/total_rows=0（真实空态））,G-F3-01 已收口（只读入口按声明空态）：空态按声明组件渲染并附权威计数证据；无记录故详情回读未执行——按声明空态记 observation、非缺陷、未放宽断言 已收口（只读入口按声明空态）：空态按声明组件渲染并附权威计数证据；无记录故详情回读未执行——按声明空态记 observation、非缺陷、未放宽断言
smart_construction_core.menu_sc_product_equipment_shift_v1,机械台班登记,项目中心,sc.equipment.usage,本轮验收,F3,"{""semantics"": ""all_restricted_layers_must_match_one_group"", ""menu_chain"": [{""menu_xmlid"": ""smart_construction_core.menu_sc_root"", ""groups"": []}, {""menu_xmlid"": ""smart_construction_core.menu_sc_project_center"", ""groups"": [""smart_construction_core.group_sc_cap_project_read""]}, {""menu_xmlid"": ""smart_construction_core.menu_sc_product_equipment_cost_group_v1"", ""groups"": [""smart_construction_core.group_sc_cap_project_read""]}, {""menu_xmlid"": ""smart_construction_core.menu_sc_product_equipment_shift_v1"", ""groups"": [""smart_construction_core.group_sc_cap_project_read""]}], ""action_groups"": [""smart_construction_core.group_sc_cap_project_read""]}",smart_construction_core.action_sc_equipment_usage,Decoder → Store → Resolver → Runtime → Registry; tree:table [ready]; form:form_structure [structural],列表查询、筛选、详情回读：机械台班登记,按当前后端契约逐项验证允许的创建/编辑/动作；未核实前不承诺可写,passed,artifacts/frontend-business-entry-matrix/daily-f4279416-matrix/summary.json#smart_construction_core.menu_sc_product_equipment_shift_v1（served f4279416/sc_demo；呈现 table、声明 empty、渲染记录 0；负例不可构造（声明组含基线能力 group_sc_cap_project_read，全部受测夹具角色均持有，属角色模型结构事实）；作用域边界：受测角色可见 0、全库 17502 行且归属公司1（受测公司作用域排除），非产品零数据）,G-F3-01 已收口（只读入口按声明空态）：空态按声明组件渲染并附权威计数证据；无记录故详情回读未执行——按声明空态记 observation、非缺陷、未放宽断言 已收口（只读入口按声明空态）：空态按声明组件渲染并附权威计数证据；无记录故详情回读未执行——按声明空态记 observation、非缺陷、未放宽断言
smart_construction_core.menu_sc_product_subcontract_cost_v1,分包成本登记,项目中心,sc.subcontract.register,本轮验收,F3,"{""semantics"": ""all_restricted_layers_must_match_one_group"", ""menu_chain"": [{""menu_xmlid"": ""smart_construction_core.menu_sc_root"", ""groups"": []}, {""menu_xmlid"": ""smart_construction_core.menu_sc_project_center"", ""groups"": [""smart_construction_core.group_sc_cap_project_read""]}, {""menu_xmlid"": ""smart_construction_core.menu_sc_product_subcontract_cost_group_v1"", ""groups"": [""smart_construction_core.group_sc_cap_project_read""]}, {""menu_xmlid"": ""smart_construction_core.menu_sc_product_subcontract_cost_v1"", ""groups"": [""smart_construction_core.group_sc_cap_project_read""]}], ""action_groups"": [""smart_construction_core.group_sc_cap_project_read""]}",smart_construction_core.action_sc_subcontract_register,Decoder → Store → Resolver → Runtime → Registry; tree:table [ready]; form:form_structure [structural],列表查询、筛选、详情回读：分包成本登记,按当前后端契约逐项验证允许的创建/编辑/动作；未核实前不承诺可写,passed,artifacts/frontend-business-entry-matrix/daily-f4279416-matrix/summary.json#smart_construction_core.menu_sc_product_subcontract_cost_v1（served f4279416/sc_demo；呈现 table、声明 empty、渲染记录 0；负例不可构造（声明组含基线能力 group_sc_cap_project_read，全部受测夹具角色均持有，属角色模型结构事实）；权威计数 visible_as_role=0/total_rows=0（真实空态））,G-F3-01 已收口（只读入口按声明空态）：空态按声明组件渲染并附权威计数证据；无记录故详情回读未执行——按声明空态记 observation、非缺陷、未放宽断言 已收口（只读入口按声明空态）：空态按声明组件渲染并附权威计数证据；无记录故详情回读未执行——按声明空态记 observation、非缺陷、未放宽断言
smart_construction_core.menu_sc_product_subcontract_variation_v1,分包签证费用,项目中心,sc.site.variation,本轮验收,F3,"{""semantics"": ""all_restricted_layers_must_match_one_group"", ""menu_chain"": [{""menu_xmlid"": ""smart_construction_core.menu_sc_root"", ""groups"": []}, {""menu_xmlid"": ""smart_construction_core.menu_sc_project_center"", ""groups"": [""smart_construction_core.group_sc_cap_project_read""]}, {""menu_xmlid"": ""smart_construction_core.menu_sc_product_subcontract_cost_group_v1"", ""groups"": [""smart_construction_core.group_sc_cap_project_read""]}, {""menu_xmlid"": ""smart_construction_core.menu_sc_product_subcontract_variation_v1"", ""groups"": [""smart_construction_core.group_sc_cap_project_read""]}], ""action_groups"": [""smart_construction_core.group_sc_cap_project_read""]}",smart_construction_core.action_sc_product_subcontract_variation_v1,Decoder → Store → Resolver → Runtime → Registry; tree:table [ready]; form:form_structure [structural],列表查询、筛选、详情回读：分包签证费用,按当前后端契约逐项验证允许的创建/编辑/动作；未核实前不承诺可写,passed,artifacts/frontend-business-entry-matrix/daily-f4279416-matrix/summary.json#smart_construction_core.menu_sc_product_subcontract_variation_v1（served f4279416/sc_demo；呈现 table、声明 empty、渲染记录 0；负例不可构造（声明组含基线能力 group_sc_cap_project_read，全部受测夹具角色均持有，属角色模型结构事实）；权威计数 visible_as_role=0/total_rows=0（真实空态））,G-F3-01 已收口（只读入口按声明空态）：空态按声明组件渲染并附权威计数证据；无记录故详情回读未执行——按声明空态记 observation、非缺陷、未放宽断言 已收口（只读入口按声明空态）：空态按声明组件渲染并附权威计数证据；无记录故详情回读未执行——按声明空态记 observation、非缺陷、未放宽断言
smart_construction_core.menu_sc_product_project_payroll_v1,薪资核算清单,项目中心,sc.hr.payroll.document,本轮验收,F3,"{""semantics"": ""all_restricted_layers_must_match_one_group"", ""menu_chain"": [{""menu_xmlid"": ""smart_construction_core.menu_sc_root"", ""groups"": []}, {""menu_xmlid"": ""smart_construction_core.menu_sc_project_center"", ""groups"": [""smart_construction_core.group_sc_cap_project_read""]}, {""menu_xmlid"": ""smart_construction_core.menu_sc_product_project_payroll_group_v1"", ""groups"": [""smart_construction_core.group_sc_cap_project_read""]}, {""menu_xmlid"": ""smart_construction_core.menu_sc_product_project_payroll_v1"", ""groups"": [""smart_construction_core.group_sc_cap_project_manager"", ""smart_construction_core.group_sc_cap_project_user""]}], ""action_groups"": [""smart_construction_core.group_sc_cap_project_manager"", ""smart_construction_core.group_sc_cap_project_user""]}",smart_construction_core.action_sc_product_project_payroll_v1,Decoder → Store → Resolver → Runtime → Registry; tree:table [ready]; form:form_structure [structural],列表查询、筛选、详情回读：薪资核算清单,按当前后端契约逐项验证允许的创建/编辑/动作；未核实前不承诺可写,passed,artifacts/frontend-business-entry-matrix/daily-f4279416-matrix/summary.json#smart_construction_core.menu_sc_product_project_payroll_v1（served f4279416/sc_demo；呈现 table、声明 empty、渲染记录 0；作用域边界：受测角色可见 0、全库 10966 行且归属公司1（受测公司作用域排除），非产品零数据）,G-F3-01 已收口（只读入口按声明空态）：空态按声明组件渲染并附权威计数证据；无记录故详情回读未执行——按声明空态记 observation、非缺陷、未放宽断言 已收口（只读入口按声明空态）：空态按声明组件渲染并附权威计数证据；无记录故详情回读未执行——按声明空态记 observation、非缺陷、未放宽断言
smart_construction_core.menu_sc_product_project_salary_payment_v1,薪资发放登记,项目中心,sc.hr.salary.payment,本轮验收,F3,"{""semantics"": ""all_restricted_layers_must_match_one_group"", ""menu_chain"": [{""menu_xmlid"": ""smart_construction_core.menu_sc_root"", ""groups"": []}, {""menu_xmlid"": ""smart_construction_core.menu_sc_project_center"", ""groups"": [""smart_construction_core.group_sc_cap_project_read""]}, {""menu_xmlid"": ""smart_construction_core.menu_sc_product_project_payroll_group_v1"", ""groups"": [""smart_construction_core.group_sc_cap_project_read""]}, {""menu_xmlid"": ""smart_construction_core.menu_sc_product_project_salary_payment_v1"", ""groups"": [""smart_construction_core.group_sc_cap_project_manager""]}], ""action_groups"": [""smart_construction_core.group_sc_cap_project_manager""]}",smart_construction_core.action_sc_product_project_salary_payment_v1,Decoder → Store → Resolver → Runtime → Registry; tree:table [ready]; form:form_structure [structural],列表查询、筛选、详情回读：薪资发放登记,按当前后端契约逐项验证允许的创建/编辑/动作；未核实前不承诺可写,passed,artifacts/frontend-business-entry-matrix/daily-f4279416-matrix/summary.json#smart_construction_core.menu_sc_product_project_salary_payment_v1（served f4279416/sc_demo；呈现 table、声明 empty、渲染记录 0；权威计数 visible_as_role=0/total_rows=0（真实空态））,G-F3-01 已收口（只读入口按声明空态）：空态按声明组件渲染并附权威计数证据；无记录故详情回读未执行——按声明空态记 observation、非缺陷、未放宽断言 已收口（只读入口按声明空态）：空态按声明组件渲染并附权威计数证据；无记录故详情回读未执行——按声明空态记 observation、非缺陷、未放宽断言
smart_construction_core.menu_sc_product_team_loan_deduction_v1,班组借/扣款登记,项目中心,sc.team.loan.deduction.workspace,本轮验收,F3,"{""semantics"": ""all_restricted_layers_must_match_one_group"", ""menu_chain"": [{""menu_xmlid"": ""smart_construction_core.menu_sc_root"", ""groups"": []}, {""menu_xmlid"": ""smart_construction_core.menu_sc_project_center"", ""groups"": [""smart_construction_core.group_sc_cap_project_read""]}, {""menu_xmlid"": ""smart_construction_core.menu_sc_product_team_loan_group_v1"", ""groups"": [""smart_construction_core.group_sc_cap_project_read""]}, {""menu_xmlid"": ""smart_construction_core.menu_sc_product_team_loan_deduction_v1"", ""groups"": [""smart_construction_core.group_sc_cap_project_manager"", ""smart_construction_core.group_sc_cap_project_user""]}], ""action_groups"": [""smart_construction_core.group_sc_cap_project_manager"", ""smart_construction_core.group_sc_cap_project_user""]}",smart_construction_core.action_sc_product_team_loan_deduction_v1,Decoder → Store → Resolver → Runtime → Registry; form:form_structure [structural],核对表单默认值、关系选择及当前记录回读；入口不宣称提供独立列表：班组借/扣款登记,按当前后端契约逐项验证允许的创建/编辑/动作；未核实前不承诺可写,passed,artifacts/frontend-business-entry-matrix/daily-f4279416-matrix/summary.json#smart_construction_core.menu_sc_product_team_loan_deduction_v1（served f4279416/sc_demo；呈现 form、声明 ok、渲染记录 0）,G-F3-01 已收口：列表查询/筛选/详情回读按声明面逐项验证，明细公司归属与工作流动作取自 ui.contract.v2 信封 已收口：列表查询/筛选/详情回读按声明面逐项验证，明细公司归属与工作流动作取自 ui.contract.v2 信封
smart_construction_core.menu_sc_p1_income_contract,收入合同,合同中心,construction.contract.income,本轮验收,F3,"{""semantics"": ""all_restricted_layers_must_match_one_group"", ""menu_chain"": [{""menu_xmlid"": ""smart_construction_core.menu_sc_root"", ""groups"": []}, {""menu_xmlid"": ""smart_construction_core.menu_sc_contract_center"", ""groups"": [""smart_construction_core.group_sc_cap_business_initiator"", ""smart_construction_core.group_sc_cap_contract_manager"", ""smart_construction_core.group_sc_cap_contract_read"", ""smart_construction_core.group_sc_cap_contract_user"", ""smart_construction_core.group_sc_cap_purchase_manager""]}, {""menu_xmlid"": ""smart_construction_core.menu_sc_p1_income_contract"", ""groups"": [""smart_construction_core.group_sc_cap_contract_read""]}], ""action_groups"": [""smart_construction_core.group_sc_cap_contract_manager"", ""smart_construction_core.group_sc_cap_contract_read"", ""smart_construction_core.group_sc_cap_contract_user""]}",smart_construction_core.action_construction_contract_income,Decoder → Store → Resolver → Runtime → Registry; tree:hierarchical_worksheet [ready]; form:form_structure [structural],列表查询、筛选、详情回读：收入合同,按当前后端契约逐项验证允许的创建/编辑/动作；未核实前不承诺可写,passed,"artifacts/frontend-business-entry-matrix/daily-f4279416-matrix/summary.json#smart_construction_core.menu_sc_p1_income_contract（served f4279416/sc_demo；呈现 hierarchical、声明 ready、渲染记录 1；负例 fixture_role_finance 0 泄漏（能力闭包取运行态登录信封 principal.role_xmlids）；详情回读 record_id=2405 公司=None 动作=['submit', 'cancel']）",G-F3-01 已收口：列表查询/筛选/详情回读按声明面逐项验证，明细公司归属与工作流动作取自 ui.contract.v2 信封 已收口：列表查询/筛选/详情回读按声明面逐项验证，明细公司归属与工作流动作取自 ui.contract.v2 信封
smart_construction_core.menu_sc_p1_expense_contract,支出合同,合同中心,construction.contract.expense,本轮验收,F3,"{""semantics"": ""all_restricted_layers_must_match_one_group"", ""menu_chain"": [{""menu_xmlid"": ""smart_construction_core.menu_sc_root"", ""groups"": []}, {""menu_xmlid"": ""smart_construction_core.menu_sc_contract_center"", ""groups"": [""smart_construction_core.group_sc_cap_business_initiator"", ""smart_construction_core.group_sc_cap_contract_manager"", ""smart_construction_core.group_sc_cap_contract_read"", ""smart_construction_core.group_sc_cap_contract_user"", ""smart_construction_core.group_sc_cap_purchase_manager""]}, {""menu_xmlid"": ""smart_construction_core.menu_sc_p1_expense_contract"", ""groups"": [""smart_construction_core.group_sc_cap_contract_read""]}], ""action_groups"": [""smart_construction_core.group_sc_cap_contract_manager"", ""smart_construction_core.group_sc_cap_contract_read"", ""smart_construction_core.group_sc_cap_contract_user""]}",smart_construction_core.action_construction_contract_expense,Decoder → Store → Resolver → Runtime → Registry; tree:hierarchical_worksheet [ready]; form:form_structure [structural],列表查询、筛选、详情回读：支出合同,按当前后端契约逐项验证允许的创建/编辑/动作；未核实前不承诺可写,passed,"artifacts/frontend-business-entry-matrix/daily-f4279416-matrix/summary.json#smart_construction_core.menu_sc_p1_expense_contract（served f4279416/sc_demo；呈现 hierarchical、声明 ready、渲染记录 3；负例 fixture_role_finance 0 泄漏（能力闭包取运行态登录信封 principal.role_xmlids）；详情回读 record_id=11240 公司=None 动作=['submit', 'cancel']）",G-F3-01 已收口：列表查询/筛选/详情回读按声明面逐项验证，明细公司归属与工作流动作取自 ui.contract.v2 信封 已收口：列表查询/筛选/详情回读按声明面逐项验证，明细公司归属与工作流动作取自 ui.contract.v2 信封
smart_construction_core.menu_sc_p1_contract_change,合同变更,合同中心,sc.contract.change,本轮验收,F3,"{""semantics"": ""all_restricted_layers_must_match_one_group"", ""menu_chain"": [{""menu_xmlid"": ""smart_construction_core.menu_sc_root"", ""groups"": []}, {""menu_xmlid"": ""smart_construction_core.menu_sc_contract_center"", ""groups"": [""smart_construction_core.group_sc_cap_business_initiator"", ""smart_construction_core.group_sc_cap_contract_manager"", ""smart_construction_core.group_sc_cap_contract_read"", ""smart_construction_core.group_sc_cap_contract_user"", ""smart_construction_core.group_sc_cap_purchase_manager""]}, {""menu_xmlid"": ""smart_construction_core.menu_sc_p1_contract_change"", ""groups"": [""smart_construction_core.group_sc_cap_contract_read""]}], ""action_groups"": [""smart_construction_core.group_sc_cap_contract_read""]}",smart_construction_core.action_sc_contract_change,Decoder → Store → Resolver → Runtime → Registry; tree:table [ready]; form:form_structure [structural],列表查询、筛选、详情回读：合同变更,按当前后端契约逐项验证允许的创建/编辑/动作；未核实前不承诺可写,passed,artifacts/frontend-business-entry-matrix/daily-f4279416-matrix/summary.json#smart_construction_core.menu_sc_p1_contract_change（served f4279416/sc_demo；呈现 table、声明 empty、渲染记录 0；负例 fixture_role_finance 0 泄漏（能力闭包取运行态登录信封 principal.role_xmlids）；权威计数 visible_as_role=0/total_rows=0（真实空态））,G-F3-01 已收口（只读入口按声明空态）：空态按声明组件渲染并附权威计数证据；无记录故详情回读未执行——按声明空态记 observation、非缺陷、未放宽断言 已收口（只读入口按声明空态）：空态按声明组件渲染并附权威计数证据；无记录故详情回读未执行——按声明空态记 observation、非缺陷、未放宽断言
smart_construction_core.menu_sc_p1_daily_contract,日常合同,合同中心,sc.general.contract,本轮验收,F3,"{""semantics"": ""all_restricted_layers_must_match_one_group"", ""menu_chain"": [{""menu_xmlid"": ""smart_construction_core.menu_sc_root"", ""groups"": []}, {""menu_xmlid"": ""smart_construction_core.menu_sc_contract_center"", ""groups"": [""smart_construction_core.group_sc_cap_business_initiator"", ""smart_construction_core.group_sc_cap_contract_manager"", ""smart_construction_core.group_sc_cap_contract_read"", ""smart_construction_core.group_sc_cap_contract_user"", ""smart_construction_core.group_sc_cap_purchase_manager""]}, {""menu_xmlid"": ""smart_construction_core.menu_sc_p1_daily_contract"", ""groups"": [""smart_construction_core.group_sc_cap_business_initiator"", ""smart_construction_core.group_sc_cap_contract_manager"", ""smart_construction_core.group_sc_cap_contract_read"", ""smart_construction_core.group_sc_cap_contract_user""]}], ""action_groups"": [""smart_construction_core.group_sc_cap_business_initiator"", ""smart_construction_core.group_sc_cap_contract_manager"", ""smart_construction_core.group_sc_cap_contract_read"", ""smart_construction_core.group_sc_cap_contract_user""]}",smart_construction_core.action_sc_general_contract,Decoder → Store → Resolver → Runtime → Registry; tree:table [ready]; form:form_structure [structural],列表查询、筛选、详情回读：日常合同,按当前后端契约逐项验证允许的创建/编辑/动作；未核实前不承诺可写,passed,scripts/verify/baselines/formal_business_product_menu_policy_v1.json; docs/frontend_productization/domain-rollout/systemwide-coverage-audit-v1.json#smart_construction_core.menu_sc_p1_daily_contract; artifacts/frontend-web-fix-20260928/tpl02/README.md#FE-TPL-02（候选 feature/web-official-template-adoption：官方标准表单组合按模型复用；角色 fixture_role_contract_operator；新建表单 official=4/legacy=0、已有草稿 official=31/legacy=0/editable=23、非草稿只读 official=13/legacy=0/editable=0；必填拒绝当次 0 写入且草稿保留；纠正保存→创建 draft GC2600015→改金额→刷新回读一致；1440×900 与 390×844 无横向溢出；删除需能力角色 config_admin。原始日志 tpl02/TPL02-20260928132220-journey.json）; artifacts/frontend-business-entry-general-contract/daily-f7b7c2ee/summary.json（受管日常开发服务器 sc_demo，served f7b7c2ee；契约驱动：消费运行时 ui.contract.v2 workflowContract.availableActions/rawState/stateField；声明阶梯 submit→confirmed(action_confirm)、complete→signed(action_signed)、终态零动作；本入口列表查询/筛选/分页与详情返回上下文；授权负例 fixture_role_finance 被拒 NAVIGATION_AUTHORITY_DENIED；授权角色 fixture_role_config_admin 可达并走完，0 problems / 0 console_errors）,本轮闭环：声明流转动作（submit→confirmed、complete→signed，终态 signed 零动作）、本入口列表查询/筛选/分页/详情返回上下文、授权边界（fixture_role_config_admin 可达并走完声明阶梯；fixture_role_finance 无声明组，被导航授权拒绝为 NAVIGATION_AUTHORITY_DENIED）均经真实产品入口核实。运行时契约事实（非缺陷）：FE Company A(21) 无 sc.general.contract 生效审批策略（daily 的 general_contract_approval 为 company_id=1 且 mode=none/required=False），故本入口声明机器无审批档位，submit 直达 confirmed。分页经声明语义面核实（mode=paged、state=ready、region_label、共 3 条、rows=3），交互换页在本数据集不可用并已显式记录（页脚无公共页控件、列表路由不接受 page/page-size 查询）。残留（不在本行收口口径内，由后续批次按同一矩阵口径补足）：页面级附件上传/下载旅程、超出既有两个角色的完整权限矩阵、可交互换页。同 action 的 menu_sc_general_contract（菜单 353）非矩阵行，仅结构探测。
smart_construction_core.menu_sc_product_general_contract_settlement_v1,日常合同结算,合同中心,sc.settlement.order,本轮验收,F3,"{""semantics"": ""all_restricted_layers_must_match_one_group"", ""menu_chain"": [{""menu_xmlid"": ""smart_construction_core.menu_sc_root"", ""groups"": []}, {""menu_xmlid"": ""smart_construction_core.menu_sc_contract_center"", ""groups"": [""smart_construction_core.group_sc_cap_business_initiator"", ""smart_construction_core.group_sc_cap_contract_manager"", ""smart_construction_core.group_sc_cap_contract_read"", ""smart_construction_core.group_sc_cap_contract_user"", ""smart_construction_core.group_sc_cap_purchase_manager""]}, {""menu_xmlid"": ""smart_construction_core.menu_sc_product_general_contract_settlement_v1"", ""groups"": [""smart_construction_core.group_sc_cap_contract_manager"", ""smart_construction_core.group_sc_cap_contract_user""]}], ""action_groups"": [""smart_construction_core.group_sc_cap_contract_manager"", ""smart_construction_core.group_sc_cap_contract_user""]}",smart_construction_core.action_sc_product_general_contract_settlement_v1,Decoder → Store → Resolver → Runtime → Registry; tree:table [ready]; form:form_structure [structural],列表查询、筛选、详情回读：日常合同结算,按当前后端契约逐项验证允许的创建/编辑/动作；未核实前不承诺可写,passed,artifacts/frontend-business-entry-matrix/daily-f4279416-matrix/summary.json#smart_construction_core.menu_sc_product_general_contract_settlement_v1（served f4279416/sc_demo；呈现 table、声明 empty、渲染记录 0；负例 fixture_role_finance 0 泄漏（能力闭包取运行态登录信封 principal.role_xmlids）；作用域边界：受测角色可见 0、全库 3423 行且归属公司1（受测公司作用域排除），非产品零数据）,G-F3-01 已收口（只读入口按声明空态）：空态按声明组件渲染并附权威计数证据；无记录故详情回读未执行——按声明空态记 observation、非缺陷、未放宽断言 已收口（只读入口按声明空态）：空态按声明组件渲染并附权威计数证据；无记录故详情回读未执行——按声明空态记 observation、非缺陷、未放宽断言
smart_construction_core.menu_sc_p1_income_settlement,收入结算,合同中心,sc.settlement.order,本轮验收,F3,"{""semantics"": ""all_restricted_layers_must_match_one_group"", ""menu_chain"": [{""menu_xmlid"": ""smart_construction_core.menu_sc_root"", ""groups"": []}, {""menu_xmlid"": ""smart_construction_core.menu_sc_contract_center"", ""groups"": [""smart_construction_core.group_sc_cap_business_initiator"", ""smart_construction_core.group_sc_cap_contract_manager"", ""smart_construction_core.group_sc_cap_contract_read"", ""smart_construction_core.group_sc_cap_contract_user"", ""smart_construction_core.group_sc_cap_purchase_manager""]}, {""menu_xmlid"": ""smart_construction_core.menu_sc_p1_income_settlement"", ""groups"": [""smart_construction_core.group_sc_cap_settlement_read""]}], ""action_groups"": [""smart_construction_core.group_sc_cap_settlement_read""]}",smart_construction_core.action_sc_settlement_order_income,Decoder → Store → Resolver → Runtime → Registry; tree:hierarchical_worksheet [ready]; form:form_structure [structural],列表查询、筛选、详情回读：收入结算,按当前后端契约逐项验证允许的创建/编辑/动作；未核实前不承诺可写,passed,artifacts/frontend-business-entry-matrix/daily-f4279416-matrix/summary.json#smart_construction_core.menu_sc_p1_income_settlement（served f4279416/sc_demo；呈现 hierarchical、声明 empty、渲染记录 0；负例 fixture_role_finance 0 泄漏（能力闭包取运行态登录信封 principal.role_xmlids）；作用域边界：受测角色可见 0、全库 3423 行且归属公司1（受测公司作用域排除），非产品零数据）,G-F3-01 已收口（只读入口按声明空态）：空态按声明组件渲染并附权威计数证据；无记录故详情回读未执行——按声明空态记 observation、非缺陷、未放宽断言 已收口（只读入口按声明空态）：空态按声明组件渲染并附权威计数证据；无记录故详情回读未执行——按声明空态记 observation、非缺陷、未放宽断言
smart_construction_core.menu_sc_p1_expense_settlement,支出结算,合同中心,sc.settlement.order,本轮验收,F3,"{""semantics"": ""all_restricted_layers_must_match_one_group"", ""menu_chain"": [{""menu_xmlid"": ""smart_construction_core.menu_sc_root"", ""groups"": []}, {""menu_xmlid"": ""smart_construction_core.menu_sc_contract_center"", ""groups"": [""smart_construction_core.group_sc_cap_business_initiator"", ""smart_construction_core.group_sc_cap_contract_manager"", ""smart_construction_core.group_sc_cap_contract_read"", ""smart_construction_core.group_sc_cap_contract_user"", ""smart_construction_core.group_sc_cap_purchase_manager""]}, {""menu_xmlid"": ""smart_construction_core.menu_sc_p1_expense_settlement"", ""groups"": [""smart_construction_core.group_sc_cap_settlement_read""]}], ""action_groups"": [""smart_construction_core.group_sc_cap_settlement_read""]}",smart_construction_core.action_sc_settlement_order_expense,Decoder → Store → Resolver → Runtime → Registry; tree:hierarchical_worksheet [ready]; form:form_structure [structural],列表查询、筛选、详情回读：支出结算,按当前后端契约逐项验证允许的创建/编辑/动作；未核实前不承诺可写,passed,"artifacts/frontend-business-entry-matrix/daily-f4279416-matrix/summary.json#smart_construction_core.menu_sc_p1_expense_settlement（served f4279416/sc_demo；呈现 hierarchical、声明 ready、渲染记录 6；负例 fixture_role_finance 0 泄漏（能力闭包取运行态登录信封 principal.role_xmlids）；详情回读 record_id=3630 公司=None 动作=['complete', 'cancel']）",G-F3-01 已收口：列表查询/筛选/详情回读按声明面逐项验证，明细公司归属与工作流动作取自 ui.contract.v2 信封 已收口：列表查询/筛选/详情回读按声明面逐项验证，明细公司归属与工作流动作取自 ui.contract.v2 信封
smart_construction_core.menu_sc_p1_project_budget,项目预算,成本中心,project.cost.plan,本轮验收,F3,"{""semantics"": ""all_restricted_layers_must_match_one_group"", ""menu_chain"": [{""menu_xmlid"": ""smart_construction_core.menu_sc_root"", ""groups"": []}, {""menu_xmlid"": ""smart_construction_core.menu_sc_cost_center"", ""groups"": []}, {""menu_xmlid"": ""smart_construction_core.menu_sc_p1_project_budget"", ""groups"": [""smart_construction_core.group_sc_cap_cost_manager"", ""smart_construction_core.group_sc_cap_cost_user""]}], ""action_groups"": [""smart_construction_core.group_sc_cap_cost_manager"", ""smart_construction_core.group_sc_cap_cost_read"", ""smart_construction_core.group_sc_cap_cost_user""]}",smart_construction_core.action_project_budget,Decoder → Store → Resolver → Runtime → Registry; tree:table [ready]; form:form_structure [structural],列表查询、筛选、详情回读：项目预算,按当前后端契约逐项验证允许的创建/编辑/动作；未核实前不承诺可写,passed,artifacts/frontend-business-entry-matrix/daily-f4279416-matrix/summary.json#smart_construction_core.menu_sc_p1_project_budget（served f4279416/sc_demo；呈现 table、声明 empty、渲染记录 0；负例 fixture_role_project_a_member 0 泄漏（能力闭包取运行态登录信封 principal.role_xmlids）；权威计数 visible_as_role=0/total_rows=0（真实空态））,G-F3-01 已收口（只读入口按声明空态）：空态按声明组件渲染并附权威计数证据；无记录故详情回读未执行——按声明空态记 observation、非缺陷、未放宽断言 已收口（只读入口按声明空态）：空态按声明组件渲染并附权威计数证据；无记录故详情回读未执行——按声明空态记 observation、非缺陷、未放宽断言
smart_construction_core.menu_sc_p1_cost_plan,成本计划编制,成本中心,project.cost.plan,本轮验收,F3,"{""semantics"": ""all_restricted_layers_must_match_one_group"", ""menu_chain"": [{""menu_xmlid"": ""smart_construction_core.menu_sc_root"", ""groups"": []}, {""menu_xmlid"": ""smart_construction_core.menu_sc_cost_center"", ""groups"": []}, {""menu_xmlid"": ""smart_construction_core.menu_sc_p1_cost_plan"", ""groups"": [""smart_construction_core.group_sc_cap_cost_manager"", ""smart_construction_core.group_sc_cap_cost_user""]}], ""action_groups"": [""smart_construction_core.group_sc_cap_cost_read""]}",smart_construction_core.action_project_cost_plan,Decoder → Store → Resolver → Runtime → Registry; tree:table [ready]; form:form_structure [structural],列表查询、筛选、详情回读：成本计划编制,按当前后端契约逐项验证允许的创建/编辑/动作；未核实前不承诺可写,passed,artifacts/frontend-business-entry-matrix/daily-f4279416-matrix/summary.json#smart_construction_core.menu_sc_p1_cost_plan（served f4279416/sc_demo；呈现 table、声明 empty、渲染记录 0；负例 fixture_role_project_a_member 0 泄漏（能力闭包取运行态登录信封 principal.role_xmlids）；权威计数 visible_as_role=0/total_rows=0（真实空态））,G-F3-01 已收口（只读入口按声明空态）：空态按声明组件渲染并附权威计数证据；无记录故详情回读未执行——按声明空态记 observation、非缺陷、未放宽断言 已收口（只读入口按声明空态）：空态按声明组件渲染并附权威计数证据；无记录故详情回读未执行——按声明空态记 observation、非缺陷、未放宽断言
smart_construction_core.menu_sc_p1_cost_ledger,成本归集,成本中心,project.cost.ledger,本轮验收,F3,"{""semantics"": ""all_restricted_layers_must_match_one_group"", ""menu_chain"": [{""menu_xmlid"": ""smart_construction_core.menu_sc_root"", ""groups"": []}, {""menu_xmlid"": ""smart_construction_core.menu_sc_cost_center"", ""groups"": []}, {""menu_xmlid"": ""smart_construction_core.menu_sc_p1_cost_ledger"", ""groups"": [""smart_construction_core.group_sc_cap_cost_manager"", ""smart_construction_core.group_sc_cap_cost_user""]}], ""action_groups"": [""smart_construction_core.group_sc_cap_cost_manager"", ""smart_construction_core.group_sc_cap_cost_read"", ""smart_construction_core.group_sc_cap_cost_user""]}",smart_construction_core.action_project_cost_ledger,Decoder → Store → Resolver → Runtime → Registry; tree:table [ready]; form:form_structure [structural]; pivot:pivot [readable_fallback]; graph:graph [readable_fallback],列表查询、筛选、详情回读：成本归集,按当前后端契约逐项验证允许的创建/编辑/动作；未核实前不承诺可写,passed,artifacts/frontend-business-entry-matrix/daily-f4279416-matrix/summary.json#smart_construction_core.menu_sc_p1_cost_ledger（served f4279416/sc_demo；呈现 table、声明 empty、渲染记录 0；负例 fixture_role_project_a_member 0 泄漏（能力闭包取运行态登录信封 principal.role_xmlids）；作用域边界：受测角色可见 0、全库 73070 行且归属公司1（受测公司作用域排除），非产品零数据）,G-F3-01 已收口（只读入口按声明空态）：空态按声明组件渲染并附权威计数证据；无记录故详情回读未执行——按声明空态记 observation、非缺陷、未放宽断言 已收口（只读入口按声明空态）：空态按声明组件渲染并附权威计数证据；无记录故详情回读未执行——按声明空态记 observation、非缺陷、未放宽断言
smart_construction_core.menu_sc_p1_profit_analysis,项目盈亏分析,成本中心,project.profit.compare,本轮验收,F3,"{""semantics"": ""all_restricted_layers_must_match_one_group"", ""menu_chain"": [{""menu_xmlid"": ""smart_construction_core.menu_sc_root"", ""groups"": []}, {""menu_xmlid"": ""smart_construction_core.menu_sc_cost_center"", ""groups"": []}, {""menu_xmlid"": ""smart_construction_core.menu_sc_p1_profit_analysis"", ""groups"": [""smart_construction_core.group_sc_cap_cost_manager"", ""smart_construction_core.group_sc_cap_cost_user""]}], ""action_groups"": [""smart_construction_core.group_sc_cap_cost_manager"", ""smart_construction_core.group_sc_cap_cost_read"", ""smart_construction_core.group_sc_cap_cost_user""]}",smart_construction_core.action_project_profit_compare,Decoder → Store → Resolver → Runtime → Registry; tree:table [ready]; form:form_structure [structural]; pivot:pivot [readable_fallback],列表查询、筛选、详情回读：项目盈亏分析,按当前后端契约逐项验证允许的创建/编辑/动作；未核实前不承诺可写,passed,artifacts/frontend-business-entry-matrix/daily-f4279416-matrix/summary.json#smart_construction_core.menu_sc_p1_profit_analysis（served f4279416/sc_demo；呈现 table、声明 empty、渲染记录 0；负例 fixture_role_project_a_member 0 泄漏（能力闭包取运行态登录信封 principal.role_xmlids）；作用域边界：受测角色可见 0、全库 6 行且归属公司1（受测公司作用域排除），非产品零数据）,G-F3-01 已收口（只读入口按声明空态）：空态按声明组件渲染并附权威计数证据；无记录故详情回读未执行——按声明空态记 observation、非缺陷、未放宽断言 已收口（只读入口按声明空态）：空态按声明组件渲染并附权威计数证据；无记录故详情回读未执行——按声明空态记 observation、非缺陷、未放宽断言
smart_construction_core.menu_sc_receipt_income,收款登记,财务中心,sc.receipt.income,本轮验收,F3,"{""semantics"": ""all_restricted_layers_must_match_one_group"", ""menu_chain"": [{""menu_xmlid"": ""smart_construction_core.menu_sc_root"", ""groups"": []}, {""menu_xmlid"": ""smart_construction_core.menu_sc_finance_center"", ""groups"": [""smart_construction_core.group_sc_cap_business_initiator"", ""smart_construction_core.group_sc_cap_finance_manager"", ""smart_construction_core.group_sc_cap_finance_read"", ""smart_construction_core.group_sc_cap_finance_user"", ""smart_construction_core.group_sc_cap_settlement_manager"", ""smart_construction_core.group_sc_cap_settlement_read"", ""smart_construction_core.group_sc_cap_settlement_user""]}, {""menu_xmlid"": ""smart_construction_core.menu_sc_receipt_income"", ""groups"": [""smart_construction_core.group_sc_cap_business_initiator"", ""smart_construction_core.group_sc_cap_finance_manager"", ""smart_construction_core.group_sc_cap_finance_read"", ""smart_construction_core.group_sc_cap_finance_user""]}], ""action_groups"": [""smart_construction_core.group_sc_cap_business_initiator"", ""smart_construction_core.group_sc_cap_finance_manager"", ""smart_construction_core.group_sc_cap_finance_read"", ""smart_construction_core.group_sc_cap_finance_user""]}",smart_construction_core.action_sc_receipt_income,Decoder → Store → Resolver → Runtime → Registry; tree:table [ready]; form:form_structure [structural],列表查询、筛选、详情回读：收款登记,按当前后端契约逐项验证允许的创建/编辑/动作；未核实前不承诺可写,passed,artifacts/frontend-business-entry-matrix/daily-f4279416-matrix/summary.json#smart_construction_core.menu_sc_receipt_income（served f4279416/sc_demo；呈现 table、声明 empty、渲染记录 0；作用域边界：受测角色可见 0、全库 16689 行且归属公司1（受测公司作用域排除），非产品零数据）,G-F3-01 已收口（只读入口按声明空态）：空态按声明组件渲染并附权威计数证据；无记录故详情回读未执行——按声明空态记 observation、非缺陷、未放宽断言 已收口（只读入口按声明空态）：空态按声明组件渲染并附权威计数证据；无记录故详情回读未执行——按声明空态记 observation、非缺陷、未放宽断言
smart_construction_core.menu_sc_user_payment_apply,付款申请,财务中心,payment.request,本轮验收,F3,"{""semantics"": ""all_restricted_layers_must_match_one_group"", ""menu_chain"": [{""menu_xmlid"": ""smart_construction_core.menu_sc_root"", ""groups"": []}, {""menu_xmlid"": ""smart_construction_core.menu_sc_finance_center"", ""groups"": [""smart_construction_core.group_sc_cap_business_initiator"", ""smart_construction_core.group_sc_cap_finance_manager"", ""smart_construction_core.group_sc_cap_finance_read"", ""smart_construction_core.group_sc_cap_finance_user"", ""smart_construction_core.group_sc_cap_settlement_manager"", ""smart_construction_core.group_sc_cap_settlement_read"", ""smart_construction_core.group_sc_cap_settlement_user""]}, {""menu_xmlid"": ""smart_construction_core.menu_sc_user_payment_apply"", ""groups"": [""smart_construction_core.group_sc_cap_business_initiator"", ""smart_construction_core.group_sc_cap_finance_manager"", ""smart_construction_core.group_sc_cap_finance_read"", ""smart_construction_core.group_sc_cap_finance_user""]}], ""action_groups"": [""smart_construction_core.group_sc_cap_business_initiator"", ""smart_construction_core.group_sc_cap_finance_manager"", ""smart_construction_core.group_sc_cap_finance_read"", ""smart_construction_core.group_sc_cap_finance_user""]}",smart_construction_core.action_payment_request_user_payment_apply,Decoder → Store → Resolver → Runtime → Registry; tree:table [ready]; form:form_structure [structural],列表查询、筛选、详情回读：付款申请,按当前后端契约逐项验证允许的创建/编辑/动作；未核实前不承诺可写,passed,scripts/verify/baselines/formal_business_product_menu_policy_v1.json; docs/frontend_productization/domain-rollout/systemwide-coverage-audit-v1.json#smart_construction_core.menu_sc_user_payment_apply; artifacts/frontend-web-fix-20260928/evidence.md#WEB-UAT-01（候选fc84fd24：直接API权限矩阵7角色×读/写/跨公司范围拒绝；创建-提交-审批-拒绝-纠正重提交-取消全链及create_execution交接；提交后done被拒=审批≠实付登记；列表查询筛选分页与详情返回上下文恢复；关系选择清除）; evidence.md#WEB-UAT-01A（页面级附件上传-显示-刷新-下载15/15；页面级每页10-下一页-详情-返回11/11；明细职责范围：outflow_line_ids 内联可编辑+从结算单引入受控新增+允许删除，receipt_invoice_line_ids 因 type!=receive 不渲染，ledger_line_ids 只读。原始日志 uat01a-raw/）; artifacts/frontend-business-entry-payment-request/daily-6c8e07f7/report.json（受管明细行身份探针，daily 6c8e07f7）; artifacts/backend/acceptance_record_identity.json（受管记录身份解析 acceptance.record_identity_resolution.v1）,G-F3-01（直接API权限＋业务流转＋列表查询筛选分页与详情返回上下文＋关系选择清除＋页面级附件上传下载与页面级分页均已验证）; 本入口明细行“编辑已有行后保存”原先记录的阻断（多行付款申请编辑任一明细单元格后保存被判为重复行值）在 daily 修订 6c8e07f7 上已不可复现：行身份语义已由首个业务列改为身份式判定（frontend/apps/web/src/pages/contractForm/one2manyUtils.ts 的 one2manyRowCollectionIdentity，PR #525 已合入 6c8e07f7），导入处理器写入的常量列（来源类型=结算单明细）不再充当行身份。受管探针 artifacts/frontend-business-entry-payment-request/daily-6c8e07f7/report.json 从两个声明结算单引入 2 行（首列常量“结算单明细”），编辑“本次申请”200→150 后保存：无重复行提示、无校验阻断、api.data(payment.request) 200、回读持久化 150、明细行数保持 2；随后经产品面删行并复位申请金额 20.00，回读 row_count=0、amount=20.00。探针绑定受管记录身份解析（artifacts/backend/acceptance_record_identity.json），不硬编码数据库 id，不改任何校验语义、不放宽断言、不经 ORM 写入。未覆盖：审批流转后的审批决策界面与其余角色权限行沿用其历史证据。G-F1-03/G-F1-06 已由19b2d290/c0b9a62e关闭
smart_construction_core.menu_sc_payment_execution,实付登记,财务中心,sc.payment.execution,本轮验收,F3,"{""semantics"": ""all_restricted_layers_must_match_one_group"", ""menu_chain"": [{""menu_xmlid"": ""smart_construction_core.menu_sc_root"", ""groups"": []}, {""menu_xmlid"": ""smart_construction_core.menu_sc_finance_center"", ""groups"": [""smart_construction_core.group_sc_cap_business_initiator"", ""smart_construction_core.group_sc_cap_finance_manager"", ""smart_construction_core.group_sc_cap_finance_read"", ""smart_construction_core.group_sc_cap_finance_user"", ""smart_construction_core.group_sc_cap_settlement_manager"", ""smart_construction_core.group_sc_cap_settlement_read"", ""smart_construction_core.group_sc_cap_settlement_user""]}, {""menu_xmlid"": ""smart_construction_core.menu_sc_payment_execution"", ""groups"": [""smart_construction_core.group_sc_cap_business_initiator"", ""smart_construction_core.group_sc_cap_finance_manager"", ""smart_construction_core.group_sc_cap_finance_read"", ""smart_construction_core.group_sc_cap_finance_user""]}], ""action_groups"": [""smart_construction_core.group_sc_cap_business_initiator"", ""smart_construction_core.group_sc_cap_finance_manager"", ""smart_construction_core.group_sc_cap_finance_read"", ""smart_construction_core.group_sc_cap_finance_user""]}",smart_construction_core.action_sc_payment_execution_actual_outflow,Decoder → Store → Resolver → Runtime → Registry; tree:hierarchical_worksheet [ready]; form:form_structure [structural],列表查询、筛选、详情回读：实付登记,按当前后端契约逐项验证允许的创建/编辑/动作；未核实前不承诺可写,passed,artifacts/frontend-business-entry-matrix/daily-f4279416-matrix/summary.json#smart_construction_core.menu_sc_payment_execution（served f4279416/sc_demo；呈现 hierarchical、声明 ready、渲染记录 2；详情回读 record_id=170347 公司=None 动作=['reverse_payment']）,G-F3-01 已收口：列表查询/筛选/详情回读按声明面逐项验证，明细公司归属与工作流动作取自 ui.contract.v2 信封 已收口：列表查询/筛选/详情回读按声明面逐项验证，明细公司归属与工作流动作取自 ui.contract.v2 信封
smart_construction_core.menu_sc_reimbursement_request,费用报销,财务中心,sc.expense.claim,本轮验收,F3,"{""semantics"": ""all_restricted_layers_must_match_one_group"", ""menu_chain"": [{""menu_xmlid"": ""smart_construction_core.menu_sc_root"", ""groups"": []}, {""menu_xmlid"": ""smart_construction_core.menu_sc_finance_center"", ""groups"": [""smart_construction_core.group_sc_cap_business_initiator"", ""smart_construction_core.group_sc_cap_finance_manager"", ""smart_construction_core.group_sc_cap_finance_read"", ""smart_construction_core.group_sc_cap_finance_user"", ""smart_construction_core.group_sc_cap_settlement_manager"", ""smart_construction_core.group_sc_cap_settlement_read"", ""smart_construction_core.group_sc_cap_settlement_user""]}, {""menu_xmlid"": ""smart_construction_core.menu_sc_reimbursement_request"", ""groups"": [""smart_construction_core.group_sc_cap_business_initiator"", ""smart_construction_core.group_sc_cap_finance_manager"", ""smart_construction_core.group_sc_cap_finance_read"", ""smart_construction_core.group_sc_cap_finance_user""]}], ""action_groups"": [""smart_construction_core.group_sc_cap_business_initiator"", ""smart_construction_core.group_sc_cap_finance_manager"", ""smart_construction_core.group_sc_cap_finance_read"", ""smart_construction_core.group_sc_cap_finance_user""]}",smart_construction_core.action_sc_expense_claim_reimbursement_request,Decoder → Store → Resolver → Runtime → Registry; tree:table [ready]; form:form_structure [structural],列表查询、筛选、详情回读：费用报销,按当前后端契约逐项验证允许的创建/编辑/动作；未核实前不承诺可写,passed,artifacts/frontend-business-entry-matrix/daily-f4279416-matrix/summary.json#smart_construction_core.menu_sc_reimbursement_request（served f4279416/sc_demo；呈现 table、声明 empty、渲染记录 0；作用域边界：受测角色可见 0、全库 65510 行且归属公司1（受测公司作用域排除），非产品零数据）,G-F3-01 已收口（只读入口按声明空态）：空态按声明组件渲染并附权威计数证据；无记录故详情回读未执行——按声明空态记 observation、非缺陷、未放宽断言 已收口（只读入口按声明空态）：空态按声明组件渲染并附权威计数证据；无记录故详情回读未执行——按声明空态记 observation、非缺陷、未放宽断言
smart_construction_core.menu_sc_product_current_account_v1,往来款登记,财务中心,sc.current.account.workspace,本轮验收,F3,"{""semantics"": ""all_restricted_layers_must_match_one_group"", ""menu_chain"": [{""menu_xmlid"": ""smart_construction_core.menu_sc_root"", ""groups"": []}, {""menu_xmlid"": ""smart_construction_core.menu_sc_finance_center"", ""groups"": [""smart_construction_core.group_sc_cap_business_initiator"", ""smart_construction_core.group_sc_cap_finance_manager"", ""smart_construction_core.group_sc_cap_finance_read"", ""smart_construction_core.group_sc_cap_finance_user"", ""smart_construction_core.group_sc_cap_settlement_manager"", ""smart_construction_core.group_sc_cap_settlement_read"", ""smart_construction_core.group_sc_cap_settlement_user""]}, {""menu_xmlid"": ""smart_construction_core.menu_sc_product_current_account_v1"", ""groups"": [""smart_construction_core.group_sc_cap_finance_manager"", ""smart_construction_core.group_sc_cap_finance_user""]}], ""action_groups"": [""smart_construction_core.group_sc_cap_finance_manager"", ""smart_construction_core.group_sc_cap_finance_user""]}",smart_construction_core.action_sc_product_current_account_v1,Decoder → Store → Resolver → Runtime → Registry; form:form_structure [structural],核对表单默认值、关系选择及当前记录回读；入口不宣称提供独立列表：往来款登记,按当前后端契约逐项验证允许的创建/编辑/动作；未核实前不承诺可写,passed,artifacts/frontend-business-entry-matrix/daily-f4279416-matrix/summary.json#smart_construction_core.menu_sc_product_current_account_v1（served f4279416/sc_demo；呈现 form、声明 ok、渲染记录 0）,G-F3-01 已收口：列表查询/筛选/详情回读按声明面逐项验证，明细公司归属与工作流动作取自 ui.contract.v2 信封 已收口：列表查询/筛选/详情回读按声明面逐项验证，明细公司归属与工作流动作取自 ui.contract.v2 信封
smart_construction_core.menu_sc_user_income,公司收入,财务中心,sc.receipt.income,本轮验收,F3,"{""semantics"": ""all_restricted_layers_must_match_one_group"", ""menu_chain"": [{""menu_xmlid"": ""smart_construction_core.menu_sc_root"", ""groups"": []}, {""menu_xmlid"": ""smart_construction_core.menu_sc_finance_center"", ""groups"": [""smart_construction_core.group_sc_cap_business_initiator"", ""smart_construction_core.group_sc_cap_finance_manager"", ""smart_construction_core.group_sc_cap_finance_read"", ""smart_construction_core.group_sc_cap_finance_user"", ""smart_construction_core.group_sc_cap_settlement_manager"", ""smart_construction_core.group_sc_cap_settlement_read"", ""smart_construction_core.group_sc_cap_settlement_user""]}, {""menu_xmlid"": ""smart_construction_core.menu_sc_user_income"", ""groups"": [""smart_construction_core.group_sc_cap_business_initiator"", ""smart_construction_core.group_sc_cap_finance_manager"", ""smart_construction_core.group_sc_cap_finance_read"", ""smart_construction_core.group_sc_cap_finance_user""]}], ""action_groups"": [""smart_construction_core.group_sc_cap_business_initiator"", ""smart_construction_core.group_sc_cap_finance_manager"", ""smart_construction_core.group_sc_cap_finance_read"", ""smart_construction_core.group_sc_cap_finance_user""]}",smart_construction_core.action_sc_receipt_income_user_income,Decoder → Store → Resolver → Runtime → Registry; tree:table [ready]; form:form_structure [structural],列表查询、筛选、详情回读：公司收入,按当前后端契约逐项验证允许的创建/编辑/动作；未核实前不承诺可写,passed,artifacts/frontend-business-entry-matrix/daily-f4279416-matrix/summary.json#smart_construction_core.menu_sc_user_income（served f4279416/sc_demo；呈现 table、声明 empty、渲染记录 0；作用域边界：受测角色可见 0、全库 16689 行且归属公司1（受测公司作用域排除），非产品零数据）,G-F3-01 已收口（只读入口按声明空态）：空态按声明组件渲染并附权威计数证据；无记录故详情回读未执行——按声明空态记 observation、非缺陷、未放宽断言 已收口（只读入口按声明空态）：空态按声明组件渲染并附权威计数证据；无记录故详情回读未执行——按声明空态记 observation、非缺陷、未放宽断言
smart_construction_core.menu_sc_company_finance_expense,公司支出,财务中心,sc.payment.execution,本轮验收,F3,"{""semantics"": ""all_restricted_layers_must_match_one_group"", ""menu_chain"": [{""menu_xmlid"": ""smart_construction_core.menu_sc_root"", ""groups"": []}, {""menu_xmlid"": ""smart_construction_core.menu_sc_finance_center"", ""groups"": [""smart_construction_core.group_sc_cap_business_initiator"", ""smart_construction_core.group_sc_cap_finance_manager"", ""smart_construction_core.group_sc_cap_finance_read"", ""smart_construction_core.group_sc_cap_finance_user"", ""smart_construction_core.group_sc_cap_settlement_manager"", ""smart_construction_core.group_sc_cap_settlement_read"", ""smart_construction_core.group_sc_cap_settlement_user""]}, {""menu_xmlid"": ""smart_construction_core.menu_sc_company_finance_expense"", ""groups"": [""smart_construction_core.group_sc_cap_business_initiator"", ""smart_construction_core.group_sc_cap_finance_manager"", ""smart_construction_core.group_sc_cap_finance_read"", ""smart_construction_core.group_sc_cap_finance_user""]}], ""action_groups"": [""smart_construction_core.group_sc_cap_business_initiator"", ""smart_construction_core.group_sc_cap_finance_manager"", ""smart_construction_core.group_sc_cap_finance_read"", ""smart_construction_core.group_sc_cap_finance_user""]}",smart_construction_core.action_sc_payment_execution_company_finance_expense,Decoder → Store → Resolver → Runtime → Registry; tree:table [ready]; form:form_structure [structural],列表查询、筛选、详情回读：公司支出,按当前后端契约逐项验证允许的创建/编辑/动作；未核实前不承诺可写,passed,artifacts/frontend-business-entry-matrix/daily-f4279416-matrix/summary.json#smart_construction_core.menu_sc_company_finance_expense（served f4279416/sc_demo；呈现 table、声明 ok、渲染记录 1；详情回读 record_id=170347 公司=None 动作=['reverse_payment']）,G-F3-01 已收口：列表查询/筛选/详情回读按声明面逐项验证，明细公司归属与工作流动作取自 ui.contract.v2 信封 已收口：列表查询/筛选/详情回读按声明面逐项验证，明细公司归属与工作流动作取自 ui.contract.v2 信封
smart_construction_core.menu_sc_deduction_bill,公司&项目扣款,财务中心,sc.expense.claim,本轮验收,F3,"{""semantics"": ""all_restricted_layers_must_match_one_group"", ""menu_chain"": [{""menu_xmlid"": ""smart_construction_core.menu_sc_root"", ""groups"": []}, {""menu_xmlid"": ""smart_construction_core.menu_sc_finance_center"", ""groups"": [""smart_construction_core.group_sc_cap_business_initiator"", ""smart_construction_core.group_sc_cap_finance_manager"", ""smart_construction_core.group_sc_cap_finance_read"", ""smart_construction_core.group_sc_cap_finance_user"", ""smart_construction_core.group_sc_cap_settlement_manager"", ""smart_construction_core.group_sc_cap_settlement_read"", ""smart_construction_core.group_sc_cap_settlement_user""]}, {""menu_xmlid"": ""smart_construction_core.menu_sc_deduction_bill"", ""groups"": [""smart_construction_core.group_sc_cap_business_initiator"", ""smart_construction_core.group_sc_cap_finance_manager"", ""smart_construction_core.group_sc_cap_finance_read"", ""smart_construction_core.group_sc_cap_finance_user""]}], ""action_groups"": [""smart_construction_core.group_sc_cap_business_initiator"", ""smart_construction_core.group_sc_cap_finance_manager"", ""smart_construction_core.group_sc_cap_finance_read"", ""smart_construction_core.group_sc_cap_finance_user"", ""smart_construction_core.group_sc_cap_project_manager"", ""smart_construction_core.group_sc_cap_project_user""]}",smart_construction_core.action_sc_expense_claim_deduction_bill,Decoder → Store → Resolver → Runtime → Registry; tree:table [ready]; form:form_structure [structural],列表查询、筛选、详情回读：公司&项目扣款,按当前后端契约逐项验证允许的创建/编辑/动作；未核实前不承诺可写,passed,artifacts/frontend-business-entry-matrix/daily-f4279416-matrix/summary.json#smart_construction_core.menu_sc_deduction_bill（served f4279416/sc_demo；呈现 table、声明 empty、渲染记录 0；作用域边界：受测角色可见 0、全库 65510 行且归属公司1（受测公司作用域排除），非产品零数据）,G-F3-01 已收口（只读入口按声明空态）：空态按声明组件渲染并附权威计数证据；无记录故详情回读未执行——按声明空态记 observation、非缺陷、未放宽断言 已收口（只读入口按声明空态）：空态按声明组件渲染并附权威计数证据；无记录故详情回读未执行——按声明空态记 observation、非缺陷、未放宽断言
smart_construction_core.menu_sc_product_company_project_refund_v1,公司&项目退款,财务中心,sc.company.project.refund.workspace,本轮验收,F3,"{""semantics"": ""all_restricted_layers_must_match_one_group"", ""menu_chain"": [{""menu_xmlid"": ""smart_construction_core.menu_sc_root"", ""groups"": []}, {""menu_xmlid"": ""smart_construction_core.menu_sc_finance_center"", ""groups"": [""smart_construction_core.group_sc_cap_business_initiator"", ""smart_construction_core.group_sc_cap_finance_manager"", ""smart_construction_core.group_sc_cap_finance_read"", ""smart_construction_core.group_sc_cap_finance_user"", ""smart_construction_core.group_sc_cap_settlement_manager"", ""smart_construction_core.group_sc_cap_settlement_read"", ""smart_construction_core.group_sc_cap_settlement_user""]}, {""menu_xmlid"": ""smart_construction_core.menu_sc_product_company_project_refund_v1"", ""groups"": [""smart_construction_core.group_sc_cap_finance_manager"", ""smart_construction_core.group_sc_cap_finance_user""]}], ""action_groups"": [""smart_construction_core.group_sc_cap_finance_manager"", ""smart_construction_core.group_sc_cap_finance_user""]}",smart_construction_core.action_sc_product_company_project_refund_v1,Decoder → Store → Resolver → Runtime → Registry; form:form_structure [structural],核对表单默认值、关系选择及当前记录回读；入口不宣称提供独立列表：公司&项目退款,按当前后端契约逐项验证允许的创建/编辑/动作；未核实前不承诺可写,passed,artifacts/frontend-business-entry-matrix/daily-f4279416-matrix/summary.json#smart_construction_core.menu_sc_product_company_project_refund_v1（served f4279416/sc_demo；呈现 form、声明 ok、渲染记录 0）,G-F3-01 已收口：列表查询/筛选/详情回读按声明面逐项验证，明细公司归属与工作流动作取自 ui.contract.v2 信封 已收口：列表查询/筛选/详情回读按声明面逐项验证，明细公司归属与工作流动作取自 ui.contract.v2 信封
smart_construction_core.menu_sc_advance_fund,备用金,财务中心,sc.expense.claim,本轮验收,F3,"{""semantics"": ""all_restricted_layers_must_match_one_group"", ""menu_chain"": [{""menu_xmlid"": ""smart_construction_core.menu_sc_root"", ""groups"": []}, {""menu_xmlid"": ""smart_construction_core.menu_sc_finance_center"", ""groups"": [""smart_construction_core.group_sc_cap_business_initiator"", ""smart_construction_core.group_sc_cap_finance_manager"", ""smart_construction_core.group_sc_cap_finance_read"", ""smart_construction_core.group_sc_cap_finance_user"", ""smart_construction_core.group_sc_cap_settlement_manager"", ""smart_construction_core.group_sc_cap_settlement_read"", ""smart_construction_core.group_sc_cap_settlement_user""]}, {""menu_xmlid"": ""smart_construction_core.menu_sc_advance_fund"", ""groups"": [""smart_construction_core.group_sc_cap_finance_manager"", ""smart_construction_core.group_sc_cap_finance_read"", ""smart_construction_core.group_sc_cap_finance_user""]}], ""action_groups"": [""smart_construction_core.group_sc_cap_finance_read""]}",smart_construction_core.action_sc_expense_claim_advance_fund,Decoder → Store → Resolver → Runtime → Registry; tree:table [ready]; form:form_structure [structural],列表查询、筛选、详情回读：备用金,按当前后端契约逐项验证允许的创建/编辑/动作；未核实前不承诺可写,passed,artifacts/frontend-business-entry-matrix/daily-f4279416-matrix/summary.json#smart_construction_core.menu_sc_advance_fund（served f4279416/sc_demo；呈现 table、声明 empty、渲染记录 0；作用域边界：受测角色可见 0、全库 65510 行且归属公司1（受测公司作用域排除），非产品零数据）,G-F3-01 已收口（只读入口按声明空态）：空态按声明组件渲染并附权威计数证据；无记录故详情回读未执行——按声明空态记 observation、非缺陷、未放宽断言 已收口（只读入口按声明空态）：空态按声明组件渲染并附权威计数证据；无记录故详情回读未执行——按声明空态记 observation、非缺陷、未放宽断言
smart_construction_core.menu_sc_funding_plan_summary,资金汇总,财务中心,project.funding.baseline,本轮验收,F3,"{""semantics"": ""all_restricted_layers_must_match_one_group"", ""menu_chain"": [{""menu_xmlid"": ""smart_construction_core.menu_sc_root"", ""groups"": []}, {""menu_xmlid"": ""smart_construction_core.menu_sc_finance_center"", ""groups"": [""smart_construction_core.group_sc_cap_business_initiator"", ""smart_construction_core.group_sc_cap_finance_manager"", ""smart_construction_core.group_sc_cap_finance_read"", ""smart_construction_core.group_sc_cap_finance_user"", ""smart_construction_core.group_sc_cap_settlement_manager"", ""smart_construction_core.group_sc_cap_settlement_read"", ""smart_construction_core.group_sc_cap_settlement_user""]}, {""menu_xmlid"": ""smart_construction_core.menu_sc_funding_plan_summary"", ""groups"": [""smart_construction_core.group_sc_cap_finance_manager"", ""smart_construction_core.group_sc_cap_finance_read"", ""smart_construction_core.group_sc_cap_finance_user""]}], ""action_groups"": [""smart_construction_core.group_sc_cap_finance_manager"", ""smart_construction_core.group_sc_cap_finance_read"", ""smart_construction_core.group_sc_cap_finance_user""]}",smart_construction_core.action_project_funding_baseline_summary,Decoder → Store → Resolver → Runtime → Registry; tree:table [ready]; form:form_structure [structural],列表查询、筛选、详情回读：资金汇总,按当前后端契约逐项验证允许的创建/编辑/动作；未核实前不承诺可写,passed,artifacts/frontend-business-entry-matrix/daily-f4279416-matrix/summary.json#smart_construction_core.menu_sc_funding_plan_summary（served f4279416/sc_demo；呈现 table、声明 ok、渲染记录 2；详情回读 record_id=115 公司=None 动作=None）,G-F3-01 已收口：列表查询/筛选/详情回读按声明面逐项验证，明细公司归属与工作流动作取自 ui.contract.v2 信封 已收口：列表查询/筛选/详情回读按声明面逐项验证，明细公司归属与工作流动作取自 ui.contract.v2 信封
smart_construction_core.menu_sc_tax_certificate_registration_user,外经证,税务中心,sc.tax.certificate.registration,本轮验收,F3,"{""semantics"": ""all_restricted_layers_must_match_one_group"", ""menu_chain"": [{""menu_xmlid"": ""smart_construction_core.menu_sc_root"", ""groups"": []}, {""menu_xmlid"": ""smart_construction_core.menu_sc_tax_center"", ""groups"": [""smart_construction_core.group_sc_cap_business_initiator"", ""smart_construction_core.group_sc_cap_finance_manager"", ""smart_construction_core.group_sc_cap_finance_read"", ""smart_construction_core.group_sc_cap_finance_user""]}, {""menu_xmlid"": ""smart_construction_core.menu_sc_tax_certificate_registration_user"", ""groups"": [""smart_construction_core.group_sc_cap_finance_manager"", ""smart_construction_core.group_sc_cap_finance_read"", ""smart_construction_core.group_sc_cap_finance_user"", ""smart_construction_core.group_sc_cap_project_read""]}], ""action_groups"": [""smart_construction_core.group_sc_cap_finance_manager"", ""smart_construction_core.group_sc_cap_finance_read"", ""smart_construction_core.group_sc_cap_finance_user"", ""smart_construction_core.group_sc_cap_project_read""]}",smart_construction_core.action_sc_tax_certificate_registration_user,Decoder → Store → Resolver → Runtime → Registry; tree:table [ready]; form:form_structure [structural],列表查询、筛选、详情回读：外经证,按当前后端契约逐项验证允许的创建/编辑/动作；未核实前不承诺可写,passed,artifacts/frontend-business-entry-matrix/daily-f4279416-matrix/summary.json#smart_construction_core.menu_sc_tax_certificate_registration_user（served f4279416/sc_demo；呈现 table、声明 empty、渲染记录 0；负例不可构造（声明组含基线能力 group_sc_cap_project_read，全部受测夹具角色均持有，属角色模型结构事实）；权威计数 visible_as_role=0/total_rows=0（真实空态））,G-F3-01 已收口（只读入口按声明空态）：空态按声明组件渲染并附权威计数证据；无记录故详情回读未执行——按声明空态记 observation、非缺陷、未放宽断言 已收口（只读入口按声明空态）：空态按声明组件渲染并附权威计数证据；无记录故详情回读未执行——按声明空态记 observation、非缺陷、未放宽断言
smart_construction_core.menu_sc_invoice_prepaid_tax_user,预缴登记,税务中心,sc.invoice.registration,本轮验收,F3,"{""semantics"": ""all_restricted_layers_must_match_one_group"", ""menu_chain"": [{""menu_xmlid"": ""smart_construction_core.menu_sc_root"", ""groups"": []}, {""menu_xmlid"": ""smart_construction_core.menu_sc_tax_center"", ""groups"": [""smart_construction_core.group_sc_cap_business_initiator"", ""smart_construction_core.group_sc_cap_finance_manager"", ""smart_construction_core.group_sc_cap_finance_read"", ""smart_construction_core.group_sc_cap_finance_user""]}, {""menu_xmlid"": ""smart_construction_core.menu_sc_invoice_prepaid_tax_user"", ""groups"": [""smart_construction_core.group_sc_cap_business_initiator"", ""smart_construction_core.group_sc_cap_finance_manager"", ""smart_construction_core.group_sc_cap_finance_read"", ""smart_construction_core.group_sc_cap_finance_user""]}], ""action_groups"": [""smart_construction_core.group_sc_cap_business_initiator"", ""smart_construction_core.group_sc_cap_finance_manager"", ""smart_construction_core.group_sc_cap_finance_read"", ""smart_construction_core.group_sc_cap_finance_user""]}",smart_construction_core.action_sc_invoice_prepaid_tax_user,Decoder → Store → Resolver → Runtime → Registry; tree:table [ready]; form:form_structure [structural],列表查询、筛选、详情回读：预缴登记,按当前后端契约逐项验证允许的创建/编辑/动作；未核实前不承诺可写,passed,artifacts/frontend-business-entry-matrix/daily-f4279416-matrix/summary.json#smart_construction_core.menu_sc_invoice_prepaid_tax_user（served f4279416/sc_demo；呈现 table、声明 empty、渲染记录 0；负例 fixture_role_contract_operator 0 泄漏（能力闭包取运行态登录信封 principal.role_xmlids）；作用域边界：受测角色可见 0、全库 71796 行且归属公司1（受测公司作用域排除），非产品零数据）,G-F3-01 已收口（只读入口按声明空态）：空态按声明组件渲染并附权威计数证据；无记录故详情回读未执行——按声明空态记 observation、非缺陷、未放宽断言 已收口（只读入口按声明空态）：空态按声明组件渲染并附权威计数证据；无记录故详情回读未执行——按声明空态记 observation、非缺陷、未放宽断言
smart_construction_core.menu_sc_invoice_application_user,开票申请,税务中心,sc.invoice.registration,本轮验收,F3,"{""semantics"": ""all_restricted_layers_must_match_one_group"", ""menu_chain"": [{""menu_xmlid"": ""smart_construction_core.menu_sc_root"", ""groups"": []}, {""menu_xmlid"": ""smart_construction_core.menu_sc_tax_center"", ""groups"": [""smart_construction_core.group_sc_cap_business_initiator"", ""smart_construction_core.group_sc_cap_finance_manager"", ""smart_construction_core.group_sc_cap_finance_read"", ""smart_construction_core.group_sc_cap_finance_user""]}, {""menu_xmlid"": ""smart_construction_core.menu_sc_invoice_application_user"", ""groups"": [""smart_construction_core.group_sc_cap_business_initiator"", ""smart_construction_core.group_sc_cap_finance_manager"", ""smart_construction_core.group_sc_cap_finance_read"", ""smart_construction_core.group_sc_cap_finance_user""]}], ""action_groups"": [""smart_construction_core.group_sc_cap_business_initiator"", ""smart_construction_core.group_sc_cap_finance_manager"", ""smart_construction_core.group_sc_cap_finance_read"", ""smart_construction_core.group_sc_cap_finance_user""]}",smart_construction_core.action_sc_invoice_application_user,Decoder → Store → Resolver → Runtime → Registry; tree:table [ready]; form:form_structure [structural],列表查询、筛选、详情回读：开票申请,按当前后端契约逐项验证允许的创建/编辑/动作；未核实前不承诺可写,passed,artifacts/frontend-business-entry-matrix/daily-f4279416-matrix/summary.json#smart_construction_core.menu_sc_invoice_application_user（served f4279416/sc_demo；呈现 table、声明 empty、渲染记录 0；负例 fixture_role_contract_operator 0 泄漏（能力闭包取运行态登录信封 principal.role_xmlids）；作用域边界：受测角色可见 0、全库 71796 行且归属公司1（受测公司作用域排除），非产品零数据）,G-F3-01 已收口（只读入口按声明空态）：空态按声明组件渲染并附权威计数证据；无记录故详情回读未执行——按声明空态记 observation、非缺陷、未放宽断言 已收口（只读入口按声明空态）：空态按声明组件渲染并附权威计数证据；无记录故详情回读未执行——按声明空态记 observation、非缺陷、未放宽断言
smart_construction_core.menu_sc_invoice_registration_user,销项开票,税务中心,sc.invoice.registration,本轮验收,F3,"{""semantics"": ""all_restricted_layers_must_match_one_group"", ""menu_chain"": [{""menu_xmlid"": ""smart_construction_core.menu_sc_root"", ""groups"": []}, {""menu_xmlid"": ""smart_construction_core.menu_sc_tax_center"", ""groups"": [""smart_construction_core.group_sc_cap_business_initiator"", ""smart_construction_core.group_sc_cap_finance_manager"", ""smart_construction_core.group_sc_cap_finance_read"", ""smart_construction_core.group_sc_cap_finance_user""]}, {""menu_xmlid"": ""smart_construction_core.menu_sc_invoice_registration_user"", ""groups"": [""smart_construction_core.group_sc_cap_business_initiator"", ""smart_construction_core.group_sc_cap_finance_manager"", ""smart_construction_core.group_sc_cap_finance_read"", ""smart_construction_core.group_sc_cap_finance_user""]}], ""action_groups"": [""smart_construction_core.group_sc_cap_business_initiator"", ""smart_construction_core.group_sc_cap_finance_manager"", ""smart_construction_core.group_sc_cap_finance_read"", ""smart_construction_core.group_sc_cap_finance_user""]}",smart_construction_core.action_sc_invoice_registration_user,Decoder → Store → Resolver → Runtime → Registry; tree:table [ready]; form:form_structure [structural],列表查询、筛选、详情回读：销项开票,按当前后端契约逐项验证允许的创建/编辑/动作；未核实前不承诺可写,passed,artifacts/frontend-business-entry-matrix/daily-f4279416-matrix/summary.json#smart_construction_core.menu_sc_invoice_registration_user（served f4279416/sc_demo；呈现 table、声明 empty、渲染记录 0；负例 fixture_role_contract_operator 0 泄漏（能力闭包取运行态登录信封 principal.role_xmlids）；作用域边界：受测角色可见 0、全库 71796 行且归属公司1（受测公司作用域排除），非产品零数据）,G-F3-01 已收口（只读入口按声明空态）：空态按声明组件渲染并附权威计数证据；无记录故详情回读未执行——按声明空态记 observation、非缺陷、未放宽断言 已收口（只读入口按声明空态）：空态按声明组件渲染并附权威计数证据；无记录故详情回读未执行——按声明空态记 observation、非缺陷、未放宽断言
smart_construction_core.menu_sc_output_invoice_change_registration,发票红冲,税务中心,sc.output.invoice.adjustment,本轮验收,F3,"{""semantics"": ""all_restricted_layers_must_match_one_group"", ""menu_chain"": [{""menu_xmlid"": ""smart_construction_core.menu_sc_root"", ""groups"": []}, {""menu_xmlid"": ""smart_construction_core.menu_sc_tax_center"", ""groups"": [""smart_construction_core.group_sc_cap_business_initiator"", ""smart_construction_core.group_sc_cap_finance_manager"", ""smart_construction_core.group_sc_cap_finance_read"", ""smart_construction_core.group_sc_cap_finance_user""]}, {""menu_xmlid"": ""smart_construction_core.menu_sc_output_invoice_change_registration"", ""groups"": [""smart_construction_core.group_sc_cap_finance_manager"", ""smart_construction_core.group_sc_cap_finance_user""]}], ""action_groups"": [""smart_construction_core.group_sc_cap_finance_manager"", ""smart_construction_core.group_sc_cap_finance_user""]}",smart_construction_core.action_sc_output_invoice_change_registration,Decoder → Store → Resolver → Runtime → Registry; tree:table [ready]; form:form_structure [structural],列表查询、筛选、详情回读：发票红冲,按当前后端契约逐项验证允许的创建/编辑/动作；未核实前不承诺可写,passed,artifacts/frontend-business-entry-matrix/daily-f4279416-matrix/summary.json#smart_construction_core.menu_sc_output_invoice_change_registration（served f4279416/sc_demo；呈现 table、声明 empty、渲染记录 0；负例 fixture_role_contract_operator 0 泄漏（能力闭包取运行态登录信封 principal.role_xmlids）；权威计数 visible_as_role=0/total_rows=0（真实空态））,G-F3-01 已收口（只读入口按声明空态）：空态按声明组件渲染并附权威计数证据；无记录故详情回读未执行——按声明空态记 observation、非缺陷、未放宽断言 已收口（只读入口按声明空态）：空态按声明组件渲染并附权威计数证据；无记录故详情回读未执行——按声明空态记 observation、非缺陷、未放宽断言
smart_construction_core.menu_sc_invoice_input,进项发票,税务中心,sc.invoice.registration,本轮验收,F3,"{""semantics"": ""all_restricted_layers_must_match_one_group"", ""menu_chain"": [{""menu_xmlid"": ""smart_construction_core.menu_sc_root"", ""groups"": []}, {""menu_xmlid"": ""smart_construction_core.menu_sc_tax_center"", ""groups"": [""smart_construction_core.group_sc_cap_business_initiator"", ""smart_construction_core.group_sc_cap_finance_manager"", ""smart_construction_core.group_sc_cap_finance_read"", ""smart_construction_core.group_sc_cap_finance_user""]}, {""menu_xmlid"": ""smart_construction_core.menu_sc_invoice_input"", ""groups"": [""smart_construction_core.group_sc_cap_finance_manager"", ""smart_construction_core.group_sc_cap_finance_read"", ""smart_construction_core.group_sc_cap_finance_user""]}], ""action_groups"": [""smart_construction_core.group_sc_cap_finance_read""]}",smart_construction_core.action_sc_invoice_input,Decoder → Store → Resolver → Runtime → Registry; tree:table [ready]; form:form_structure [structural],列表查询、筛选、详情回读：进项发票,按当前后端契约逐项验证允许的创建/编辑/动作；未核实前不承诺可写,passed,artifacts/frontend-business-entry-matrix/daily-f4279416-matrix/summary.json#smart_construction_core.menu_sc_invoice_input（served f4279416/sc_demo；呈现 table、声明 empty、渲染记录 0；负例 fixture_role_contract_operator 0 泄漏（能力闭包取运行态登录信封 principal.role_xmlids）；作用域边界：受测角色可见 0、全库 71796 行且归属公司1（受测公司作用域排除），非产品零数据）,G-F3-01 已收口（只读入口按声明空态）：空态按声明组件渲染并附权威计数证据；无记录故详情回读未执行——按声明空态记 observation、非缺陷、未放宽断言 已收口（只读入口按声明空态）：空态按声明组件渲染并附权威计数证据；无记录故详情回读未执行——按声明空态记 observation、非缺陷、未放宽断言
smart_construction_core.menu_sc_tax_deduction_registration_user,税额抵扣,税务中心,sc.tax.deduction.registration,本轮验收,F3,"{""semantics"": ""all_restricted_layers_must_match_one_group"", ""menu_chain"": [{""menu_xmlid"": ""smart_construction_core.menu_sc_root"", ""groups"": []}, {""menu_xmlid"": ""smart_construction_core.menu_sc_tax_center"", ""groups"": [""smart_construction_core.group_sc_cap_business_initiator"", ""smart_construction_core.group_sc_cap_finance_manager"", ""smart_construction_core.group_sc_cap_finance_read"", ""smart_construction_core.group_sc_cap_finance_user""]}, {""menu_xmlid"": ""smart_construction_core.menu_sc_tax_deduction_registration_user"", ""groups"": [""smart_construction_core.group_sc_cap_business_initiator"", ""smart_construction_core.group_sc_cap_finance_manager"", ""smart_construction_core.group_sc_cap_finance_read"", ""smart_construction_core.group_sc_cap_finance_user""]}], ""action_groups"": [""smart_construction_core.group_sc_cap_business_initiator"", ""smart_construction_core.group_sc_cap_finance_manager"", ""smart_construction_core.group_sc_cap_finance_read"", ""smart_construction_core.group_sc_cap_finance_user""]}",smart_construction_core.action_sc_tax_deduction_registration_user,Decoder → Store → Resolver → Runtime → Registry; tree:table [ready]; form:form_structure [structural],列表查询、筛选、详情回读：税额抵扣,按当前后端契约逐项验证允许的创建/编辑/动作；未核实前不承诺可写,passed,artifacts/frontend-business-entry-matrix/daily-f4279416-matrix/summary.json#smart_construction_core.menu_sc_tax_deduction_registration_user（served f4279416/sc_demo；呈现 table、声明 empty、渲染记录 0；负例 fixture_role_contract_operator 0 泄漏（能力闭包取运行态登录信封 principal.role_xmlids）；作用域边界：受测角色可见 0、全库 10231 行且归属公司1（受测公司作用域排除），非产品零数据）,G-F3-01 已收口（只读入口按声明空态）：空态按声明组件渲染并附权威计数证据；无记录故详情回读未执行——按声明空态记 observation、非缺陷、未放宽断言 已收口（只读入口按声明空态）：空态按声明组件渲染并附权威计数证据；无记录故详情回读未执行——按声明空态记 observation、非缺陷、未放宽断言
smart_construction_core.menu_sc_product_project_tax_deduction_v1,项目专项抵扣,税务中心,sc.tax.deduction.registration,本轮验收,F3,"{""semantics"": ""all_restricted_layers_must_match_one_group"", ""menu_chain"": [{""menu_xmlid"": ""smart_construction_core.menu_sc_root"", ""groups"": []}, {""menu_xmlid"": ""smart_construction_core.menu_sc_tax_center"", ""groups"": [""smart_construction_core.group_sc_cap_business_initiator"", ""smart_construction_core.group_sc_cap_finance_manager"", ""smart_construction_core.group_sc_cap_finance_read"", ""smart_construction_core.group_sc_cap_finance_user""]}, {""menu_xmlid"": ""smart_construction_core.menu_sc_product_project_tax_deduction_v1"", ""groups"": [""smart_construction_core.group_sc_cap_finance_manager"", ""smart_construction_core.group_sc_cap_finance_user""]}], ""action_groups"": [""smart_construction_core.group_sc_cap_finance_manager"", ""smart_construction_core.group_sc_cap_finance_user""]}",smart_construction_core.action_sc_product_project_tax_deduction_v1,Decoder → Store → Resolver → Runtime → Registry; tree:table [ready]; form:form_structure [structural],列表查询、筛选、详情回读：项目专项抵扣,按当前后端契约逐项验证允许的创建/编辑/动作；未核实前不承诺可写,passed,artifacts/frontend-business-entry-matrix/daily-f4279416-matrix/summary.json#smart_construction_core.menu_sc_product_project_tax_deduction_v1（served f4279416/sc_demo；呈现 table、声明 empty、渲染记录 0；负例 fixture_role_contract_operator 0 泄漏（能力闭包取运行态登录信封 principal.role_xmlids）；作用域边界：受测角色可见 0、全库 10231 行且归属公司1（受测公司作用域排除），非产品零数据）,G-F3-01 已收口（只读入口按声明空态）：空态按声明组件渲染并附权威计数证据；无记录故详情回读未执行——按声明空态记 observation、非缺陷、未放宽断言 已收口（只读入口按声明空态）：空态按声明组件渲染并附权威计数证据；无记录故详情回读未执行——按声明空态记 observation、非缺陷、未放宽断言
smart_construction_core.menu_sc_product_tax_filing_v1,税务申报,税务中心,sc.tax.filing,本轮验收,F3,"{""semantics"": ""all_restricted_layers_must_match_one_group"", ""menu_chain"": [{""menu_xmlid"": ""smart_construction_core.menu_sc_root"", ""groups"": []}, {""menu_xmlid"": ""smart_construction_core.menu_sc_tax_center"", ""groups"": [""smart_construction_core.group_sc_cap_business_initiator"", ""smart_construction_core.group_sc_cap_finance_manager"", ""smart_construction_core.group_sc_cap_finance_read"", ""smart_construction_core.group_sc_cap_finance_user""]}, {""menu_xmlid"": ""smart_construction_core.menu_sc_product_tax_filing_v1"", ""groups"": [""smart_construction_core.group_sc_cap_finance_manager""]}], ""action_groups"": [""smart_construction_core.group_sc_cap_finance_manager""]}",smart_construction_core.action_sc_product_tax_filing_v1,Decoder → Store → Resolver → Runtime → Registry; tree:table [ready]; form:form_structure [structural],列表查询、筛选、详情回读：税务申报,按当前后端契约逐项验证允许的创建/编辑/动作；未核实前不承诺可写,passed,artifacts/frontend-business-entry-matrix/daily-f4279416-matrix/summary.json#smart_construction_core.menu_sc_product_tax_filing_v1（served f4279416/sc_demo；呈现 table、声明 empty、渲染记录 0；负例 fixture_role_contract_operator 0 泄漏（能力闭包取运行态登录信封 principal.role_xmlids）；权威计数 visible_as_role=0/total_rows=0（真实空态））,G-F3-01 已收口（只读入口按声明空态）：空态按声明组件渲染并附权威计数证据；无记录故详情回读未执行——按声明空态记 observation、非缺陷、未放宽断言 已收口（只读入口按声明空态）：空态按声明组件渲染并附权威计数证据；无记录故详情回读未执行——按声明空态记 observation、非缺陷、未放宽断言
account.menu_action_move_journal_line_form,日记账分录,会计账务中心,account.move,阻塞,F3,待从当前契约核对；G-F0-02,待运行态解析,Decoder → Store → Resolver → Runtime → Registry; 待核对,列表查询、筛选、详情回读：日记账分录,按当前后端契约逐项验证允许的创建/编辑/动作；未核实前不承诺可写,declared,artifacts/frontend-business-entry-matrix/daily-f4279416-matrix/summary.json#account.menu_action_move_journal_line_form（served f4279416/sc_demo；登记于 config/frontend/role_surface_exposure_declarations_v1.json#authority_pending_entries：role_authority 待从当前契约解析，未放宽断言也未静默丢弃）,G-F0-02 登记为待解析缺口：本入口 role_authority 尚未从当前契约解析，矩阵按登记表判定为 declared、不计通过、不放宽断言 登记为待解析缺口：本入口 role_authority 尚未从当前契约解析，矩阵按登记表判定为 declared、不计通过、不放宽断言
account.menu_action_account_moves_all,日记账项目,会计账务中心,account.move.line,阻塞,F3,待从当前契约核对；G-F0-02,待运行态解析,Decoder → Store → Resolver → Runtime → Registry; 待核对,列表查询、筛选、详情回读：日记账项目,按当前后端契约逐项验证允许的创建/编辑/动作；未核实前不承诺可写,declared,artifacts/frontend-business-entry-matrix/daily-f4279416-matrix/summary.json#account.menu_action_account_moves_all（served f4279416/sc_demo；登记于 config/frontend/role_surface_exposure_declarations_v1.json#authority_pending_entries：role_authority 待从当前契约解析，未放宽断言也未静默丢弃）,G-F0-02 登记为待解析缺口：本入口 role_authority 尚未从当前契约解析，矩阵按登记表判定为 declared、不计通过、不放宽断言 登记为待解析缺口：本入口 role_authority 尚未从当前契约解析，矩阵按登记表判定为 declared、不计通过、不放宽断言
account.menu_action_account_form,会计科目表,会计账务中心,account.account,阻塞,F3,待从当前契约核对；G-F0-02,待运行态解析,Decoder → Store → Resolver → Runtime → Registry; 待核对,列表查询、筛选、详情回读：会计科目表,按当前后端契约逐项验证允许的创建/编辑/动作；未核实前不承诺可写,declared,artifacts/frontend-business-entry-matrix/daily-f4279416-matrix/summary.json#account.menu_action_account_form（served f4279416/sc_demo；登记于 config/frontend/role_surface_exposure_declarations_v1.json#authority_pending_entries：role_authority 待从当前契约解析，未放宽断言也未静默丢弃）,G-F0-02 登记为待解析缺口：本入口 role_authority 尚未从当前契约解析，矩阵按登记表判定为 declared、不计通过、不放宽断言 登记为待解析缺口：本入口 role_authority 尚未从当前契约解析，矩阵按登记表判定为 declared、不计通过、不放宽断言
smart_construction_core.menu_sc_account_journal_foundation,日记账,会计账务中心,account.journal,本轮验收,F3,"{""semantics"": ""all_restricted_layers_must_match_one_group"", ""menu_chain"": [{""menu_xmlid"": ""smart_construction_core.menu_sc_root"", ""groups"": []}, {""menu_xmlid"": ""smart_construction_core.menu_sc_accounting_center"", ""groups"": [""smart_construction_core.group_sc_cap_accounting_read""]}, {""menu_xmlid"": ""smart_construction_core.menu_sc_account_journal_foundation"", ""groups"": [""smart_construction_core.group_sc_cap_accounting_read""]}], ""action_groups"": [""smart_construction_core.group_sc_cap_accounting_read""]}",smart_construction_core.action_sc_account_journal_foundation,Decoder → Store → Resolver → Runtime → Registry; tree:table [ready]; form:form_structure [structural],列表查询、筛选、详情回读：日记账,按当前后端契约逐项验证允许的创建/编辑/动作；未核实前不承诺可写,passed,artifacts/frontend-business-entry-matrix/daily-f4279416-matrix/summary.json#smart_construction_core.menu_sc_account_journal_foundation（served f4279416/sc_demo；呈现 table、声明 empty、渲染记录 0；负例 fixture_role_project_a_member 0 泄漏（能力闭包取运行态登录信封 principal.role_xmlids）；作用域边界：受测角色可见 0、全库 8 行且归属公司1（受测公司作用域排除），非产品零数据）,G-F3-01 已收口（只读入口按声明空态）：空态按声明组件渲染并附权威计数证据；无记录故详情回读未执行——按声明空态记 observation、非缺陷、未放宽断言 已收口（只读入口按声明空态）：空态按声明组件渲染并附权威计数证据；无记录故详情回读未执行——按声明空态记 observation、非缺陷、未放宽断言
smart_construction_core.menu_sc_analytic_account_foundation,分析账户,会计账务中心,account.analytic.account,本轮验收,F3,"{""semantics"": ""all_restricted_layers_must_match_one_group"", ""menu_chain"": [{""menu_xmlid"": ""smart_construction_core.menu_sc_root"", ""groups"": []}, {""menu_xmlid"": ""smart_construction_core.menu_sc_accounting_center"", ""groups"": [""smart_construction_core.group_sc_cap_accounting_read""]}, {""menu_xmlid"": ""smart_construction_core.menu_sc_analytic_account_foundation"", ""groups"": [""smart_construction_core.group_sc_cap_accounting_read""]}], ""action_groups"": [""smart_construction_core.group_sc_cap_accounting_read""]}",smart_construction_core.action_sc_analytic_account_foundation,Decoder → Store → Resolver → Runtime → Registry; tree:table [ready]; form:form_structure [structural],列表查询、筛选、详情回读：分析账户,按当前后端契约逐项验证允许的创建/编辑/动作；未核实前不承诺可写,passed,artifacts/frontend-business-entry-matrix/daily-f4279416-matrix/summary.json#smart_construction_core.menu_sc_analytic_account_foundation（served f4279416/sc_demo；呈现 table、声明 empty、渲染记录 0；负例 fixture_role_project_a_member 0 泄漏（能力闭包取运行态登录信封 principal.role_xmlids）；权威计数 visible_as_role=0/total_rows=0（真实空态））,G-F3-01 已收口（只读入口按声明空态）：空态按声明组件渲染并附权威计数证据；无记录故详情回读未执行——按声明空态记 observation、非缺陷、未放宽断言 已收口（只读入口按声明空态）：空态按声明组件渲染并附权威计数证据；无记录故详情回读未执行——按声明空态记 observation、非缺陷、未放宽断言
smart_construction_core.menu_sc_analytic_distribution_foundation,分析分配模型,会计账务中心,account.analytic.distribution.model,本轮验收,F3,"{""semantics"": ""all_restricted_layers_must_match_one_group"", ""menu_chain"": [{""menu_xmlid"": ""smart_construction_core.menu_sc_root"", ""groups"": []}, {""menu_xmlid"": ""smart_construction_core.menu_sc_accounting_center"", ""groups"": [""smart_construction_core.group_sc_cap_accounting_read""]}, {""menu_xmlid"": ""smart_construction_core.menu_sc_analytic_distribution_foundation"", ""groups"": [""smart_construction_core.group_sc_cap_accounting_read""]}], ""action_groups"": [""smart_construction_core.group_sc_cap_accounting_read""]}",smart_construction_core.action_sc_analytic_distribution_foundation,Decoder → Store → Resolver → Runtime → Registry; tree:table [ready]; form:form_structure [structural],列表查询、筛选、详情回读：分析分配模型,按当前后端契约逐项验证允许的创建/编辑/动作；未核实前不承诺可写,passed,artifacts/frontend-business-entry-matrix/daily-f4279416-matrix/summary.json#smart_construction_core.menu_sc_analytic_distribution_foundation（served f4279416/sc_demo；呈现 table、声明 empty、渲染记录 0；负例 fixture_role_project_a_member 0 泄漏（能力闭包取运行态登录信封 principal.role_xmlids）；权威计数 visible_as_role=0/total_rows=0（真实空态））,G-F3-01 已收口（只读入口按声明空态）：空态按声明组件渲染并附权威计数证据；无记录故详情回读未执行——按声明空态记 observation、非缺陷、未放宽断言 已收口（只读入口按声明空态）：空态按声明组件渲染并附权威计数证据；无记录故详情回读未执行——按声明空态记 observation、非缺陷、未放宽断言
smart_construction_core.menu_sc_project_operation_statistics_report,项目报表,报表中心,sc.operating.metrics.project,本轮验收,F3,"{""semantics"": ""all_restricted_layers_must_match_one_group"", ""menu_chain"": [{""menu_xmlid"": ""smart_construction_core.menu_sc_root"", ""groups"": []}, {""menu_xmlid"": ""smart_construction_core.menu_sc_data_center"", ""groups"": []}, {""menu_xmlid"": ""smart_construction_core.menu_sc_project_operation_statistics_report"", ""groups"": [""smart_construction_core.group_sc_cap_cost_read"", ""smart_construction_core.group_sc_cap_finance_read"", ""smart_construction_core.group_sc_cap_project_read""]}], ""action_groups"": [""smart_construction_core.group_sc_cap_cost_read"", ""smart_construction_core.group_sc_cap_finance_read"", ""smart_construction_core.group_sc_cap_project_read""]}",smart_construction_core.action_sc_project_operation_statistics_report,Decoder → Store → Resolver → Runtime → Registry; tree:table [ready]; form:form_structure [structural]; pivot:pivot [readable_fallback],列表查询、筛选、详情回读：项目报表,按当前后端契约逐项验证允许的创建/编辑/动作；未核实前不承诺可写,passed,artifacts/frontend-business-entry-matrix/daily-f4279416-matrix/summary.json#smart_construction_core.menu_sc_project_operation_statistics_report（served f4279416/sc_demo；呈现 table、声明 empty、渲染记录 0；负例不可构造（声明组含基线能力 group_sc_cap_project_read，全部受测夹具角色均持有，属角色模型结构事实）；权威计数 visible_as_role=0/total_rows=0（真实空态））,G-F3-01 已收口（只读入口按声明空态）：空态按声明组件渲染并附权威计数证据；无记录故详情回读未执行——按声明空态记 observation、非缺陷、未放宽断言 已收口（只读入口按声明空态）：空态按声明组件渲染并附权威计数证据；无记录故详情回读未执行——按声明空态记 observation、非缺陷、未放宽断言
smart_construction_core.menu_sc_comprehensive_cost_statistics_report,成本报表,报表中心,sc.comprehensive.cost.summary,本轮验收,F3,"{""semantics"": ""all_restricted_layers_must_match_one_group"", ""menu_chain"": [{""menu_xmlid"": ""smart_construction_core.menu_sc_root"", ""groups"": []}, {""menu_xmlid"": ""smart_construction_core.menu_sc_data_center"", ""groups"": []}, {""menu_xmlid"": ""smart_construction_core.menu_sc_comprehensive_cost_statistics_report"", ""groups"": [""smart_construction_core.group_sc_cap_business_initiator"", ""smart_construction_core.group_sc_cap_contract_manager"", ""smart_construction_core.group_sc_cap_contract_read"", ""smart_construction_core.group_sc_cap_contract_user"", ""smart_construction_core.group_sc_cap_cost_manager"", ""smart_construction_core.group_sc_cap_cost_read"", ""smart_construction_core.group_sc_cap_cost_user"", ""smart_construction_core.group_sc_cap_finance_manager"", ""smart_construction_core.group_sc_cap_finance_read"", ""smart_construction_core.group_sc_cap_finance_user""]}], ""action_groups"": [""smart_construction_core.group_sc_cap_business_initiator"", ""smart_construction_core.group_sc_cap_contract_manager"", ""smart_construction_core.group_sc_cap_contract_read"", ""smart_construction_core.group_sc_cap_contract_user"", ""smart_construction_core.group_sc_cap_cost_manager"", ""smart_construction_core.group_sc_cap_cost_read"", ""smart_construction_core.group_sc_cap_cost_user"", ""smart_construction_core.group_sc_cap_finance_manager"", ""smart_construction_core.group_sc_cap_finance_read"", ""smart_construction_core.group_sc_cap_finance_user""]}",smart_construction_core.action_sc_comprehensive_cost_statistics_report,Decoder → Store → Resolver → Runtime → Registry; tree:table [ready]; form:form_structure [structural]; pivot:pivot [readable_fallback]; graph:graph [readable_fallback],列表查询、筛选、详情回读：成本报表,按当前后端契约逐项验证允许的创建/编辑/动作；未核实前不承诺可写,passed,artifacts/frontend-business-entry-matrix/daily-f4279416-matrix/summary.json#smart_construction_core.menu_sc_comprehensive_cost_statistics_report（served f4279416/sc_demo；呈现 table、声明 empty、渲染记录 0；负例不可构造（role_authority 未声明可否定组）；权威计数 visible_as_role=0/total_rows=0（真实空态））,G-F3-01 已收口（只读入口按声明空态）：空态按声明组件渲染并附权威计数证据；无记录故详情回读未执行——按声明空态记 observation、非缺陷、未放宽断言 已收口（只读入口按声明空态）：空态按声明组件渲染并附权威计数证据；无记录故详情回读未执行——按声明空态记 observation、非缺陷、未放宽断言
smart_construction_core.menu_sc_fund_daily_summary,资金报表,报表中心,sc.fund.daily.summary,本轮验收,F3,"{""semantics"": ""all_restricted_layers_must_match_one_group"", ""menu_chain"": [{""menu_xmlid"": ""smart_construction_core.menu_sc_root"", ""groups"": []}, {""menu_xmlid"": ""smart_construction_core.menu_sc_data_center"", ""groups"": []}, {""menu_xmlid"": ""smart_construction_core.menu_sc_fund_daily_summary"", ""groups"": [""smart_construction_core.group_sc_cap_finance_manager"", ""smart_construction_core.group_sc_cap_finance_read"", ""smart_construction_core.group_sc_cap_finance_user""]}], ""action_groups"": [""smart_construction_core.group_sc_cap_finance_manager"", ""smart_construction_core.group_sc_cap_finance_read"", ""smart_construction_core.group_sc_cap_finance_user""]}",smart_construction_core.action_sc_fund_daily_summary,Decoder → Store → Resolver → Runtime → Registry; tree:table [ready]; form:form_structure [structural]; pivot:pivot [readable_fallback]; graph:graph [readable_fallback],列表查询、筛选、详情回读：资金报表,按当前后端契约逐项验证允许的创建/编辑/动作；未核实前不承诺可写,passed,artifacts/frontend-business-entry-matrix/daily-f4279416-matrix/summary.json#smart_construction_core.menu_sc_fund_daily_summary（served f4279416/sc_demo；呈现 table、声明 empty、渲染记录 0；负例 fixture_role_project_a_member 0 泄漏（能力闭包取运行态登录信封 principal.role_xmlids）；权威计数 visible_as_role=0/total_rows=0（真实空态））,G-F3-01 已收口（只读入口按声明空态）：空态按声明组件渲染并附权威计数证据；无记录故详情回读未执行——按声明空态记 observation、非缺陷、未放宽断言 已收口（只读入口按声明空态）：空态按声明组件渲染并附权威计数证据；无记录故详情回读未执行——按声明空态记 observation、非缺陷、未放宽断言
smart_construction_core.menu_sc_product_tax_report_v1,税务报表,报表中心,sc.tax.filing,本轮验收,F3,"{""semantics"": ""all_restricted_layers_must_match_one_group"", ""menu_chain"": [{""menu_xmlid"": ""smart_construction_core.menu_sc_root"", ""groups"": []}, {""menu_xmlid"": ""smart_construction_core.menu_sc_data_center"", ""groups"": []}, {""menu_xmlid"": ""smart_construction_core.menu_sc_product_tax_report_v1"", ""groups"": [""smart_construction_core.group_sc_cap_data_read""]}], ""action_groups"": [""smart_construction_core.group_sc_cap_data_read""]}",smart_construction_core.action_sc_product_tax_report_v1,Decoder → Store → Resolver → Runtime → Registry; pivot:pivot [readable_fallback]; graph:graph [readable_fallback]; tree:table [ready],列表查询、筛选、详情回读：税务报表,按当前后端契约逐项验证允许的创建/编辑/动作；未核实前不承诺可写,passed,artifacts/frontend-business-entry-matrix/daily-f4279416-matrix/summary.json#smart_construction_core.menu_sc_product_tax_report_v1（served f4279416/sc_demo；呈现 aggregate、声明 empty、渲染记录 0；负例 fixture_role_project_a_member 0 泄漏（能力闭包取运行态登录信封 principal.role_xmlids）；权威计数 visible_as_role=0/total_rows=0（真实空态））,G-F3-01 已收口（只读入口按声明空态）：空态按声明组件渲染并附权威计数证据；无记录故详情回读未执行——按声明空态记 observation、非缺陷、未放宽断言 已收口（只读入口按声明空态）：空态按声明组件渲染并附权威计数证据；无记录故详情回读未执行——按声明空态记 observation、非缺陷、未放宽断言
smart_construction_core.menu_sc_product_labor_subcontract_report_v1,劳务分包报表,报表中心,sc.labor.subcontract.report,本轮验收,F3,"{""semantics"": ""all_restricted_layers_must_match_one_group"", ""menu_chain"": [{""menu_xmlid"": ""smart_construction_core.menu_sc_root"", ""groups"": []}, {""menu_xmlid"": ""smart_construction_core.menu_sc_data_center"", ""groups"": []}, {""menu_xmlid"": ""smart_construction_core.menu_sc_product_labor_subcontract_report_v1"", ""groups"": [""smart_construction_core.group_sc_cap_data_read""]}], ""action_groups"": [""smart_construction_core.group_sc_cap_data_read""]}",smart_construction_core.action_sc_product_labor_subcontract_report_v1,Decoder → Store → Resolver → Runtime → Registry; pivot:pivot [readable_fallback]; graph:graph [readable_fallback]; tree:table [ready]; form:form_structure [structural],列表查询、筛选、详情回读：劳务分包报表,按当前后端契约逐项验证允许的创建/编辑/动作；未核实前不承诺可写,passed,artifacts/frontend-business-entry-matrix/daily-f4279416-matrix/summary.json#smart_construction_core.menu_sc_product_labor_subcontract_report_v1（served f4279416/sc_demo；呈现 aggregate、声明 ok、渲染记录 0；负例 fixture_role_project_a_member 0 泄漏（能力闭包取运行态登录信封 principal.role_xmlids））,G-F3-01 已收口：列表查询/筛选/详情回读按声明面逐项验证，明细公司归属与工作流动作取自 ui.contract.v2 信封 已收口：列表查询/筛选/详情回读按声明面逐项验证，明细公司归属与工作流动作取自 ui.contract.v2 信封
smart_construction_core.menu_sc_organization_department,部门管理,行政中心,hr.department,本轮验收,F3,"{""semantics"": ""all_restricted_layers_must_match_one_group"", ""menu_chain"": [{""menu_xmlid"": ""smart_construction_core.menu_sc_root"", ""groups"": []}, {""menu_xmlid"": ""smart_construction_core.menu_sc_hr_admin_center"", ""groups"": [""smart_construction_core.group_sc_cap_business_config_admin"", ""smart_construction_core.group_sc_cap_business_initiator""]}, {""menu_xmlid"": ""smart_construction_core.menu_sc_organization_department"", ""groups"": [""smart_construction_core.group_sc_cap_data_read""]}], ""action_groups"": [""smart_construction_core.group_sc_cap_data_read""]}",smart_construction_core.action_sc_organization_department,Decoder → Store → Resolver → Runtime → Registry; tree:table [ready]; form:form_structure [structural],列表查询、筛选、详情回读：部门管理,按当前后端契约逐项验证允许的创建/编辑/动作；未核实前不承诺可写,passed,artifacts/frontend-business-entry-matrix/daily-f4279416-matrix/summary.json#smart_construction_core.menu_sc_organization_department（served f4279416/sc_demo；呈现 table、声明 empty、渲染记录 0；负例 fixture_role_contract_operator 0 泄漏（能力闭包取运行态登录信封 principal.role_xmlids）；作用域边界：受测角色可见 0、全库 29 行且归属公司1（受测公司作用域排除），非产品零数据）,G-F3-01 已收口（只读入口按声明空态）：空态按声明组件渲染并附权威计数证据；无记录故详情回读未执行——按声明空态记 observation、非缺陷、未放宽断言 已收口（只读入口按声明空态）：空态按声明组件渲染并附权威计数证据；无记录故详情回读未执行——按声明空态记 observation、非缺陷、未放宽断言
smart_construction_core.menu_sc_product_job_management_v1,岗位管理,行政中心,hr.job,本轮验收,F3,"{""semantics"": ""all_restricted_layers_must_match_one_group"", ""menu_chain"": [{""menu_xmlid"": ""smart_construction_core.menu_sc_root"", ""groups"": []}, {""menu_xmlid"": ""smart_construction_core.menu_sc_hr_admin_center"", ""groups"": [""smart_construction_core.group_sc_cap_business_config_admin"", ""smart_construction_core.group_sc_cap_business_initiator""]}, {""menu_xmlid"": ""smart_construction_core.menu_sc_product_job_management_v1"", ""groups"": [""smart_construction_core.group_sc_cap_business_config_admin""]}], ""action_groups"": [""smart_construction_core.group_sc_cap_business_config_admin""]}",smart_construction_core.action_sc_product_job_management_v1,Decoder → Store → Resolver → Runtime → Registry; tree:table [ready]; form:form_structure [structural],列表查询、筛选、详情回读：岗位管理,按当前后端契约逐项验证允许的创建/编辑/动作；未核实前不承诺可写,passed,artifacts/frontend-business-entry-matrix/daily-f4279416-matrix/summary.json#smart_construction_core.menu_sc_product_job_management_v1（served f4279416/sc_demo；呈现 table、声明 empty、渲染记录 0；负例 fixture_role_executive 0 泄漏（能力闭包取运行态登录信封 principal.role_xmlids）；权威计数 visible_as_role=0/total_rows=0（真实空态））,G-F3-01 已收口（只读入口按声明空态）：空态按声明组件渲染并附权威计数证据；无记录故详情回读未执行——按声明空态记 observation、非缺陷、未放宽断言 已收口（只读入口按声明空态）：空态按声明组件渲染并附权威计数证据；无记录故详情回读未执行——按声明空态记 observation、非缺陷、未放宽断言
smart_construction_core.menu_sc_runtime_user_management,人员档案,行政中心,res.users,本轮验收,F3,"{""semantics"": ""all_restricted_layers_must_match_one_group"", ""menu_chain"": [{""menu_xmlid"": ""smart_construction_core.menu_sc_root"", ""groups"": []}, {""menu_xmlid"": ""smart_construction_core.menu_sc_hr_admin_center"", ""groups"": [""smart_construction_core.group_sc_cap_business_config_admin"", ""smart_construction_core.group_sc_cap_business_initiator""]}, {""menu_xmlid"": ""smart_construction_core.menu_sc_runtime_user_management"", ""groups"": [""smart_construction_core.group_sc_cap_business_config_admin"", ""smart_core.group_smart_core_admin""]}], ""action_groups"": [""smart_construction_core.group_sc_cap_business_config_admin"", ""smart_core.group_smart_core_admin""]}",smart_construction_core.action_sc_runtime_user_management,Decoder → Store → Resolver → Runtime → Registry; tree:table [ready]; form:form_structure [structural],列表查询、筛选、详情回读：人员档案,按当前后端契约逐项验证允许的创建/编辑/动作；未核实前不承诺可写,passed,artifacts/frontend-business-entry-matrix/daily-f4279416-matrix/summary.json#smart_construction_core.menu_sc_runtime_user_management（served f4279416/sc_demo；呈现 table、声明 ok、渲染记录 10；负例 fixture_role_executive 0 泄漏（能力闭包取运行态登录信封 principal.role_xmlids）；详情回读 record_id=216 公司=None 动作=None）,G-F3-01 已收口：列表查询/筛选/详情回读按声明面逐项验证，明细公司归属与工作流动作取自 ui.contract.v2 信封 已收口：列表查询/筛选/详情回读按声明面逐项验证，明细公司归属与工作流动作取自 ui.contract.v2 信封
smart_construction_core.menu_sc_certificate_registration,证书管理,行政中心,sc.document.admin.document,本轮验收,F3,"{""semantics"": ""all_restricted_layers_must_match_one_group"", ""menu_chain"": [{""menu_xmlid"": ""smart_construction_core.menu_sc_root"", ""groups"": []}, {""menu_xmlid"": ""smart_construction_core.menu_sc_hr_admin_center"", ""groups"": [""smart_construction_core.group_sc_cap_business_config_admin"", ""smart_construction_core.group_sc_cap_business_initiator""]}, {""menu_xmlid"": ""smart_construction_core.menu_sc_certificate_registration"", ""groups"": [""smart_construction_core.group_sc_cap_business_config_admin"", ""smart_construction_core.group_sc_cap_business_initiator""]}], ""action_groups"": [""smart_construction_core.group_sc_cap_business_config_admin"", ""smart_construction_core.group_sc_cap_business_initiator""]}",smart_construction_core.action_sc_certificate_registration,Decoder → Store → Resolver → Runtime → Registry; tree:table [ready]; form:form_structure [structural],列表查询、筛选、详情回读：证书管理,按当前后端契约逐项验证允许的创建/编辑/动作；未核实前不承诺可写,passed,artifacts/frontend-business-entry-matrix/daily-f4279416-matrix/summary.json#smart_construction_core.menu_sc_certificate_registration（served f4279416/sc_demo；呈现 table、声明 ok、渲染记录 20；负例 fixture_role_executive 0 泄漏（能力闭包取运行态登录信封 principal.role_xmlids）；详情回读 record_id=196 公司=None 动作=[]）,G-F3-01 已收口：列表查询/筛选/详情回读按声明面逐项验证，明细公司归属与工作流动作取自 ui.contract.v2 信封 已收口：列表查询/筛选/详情回读按声明面逐项验证，明细公司归属与工作流动作取自 ui.contract.v2 信封
smart_construction_core.menu_sc_product_social_fund_v1,社保公积,行政中心,sc.hr.payroll.document,本轮验收,F3,"{""semantics"": ""all_restricted_layers_must_match_one_group"", ""menu_chain"": [{""menu_xmlid"": ""smart_construction_core.menu_sc_root"", ""groups"": []}, {""menu_xmlid"": ""smart_construction_core.menu_sc_hr_admin_center"", ""groups"": [""smart_construction_core.group_sc_cap_business_config_admin"", ""smart_construction_core.group_sc_cap_business_initiator""]}, {""menu_xmlid"": ""smart_construction_core.menu_sc_product_social_fund_v1"", ""groups"": [""smart_construction_core.group_sc_cap_business_config_admin""]}], ""action_groups"": [""smart_construction_core.group_sc_cap_business_config_admin""]}",smart_construction_core.action_sc_product_social_fund_v1,Decoder → Store → Resolver → Runtime → Registry; tree:table [ready]; form:form_structure [structural],列表查询、筛选、详情回读：社保公积,按当前后端契约逐项验证允许的创建/编辑/动作；未核实前不承诺可写,passed,artifacts/frontend-business-entry-matrix/daily-f4279416-matrix/summary.json#smart_construction_core.menu_sc_product_social_fund_v1（served f4279416/sc_demo；呈现 table、声明 ok、渲染记录 20；负例 fixture_role_executive 0 泄漏（能力闭包取运行态登录信封 principal.role_xmlids）；详情回读 record_id=5451 公司=None 动作=[]）,G-F3-01 已收口：列表查询/筛选/详情回读按声明面逐项验证，明细公司归属与工作流动作取自 ui.contract.v2 信封 已收口：列表查询/筛选/详情回读按声明面逐项验证，明细公司归属与工作流动作取自 ui.contract.v2 信封
smart_construction_core.menu_sc_payroll_management,工资薪酬,行政中心,sc.hr.payroll.document,本轮验收,F3,"{""semantics"": ""all_restricted_layers_must_match_one_group"", ""menu_chain"": [{""menu_xmlid"": ""smart_construction_core.menu_sc_root"", ""groups"": []}, {""menu_xmlid"": ""smart_construction_core.menu_sc_hr_admin_center"", ""groups"": [""smart_construction_core.group_sc_cap_business_config_admin"", ""smart_construction_core.group_sc_cap_business_initiator""]}, {""menu_xmlid"": ""smart_construction_core.menu_sc_payroll_management"", ""groups"": [""smart_construction_core.group_sc_cap_business_config_admin"", ""smart_construction_core.group_sc_cap_business_initiator""]}], ""action_groups"": [""smart_construction_core.group_sc_cap_business_config_admin"", ""smart_construction_core.group_sc_cap_business_initiator""]}",smart_construction_core.action_sc_payroll_management,Decoder → Store → Resolver → Runtime → Registry; tree:table [ready]; form:form_structure [structural],列表查询、筛选、详情回读：工资薪酬,按当前后端契约逐项验证允许的创建/编辑/动作；未核实前不承诺可写,passed,artifacts/frontend-business-entry-matrix/daily-f4279416-matrix/summary.json#smart_construction_core.menu_sc_payroll_management（served f4279416/sc_demo；呈现 table、声明 ok、渲染记录 20；负例 fixture_role_executive 0 泄漏（能力闭包取运行态登录信封 principal.role_xmlids）；详情回读 record_id=7509 公司=None 动作=[]）,G-F3-01 已收口：列表查询/筛选/详情回读按声明面逐项验证，明细公司归属与工作流动作取自 ui.contract.v2 信封 已收口：列表查询/筛选/详情回读按声明面逐项验证，明细公司归属与工作流动作取自 ui.contract.v2 信封
smart_construction_core.menu_sc_product_office_asset_v1,办公资产,行政中心,sc.office.asset,本轮验收,F3,"{""semantics"": ""all_restricted_layers_must_match_one_group"", ""menu_chain"": [{""menu_xmlid"": ""smart_construction_core.menu_sc_root"", ""groups"": []}, {""menu_xmlid"": ""smart_construction_core.menu_sc_hr_admin_center"", ""groups"": [""smart_construction_core.group_sc_cap_business_config_admin"", ""smart_construction_core.group_sc_cap_business_initiator""]}, {""menu_xmlid"": ""smart_construction_core.menu_sc_product_office_asset_v1"", ""groups"": [""smart_construction_core.group_sc_cap_business_config_admin""]}], ""action_groups"": [""smart_construction_core.group_sc_cap_business_config_admin""]}",smart_construction_core.action_sc_product_office_asset_v1,Decoder → Store → Resolver → Runtime → Registry; tree:table [ready]; form:form_structure [structural],列表查询、筛选、详情回读：办公资产,按当前后端契约逐项验证允许的创建/编辑/动作；未核实前不承诺可写,passed,artifacts/frontend-business-entry-matrix/daily-f4279416-matrix/summary.json#smart_construction_core.menu_sc_product_office_asset_v1（served f4279416/sc_demo；呈现 table、声明 empty、渲染记录 0；负例 fixture_role_executive 0 泄漏（能力闭包取运行态登录信封 principal.role_xmlids）；权威计数 visible_as_role=0/total_rows=0（真实空态））,G-F3-01 已收口（只读入口按声明空态）：空态按声明组件渲染并附权威计数证据；无记录故详情回读未执行——按声明空态记 observation、非缺陷、未放宽断言 已收口（只读入口按声明空态）：空态按声明组件渲染并附权威计数证据；无记录故详情回读未执行——按声明空态记 observation、非缺陷、未放宽断言
smart_construction_core.menu_sc_product_policy_document_v1,制度文件,行政中心,sc.document.admin.document,本轮验收,F3,"{""semantics"": ""all_restricted_layers_must_match_one_group"", ""menu_chain"": [{""menu_xmlid"": ""smart_construction_core.menu_sc_root"", ""groups"": []}, {""menu_xmlid"": ""smart_construction_core.menu_sc_hr_admin_center"", ""groups"": [""smart_construction_core.group_sc_cap_business_config_admin"", ""smart_construction_core.group_sc_cap_business_initiator""]}, {""menu_xmlid"": ""smart_construction_core.menu_sc_product_policy_document_v1"", ""groups"": [""smart_construction_core.group_sc_cap_business_config_admin""]}], ""action_groups"": [""smart_construction_core.group_sc_cap_business_config_admin""]}",smart_construction_core.action_sc_product_policy_document_v1,Decoder → Store → Resolver → Runtime → Registry; tree:table [ready]; form:form_structure [structural],列表查询、筛选、详情回读：制度文件,按当前后端契约逐项验证允许的创建/编辑/动作；未核实前不承诺可写,passed,artifacts/frontend-business-entry-matrix/daily-f4279416-matrix/summary.json#smart_construction_core.menu_sc_product_policy_document_v1（served f4279416/sc_demo；呈现 table、声明 empty、渲染记录 0；负例 fixture_role_executive 0 泄漏（能力闭包取运行态登录信封 principal.role_xmlids）；作用域边界：受测角色可见 0、全库 15221 行且归属公司1（受测公司作用域排除），非产品零数据）,G-F3-01 已收口（只读入口按声明空态）：空态按声明组件渲染并附权威计数证据；无记录故详情回读未执行——按声明空态记 observation、非缺陷、未放宽断言 已收口（只读入口按声明空态）：空态按声明组件渲染并附权威计数证据；无记录故详情回读未执行——按声明空态记 observation、非缺陷、未放宽断言
smart_construction_core.menu_sc_business_config_workbench,表单配置,产品配置,ui.business.config.contract,本轮验收,F3,"{""semantics"": ""all_restricted_layers_must_match_one_group"", ""menu_chain"": [{""menu_xmlid"": ""smart_construction_core.menu_sc_root"", ""groups"": []}, {""menu_xmlid"": ""smart_construction_core.menu_sc_business_config_center"", ""groups"": [""smart_construction_core.group_sc_cap_business_config_admin""]}, {""menu_xmlid"": ""smart_construction_core.menu_sc_business_config_workbench"", ""groups"": [""smart_construction_core.group_sc_cap_business_config_admin"", ""smart_core.group_smart_core_admin"", ""smart_core.group_smart_core_business_config_admin""]}], ""action_groups"": [""smart_construction_core.group_sc_cap_business_config_admin"", ""smart_core.group_smart_core_admin"", ""smart_core.group_smart_core_business_config_admin""]}",smart_construction_core.action_sc_business_config_workbench,Decoder → Store → Resolver → Runtime → Registry; admin:business_config_surface [declared: action context sc_web_route=/admin/business-config overrides tree/form],列表查询、筛选、详情回读：表单配置,按当前后端契约逐项验证允许的创建/编辑/动作；未核实前不承诺可写,passed,artifacts/frontend-business-entry-matrix/daily-f4279416-matrix/summary.json#smart_construction_core.menu_sc_business_config_workbench（served f4279416/sc_demo；呈现 admin、声明 true、渲染记录 0；负例 fixture_role_project_a_member 0 泄漏（能力闭包取运行态登录信封 principal.role_xmlids））,G-F3-01 已收口（配置工作台入口按动作上下文 sc_web_route 声明 admin 工作台面；运行时以 data-product-page-mode=admin 声明并绑定，非表格断言） 已收口（配置工作台入口按动作上下文 sc_web_route 声明 admin 工作台面；运行时以 data-product-page-mode=admin 声明并绑定，非表格断言）
smart_construction_core.menu_sc_approval_policy,流程审批配置,产品配置,sc.approval.policy,本轮验收,F3,"{""semantics"": ""all_restricted_layers_must_match_one_group"", ""menu_chain"": [{""menu_xmlid"": ""smart_construction_core.menu_sc_root"", ""groups"": []}, {""menu_xmlid"": ""smart_construction_core.menu_sc_business_config_center"", ""groups"": [""smart_construction_core.group_sc_cap_business_config_admin""]}, {""menu_xmlid"": ""smart_construction_core.menu_sc_approval_policy"", ""groups"": [""smart_construction_core.group_sc_cap_business_config_admin""]}], ""action_groups"": [""smart_construction_core.group_sc_cap_business_config_admin""]}",smart_construction_core.action_sc_approval_policy,Decoder → Store → Resolver → Runtime → Registry; tree:table [ready]; form:form_structure [structural],列表查询、筛选、详情回读：流程审批配置,按当前后端契约逐项验证允许的创建/编辑/动作；未核实前不承诺可写,passed,artifacts/frontend-business-entry-matrix/daily-f4279416-matrix/summary.json#smart_construction_core.menu_sc_approval_policy（served f4279416/sc_demo；呈现 table、声明 ok、渲染记录 1；负例 fixture_role_project_a_member 0 泄漏（能力闭包取运行态登录信封 principal.role_xmlids）；详情回读 record_id=24 公司=None 动作=None）,G-F3-01 已收口：列表查询/筛选/详情回读按声明面逐项验证，明细公司归属与工作流动作取自 ui.contract.v2 信封 已收口：列表查询/筛选/详情回读按声明面逐项验证，明细公司归属与工作流动作取自 ui.contract.v2 信封
smart_construction_core.menu_ui_form_field_policy_business_config,字段管理,产品配置,ui.form.field.policy,本轮验收,F3,"{""semantics"": ""all_restricted_layers_must_match_one_group"", ""menu_chain"": [{""menu_xmlid"": ""smart_construction_core.menu_sc_root"", ""groups"": []}, {""menu_xmlid"": ""smart_construction_core.menu_sc_business_config_center"", ""groups"": [""smart_construction_core.group_sc_cap_business_config_admin""]}, {""menu_xmlid"": ""smart_construction_core.menu_ui_form_field_policy_business_config"", ""groups"": [""smart_construction_core.group_sc_cap_business_config_admin""]}], ""action_groups"": [""smart_construction_core.group_sc_cap_business_config_admin""]}",smart_construction_core.action_ui_form_field_policy_business_config,Decoder → Store → Resolver → Runtime → Registry; tree:table [ready]; form:form_structure [structural],列表查询、筛选、详情回读：字段管理,按当前后端契约逐项验证允许的创建/编辑/动作；未核实前不承诺可写,passed,artifacts/frontend-business-entry-matrix/daily-f4279416-matrix/summary.json#smart_construction_core.menu_ui_form_field_policy_business_config（served f4279416/sc_demo；呈现 table、声明 empty、渲染记录 0；负例 fixture_role_project_a_member 0 泄漏（能力闭包取运行态登录信封 principal.role_xmlids）；作用域边界：受测角色可见 0、全库 562 行且归属公司1（受测公司作用域排除），非产品零数据）,G-F3-01 已收口（只读入口按声明空态）：空态按声明组件渲染并附权威计数证据；无记录故详情回读未执行——按声明空态记 observation、非缺陷、未放宽断言 已收口（只读入口按声明空态）：空态按声明组件渲染并附权威计数证据；无记录故详情回读未执行——按声明空态记 observation、非缺陷、未放宽断言
smart_construction_core.menu_sc_product_data_permission_v1,数据权限,产品配置,res.users,本轮验收,F3,"{""semantics"": ""all_restricted_layers_must_match_one_group"", ""menu_chain"": [{""menu_xmlid"": ""smart_construction_core.menu_sc_root"", ""groups"": []}, {""menu_xmlid"": ""smart_construction_core.menu_sc_business_config_center"", ""groups"": [""smart_construction_core.group_sc_cap_business_config_admin""]}, {""menu_xmlid"": ""smart_construction_core.menu_sc_product_data_permission_v1"", ""groups"": [""smart_construction_core.group_sc_cap_config_admin"", ""smart_construction_core.group_sc_cap_business_config_admin""]}], ""action_groups"": [""smart_construction_core.group_sc_cap_config_admin"", ""smart_construction_core.group_sc_cap_business_config_admin""]}",smart_construction_core.action_sc_product_data_permission_v1,Decoder → Store → Resolver → Runtime → Registry; tree:table [ready]; form:form_structure [structural],列表查询、筛选、详情回读：数据权限,按当前后端契约逐项验证允许的创建/编辑/动作；未核实前不承诺可写,passed,artifacts/frontend-business-entry-matrix/daily-aed39bc5-matrix/summary.json#smart_construction_core.menu_sc_product_data_permission_v1（served aed39bc5/sc_demo；交付于业务配置管理员角色（config/frontend/role_surface_exposure_declarations_v1.json#roles.business_config_admin，owner decision B：可配置属产品功能）；负例 fixture_role_project_a_member 未泄露）,G-F3-01 已收口（owner decision B，2026-10-07：可配置属产品功能）：声明组保留 group_sc_cap_config_admin 并新增 group_sc_cap_business_config_admin，ACL 同步授予；日常运行时 business_config_admin 夹具发布面由 86→89 并呈现本入口，列表/表单生命周期、详情回读与负例（fixture_role_project_a_member 未泄露）均通过。未放宽断言、ACL、字段权限或负例。
smart_construction_core.menu_sc_product_system_parameter_v1,系统参数,产品配置,sc.product.system.settings,本轮验收,F3,"{""semantics"": ""all_restricted_layers_must_match_one_group"", ""menu_chain"": [{""menu_xmlid"": ""smart_construction_core.menu_sc_root"", ""groups"": []}, {""menu_xmlid"": ""smart_construction_core.menu_sc_business_config_center"", ""groups"": [""smart_construction_core.group_sc_cap_business_config_admin""]}, {""menu_xmlid"": ""smart_construction_core.menu_sc_product_system_parameter_v1"", ""groups"": [""smart_construction_core.group_sc_cap_config_admin"", ""smart_construction_core.group_sc_cap_business_config_admin""]}], ""action_groups"": [""smart_construction_core.group_sc_cap_config_admin"", ""smart_construction_core.group_sc_cap_business_config_admin""]}",smart_construction_core.action_sc_product_system_parameter_v1,Decoder → Store → Resolver → Runtime → Registry; form:form_structure [structural],核对表单默认值、关系选择及当前记录回读；入口不宣称提供独立列表：系统参数,按当前后端契约逐项验证允许的创建/编辑/动作；未核实前不承诺可写,passed,artifacts/frontend-business-entry-matrix/daily-aed39bc5-matrix/summary.json#smart_construction_core.menu_sc_product_system_parameter_v1（served aed39bc5/sc_demo；交付于业务配置管理员角色（config/frontend/role_surface_exposure_declarations_v1.json#roles.business_config_admin，owner decision B：可配置属产品功能）；负例 fixture_role_project_a_member 未泄露）,G-F3-01 已收口（owner decision B，2026-10-07：可配置属产品功能）：声明组保留 group_sc_cap_config_admin 并新增 group_sc_cap_business_config_admin，ACL 同步授予；日常运行时 business_config_admin 夹具发布面由 86→89 并呈现本入口，列表/表单生命周期、详情回读与负例（fixture_role_project_a_member 未泄露）均通过。未放宽断言、ACL、字段权限或负例。
smart_construction_core.menu_sc_product_numbering_rule_v1,编码规则,产品配置,ir.sequence,本轮验收,F3,"{""semantics"": ""all_restricted_layers_must_match_one_group"", ""menu_chain"": [{""menu_xmlid"": ""smart_construction_core.menu_sc_root"", ""groups"": []}, {""menu_xmlid"": ""smart_construction_core.menu_sc_business_config_center"", ""groups"": [""smart_construction_core.group_sc_cap_business_config_admin""]}, {""menu_xmlid"": ""smart_construction_core.menu_sc_product_numbering_rule_v1"", ""groups"": [""smart_construction_core.group_sc_cap_config_admin"", ""smart_construction_core.group_sc_cap_business_config_admin""]}], ""action_groups"": [""smart_construction_core.group_sc_cap_config_admin"", ""smart_construction_core.group_sc_cap_business_config_admin""]}",smart_construction_core.action_sc_product_numbering_rule_v1,Decoder → Store → Resolver → Runtime → Registry; tree:table [ready]; form:form_structure [structural],列表查询、筛选、详情回读：编码规则,按当前后端契约逐项验证允许的创建/编辑/动作；未核实前不承诺可写,passed,artifacts/frontend-business-entry-matrix/daily-aed39bc5-matrix/summary.json#smart_construction_core.menu_sc_product_numbering_rule_v1（served aed39bc5/sc_demo；交付于业务配置管理员角色（config/frontend/role_surface_exposure_declarations_v1.json#roles.business_config_admin，owner decision B：可配置属产品功能）；负例 fixture_role_project_a_member 未泄露）,G-F3-01 已收口（owner decision B，2026-10-07：可配置属产品功能）：声明组保留 group_sc_cap_config_admin 并新增 group_sc_cap_business_config_admin，ACL 同步授予；日常运行时 business_config_admin 夹具发布面由 86→89 并呈现本入口，列表/表单生命周期、详情回读与负例（fixture_role_project_a_member 未泄露）均通过。未放宽断言、ACL、字段权限或负例。
