model,field_name,label,dependency_kind,formal_target_field,view_contract,search_sort_compatibility,formal_business_authority,approval_dependency,statistics_dependency,risk,proposed_action
construction.contract,p1_visible_06fa8c6f628f,单据状态,DISPLAY_SEARCH_EXPORT_COMPATIBILITY,state,true,true,false,false,false,HIGH_GLOBAL_DEFINITION,"Migrate display/view identity to formal fields, then retire alias by controlled upgrade."
construction.contract,p1_visible_0965a7d1e74c,工程类别,DISPLAY_SEARCH_EXPORT_COMPATIBILITY,engineering_category_text,true,true,false,false,false,HIGH_GLOBAL_DEFINITION,"Migrate display/view identity to formal fields, then retire alias by controlled upgrade."
construction.contract,p1_visible_0cf26c325f34,工程地址,DISPLAY_SEARCH_EXPORT_COMPATIBILITY,engineering_address,true,true,false,false,false,HIGH_GLOBAL_DEFINITION,"Migrate display/view identity to formal fields, then retire alias by controlled upgrade."
construction.contract,p1_visible_17b341733b7b,合同编号,DISPLAY_SEARCH_EXPORT_COMPATIBILITY,name,true,true,false,false,false,HIGH_GLOBAL_DEFINITION,"Migrate display/view identity to formal fields, then retire alias by controlled upgrade."
construction.contract,p1_visible_202b429f79ca,原件是否归档,DISPLAY_SEARCH_EXPORT_COMPATIBILITY,archived,true,true,false,false,false,HIGH_GLOBAL_DEFINITION,"Migrate display/view identity to formal fields, then retire alias by controlled upgrade."
construction.contract,p1_visible_2585b4ab16bd,合同订立日期,DISPLAY_SEARCH_EXPORT_COMPATIBILITY,date_contract,true,true,false,false,false,HIGH_GLOBAL_DEFINITION,"Migrate display/view identity to formal fields, then retire alias by controlled upgrade."
construction.contract,p1_visible_3e7255522b33,项目名称,DISPLAY_SEARCH_EXPORT_COMPATIBILITY,project_id,true,true,false,false,false,HIGH_GLOBAL_DEFINITION,"Migrate display/view identity to formal fields, then retire alias by controlled upgrade."
construction.contract,p1_visible_3ec01dd569e2,合同标题,DISPLAY_SEARCH_EXPORT_COMPATIBILITY,name,true,true,false,false,false,HIGH_GLOBAL_DEFINITION,"Migrate display/view identity to formal fields, then retire alias by controlled upgrade."
construction.contract,p1_visible_5839c15a34a4,挂靠人,DISPLAY_SEARCH_EXPORT_COMPATIBILITY,affiliated_person,true,true,false,false,false,HIGH_GLOBAL_DEFINITION,"Migrate display/view identity to formal fields, then retire alias by controlled upgrade."
construction.contract,p1_visible_58a2eb3301c1,结算金额,DISPLAY_SEARCH_EXPORT_COMPATIBILITY,amount_total,true,true,false,false,false,HIGH_GLOBAL_DEFINITION,"Migrate display/view identity to formal fields, then retire alias by controlled upgrade."
construction.contract,p1_visible_75b438b16f10,未收款,DISPLAY_SEARCH_EXPORT_COMPATIBILITY,visible_unreceived_amount,true,true,false,false,false,HIGH_GLOBAL_DEFINITION,"Migrate display/view identity to formal fields, then retire alias by controlled upgrade."
construction.contract,p1_visible_75e856a13c7c,合同金额,DISPLAY_SEARCH_EXPORT_COMPATIBILITY,amount_total,true,true,false,false,false,HIGH_GLOBAL_DEFINITION,"Migrate display/view identity to formal fields, then retire alias by controlled upgrade."
construction.contract,p1_visible_7b9f4bb3e3ea,工程内容,DISPLAY_SEARCH_EXPORT_COMPATIBILITY,engineering_content,true,true,false,false,false,HIGH_GLOBAL_DEFINITION,"Migrate display/view identity to formal fields, then retire alias by controlled upgrade."
construction.contract,p1_visible_8fa8662ad38f,单据编号,DISPLAY_SEARCH_EXPORT_COMPATIBILITY,name,true,true,false,false,false,HIGH_GLOBAL_DEFINITION,"Migrate display/view identity to formal fields, then retire alias by controlled upgrade."
construction.contract,p1_visible_99f6fe6c41ad,附件,DISPLAY_SEARCH_EXPORT_COMPATIBILITY,attachment_ids;message_attachment_count,true,true,false,false,false,HIGH_GLOBAL_DEFINITION,"Migrate display/view identity to formal fields, then retire alias by controlled upgrade."
construction.contract,p1_visible_affba7961481,累计开票,DISPLAY_SEARCH_EXPORT_COMPATIBILITY,visible_invoice_amount,true,true,false,false,false,HIGH_GLOBAL_DEFINITION,"Migrate display/view identity to formal fields, then retire alias by controlled upgrade."
construction.contract,p1_visible_bf0c9e684289,未收款比例,DISPLAY_SEARCH_EXPORT_COMPATIBILITY,visible_unreceived_rate,true,true,false,false,false,HIGH_GLOBAL_DEFINITION,"Migrate display/view identity to formal fields, then retire alias by controlled upgrade."
construction.contract,p1_visible_da9d3c637407,累计收款,DISPLAY_SEARCH_EXPORT_COMPATIBILITY,visible_received_amount,true,true,false,false,false,HIGH_GLOBAL_DEFINITION,"Migrate display/view identity to formal fields, then retire alias by controlled upgrade."
construction.contract,p1_visible_dfc25d77dc39,录入时间,DISPLAY_SEARCH_EXPORT_COMPATIBILITY,source_created_at,true,true,false,false,false,HIGH_GLOBAL_DEFINITION,"Migrate display/view identity to formal fields, then retire alias by controlled upgrade."
construction.contract,p1_visible_ee6a4d9e2956,录入人,DISPLAY_SEARCH_EXPORT_COMPATIBILITY,source_created_by,true,true,false,false,false,HIGH_GLOBAL_DEFINITION,"Migrate display/view identity to formal fields, then retire alias by controlled upgrade."
construction.contract,p1_visible_fadf1135d6a4,发包人,DISPLAY_SEARCH_EXPORT_COMPATIBILITY,partner_id,true,true,false,false,false,HIGH_GLOBAL_DEFINITION,"Migrate display/view identity to formal fields, then retire alias by controlled upgrade."
construction.contract.expense,p1_visible_06fa8c6f628f,P1可见单据状态,STALE_VIEW_OR_REGISTRY_REFERENCE,,false,false,false,false,false,HIGH_STALE_GLOBAL_METADATA,"Prove zero references, then remove stale registry/view metadata in a reversible migration."
construction.contract.expense,p1_visible_0965a7d1e74c,P1可见工程类别,STALE_VIEW_OR_REGISTRY_REFERENCE,,false,false,false,false,false,HIGH_STALE_GLOBAL_METADATA,"Prove zero references, then remove stale registry/view metadata in a reversible migration."
construction.contract.expense,p1_visible_0cf26c325f34,P1可见工程地址,STALE_VIEW_OR_REGISTRY_REFERENCE,,false,false,false,false,false,HIGH_STALE_GLOBAL_METADATA,"Prove zero references, then remove stale registry/view metadata in a reversible migration."
construction.contract.expense,p1_visible_17b341733b7b,P1可见合同编号,STALE_VIEW_OR_REGISTRY_REFERENCE,,false,false,false,false,false,HIGH_STALE_GLOBAL_METADATA,"Prove zero references, then remove stale registry/view metadata in a reversible migration."
construction.contract.expense,p1_visible_202b429f79ca,P1可见原件是否归档,STALE_VIEW_OR_REGISTRY_REFERENCE,,false,false,false,false,false,HIGH_STALE_GLOBAL_METADATA,"Prove zero references, then remove stale registry/view metadata in a reversible migration."
construction.contract.expense,p1_visible_2585b4ab16bd,P1可见合同订立日期,STALE_VIEW_OR_REGISTRY_REFERENCE,,false,false,false,false,false,HIGH_STALE_GLOBAL_METADATA,"Prove zero references, then remove stale registry/view metadata in a reversible migration."
construction.contract.expense,p1_visible_3e7255522b33,P1可见项目名称,STALE_VIEW_OR_REGISTRY_REFERENCE,,false,false,false,false,false,HIGH_STALE_GLOBAL_METADATA,"Prove zero references, then remove stale registry/view metadata in a reversible migration."
construction.contract.expense,p1_visible_3ec01dd569e2,P1可见合同标题,STALE_VIEW_OR_REGISTRY_REFERENCE,,false,false,false,false,false,HIGH_STALE_GLOBAL_METADATA,"Prove zero references, then remove stale registry/view metadata in a reversible migration."
construction.contract.expense,p1_visible_5839c15a34a4,P1可见挂靠人,STALE_VIEW_OR_REGISTRY_REFERENCE,,false,false,false,false,false,HIGH_STALE_GLOBAL_METADATA,"Prove zero references, then remove stale registry/view metadata in a reversible migration."
construction.contract.expense,p1_visible_58a2eb3301c1,P1可见结算金额,STALE_VIEW_OR_REGISTRY_REFERENCE,,false,false,false,false,false,HIGH_STALE_GLOBAL_METADATA,"Prove zero references, then remove stale registry/view metadata in a reversible migration."
construction.contract.expense,p1_visible_75b438b16f10,P1可见未收款,STALE_VIEW_OR_REGISTRY_REFERENCE,,false,false,false,false,false,HIGH_STALE_GLOBAL_METADATA,"Prove zero references, then remove stale registry/view metadata in a reversible migration."
construction.contract.expense,p1_visible_75e856a13c7c,P1可见合同金额,STALE_VIEW_OR_REGISTRY_REFERENCE,,false,false,false,false,false,HIGH_STALE_GLOBAL_METADATA,"Prove zero references, then remove stale registry/view metadata in a reversible migration."
construction.contract.expense,p1_visible_7b9f4bb3e3ea,P1可见工程内容,STALE_VIEW_OR_REGISTRY_REFERENCE,,false,false,false,false,false,HIGH_STALE_GLOBAL_METADATA,"Prove zero references, then remove stale registry/view metadata in a reversible migration."
construction.contract.expense,p1_visible_8fa8662ad38f,P1可见单据编号,STALE_VIEW_OR_REGISTRY_REFERENCE,,false,false,false,false,false,HIGH_STALE_GLOBAL_METADATA,"Prove zero references, then remove stale registry/view metadata in a reversible migration."
construction.contract.expense,p1_visible_99f6fe6c41ad,P1可见附件,STALE_VIEW_OR_REGISTRY_REFERENCE,,false,false,false,false,false,HIGH_STALE_GLOBAL_METADATA,"Prove zero references, then remove stale registry/view metadata in a reversible migration."
construction.contract.expense,p1_visible_affba7961481,P1可见累计开票,STALE_VIEW_OR_REGISTRY_REFERENCE,,false,false,false,false,false,HIGH_STALE_GLOBAL_METADATA,"Prove zero references, then remove stale registry/view metadata in a reversible migration."
construction.contract.expense,p1_visible_bf0c9e684289,P1可见未收款比例,STALE_VIEW_OR_REGISTRY_REFERENCE,,false,false,false,false,false,HIGH_STALE_GLOBAL_METADATA,"Prove zero references, then remove stale registry/view metadata in a reversible migration."
construction.contract.expense,p1_visible_da9d3c637407,P1可见累计收款,STALE_VIEW_OR_REGISTRY_REFERENCE,,false,false,false,false,false,HIGH_STALE_GLOBAL_METADATA,"Prove zero references, then remove stale registry/view metadata in a reversible migration."
construction.contract.expense,p1_visible_dfc25d77dc39,P1可见录入时间,STALE_VIEW_OR_REGISTRY_REFERENCE,,false,false,false,false,false,HIGH_STALE_GLOBAL_METADATA,"Prove zero references, then remove stale registry/view metadata in a reversible migration."
construction.contract.expense,p1_visible_ee6a4d9e2956,P1可见录入人,STALE_VIEW_OR_REGISTRY_REFERENCE,,false,false,false,false,false,HIGH_STALE_GLOBAL_METADATA,"Prove zero references, then remove stale registry/view metadata in a reversible migration."
construction.contract.expense,p1_visible_fadf1135d6a4,P1可见发包人,STALE_VIEW_OR_REGISTRY_REFERENCE,,false,false,false,false,false,HIGH_STALE_GLOBAL_METADATA,"Prove zero references, then remove stale registry/view metadata in a reversible migration."
construction.contract.income,p1_visible_06fa8c6f628f,P1可见单据状态,STALE_VIEW_OR_REGISTRY_REFERENCE,,false,false,false,false,false,HIGH_STALE_GLOBAL_METADATA,"Prove zero references, then remove stale registry/view metadata in a reversible migration."
construction.contract.income,p1_visible_0965a7d1e74c,P1可见工程类别,STALE_VIEW_OR_REGISTRY_REFERENCE,,false,false,false,false,false,HIGH_STALE_GLOBAL_METADATA,"Prove zero references, then remove stale registry/view metadata in a reversible migration."
construction.contract.income,p1_visible_0cf26c325f34,P1可见工程地址,STALE_VIEW_OR_REGISTRY_REFERENCE,,false,false,false,false,false,HIGH_STALE_GLOBAL_METADATA,"Prove zero references, then remove stale registry/view metadata in a reversible migration."
construction.contract.income,p1_visible_17b341733b7b,P1可见合同编号,STALE_VIEW_OR_REGISTRY_REFERENCE,,false,false,false,false,false,HIGH_STALE_GLOBAL_METADATA,"Prove zero references, then remove stale registry/view metadata in a reversible migration."
construction.contract.income,p1_visible_202b429f79ca,P1可见原件是否归档,STALE_VIEW_OR_REGISTRY_REFERENCE,,false,false,false,false,false,HIGH_STALE_GLOBAL_METADATA,"Prove zero references, then remove stale registry/view metadata in a reversible migration."
construction.contract.income,p1_visible_2585b4ab16bd,P1可见合同订立日期,STALE_VIEW_OR_REGISTRY_REFERENCE,,false,false,false,false,false,HIGH_STALE_GLOBAL_METADATA,"Prove zero references, then remove stale registry/view metadata in a reversible migration."
construction.contract.income,p1_visible_3e7255522b33,P1可见项目名称,STALE_VIEW_OR_REGISTRY_REFERENCE,,false,false,false,false,false,HIGH_STALE_GLOBAL_METADATA,"Prove zero references, then remove stale registry/view metadata in a reversible migration."
construction.contract.income,p1_visible_3ec01dd569e2,P1可见合同标题,STALE_VIEW_OR_REGISTRY_REFERENCE,,false,false,false,false,false,HIGH_STALE_GLOBAL_METADATA,"Prove zero references, then remove stale registry/view metadata in a reversible migration."
construction.contract.income,p1_visible_5839c15a34a4,P1可见挂靠人,STALE_VIEW_OR_REGISTRY_REFERENCE,,false,false,false,false,false,HIGH_STALE_GLOBAL_METADATA,"Prove zero references, then remove stale registry/view metadata in a reversible migration."
construction.contract.income,p1_visible_58a2eb3301c1,P1可见结算金额,STALE_VIEW_OR_REGISTRY_REFERENCE,,false,false,false,false,false,HIGH_STALE_GLOBAL_METADATA,"Prove zero references, then remove stale registry/view metadata in a reversible migration."
construction.contract.income,p1_visible_75b438b16f10,P1可见未收款,STALE_VIEW_OR_REGISTRY_REFERENCE,,false,false,false,false,false,HIGH_STALE_GLOBAL_METADATA,"Prove zero references, then remove stale registry/view metadata in a reversible migration."
construction.contract.income,p1_visible_75e856a13c7c,P1可见合同金额,STALE_VIEW_OR_REGISTRY_REFERENCE,,false,false,false,false,false,HIGH_STALE_GLOBAL_METADATA,"Prove zero references, then remove stale registry/view metadata in a reversible migration."
construction.contract.income,p1_visible_7b9f4bb3e3ea,P1可见工程内容,STALE_VIEW_OR_REGISTRY_REFERENCE,,false,false,false,false,false,HIGH_STALE_GLOBAL_METADATA,"Prove zero references, then remove stale registry/view metadata in a reversible migration."
construction.contract.income,p1_visible_8fa8662ad38f,P1可见单据编号,STALE_VIEW_OR_REGISTRY_REFERENCE,,false,false,false,false,false,HIGH_STALE_GLOBAL_METADATA,"Prove zero references, then remove stale registry/view metadata in a reversible migration."
construction.contract.income,p1_visible_99f6fe6c41ad,P1可见附件,STALE_VIEW_OR_REGISTRY_REFERENCE,,false,false,false,false,false,HIGH_STALE_GLOBAL_METADATA,"Prove zero references, then remove stale registry/view metadata in a reversible migration."
construction.contract.income,p1_visible_affba7961481,P1可见累计开票,STALE_VIEW_OR_REGISTRY_REFERENCE,,false,false,false,false,false,HIGH_STALE_GLOBAL_METADATA,"Prove zero references, then remove stale registry/view metadata in a reversible migration."
construction.contract.income,p1_visible_bf0c9e684289,P1可见未收款比例,STALE_VIEW_OR_REGISTRY_REFERENCE,,false,false,false,false,false,HIGH_STALE_GLOBAL_METADATA,"Prove zero references, then remove stale registry/view metadata in a reversible migration."
construction.contract.income,p1_visible_da9d3c637407,P1可见累计收款,STALE_VIEW_OR_REGISTRY_REFERENCE,,false,false,false,false,false,HIGH_STALE_GLOBAL_METADATA,"Prove zero references, then remove stale registry/view metadata in a reversible migration."
construction.contract.income,p1_visible_dfc25d77dc39,P1可见录入时间,STALE_VIEW_OR_REGISTRY_REFERENCE,,false,false,false,false,false,HIGH_STALE_GLOBAL_METADATA,"Prove zero references, then remove stale registry/view metadata in a reversible migration."
construction.contract.income,p1_visible_ee6a4d9e2956,P1可见录入人,STALE_VIEW_OR_REGISTRY_REFERENCE,,false,false,false,false,false,HIGH_STALE_GLOBAL_METADATA,"Prove zero references, then remove stale registry/view metadata in a reversible migration."
construction.contract.income,p1_visible_fadf1135d6a4,P1可见发包人,STALE_VIEW_OR_REGISTRY_REFERENCE,,false,false,false,false,false,HIGH_STALE_GLOBAL_METADATA,"Prove zero references, then remove stale registry/view metadata in a reversible migration."
payment.request,p1_visible_06fa8c6f628f,单据状态,DISPLAY_SEARCH_EXPORT_COMPATIBILITY,document_status_display;state,true,true,false,false,false,HIGH_GLOBAL_DEFINITION,"Migrate display/view identity to formal fields, then retire alias by controlled upgrade."
payment.request,p1_visible_1874b0ce5103,是否关联单据,DISPLAY_SEARCH_EXPORT_COMPATIBILITY,related_document_text;settlement_id;line_settlement_summary;material_settlement_id;contract_id,true,true,false,false,false,HIGH_GLOBAL_DEFINITION,"Migrate display/view identity to formal fields, then retire alias by controlled upgrade."
payment.request,p1_visible_2c346345746e,申请日期,DISPLAY_SEARCH_EXPORT_COMPATIBILITY,date_request;create_date,true,true,false,false,false,HIGH_GLOBAL_DEFINITION,"Migrate display/view identity to formal fields, then retire alias by controlled upgrade."
payment.request,p1_visible_34943c40c9af,金额,DISPLAY_SEARCH_EXPORT_COMPATIBILITY,amount,true,true,false,false,false,HIGH_GLOBAL_DEFINITION,"Migrate display/view identity to formal fields, then retire alias by controlled upgrade."
payment.request,p1_visible_3759fcfc297a,付款账号,DISPLAY_SEARCH_EXPORT_COMPATIBILITY,payment_account_no_display;payment_account_no;partner_bank_account,true,true,false,false,false,HIGH_GLOBAL_DEFINITION,"Migrate display/view identity to formal fields, then retire alias by controlled upgrade."
payment.request,p1_visible_3e5fd432c9df,收款账号,DISPLAY_SEARCH_EXPORT_COMPATIBILITY,payment_account_no,true,true,false,false,false,HIGH_GLOBAL_DEFINITION,"Migrate display/view identity to formal fields, then retire alias by controlled upgrade."
payment.request,p1_visible_3e7255522b33,项目名称,DISPLAY_SEARCH_EXPORT_COMPATIBILITY,project_name_display;project_id,true,true,false,false,false,HIGH_GLOBAL_DEFINITION,"Migrate display/view identity to formal fields, then retire alias by controlled upgrade."
payment.request,p1_visible_3f91cf4fc953,付款单位,DISPLAY_SEARCH_EXPORT_COMPATIBILITY,payer_unit_display;payer_unit,true,true,false,false,false,HIGH_GLOBAL_DEFINITION,"Migrate display/view identity to formal fields, then retire alias by controlled upgrade."
payment.request,p1_visible_48a64eb40c71,开户行,DISPLAY_SEARCH_EXPORT_COMPATIBILITY,payee_bank_name_display;payment_bank_name;partner_bank_name,true,true,false,false,false,HIGH_GLOBAL_DEFINITION,"Migrate display/view identity to formal fields, then retire alias by controlled upgrade."
payment.request,p1_visible_63c5facb9f66,成本分类名称,DISPLAY_SEARCH_EXPORT_COMPATIBILITY,cost_type_display;cost_category_name,true,true,false,false,false,HIGH_GLOBAL_DEFINITION,"Migrate display/view identity to formal fields, then retire alias by controlled upgrade."
payment.request,p1_visible_6cf6e39bece9,金额大写,DISPLAY_SEARCH_EXPORT_COMPATIBILITY,amount_uppercase_display;accepted_amount_uppercase;amount_uppercase,true,true,false,false,false,HIGH_GLOBAL_DEFINITION,"Migrate display/view identity to formal fields, then retire alias by controlled upgrade."
payment.request,p1_visible_71e47f617269,填写人,DISPLAY_SEARCH_EXPORT_COMPATIBILITY,creator_name;source_created_by,true,true,false,false,false,HIGH_GLOBAL_DEFINITION,"Migrate display/view identity to formal fields, then retire alias by controlled upgrade."
payment.request,p1_visible_880ab989a872,申请人,DISPLAY_SEARCH_EXPORT_COMPATIBILITY,source_created_by;creator_name,true,true,false,false,false,HIGH_GLOBAL_DEFINITION,"Migrate display/view identity to formal fields, then retire alias by controlled upgrade."
payment.request,p1_visible_8fa8662ad38f,单据编号,DISPLAY_SEARCH_EXPORT_COMPATIBILITY,name,true,true,false,false,false,HIGH_GLOBAL_DEFINITION,"Migrate display/view identity to formal fields, then retire alias by controlled upgrade."
payment.request,p1_visible_901384917949,账号,DISPLAY_SEARCH_EXPORT_COMPATIBILITY,payee_account_no_display;payment_account_no;partner_bank_account,true,true,false,false,false,HIGH_GLOBAL_DEFINITION,"Migrate display/view identity to formal fields, then retire alias by controlled upgrade."
payment.request,p1_visible_9469a2ad32f8,实际付款金额,DISPLAY_SEARCH_EXPORT_COMPATIBILITY,actual_paid_amount_display;paid_amount_total;amount,true,true,false,false,false,HIGH_GLOBAL_DEFINITION,"Migrate display/view identity to formal fields, then retire alias by controlled upgrade."
payment.request,p1_visible_99f6fe6c41ad,附件,DISPLAY_SEARCH_EXPORT_COMPATIBILITY,attachment_ids;message_attachment_count,true,true,false,false,false,HIGH_GLOBAL_DEFINITION,"Migrate display/view identity to formal fields, then retire alias by controlled upgrade."
payment.request,p1_visible_a103d7cee046,户名,DISPLAY_SEARCH_EXPORT_COMPATIBILITY,payee_account_name_display;payment_account_name;partner_account_name,true,true,false,false,false,HIGH_GLOBAL_DEFINITION,"Migrate display/view identity to formal fields, then retire alias by controlled upgrade."
payment.request,p1_visible_ae1abe750af6,可用余额,DISPLAY_SEARCH_EXPORT_COMPATIBILITY,settlement_amount_payable;settlement_remaining_amount,true,true,false,false,false,HIGH_GLOBAL_DEFINITION,"Migrate display/view identity to formal fields, then retire alias by controlled upgrade."
payment.request,p1_visible_bb7c7aeff3e4,收款人,DISPLAY_SEARCH_EXPORT_COMPATIBILITY,partner_id,true,true,false,false,false,HIGH_GLOBAL_DEFINITION,"Migrate display/view identity to formal fields, then retire alias by controlled upgrade."
payment.request,p1_visible_c00fc55a25b8,申请付款金额,DISPLAY_SEARCH_EXPORT_COMPATIBILITY,request_amount_display;amount,true,true,false,false,false,HIGH_GLOBAL_DEFINITION,"Migrate display/view identity to formal fields, then retire alias by controlled upgrade."
payment.request,p1_visible_c6b9a8cfdb21,付款方式,DISPLAY_SEARCH_EXPORT_COMPATIBILITY,receipt_type;type,true,true,false,false,false,HIGH_GLOBAL_DEFINITION,"Migrate display/view identity to formal fields, then retire alias by controlled upgrade."
payment.request,p1_visible_ccfa1326c88f,收款单位,DISPLAY_SEARCH_EXPORT_COMPATIBILITY,payee_unit_display;partner_id,true,true,false,false,false,HIGH_GLOBAL_DEFINITION,"Migrate display/view identity to formal fields, then retire alias by controlled upgrade."
payment.request,p1_visible_cdac00d3097d,类型（成本）,DISPLAY_SEARCH_EXPORT_COMPATIBILITY,cost_type_display;cost_category_name,true,true,false,false,false,HIGH_GLOBAL_DEFINITION,"Migrate display/view identity to formal fields, then retire alias by controlled upgrade."
payment.request,p1_visible_cf2988988f42,实际收款单位,DISPLAY_SEARCH_EXPORT_COMPATIBILITY,actual_payee_unit_display;actual_payee_unit;partner_id;payment_account_name,true,true,false,false,false,HIGH_GLOBAL_DEFINITION,"Migrate display/view identity to formal fields, then retire alias by controlled upgrade."
payment.request,p1_visible_dfc25d77dc39,录入时间,DISPLAY_SEARCH_EXPORT_COMPATIBILITY,source_created_at;created_time,true,true,false,false,false,HIGH_GLOBAL_DEFINITION,"Migrate display/view identity to formal fields, then retire alias by controlled upgrade."
payment.request,p1_visible_e0361480e3a5,备注,DISPLAY_SEARCH_EXPORT_COMPATIBILITY,note_display;note,true,true,false,false,false,HIGH_GLOBAL_DEFINITION,"Migrate display/view identity to formal fields, then retire alias by controlled upgrade."
payment.request,p1_visible_ee6a4d9e2956,录入人,DISPLAY_SEARCH_EXPORT_COMPATIBILITY,source_created_by;creator_name,true,true,false,false,false,HIGH_GLOBAL_DEFINITION,"Migrate display/view identity to formal fields, then retire alias by controlled upgrade."
sc.business.entity,p1_visible_06fa8c6f628f,单据状态,DISPLAY_SEARCH_EXPORT_COMPATIBILITY,document_state_text;mapping_state,true,true,false,false,false,HIGH_GLOBAL_DEFINITION,"Migrate display/view identity to formal fields, then retire alias by controlled upgrade."
sc.business.entity,p1_visible_0b959af0bd69,开户账号,DISPLAY_SEARCH_EXPORT_COMPATIBILITY,bank_account_no,true,true,false,false,false,HIGH_GLOBAL_DEFINITION,"Migrate display/view identity to formal fields, then retire alias by controlled upgrade."
sc.business.entity,p1_visible_0d083785a541,统一社会信用代码,DISPLAY_SEARCH_EXPORT_COMPATIBILITY,social_credit_code,true,true,false,false,false,HIGH_GLOBAL_DEFINITION,"Migrate display/view identity to formal fields, then retire alias by controlled upgrade."
sc.business.entity,p1_visible_0faf3e63f1f4,合作类型,DISPLAY_SEARCH_EXPORT_COMPATIBILITY,cooperation_type,true,true,false,false,false,HIGH_GLOBAL_DEFINITION,"Migrate display/view identity to formal fields, then retire alias by controlled upgrade."
sc.business.entity,p1_visible_25b047589d9e,开户银行,DISPLAY_SEARCH_EXPORT_COMPATIBILITY,bank_name,true,true,false,false,false,HIGH_GLOBAL_DEFINITION,"Migrate display/view identity to formal fields, then retire alias by controlled upgrade."
sc.business.entity,p1_visible_3e0225610e0b,单位名称,DISPLAY_SEARCH_EXPORT_COMPATIBILITY,name;partner_id,true,true,false,false,false,HIGH_GLOBAL_DEFINITION,"Migrate display/view identity to formal fields, then retire alias by controlled upgrade."
sc.business.entity,p1_visible_3e7255522b33,项目名称,DISPLAY_SEARCH_EXPORT_COMPATIBILITY,project_name,true,true,false,false,false,HIGH_GLOBAL_DEFINITION,"Migrate display/view identity to formal fields, then retire alias by controlled upgrade."
sc.business.entity,p1_visible_53178a0b4360,收款金额,DISPLAY_SEARCH_EXPORT_COMPATIBILITY,receipt_amount,true,true,false,false,false,HIGH_GLOBAL_DEFINITION,"Migrate display/view identity to formal fields, then retire alias by controlled upgrade."
sc.business.entity,p1_visible_7b434f7160f0,开户姓名,DISPLAY_SEARCH_EXPORT_COMPATIBILITY,bank_account_holder,true,true,false,false,false,HIGH_GLOBAL_DEFINITION,"Migrate display/view identity to formal fields, then retire alias by controlled upgrade."
sc.business.entity,p1_visible_901384917949,账号,DISPLAY_SEARCH_EXPORT_COMPATIBILITY,bank_account_no,true,true,false,false,false,HIGH_GLOBAL_DEFINITION,"Migrate display/view identity to formal fields, then retire alias by controlled upgrade."
sc.business.entity,p1_visible_cf4210e06be7,单位编号,DISPLAY_SEARCH_EXPORT_COMPATIBILITY,name,true,true,false,false,false,HIGH_GLOBAL_DEFINITION,"Migrate display/view identity to formal fields, then retire alias by controlled upgrade."
sc.business.entity,p1_visible_d890d302f7f7,付款金额,DISPLAY_SEARCH_EXPORT_COMPATIBILITY,payment_amount,true,true,false,false,false,HIGH_GLOBAL_DEFINITION,"Migrate display/view identity to formal fields, then retire alias by controlled upgrade."
sc.business.entity,p1_visible_dfc25d77dc39,录入时间,DISPLAY_SEARCH_EXPORT_COMPATIBILITY,entry_time;source_created_at,true,true,false,false,false,HIGH_GLOBAL_DEFINITION,"Migrate display/view identity to formal fields, then retire alias by controlled upgrade."
sc.business.entity,p1_visible_ecaf440fd399,银行账号,DISPLAY_SEARCH_EXPORT_COMPATIBILITY,bank_account_no,true,true,false,false,false,HIGH_GLOBAL_DEFINITION,"Migrate display/view identity to formal fields, then retire alias by controlled upgrade."
sc.business.entity,p1_visible_ee6a4d9e2956,录入人,DISPLAY_SEARCH_EXPORT_COMPATIBILITY,entry_user_name;source_created_by,true,true,false,false,false,HIGH_GLOBAL_DEFINITION,"Migrate display/view identity to formal fields, then retire alias by controlled upgrade."
sc.business.entity,p1_visible_f22832ce4781,推送结果,DISPLAY_SEARCH_EXPORT_COMPATIBILITY,push_result,true,true,false,false,false,HIGH_GLOBAL_DEFINITION,"Migrate display/view identity to formal fields, then retire alias by controlled upgrade."
sc.business.entity,p1_visible_ff13e7689bd2,主税率,DISPLAY_SEARCH_EXPORT_COMPATIBILITY,main_tax_rate,true,true,false,false,false,HIGH_GLOBAL_DEFINITION,"Migrate display/view identity to formal fields, then retire alias by controlled upgrade."
sc.construction.diary,p1_visible_06fa8c6f628f,单据状态,DISPLAY_SEARCH_EXPORT_COMPATIBILITY,state,true,true,false,false,false,HIGH_GLOBAL_DEFINITION,"Migrate display/view identity to formal fields, then retire alias by controlled upgrade."
sc.construction.diary,p1_visible_364d38fc2b37,上午气候,DISPLAY_SEARCH_EXPORT_COMPATIBILITY,weather,true,true,false,false,false,HIGH_GLOBAL_DEFINITION,"Migrate display/view identity to formal fields, then retire alias by controlled upgrade."
sc.construction.diary,p1_visible_3e7255522b33,项目名称,DISPLAY_SEARCH_EXPORT_COMPATIBILITY,project_id,true,true,false,false,false,HIGH_GLOBAL_DEFINITION,"Migrate display/view identity to formal fields, then retire alias by controlled upgrade."
sc.construction.diary,p1_visible_73bf794d61b3,出勤机械,DISPLAY_SEARCH_EXPORT_COMPATIBILITY,attendance_equipment,true,true,false,false,false,HIGH_GLOBAL_DEFINITION,"Migrate display/view identity to formal fields, then retire alias by controlled upgrade."
sc.construction.diary,p1_visible_853e6ba25fc5,下午气候,DISPLAY_SEARCH_EXPORT_COMPATIBILITY,weather,true,true,false,false,false,HIGH_GLOBAL_DEFINITION,"Migrate display/view identity to formal fields, then retire alias by controlled upgrade."
sc.construction.diary,p1_visible_8fa8662ad38f,单据编号,DISPLAY_SEARCH_EXPORT_COMPATIBILITY,document_no;name,true,true,false,false,false,HIGH_GLOBAL_DEFINITION,"Migrate display/view identity to formal fields, then retire alias by controlled upgrade."
sc.construction.diary,p1_visible_99f6fe6c41ad,附件,DISPLAY_SEARCH_EXPORT_COMPATIBILITY,attachment_ids;message_attachment_count,true,true,false,false,false,HIGH_GLOBAL_DEFINITION,"Migrate display/view identity to formal fields, then retire alias by controlled upgrade."
sc.construction.diary,p1_visible_ae8c5d45f392,施工部位,DISPLAY_SEARCH_EXPORT_COMPATIBILITY,description,true,true,false,false,false,HIGH_GLOBAL_DEFINITION,"Migrate display/view identity to formal fields, then retire alias by controlled upgrade."
sc.construction.diary,p1_visible_b18125817eb9,操作负责人,DISPLAY_SEARCH_EXPORT_COMPATIBILITY,handler_name;project_manager,true,true,false,false,false,HIGH_GLOBAL_DEFINITION,"Migrate display/view identity to formal fields, then retire alias by controlled upgrade."
sc.construction.diary,p1_visible_b6fed9af8313,日期,DISPLAY_SEARCH_EXPORT_COMPATIBILITY,date_diary;report_period_start,true,true,false,false,false,HIGH_GLOBAL_DEFINITION,"Migrate display/view identity to formal fields, then retire alias by controlled upgrade."
sc.construction.diary,p1_visible_bd3c202b3612,当日施工内容,DISPLAY_SEARCH_EXPORT_COMPATIBILITY,description;header_description,true,true,false,false,false,HIGH_GLOBAL_DEFINITION,"Migrate display/view identity to formal fields, then retire alias by controlled upgrade."
sc.construction.diary,p1_visible_c27cdbf90458,出勤人数,DISPLAY_SEARCH_EXPORT_COMPATIBILITY,manpower_count,true,true,false,false,false,HIGH_GLOBAL_DEFINITION,"Migrate display/view identity to formal fields, then retire alias by controlled upgrade."
sc.construction.diary,p1_visible_d3bea9efb1b9,温度,DISPLAY_SEARCH_EXPORT_COMPATIBILITY,weather,true,true,false,false,false,HIGH_GLOBAL_DEFINITION,"Migrate display/view identity to formal fields, then retire alias by controlled upgrade."
sc.construction.diary,p1_visible_df39195d3c5c,质量情况,DISPLAY_SEARCH_EXPORT_COMPATIBILITY,quality_name,true,true,false,false,false,HIGH_GLOBAL_DEFINITION,"Migrate display/view identity to formal fields, then retire alias by controlled upgrade."
sc.construction.diary,p1_visible_dfc25d77dc39,录入时间,DISPLAY_SEARCH_EXPORT_COMPATIBILITY,source_created_at,true,true,false,false,false,HIGH_GLOBAL_DEFINITION,"Migrate display/view identity to formal fields, then retire alias by controlled upgrade."
sc.construction.diary,p1_visible_e0361480e3a5,备注,DISPLAY_SEARCH_EXPORT_COMPATIBILITY,note;description,true,true,false,false,false,HIGH_GLOBAL_DEFINITION,"Migrate display/view identity to formal fields, then retire alias by controlled upgrade."
sc.construction.diary,p1_visible_ee6a4d9e2956,录入人,DISPLAY_SEARCH_EXPORT_COMPATIBILITY,source_created_by;handler_name,true,true,false,false,false,HIGH_GLOBAL_DEFINITION,"Migrate display/view identity to formal fields, then retire alias by controlled upgrade."
sc.construction.diary,p1_visible_f11e4f6f4dbe,施工员,DISPLAY_SEARCH_EXPORT_COMPATIBILITY,handler_name;source_created_by,true,true,false,false,false,HIGH_GLOBAL_DEFINITION,"Migrate display/view identity to formal fields, then retire alias by controlled upgrade."
sc.document.admin.document,p1_visible_000378f72584,借阅部门或项目部名称,DISPLAY_SEARCH_EXPORT_COMPATIBILITY,borrow_department_name,true,true,false,false,false,HIGH_GLOBAL_DEFINITION,"Migrate display/view identity to formal fields, then retire alias by controlled upgrade."
sc.document.admin.document,p1_visible_06fa8c6f628f,单据状态,DISPLAY_SEARCH_EXPORT_COMPATIBILITY,state,true,true,false,false,false,HIGH_GLOBAL_DEFINITION,"Migrate display/view identity to formal fields, then retire alias by controlled upgrade."
sc.document.admin.document,p1_visible_0791e483b4d2,资料说明,DISPLAY_SEARCH_EXPORT_COMPATIBILITY,document_admin_description_display,true,true,false,false,false,HIGH_GLOBAL_DEFINITION,"Migrate display/view identity to formal fields, then retire alias by controlled upgrade."
sc.document.admin.document,p1_visible_0f851fd0b341,审定时间,DISPLAY_SEARCH_EXPORT_COMPATIBILITY,review_time,true,true,false,false,false,HIGH_GLOBAL_DEFINITION,"Migrate display/view identity to formal fields, then retire alias by controlled upgrade."
sc.document.admin.document,p1_visible_175a9b118cfb,归还申请日期,DISPLAY_SEARCH_EXPORT_COMPATIBILITY,return_request_date,true,true,false,false,false,HIGH_GLOBAL_DEFINITION,"Migrate display/view identity to formal fields, then retire alias by controlled upgrade."
sc.document.admin.document,p1_visible_17a5ebcb2d04,证件名称,DISPLAY_SEARCH_EXPORT_COMPATIBILITY,document_title;certificate_name,true,true,false,false,false,HIGH_GLOBAL_DEFINITION,"Migrate display/view identity to formal fields, then retire alias by controlled upgrade."
sc.document.admin.document,p1_visible_1a3669b6d0b3,归还日期,DISPLAY_SEARCH_EXPORT_COMPATIBILITY,actual_return_date,true,true,false,false,false,HIGH_GLOBAL_DEFINITION,"Migrate display/view identity to formal fields, then retire alias by controlled upgrade."
sc.document.admin.document,p1_visible_222460c095e3,有效期,DISPLAY_SEARCH_EXPORT_COMPATIBILITY,valid_until,true,true,false,false,false,HIGH_GLOBAL_DEFINITION,"Migrate display/view identity to formal fields, then retire alias by controlled upgrade."
sc.document.admin.document,p1_visible_28507194f2ef,是否归还,DISPLAY_SEARCH_EXPORT_COMPATIBILITY,returned_flag,true,true,false,false,false,HIGH_GLOBAL_DEFINITION,"Migrate display/view identity to formal fields, then retire alias by controlled upgrade."
sc.document.admin.document,p1_visible_2c346345746e,申请日期,DISPLAY_SEARCH_EXPORT_COMPATIBILITY,application_date;create_date,true,true,false,false,false,HIGH_GLOBAL_DEFINITION,"Migrate display/view identity to formal fields, then retire alias by controlled upgrade."
sc.document.admin.document,p1_visible_30187403acc2,借阅日期,DISPLAY_SEARCH_EXPORT_COMPATIBILITY,borrow_date,true,true,false,false,false,HIGH_GLOBAL_DEFINITION,"Migrate display/view identity to formal fields, then retire alias by controlled upgrade."
sc.document.admin.document,p1_visible_3e7255522b33,项目名称,DISPLAY_SEARCH_EXPORT_COMPATIBILITY,borrow_project_name;project_id,true,true,false,false,false,HIGH_GLOBAL_DEFINITION,"Migrate display/view identity to formal fields, then retire alias by controlled upgrade."
sc.document.admin.document,p1_visible_5b4aca8845f1,申请归还时间,DISPLAY_SEARCH_EXPORT_COMPATIBILITY,return_apply_time,true,true,false,false,false,HIGH_GLOBAL_DEFINITION,"Migrate display/view identity to formal fields, then retire alias by controlled upgrade."
sc.document.admin.document,p1_visible_60beedc8f22b,联系方式,DISPLAY_SEARCH_EXPORT_COMPATIBILITY,borrower_contact,true,true,false,false,false,HIGH_GLOBAL_DEFINITION,"Migrate display/view identity to formal fields, then retire alias by controlled upgrade."
sc.document.admin.document,p1_visible_6f9a8c4e1834,修改备注,DISPLAY_SEARCH_EXPORT_COMPATIBILITY,modify_note,true,true,false,false,false,HIGH_GLOBAL_DEFINITION,"Migrate display/view identity to formal fields, then retire alias by controlled upgrade."
sc.document.admin.document,p1_visible_7200f83d9ede,修改人,DISPLAY_SEARCH_EXPORT_COMPATIBILITY,modifier_name,true,true,false,false,false,HIGH_GLOBAL_DEFINITION,"Migrate display/view identity to formal fields, then retire alias by controlled upgrade."
sc.document.admin.document,p1_visible_809c55b63d56,审定意见,DISPLAY_SEARCH_EXPORT_COMPATIBILITY,review_opinion,true,true,false,false,false,HIGH_GLOBAL_DEFINITION,"Migrate display/view identity to formal fields, then retire alias by controlled upgrade."
sc.document.admin.document,p1_visible_845e1a2e43a8,持有人,DISPLAY_SEARCH_EXPORT_COMPATIBILITY,holder_name,true,true,false,false,false,HIGH_GLOBAL_DEFINITION,"Migrate display/view identity to formal fields, then retire alias by controlled upgrade."
sc.document.admin.document,p1_visible_8fa8662ad38f,单据编号,DISPLAY_SEARCH_EXPORT_COMPATIBILITY,name;document_no,true,true,false,false,false,HIGH_GLOBAL_DEFINITION,"Migrate display/view identity to formal fields, then retire alias by controlled upgrade."
sc.document.admin.document,p1_visible_8fdc4ab6f3dc,资料类型,DISPLAY_SEARCH_EXPORT_COMPATIBILITY,document_admin_type_display,true,true,false,false,false,HIGH_GLOBAL_DEFINITION,"Migrate display/view identity to formal fields, then retire alias by controlled upgrade."
sc.document.admin.document,p1_visible_9719894bb9d8,审定人,DISPLAY_SEARCH_EXPORT_COMPATIBILITY,reviewer_name,true,true,false,false,false,HIGH_GLOBAL_DEFINITION,"Migrate display/view identity to formal fields, then retire alias by controlled upgrade."
sc.document.admin.document,p1_visible_974d383f3698,负责人,DISPLAY_SEARCH_EXPORT_COMPATIBILITY,responsible_person,true,true,false,false,false,HIGH_GLOBAL_DEFINITION,"Migrate display/view identity to formal fields, then retire alias by controlled upgrade."
sc.document.admin.document,p1_visible_98b7a911018e,证照名称,DISPLAY_SEARCH_EXPORT_COMPATIBILITY,certificate_name,true,true,false,false,false,HIGH_GLOBAL_DEFINITION,"Migrate display/view identity to formal fields, then retire alias by controlled upgrade."
sc.document.admin.document,p1_visible_99f6fe6c41ad,附件,DISPLAY_SEARCH_EXPORT_COMPATIBILITY,attachment_ids;message_attachment_count,true,true,false,false,false,HIGH_GLOBAL_DEFINITION,"Migrate display/view identity to formal fields, then retire alias by controlled upgrade."
sc.document.admin.document,p1_visible_9f42dac67ed9,编号,DISPLAY_SEARCH_EXPORT_COMPATIBILITY,certificate_no,true,true,false,false,false,HIGH_GLOBAL_DEFINITION,"Migrate display/view identity to formal fields, then retire alias by controlled upgrade."
sc.document.admin.document,p1_visible_a7e811434780,借阅形式,DISPLAY_SEARCH_EXPORT_COMPATIBILITY,borrow_form,true,true,false,false,false,HIGH_GLOBAL_DEFINITION,"Migrate display/view identity to formal fields, then retire alias by controlled upgrade."
sc.document.admin.document,p1_visible_dfc25d77dc39,录入时间,DISPLAY_SEARCH_EXPORT_COMPATIBILITY,source_created_at,true,true,false,false,false,HIGH_GLOBAL_DEFINITION,"Migrate display/view identity to formal fields, then retire alias by controlled upgrade."
sc.document.admin.document,p1_visible_e001fb68d7f2,借阅项目名称,DISPLAY_SEARCH_EXPORT_COMPATIBILITY,borrow_project_name;project_id,true,true,false,false,false,HIGH_GLOBAL_DEFINITION,"Migrate display/view identity to formal fields, then retire alias by controlled upgrade."
sc.document.admin.document,p1_visible_e0361480e3a5,备注,DISPLAY_SEARCH_EXPORT_COMPATIBILITY,description,true,true,false,false,false,HIGH_GLOBAL_DEFINITION,"Migrate display/view identity to formal fields, then retire alias by controlled upgrade."
sc.document.admin.document,p1_visible_edb1f6f12f51,确认归还时间,DISPLAY_SEARCH_EXPORT_COMPATIBILITY,return_confirm_time,true,true,false,false,false,HIGH_GLOBAL_DEFINITION,"Migrate display/view identity to formal fields, then retire alias by controlled upgrade."
sc.document.admin.document,p1_visible_ee6a4d9e2956,录入人,DISPLAY_SEARCH_EXPORT_COMPATIBILITY,source_created_by;requester_id,true,true,false,false,false,HIGH_GLOBAL_DEFINITION,"Migrate display/view identity to formal fields, then retire alias by controlled upgrade."
sc.document.admin.document,p1_visible_f1ec63ea5126,修改日期,DISPLAY_SEARCH_EXPORT_COMPATIBILITY,modified_at,true,true,false,false,false,HIGH_GLOBAL_DEFINITION,"Migrate display/view identity to formal fields, then retire alias by controlled upgrade."
sc.document.admin.document,p1_visible_fb2f8cfd18bf,借阅人,DISPLAY_SEARCH_EXPORT_COMPATIBILITY,borrower_name;borrow_user_id,true,true,false,false,false,HIGH_GLOBAL_DEFINITION,"Migrate display/view identity to formal fields, then retire alias by controlled upgrade."
sc.equipment.request,p1_visible_06fa8c6f628f,单据状态,DISPLAY_SEARCH_EXPORT_COMPATIBILITY,state,true,true,false,false,false,HIGH_GLOBAL_DEFINITION,"Migrate display/view identity to formal fields, then retire alias by controlled upgrade."
sc.equipment.request,p1_visible_17b341733b7b,合同编号,DISPLAY_SEARCH_EXPORT_COMPATIBILITY,name,true,true,false,false,false,HIGH_GLOBAL_DEFINITION,"Migrate display/view identity to formal fields, then retire alias by controlled upgrade."
sc.equipment.request,p1_visible_294e7015ec01,增值税类型,DISPLAY_SEARCH_EXPORT_COMPATIBILITY,vat_type_text,true,true,false,false,false,HIGH_GLOBAL_DEFINITION,"Migrate display/view identity to formal fields, then retire alias by controlled upgrade."
sc.equipment.request,p1_visible_37d56ad493cf,税率,DISPLAY_SEARCH_EXPORT_COMPATIBILITY,tax_rate_text,true,true,false,false,false,HIGH_GLOBAL_DEFINITION,"Migrate display/view identity to formal fields, then retire alias by controlled upgrade."
sc.equipment.request,p1_visible_3b652b9864d4,已开票金额,DISPLAY_SEARCH_EXPORT_COMPATIBILITY,invoice_amount,true,true,false,false,false,HIGH_GLOBAL_DEFINITION,"Migrate display/view identity to formal fields, then retire alias by controlled upgrade."
sc.equipment.request,p1_visible_3e7255522b33,项目名称,DISPLAY_SEARCH_EXPORT_COMPATIBILITY,project_id,true,true,false,false,false,HIGH_GLOBAL_DEFINITION,"Migrate display/view identity to formal fields, then retire alias by controlled upgrade."
sc.equipment.request,p1_visible_3ec01dd569e2,合同标题,DISPLAY_SEARCH_EXPORT_COMPATIBILITY,name,true,true,false,false,false,HIGH_GLOBAL_DEFINITION,"Migrate display/view identity to formal fields, then retire alias by controlled upgrade."
sc.equipment.request,p1_visible_462c614de6c7,未开票金额,DISPLAY_SEARCH_EXPORT_COMPATIBILITY,uninvoiced_amount,true,true,false,false,false,HIGH_GLOBAL_DEFINITION,"Migrate display/view identity to formal fields, then retire alias by controlled upgrade."
sc.equipment.request,p1_visible_824168a11b21,总金额,DISPLAY_SEARCH_EXPORT_COMPATIBILITY,amount_total,true,true,false,false,false,HIGH_GLOBAL_DEFINITION,"Migrate display/view identity to formal fields, then retire alias by controlled upgrade."
sc.equipment.request,p1_visible_8818fa7c0bc6,经办人及电话,DISPLAY_SEARCH_EXPORT_COMPATIBILITY,requester_id;source_created_by,true,true,false,false,false,HIGH_GLOBAL_DEFINITION,"Migrate display/view identity to formal fields, then retire alias by controlled upgrade."
sc.equipment.request,p1_visible_8fa8662ad38f,单据编号,DISPLAY_SEARCH_EXPORT_COMPATIBILITY,name,true,true,false,false,false,HIGH_GLOBAL_DEFINITION,"Migrate display/view identity to formal fields, then retire alias by controlled upgrade."
sc.equipment.request,p1_visible_99f6fe6c41ad,附件,DISPLAY_SEARCH_EXPORT_COMPATIBILITY,message_attachment_count,true,true,false,false,false,HIGH_GLOBAL_DEFINITION,"Migrate display/view identity to formal fields, then retire alias by controlled upgrade."
sc.equipment.request,p1_visible_a22ecb7fab2f,未付款金额,DISPLAY_SEARCH_EXPORT_COMPATIBILITY,unpaid_amount,true,true,false,false,false,HIGH_GLOBAL_DEFINITION,"Migrate display/view identity to formal fields, then retire alias by controlled upgrade."
sc.equipment.request,p1_visible_a2cf2d1a84c3,租赁单位,DISPLAY_SEARCH_EXPORT_COMPATIBILITY,supplier_id,true,true,false,false,false,HIGH_GLOBAL_DEFINITION,"Migrate display/view identity to formal fields, then retire alias by controlled upgrade."
sc.equipment.request,p1_visible_c2bdcf08e8a5,总数量,DISPLAY_SEARCH_EXPORT_COMPATIBILITY,quantity_total,true,true,false,false,false,HIGH_GLOBAL_DEFINITION,"Migrate display/view identity to formal fields, then retire alias by controlled upgrade."
sc.equipment.request,p1_visible_c88947435308,签订时间,DISPLAY_SEARCH_EXPORT_COMPATIBILITY,request_date,true,true,false,false,false,HIGH_GLOBAL_DEFINITION,"Migrate display/view identity to formal fields, then retire alias by controlled upgrade."
sc.equipment.request,p1_visible_d1d932d7d9f5,租赁内容,DISPLAY_SEARCH_EXPORT_COMPATIBILITY,note;line_ids,true,true,false,false,false,HIGH_GLOBAL_DEFINITION,"Migrate display/view identity to formal fields, then retire alias by controlled upgrade."
sc.equipment.request,p1_visible_d3ebd50d724b,已付款金额,DISPLAY_SEARCH_EXPORT_COMPATIBILITY,paid_amount,true,true,false,false,false,HIGH_GLOBAL_DEFINITION,"Migrate display/view identity to formal fields, then retire alias by controlled upgrade."
sc.equipment.request,p1_visible_dfc25d77dc39,录入时间,DISPLAY_SEARCH_EXPORT_COMPATIBILITY,request_date;source_created_at,true,true,false,false,false,HIGH_GLOBAL_DEFINITION,"Migrate display/view identity to formal fields, then retire alias by controlled upgrade."
sc.equipment.request,p1_visible_e0361480e3a5,备注,DISPLAY_SEARCH_EXPORT_COMPATIBILITY,note,true,true,false,false,false,HIGH_GLOBAL_DEFINITION,"Migrate display/view identity to formal fields, then retire alias by controlled upgrade."
sc.equipment.request,p1_visible_ee6a4d9e2956,录入人,DISPLAY_SEARCH_EXPORT_COMPATIBILITY,source_created_by;requester_id,true,true,false,false,false,HIGH_GLOBAL_DEFINITION,"Migrate display/view identity to formal fields, then retire alias by controlled upgrade."
sc.equipment.settlement,p1_visible_06fa8c6f628f,单据状态,DISPLAY_SEARCH_EXPORT_COMPATIBILITY,state,true,true,false,false,false,HIGH_GLOBAL_DEFINITION,"Migrate display/view identity to formal fields, then retire alias by controlled upgrade."
sc.equipment.settlement,p1_visible_1e62803e196c,单据日期,DISPLAY_SEARCH_EXPORT_COMPATIBILITY,settlement_date,true,true,false,false,false,HIGH_GLOBAL_DEFINITION,"Migrate display/view identity to formal fields, then retire alias by controlled upgrade."
sc.equipment.settlement,p1_visible_36cae65ab40a,结算单位,DISPLAY_SEARCH_EXPORT_COMPATIBILITY,supplier_id,true,true,false,false,false,HIGH_GLOBAL_DEFINITION,"Migrate display/view identity to formal fields, then retire alias by controlled upgrade."
sc.equipment.settlement,p1_visible_3e7255522b33,项目名称,DISPLAY_SEARCH_EXPORT_COMPATIBILITY,project_id,true,true,false,false,false,HIGH_GLOBAL_DEFINITION,"Migrate display/view identity to formal fields, then retire alias by controlled upgrade."
sc.equipment.settlement,p1_visible_72cf58c14fc0,已申请金额,DISPLAY_SEARCH_EXPORT_COMPATIBILITY,payment_requested_amount,true,true,false,false,false,HIGH_GLOBAL_DEFINITION,"Migrate display/view identity to formal fields, then retire alias by controlled upgrade."
sc.equipment.settlement,p1_visible_824168a11b21,总金额,DISPLAY_SEARCH_EXPORT_COMPATIBILITY,amount_total,true,true,false,false,false,HIGH_GLOBAL_DEFINITION,"Migrate display/view identity to formal fields, then retire alias by controlled upgrade."
sc.equipment.settlement,p1_visible_825a06905b09,未申请金额,DISPLAY_SEARCH_EXPORT_COMPATIBILITY,payment_unrequested_amount,true,true,false,false,false,HIGH_GLOBAL_DEFINITION,"Migrate display/view identity to formal fields, then retire alias by controlled upgrade."
sc.equipment.settlement,p1_visible_8fa8662ad38f,单据编号,DISPLAY_SEARCH_EXPORT_COMPATIBILITY,name,true,true,false,false,false,HIGH_GLOBAL_DEFINITION,"Migrate display/view identity to formal fields, then retire alias by controlled upgrade."
sc.equipment.settlement,p1_visible_99f6fe6c41ad,附件,DISPLAY_SEARCH_EXPORT_COMPATIBILITY,message_attachment_count,true,true,false,false,false,HIGH_GLOBAL_DEFINITION,"Migrate display/view identity to formal fields, then retire alias by controlled upgrade."
sc.equipment.settlement,p1_visible_a22ecb7fab2f,未付款金额,DISPLAY_SEARCH_EXPORT_COMPATIBILITY,payment_unpaid_amount,true,true,false,false,false,HIGH_GLOBAL_DEFINITION,"Migrate display/view identity to formal fields, then retire alias by controlled upgrade."
sc.equipment.settlement,p1_visible_b6959bb111d9,付款状态,DISPLAY_SEARCH_EXPORT_COMPATIBILITY,state,true,true,false,false,false,HIGH_GLOBAL_DEFINITION,"Migrate display/view identity to formal fields, then retire alias by controlled upgrade."
sc.equipment.settlement,p1_visible_d3ebd50d724b,已付款金额,DISPLAY_SEARCH_EXPORT_COMPATIBILITY,payment_paid_amount,true,true,false,false,false,HIGH_GLOBAL_DEFINITION,"Migrate display/view identity to formal fields, then retire alias by controlled upgrade."
sc.equipment.settlement,p1_visible_d5c7314894ba,结算内容,DISPLAY_SEARCH_EXPORT_COMPATIBILITY,settlement_content,true,true,false,false,false,HIGH_GLOBAL_DEFINITION,"Migrate display/view identity to formal fields, then retire alias by controlled upgrade."
sc.equipment.settlement,p1_visible_dfc25d77dc39,录入时间,DISPLAY_SEARCH_EXPORT_COMPATIBILITY,settlement_date;source_created_at,true,true,false,false,false,HIGH_GLOBAL_DEFINITION,"Migrate display/view identity to formal fields, then retire alias by controlled upgrade."
sc.equipment.settlement,p1_visible_ec15903ded76,支付申请状态,DISPLAY_SEARCH_EXPORT_COMPATIBILITY,state,true,true,false,false,false,HIGH_GLOBAL_DEFINITION,"Migrate display/view identity to formal fields, then retire alias by controlled upgrade."
sc.equipment.settlement,p1_visible_ee6a4d9e2956,录入人,DISPLAY_SEARCH_EXPORT_COMPATIBILITY,source_created_by;owner_id,true,true,false,false,false,HIGH_GLOBAL_DEFINITION,"Migrate display/view identity to formal fields, then retire alias by controlled upgrade."
sc.equipment.usage,p1_visible_06fa8c6f628f,单据状态,DISPLAY_SEARCH_EXPORT_COMPATIBILITY,state,true,true,false,false,false,HIGH_GLOBAL_DEFINITION,"Migrate display/view identity to formal fields, then retire alias by controlled upgrade."
sc.equipment.usage,p1_visible_0b370511a765,单价,DISPLAY_SEARCH_EXPORT_COMPATIBILITY,price_unit,true,true,false,false,false,HIGH_GLOBAL_DEFINITION,"Migrate display/view identity to formal fields, then retire alias by controlled upgrade."
sc.equipment.usage,p1_visible_0e3888031cb3,曾用名单,DISPLAY_SEARCH_EXPORT_COMPATIBILITY,note,true,true,false,false,false,HIGH_GLOBAL_DEFINITION,"Migrate display/view identity to formal fields, then retire alias by controlled upgrade."
sc.equipment.usage,p1_visible_1e62803e196c,单据日期,DISPLAY_SEARCH_EXPORT_COMPATIBILITY,document_date,true,true,false,false,false,HIGH_GLOBAL_DEFINITION,"Migrate display/view identity to formal fields, then retire alias by controlled upgrade."
sc.equipment.usage,p1_visible_2c6b2e0dc811,机械名称,DISPLAY_SEARCH_EXPORT_COMPATIBILITY,equipment_name;name,true,true,false,false,false,HIGH_GLOBAL_DEFINITION,"Migrate display/view identity to formal fields, then retire alias by controlled upgrade."
sc.equipment.usage,p1_visible_34943c40c9af,金额,DISPLAY_SEARCH_EXPORT_COMPATIBILITY,amount,true,true,false,false,false,HIGH_GLOBAL_DEFINITION,"Migrate display/view identity to formal fields, then retire alias by controlled upgrade."
sc.equipment.usage,p1_visible_3e7255522b33,项目名称,DISPLAY_SEARCH_EXPORT_COMPATIBILITY,project_id,true,true,false,false,false,HIGH_GLOBAL_DEFINITION,"Migrate display/view identity to formal fields, then retire alias by controlled upgrade."
sc.equipment.usage,p1_visible_6a92ad6d5d73,规格型号,DISPLAY_SEARCH_EXPORT_COMPATIBILITY,specification,true,true,false,false,false,HIGH_GLOBAL_DEFINITION,"Migrate display/view identity to formal fields, then retire alias by controlled upgrade."
sc.equipment.usage,p1_visible_8ec8c8c712be,单位,DISPLAY_SEARCH_EXPORT_COMPATIBILITY,uom_text,true,true,false,false,false,HIGH_GLOBAL_DEFINITION,"Migrate display/view identity to formal fields, then retire alias by controlled upgrade."
sc.equipment.usage,p1_visible_8fa8662ad38f,单据编号,DISPLAY_SEARCH_EXPORT_COMPATIBILITY,name,true,true,false,false,false,HIGH_GLOBAL_DEFINITION,"Migrate display/view identity to formal fields, then retire alias by controlled upgrade."
sc.equipment.usage,p1_visible_99f6fe6c41ad,附件,DISPLAY_SEARCH_EXPORT_COMPATIBILITY,attachment_ids;message_attachment_count,true,true,false,false,false,HIGH_GLOBAL_DEFINITION,"Migrate display/view identity to formal fields, then retire alias by controlled upgrade."
sc.equipment.usage,p1_visible_a2cf2d1a84c3,租赁单位,DISPLAY_SEARCH_EXPORT_COMPATIBILITY,supplier_id,true,true,false,false,false,HIGH_GLOBAL_DEFINITION,"Migrate display/view identity to formal fields, then retire alias by controlled upgrade."
sc.equipment.usage,p1_visible_dfc25d77dc39,录入时间,DISPLAY_SEARCH_EXPORT_COMPATIBILITY,usage_date;source_created_at,true,true,false,false,false,HIGH_GLOBAL_DEFINITION,"Migrate display/view identity to formal fields, then retire alias by controlled upgrade."
sc.equipment.usage,p1_visible_e0361480e3a5,备注,DISPLAY_SEARCH_EXPORT_COMPATIBILITY,note,true,true,false,false,false,HIGH_GLOBAL_DEFINITION,"Migrate display/view identity to formal fields, then retire alias by controlled upgrade."
sc.equipment.usage,p1_visible_e6412d7d7f6a,工作时间,DISPLAY_SEARCH_EXPORT_COMPATIBILITY,work_hours,true,true,false,false,false,HIGH_GLOBAL_DEFINITION,"Migrate display/view identity to formal fields, then retire alias by controlled upgrade."
sc.equipment.usage,p1_visible_ee6a4d9e2956,录入人,DISPLAY_SEARCH_EXPORT_COMPATIBILITY,recorder_id;source_created_by,true,true,false,false,false,HIGH_GLOBAL_DEFINITION,"Migrate display/view identity to formal fields, then retire alias by controlled upgrade."
sc.expense.claim,p1_visible_06fa8c6f628f,单据状态,DISPLAY_SEARCH_EXPORT_COMPATIBILITY,state,true,true,false,false,false,HIGH_GLOBAL_DEFINITION,"Migrate display/view identity to formal fields, then retire alias by controlled upgrade."
sc.expense.claim,p1_visible_1da8ed2551df,是否退回,DISPLAY_SEARCH_EXPORT_COMPATIBILITY,is_returned;claim_type;state,true,true,false,false,false,HIGH_GLOBAL_DEFINITION,"Migrate display/view identity to formal fields, then retire alias by controlled upgrade."
sc.expense.claim,p1_visible_1e62803e196c,单据日期,DISPLAY_SEARCH_EXPORT_COMPATIBILITY,date_claim;fill_date,true,true,false,false,false,HIGH_GLOBAL_DEFINITION,"Migrate display/view identity to formal fields, then retire alias by controlled upgrade."
sc.expense.claim,p1_visible_2559d3f7672e,所属公司,DISPLAY_SEARCH_EXPORT_COMPATIBILITY,company_id;company_name_text,true,true,false,false,false,HIGH_GLOBAL_DEFINITION,"Migrate display/view identity to formal fields, then retire alias by controlled upgrade."
sc.expense.claim,p1_visible_2607f43202a3,报销人,DISPLAY_SEARCH_EXPORT_COMPATIBILITY,applicant_name;payee,true,true,false,false,false,HIGH_GLOBAL_DEFINITION,"Migrate display/view identity to formal fields, then retire alias by controlled upgrade."
sc.expense.claim,p1_visible_334ddb69d3cf,付款时间,DISPLAY_SEARCH_EXPORT_COMPATIBILITY,date_claim;fill_date,true,true,false,false,false,HIGH_GLOBAL_DEFINITION,"Migrate display/view identity to formal fields, then retire alias by controlled upgrade."
sc.expense.claim,p1_visible_3ade9df90bf8,本次退回数,DISPLAY_SEARCH_EXPORT_COMPATIBILITY,amount;approved_amount,true,true,false,false,false,HIGH_GLOBAL_DEFINITION,"Migrate display/view identity to formal fields, then retire alias by controlled upgrade."
sc.expense.claim,p1_visible_3e7255522b33,项目名称,DISPLAY_SEARCH_EXPORT_COMPATIBILITY,project_id,true,true,false,false,false,HIGH_GLOBAL_DEFINITION,"Migrate display/view identity to formal fields, then retire alias by controlled upgrade."
sc.expense.claim,p1_visible_533775096e5b,收款单位名称,DISPLAY_SEARCH_EXPORT_COMPATIBILITY,payee;partner_id,true,true,false,false,false,HIGH_GLOBAL_DEFINITION,"Migrate display/view identity to formal fields, then retire alias by controlled upgrade."
sc.expense.claim,p1_visible_62e5cf441092,本次实缴数,DISPLAY_SEARCH_EXPORT_COMPATIBILITY,amount;approved_amount;paid_amount,true,true,false,false,false,HIGH_GLOBAL_DEFINITION,"Migrate display/view identity to formal fields, then retire alias by controlled upgrade."
sc.expense.claim,p1_visible_748d7dc7e321,标题,DISPLAY_SEARCH_EXPORT_COMPATIBILITY,summary;expense_type;name,true,true,false,false,false,HIGH_GLOBAL_DEFINITION,"Migrate display/view identity to formal fields, then retire alias by controlled upgrade."
sc.expense.claim,p1_visible_7c49c8f25a7a,用途,DISPLAY_SEARCH_EXPORT_COMPATIBILITY,summary;expense_type;note,true,true,false,false,false,HIGH_GLOBAL_DEFINITION,"Migrate display/view identity to formal fields, then retire alias by controlled upgrade."
sc.expense.claim,p1_visible_80e3d15acaa8,成本类别,DISPLAY_SEARCH_EXPORT_COMPATIBILITY,expense_type,true,true,false,false,false,HIGH_GLOBAL_DEFINITION,"Migrate display/view identity to formal fields, then retire alias by controlled upgrade."
sc.expense.claim,p1_visible_8fa8662ad38f,单据编号,DISPLAY_SEARCH_EXPORT_COMPATIBILITY,name,true,true,false,false,false,HIGH_GLOBAL_DEFINITION,"Migrate display/view identity to formal fields, then retire alias by controlled upgrade."
sc.expense.claim,p1_visible_91061a56c00f,部门,DISPLAY_SEARCH_EXPORT_COMPATIBILITY,department_name,true,true,false,false,false,HIGH_GLOBAL_DEFINITION,"Migrate display/view identity to formal fields, then retire alias by controlled upgrade."
sc.expense.claim,p1_visible_99f6fe6c41ad,附件,DISPLAY_SEARCH_EXPORT_COMPATIBILITY,attachment_ids;message_attachment_count,true,true,false,false,false,HIGH_GLOBAL_DEFINITION,"Migrate display/view identity to formal fields, then retire alias by controlled upgrade."
sc.expense.claim,p1_visible_9c075c710f62,还款金额,DISPLAY_SEARCH_EXPORT_COMPATIBILITY,amount;approved_amount,true,true,false,false,false,HIGH_GLOBAL_DEFINITION,"Migrate display/view identity to formal fields, then retire alias by controlled upgrade."
sc.expense.claim,p1_visible_a22ecb7fab2f,未付款金额,DISPLAY_SEARCH_EXPORT_COMPATIBILITY,unpaid_amount;amount,true,true,false,false,false,HIGH_GLOBAL_DEFINITION,"Migrate display/view identity to formal fields, then retire alias by controlled upgrade."
sc.expense.claim,p1_visible_a5b7f233fadc,利息,DISPLAY_SEARCH_EXPORT_COMPATIBILITY,note,true,true,false,false,false,HIGH_GLOBAL_DEFINITION,"Migrate display/view identity to formal fields, then retire alias by controlled upgrade."
sc.expense.claim,p1_visible_b0bff5c45de7,本次计划已缴数,DISPLAY_SEARCH_EXPORT_COMPATIBILITY,amount;approved_amount,true,true,false,false,false,HIGH_GLOBAL_DEFINITION,"Migrate display/view identity to formal fields, then retire alias by controlled upgrade."
sc.expense.claim,p1_visible_b6959bb111d9,付款状态,DISPLAY_SEARCH_EXPORT_COMPATIBILITY,payment_state;state,true,true,false,false,false,HIGH_GLOBAL_DEFINITION,"Migrate display/view identity to formal fields, then retire alias by controlled upgrade."
sc.expense.claim,p1_visible_b6fed9af8313,日期,DISPLAY_SEARCH_EXPORT_COMPATIBILITY,date_claim;fill_date,true,true,false,false,false,HIGH_GLOBAL_DEFINITION,"Migrate display/view identity to formal fields, then retire alias by controlled upgrade."
sc.expense.claim,p1_visible_bb7c7aeff3e4,收款人,DISPLAY_SEARCH_EXPORT_COMPATIBILITY,payee;receipt_account_name;partner_id,true,true,false,false,false,HIGH_GLOBAL_DEFINITION,"Migrate display/view identity to formal fields, then retire alias by controlled upgrade."
sc.expense.claim,p1_visible_c33f247470b1,报销类别,DISPLAY_SEARCH_EXPORT_COMPATIBILITY,expense_type;claim_type,true,true,false,false,false,HIGH_GLOBAL_DEFINITION,"Migrate display/view identity to formal fields, then retire alias by controlled upgrade."
sc.expense.claim,p1_visible_c6b9a8cfdb21,付款方式,DISPLAY_SEARCH_EXPORT_COMPATIBILITY,payment_method,true,true,false,false,false,HIGH_GLOBAL_DEFINITION,"Migrate display/view identity to formal fields, then retire alias by controlled upgrade."
sc.expense.claim,p1_visible_ce44aa844fbd,事项说明,DISPLAY_SEARCH_EXPORT_COMPATIBILITY,summary;note,true,true,false,false,false,HIGH_GLOBAL_DEFINITION,"Migrate display/view identity to formal fields, then retire alias by controlled upgrade."
sc.expense.claim,p1_visible_d3ebd50d724b,已付款金额,DISPLAY_SEARCH_EXPORT_COMPATIBILITY,paid_amount;approved_amount;amount,true,true,false,false,false,HIGH_GLOBAL_DEFINITION,"Migrate display/view identity to formal fields, then retire alias by controlled upgrade."
sc.expense.claim,p1_visible_d890d302f7f7,付款金额,DISPLAY_SEARCH_EXPORT_COMPATIBILITY,amount;approved_amount;paid_amount,true,true,false,false,false,HIGH_GLOBAL_DEFINITION,"Migrate display/view identity to formal fields, then retire alias by controlled upgrade."
sc.expense.claim,p1_visible_dacbd33c31fd,付款账户名称,DISPLAY_SEARCH_EXPORT_COMPATIBILITY,payment_account_name,true,true,false,false,false,HIGH_GLOBAL_DEFINITION,"Migrate display/view identity to formal fields, then retire alias by controlled upgrade."
sc.expense.claim,p1_visible_dbbcd74271cd,上缴内容,DISPLAY_SEARCH_EXPORT_COMPATIBILITY,summary;expense_type;note,true,true,false,false,false,HIGH_GLOBAL_DEFINITION,"Migrate display/view identity to formal fields, then retire alias by controlled upgrade."
sc.expense.claim,p1_visible_dca067f698a7,还款时间,DISPLAY_SEARCH_EXPORT_COMPATIBILITY,date_claim;fill_date,true,true,false,false,false,HIGH_GLOBAL_DEFINITION,"Migrate display/view identity to formal fields, then retire alias by controlled upgrade."
sc.expense.claim,p1_visible_df728e732617,报销种类,DISPLAY_SEARCH_EXPORT_COMPATIBILITY,expense_type;claim_type,true,true,false,false,false,HIGH_GLOBAL_DEFINITION,"Migrate display/view identity to formal fields, then retire alias by controlled upgrade."
sc.expense.claim,p1_visible_dfc25d77dc39,录入时间,DISPLAY_SEARCH_EXPORT_COMPATIBILITY,created_time,true,true,false,false,false,HIGH_GLOBAL_DEFINITION,"Migrate display/view identity to formal fields, then retire alias by controlled upgrade."
sc.expense.claim,p1_visible_e0361480e3a5,备注,DISPLAY_SEARCH_EXPORT_COMPATIBILITY,summary;note,true,true,false,false,false,HIGH_GLOBAL_DEFINITION,"Migrate display/view identity to formal fields, then retire alias by controlled upgrade."
sc.expense.claim,p1_visible_ee6a4d9e2956,录入人,DISPLAY_SEARCH_EXPORT_COMPATIBILITY,creator_name;applicant_name,true,true,false,false,false,HIGH_GLOBAL_DEFINITION,"Migrate display/view identity to formal fields, then retire alias by controlled upgrade."
sc.expense.claim,p1_visible_f13b158f80f7,借款利率,DISPLAY_SEARCH_EXPORT_COMPATIBILITY,note,true,true,false,false,false,HIGH_GLOBAL_DEFINITION,"Migrate display/view identity to formal fields, then retire alias by controlled upgrade."
sc.expense.claim,p1_visible_f22832ce4781,推送结果,DISPLAY_SEARCH_EXPORT_COMPATIBILITY,state,true,true,false,false,false,HIGH_GLOBAL_DEFINITION,"Migrate display/view identity to formal fields, then retire alias by controlled upgrade."
sc.expense.claim,p1_visible_f65ab1a8427f,借款人,DISPLAY_SEARCH_EXPORT_COMPATIBILITY,applicant_name;payee;partner_id,true,true,false,false,false,HIGH_GLOBAL_DEFINITION,"Migrate display/view identity to formal fields, then retire alias by controlled upgrade."
sc.expense.claim,p1_visible_f75550069cae,借款金额,DISPLAY_SEARCH_EXPORT_COMPATIBILITY,amount;approved_amount,true,true,false,false,false,HIGH_GLOBAL_DEFINITION,"Migrate display/view identity to formal fields, then retire alias by controlled upgrade."
sc.expense.claim,p1_visible_f79e589b11f6,报销金额,DISPLAY_SEARCH_EXPORT_COMPATIBILITY,amount;approved_amount,true,true,false,false,false,HIGH_GLOBAL_DEFINITION,"Migrate display/view identity to formal fields, then retire alias by controlled upgrade."
sc.financing.loan,p1_visible_06d4e36b5786,申请部门,DISPLAY_SEARCH_EXPORT_COMPATIBILITY,financing_loan_request_department,true,true,false,false,false,HIGH_GLOBAL_DEFINITION,"Migrate display/view identity to formal fields, then retire alias by controlled upgrade."
sc.financing.loan,p1_visible_06fa8c6f628f,单据状态,DISPLAY_SEARCH_EXPORT_COMPATIBILITY,state,true,true,false,false,false,HIGH_GLOBAL_DEFINITION,"Migrate display/view identity to formal fields, then retire alias by controlled upgrade."
sc.financing.loan,p1_visible_099f8b5c680a,贷款账户,DISPLAY_SEARCH_EXPORT_COMPATIBILITY,loan_account,true,true,false,false,false,HIGH_GLOBAL_DEFINITION,"Migrate display/view identity to formal fields, then retire alias by controlled upgrade."
sc.financing.loan,p1_visible_0f6aab17d203,约定期限,DISPLAY_SEARCH_EXPORT_COMPATIBILITY,due_date,true,true,false,false,false,HIGH_GLOBAL_DEFINITION,"Migrate display/view identity to formal fields, then retire alias by controlled upgrade."
sc.financing.loan,p1_visible_160ebab6202d,借款账号,DISPLAY_SEARCH_EXPORT_COMPATIBILITY,financing_loan_borrow_account,true,true,false,false,false,HIGH_GLOBAL_DEFINITION,"Migrate display/view identity to formal fields, then retire alias by controlled upgrade."
sc.financing.loan,p1_visible_21f4d7e3c978,实际借款金额,DISPLAY_SEARCH_EXPORT_COMPATIBILITY,financing_loan_actual_loan_amount,true,true,false,false,false,HIGH_GLOBAL_DEFINITION,"Migrate display/view identity to formal fields, then retire alias by controlled upgrade."
sc.financing.loan,p1_visible_25b047589d9e,开户银行,DISPLAY_SEARCH_EXPORT_COMPATIBILITY,financing_loan_bank_name,true,true,false,false,false,HIGH_GLOBAL_DEFINITION,"Migrate display/view identity to formal fields, then retire alias by controlled upgrade."
sc.financing.loan,p1_visible_26cbd48d6c5a,借款类型,DISPLAY_SEARCH_EXPORT_COMPATIBILITY,financing_loan_loan_type_display,true,true,false,false,false,HIGH_GLOBAL_DEFINITION,"Migrate display/view identity to formal fields, then retire alias by controlled upgrade."
sc.financing.loan,p1_visible_393c1d188de6,贷款利息,DISPLAY_SEARCH_EXPORT_COMPATIBILITY,rate_label,true,true,false,false,false,HIGH_GLOBAL_DEFINITION,"Migrate display/view identity to formal fields, then retire alias by controlled upgrade."
sc.financing.loan,p1_visible_3bee2141cdb1,到期利息,DISPLAY_SEARCH_EXPORT_COMPATIBILITY,rate_label,true,true,false,false,false,HIGH_GLOBAL_DEFINITION,"Migrate display/view identity to formal fields, then retire alias by controlled upgrade."
sc.financing.loan,p1_visible_3e7255522b33,项目名称,DISPLAY_SEARCH_EXPORT_COMPATIBILITY,project_id,true,true,false,false,false,HIGH_GLOBAL_DEFINITION,"Migrate display/view identity to formal fields, then retire alias by controlled upgrade."
sc.financing.loan,p1_visible_3f91cf4fc953,付款单位,DISPLAY_SEARCH_EXPORT_COMPATIBILITY,payer_unit,true,true,false,false,false,HIGH_GLOBAL_DEFINITION,"Migrate display/view identity to formal fields, then retire alias by controlled upgrade."
sc.financing.loan,p1_visible_49a5d541678c,收款账户,DISPLAY_SEARCH_EXPORT_COMPATIBILITY,receipt_account,true,true,false,false,false,HIGH_GLOBAL_DEFINITION,"Migrate display/view identity to formal fields, then retire alias by controlled upgrade."
sc.financing.loan,p1_visible_547c71732ac4,借款利息,DISPLAY_SEARCH_EXPORT_COMPATIBILITY,rate_label,true,true,false,false,false,HIGH_GLOBAL_DEFINITION,"Migrate display/view identity to formal fields, then retire alias by controlled upgrade."
sc.financing.loan,p1_visible_5dd6b34dec39,往来单位账户,DISPLAY_SEARCH_EXPORT_COMPATIBILITY,counterparty_account,true,true,false,false,false,HIGH_GLOBAL_DEFINITION,"Migrate display/view identity to formal fields, then retire alias by controlled upgrade."
sc.financing.loan,p1_visible_628f2a7878b3,贷款银行,DISPLAY_SEARCH_EXPORT_COMPATIBILITY,loan_bank_name,true,true,false,false,false,HIGH_GLOBAL_DEFINITION,"Migrate display/view identity to formal fields, then retire alias by controlled upgrade."
sc.financing.loan,p1_visible_701ce5416c52,未还款金额,DISPLAY_SEARCH_EXPORT_COMPATIBILITY,amount,true,true,false,false,false,HIGH_GLOBAL_DEFINITION,"Migrate display/view identity to formal fields, then retire alias by controlled upgrade."
sc.financing.loan,p1_visible_71e47f617269,填写人,DISPLAY_SEARCH_EXPORT_COMPATIBILITY,creator_name,true,true,false,false,false,HIGH_GLOBAL_DEFINITION,"Migrate display/view identity to formal fields, then retire alias by controlled upgrade."
sc.financing.loan,p1_visible_7a915500e3a7,是否预算内,DISPLAY_SEARCH_EXPORT_COMPATIBILITY,financing_loan_budget_included,true,true,false,false,false,HIGH_GLOBAL_DEFINITION,"Migrate display/view identity to formal fields, then retire alias by controlled upgrade."
sc.financing.loan,p1_visible_7c49c8f25a7a,用途,DISPLAY_SEARCH_EXPORT_COMPATIBILITY,purpose;note,true,true,false,false,false,HIGH_GLOBAL_DEFINITION,"Migrate display/view identity to formal fields, then retire alias by controlled upgrade."
sc.financing.loan,p1_visible_880ab989a872,申请人,DISPLAY_SEARCH_EXPORT_COMPATIBILITY,creator_name,true,true,false,false,false,HIGH_GLOBAL_DEFINITION,"Migrate display/view identity to formal fields, then retire alias by controlled upgrade."
sc.financing.loan,p1_visible_886e0fcaba60,申请金额,DISPLAY_SEARCH_EXPORT_COMPATIBILITY,financing_loan_request_amount,true,true,false,false,false,HIGH_GLOBAL_DEFINITION,"Migrate display/view identity to formal fields, then retire alias by controlled upgrade."
sc.financing.loan,p1_visible_8ab2d41e7757,贷款金额,DISPLAY_SEARCH_EXPORT_COMPATIBILITY,amount,true,true,false,false,false,HIGH_GLOBAL_DEFINITION,"Migrate display/view identity to formal fields, then retire alias by controlled upgrade."
sc.financing.loan,p1_visible_8fa8662ad38f,单据编号,DISPLAY_SEARCH_EXPORT_COMPATIBILITY,document_no;name,true,true,false,false,false,HIGH_GLOBAL_DEFINITION,"Migrate display/view identity to formal fields, then retire alias by controlled upgrade."
sc.financing.loan,p1_visible_94c4852ffb13,公司名称,DISPLAY_SEARCH_EXPORT_COMPATIBILITY,company_name,true,true,false,false,false,HIGH_GLOBAL_DEFINITION,"Migrate display/view identity to formal fields, then retire alias by controlled upgrade."
sc.financing.loan,p1_visible_94f294dac442,还款账户,DISPLAY_SEARCH_EXPORT_COMPATIBILITY,repayment_account,true,true,false,false,false,HIGH_GLOBAL_DEFINITION,"Migrate display/view identity to formal fields, then retire alias by controlled upgrade."
sc.financing.loan,p1_visible_982d68c74aeb,还款日期,DISPLAY_SEARCH_EXPORT_COMPATIBILITY,due_date;document_date,true,true,false,false,false,HIGH_GLOBAL_DEFINITION,"Migrate display/view identity to formal fields, then retire alias by controlled upgrade."
sc.financing.loan,p1_visible_99f6fe6c41ad,附件,DISPLAY_SEARCH_EXPORT_COMPATIBILITY,attachment_ids;message_attachment_count,true,true,false,false,false,HIGH_GLOBAL_DEFINITION,"Migrate display/view identity to formal fields, then retire alias by controlled upgrade."
sc.financing.loan,p1_visible_9c075c710f62,还款金额,DISPLAY_SEARCH_EXPORT_COMPATIBILITY,amount,true,true,false,false,false,HIGH_GLOBAL_DEFINITION,"Migrate display/view identity to formal fields, then retire alias by controlled upgrade."
sc.financing.loan,p1_visible_9eb4e5019601,往来单位名称,DISPLAY_SEARCH_EXPORT_COMPATIBILITY,counterparty_name,true,true,false,false,false,HIGH_GLOBAL_DEFINITION,"Migrate display/view identity to formal fields, then retire alias by controlled upgrade."
sc.financing.loan,p1_visible_a12b85cb38e6,年利率,DISPLAY_SEARCH_EXPORT_COMPATIBILITY,rate_label,true,true,false,false,false,HIGH_GLOBAL_DEFINITION,"Migrate display/view identity to formal fields, then retire alias by controlled upgrade."
sc.financing.loan,p1_visible_a5b7f233fadc,利息,DISPLAY_SEARCH_EXPORT_COMPATIBILITY,rate_label,true,true,false,false,false,HIGH_GLOBAL_DEFINITION,"Migrate display/view identity to formal fields, then retire alias by controlled upgrade."
sc.financing.loan,p1_visible_a97833656ba0,实际年利率,DISPLAY_SEARCH_EXPORT_COMPATIBILITY,rate_label,true,true,false,false,false,HIGH_GLOBAL_DEFINITION,"Migrate display/view identity to formal fields, then retire alias by controlled upgrade."
sc.financing.loan,p1_visible_b3620ea08897,实际还款天数,DISPLAY_SEARCH_EXPORT_COMPATIBILITY,due_date,true,true,false,false,false,HIGH_GLOBAL_DEFINITION,"Migrate display/view identity to formal fields, then retire alias by controlled upgrade."
sc.financing.loan,p1_visible_b72214024f6c,预计归还时间,DISPLAY_SEARCH_EXPORT_COMPATIBILITY,financing_loan_expected_return_time,true,true,false,false,false,HIGH_GLOBAL_DEFINITION,"Migrate display/view identity to formal fields, then retire alias by controlled upgrade."
sc.financing.loan,p1_visible_bb7c7aeff3e4,收款人,DISPLAY_SEARCH_EXPORT_COMPATIBILITY,partner_id,true,true,false,false,false,HIGH_GLOBAL_DEFINITION,"Migrate display/view identity to formal fields, then retire alias by controlled upgrade."
sc.financing.loan,p1_visible_ccfa1326c88f,收款单位,DISPLAY_SEARCH_EXPORT_COMPATIBILITY,partner_id,true,true,false,false,false,HIGH_GLOBAL_DEFINITION,"Migrate display/view identity to formal fields, then retire alias by controlled upgrade."
sc.financing.loan,p1_visible_da7f7ebd086f,主要资金使用安排,DISPLAY_SEARCH_EXPORT_COMPATIBILITY,financing_loan_fund_usage_plan,true,true,false,false,false,HIGH_GLOBAL_DEFINITION,"Migrate display/view identity to formal fields, then retire alias by controlled upgrade."
sc.financing.loan,p1_visible_dca067f698a7,还款时间,DISPLAY_SEARCH_EXPORT_COMPATIBILITY,due_date;document_date,true,true,false,false,false,HIGH_GLOBAL_DEFINITION,"Migrate display/view identity to formal fields, then retire alias by controlled upgrade."
sc.financing.loan,p1_visible_dfc25d77dc39,录入时间,DISPLAY_SEARCH_EXPORT_COMPATIBILITY,created_time,true,true,false,false,false,HIGH_GLOBAL_DEFINITION,"Migrate display/view identity to formal fields, then retire alias by controlled upgrade."
sc.financing.loan,p1_visible_e0361480e3a5,备注,DISPLAY_SEARCH_EXPORT_COMPATIBILITY,note;purpose,true,true,false,false,false,HIGH_GLOBAL_DEFINITION,"Migrate display/view identity to formal fields, then retire alias by controlled upgrade."
sc.financing.loan,p1_visible_e242a03dd5b6,贷款日期,DISPLAY_SEARCH_EXPORT_COMPATIBILITY,document_date,true,true,false,false,false,HIGH_GLOBAL_DEFINITION,"Migrate display/view identity to formal fields, then retire alias by controlled upgrade."
sc.financing.loan,p1_visible_e85ad6ea52fd,申请时间,DISPLAY_SEARCH_EXPORT_COMPATIBILITY,financing_loan_request_time,true,true,false,false,false,HIGH_GLOBAL_DEFINITION,"Migrate display/view identity to formal fields, then retire alias by controlled upgrade."
sc.financing.loan,p1_visible_ed43f478ec3d,贷款天数,DISPLAY_SEARCH_EXPORT_COMPATIBILITY,due_date,true,true,false,false,false,HIGH_GLOBAL_DEFINITION,"Migrate display/view identity to formal fields, then retire alias by controlled upgrade."
sc.financing.loan,p1_visible_ee6a4d9e2956,录入人,DISPLAY_SEARCH_EXPORT_COMPATIBILITY,creator_name,true,true,false,false,false,HIGH_GLOBAL_DEFINITION,"Migrate display/view identity to formal fields, then retire alias by controlled upgrade."
sc.financing.loan,p1_visible_f13b158f80f7,借款利率,DISPLAY_SEARCH_EXPORT_COMPATIBILITY,rate_label,true,true,false,false,false,HIGH_GLOBAL_DEFINITION,"Migrate display/view identity to formal fields, then retire alias by controlled upgrade."
sc.financing.loan,p1_visible_f256aa66ca92,实际批复金额,DISPLAY_SEARCH_EXPORT_COMPATIBILITY,financing_loan_approved_amount,true,true,false,false,false,HIGH_GLOBAL_DEFINITION,"Migrate display/view identity to formal fields, then retire alias by controlled upgrade."
sc.financing.loan,p1_visible_f65ab1a8427f,借款人,DISPLAY_SEARCH_EXPORT_COMPATIBILITY,partner_id,true,true,false,false,false,HIGH_GLOBAL_DEFINITION,"Migrate display/view identity to formal fields, then retire alias by controlled upgrade."
sc.financing.loan,p1_visible_f75550069cae,借款金额,DISPLAY_SEARCH_EXPORT_COMPATIBILITY,amount,true,true,false,false,false,HIGH_GLOBAL_DEFINITION,"Migrate display/view identity to formal fields, then retire alias by controlled upgrade."
sc.fund.account,p1_visible_0b959af0bd69,开户账号,DISPLAY_SEARCH_EXPORT_COMPATIBILITY,account_no,true,true,false,false,false,HIGH_GLOBAL_DEFINITION,"Migrate display/view identity to formal fields, then retire alias by controlled upgrade."
sc.fund.account,p1_visible_0fb499e9ebc9,账户状态,DISPLAY_SEARCH_EXPORT_COMPATIBILITY,state;active,true,true,false,false,false,HIGH_GLOBAL_DEFINITION,"Migrate display/view identity to formal fields, then retire alias by controlled upgrade."
sc.fund.account,p1_visible_256ffb1df96a,是否默认账号,DISPLAY_SEARCH_EXPORT_COMPATIBILITY,is_default,true,true,false,false,false,HIGH_GLOBAL_DEFINITION,"Migrate display/view identity to formal fields, then retire alias by controlled upgrade."
sc.fund.account,p1_visible_3e7255522b33,项目名称,DISPLAY_SEARCH_EXPORT_COMPATIBILITY,project_id,true,true,false,false,false,HIGH_GLOBAL_DEFINITION,"Migrate display/view identity to formal fields, then retire alias by controlled upgrade."
sc.fund.account,p1_visible_3f2da24264f0,账号名称,DISPLAY_SEARCH_EXPORT_COMPATIBILITY,name,true,true,false,false,false,HIGH_GLOBAL_DEFINITION,"Migrate display/view identity to formal fields, then retire alias by controlled upgrade."
sc.fund.account,p1_visible_8fa8662ad38f,单据编号,DISPLAY_SEARCH_EXPORT_COMPATIBILITY,name,true,true,false,false,false,HIGH_GLOBAL_DEFINITION,"Migrate display/view identity to formal fields, then retire alias by controlled upgrade."
sc.fund.account,p1_visible_a82dee991619,初期余额,DISPLAY_SEARCH_EXPORT_COMPATIBILITY,opening_balance,true,true,false,false,false,HIGH_GLOBAL_DEFINITION,"Migrate display/view identity to formal fields, then retire alias by controlled upgrade."
sc.fund.account,p1_visible_bd1bb9040d11,录入来源,DISPLAY_SEARCH_EXPORT_COMPATIBILITY,source_origin,true,true,false,false,false,HIGH_GLOBAL_DEFINITION,"Migrate display/view identity to formal fields, then retire alias by controlled upgrade."
sc.fund.account,p1_visible_c9bb0821eed9,排序号,DISPLAY_SEARCH_EXPORT_COMPATIBILITY,sequence,true,true,false,false,false,HIGH_GLOBAL_DEFINITION,"Migrate display/view identity to formal fields, then retire alias by controlled upgrade."
sc.fund.account,p1_visible_d8347d8e9fac,账号户名,UNRESOLVED_DISPLAY_COMPATIBILITY,,true,true,false,false,false,CRITICAL_UNRESOLVED_FORMAL_SOURCE,"Obtain business decision; do not infer a target, sort, aggregate or migrate automatically."
sc.fund.account,p1_visible_dfc25d77dc39,录入时间,DISPLAY_SEARCH_EXPORT_COMPATIBILITY,source_created_at,true,true,false,false,false,HIGH_GLOBAL_DEFINITION,"Migrate display/view identity to formal fields, then retire alias by controlled upgrade."
sc.fund.account,p1_visible_ee6a4d9e2956,录入人,DISPLAY_SEARCH_EXPORT_COMPATIBILITY,source_created_by,true,true,false,false,false,HIGH_GLOBAL_DEFINITION,"Migrate display/view identity to formal fields, then retire alias by controlled upgrade."
sc.fund.account,p1_visible_ef38c6c5245f,账户操作,UNRESOLVED_DISPLAY_COMPATIBILITY,,true,true,false,false,false,CRITICAL_UNRESOLVED_FORMAL_SOURCE,"Obtain business decision; do not infer a target, sort, aggregate or migrate automatically."
sc.fund.account,p1_visible_f22832ce4781,推送结果,DISPLAY_SEARCH_EXPORT_COMPATIBILITY,state,true,true,false,false,false,HIGH_GLOBAL_DEFINITION,"Migrate display/view identity to formal fields, then retire alias by controlled upgrade."
sc.fund.account,p1_visible_f462c3c4fc87,是否过渡账户,DISPLAY_SEARCH_EXPORT_COMPATIBILITY,fixed_account,true,true,false,false,false,HIGH_GLOBAL_DEFINITION,"Migrate display/view identity to formal fields, then retire alias by controlled upgrade."
sc.fund.account,p1_visible_f63da5b6950e,账号类型,DISPLAY_SEARCH_EXPORT_COMPATIBILITY,account_type,true,true,false,false,false,HIGH_GLOBAL_DEFINITION,"Migrate display/view identity to formal fields, then retire alias by controlled upgrade."
sc.fund.account.operation,p1_visible_0675851fc19e,事由,DISPLAY_SEARCH_EXPORT_COMPATIBILITY,operation_reason;note,true,true,false,false,false,HIGH_GLOBAL_DEFINITION,"Migrate display/view identity to formal fields, then retire alias by controlled upgrade."
sc.fund.account.operation,p1_visible_06fa8c6f628f,单据状态,DISPLAY_SEARCH_EXPORT_COMPATIBILITY,state,true,true,false,false,false,HIGH_GLOBAL_DEFINITION,"Migrate display/view identity to formal fields, then retire alias by controlled upgrade."
sc.fund.account.operation,p1_visible_34943c40c9af,金额,DISPLAY_SEARCH_EXPORT_COMPATIBILITY,amount,true,true,false,false,false,HIGH_GLOBAL_DEFINITION,"Migrate display/view identity to formal fields, then retire alias by controlled upgrade."
sc.fund.account.operation,p1_visible_3e7255522b33,项目名称,DISPLAY_SEARCH_EXPORT_COMPATIBILITY,project_id,true,true,false,false,false,HIGH_GLOBAL_DEFINITION,"Migrate display/view identity to formal fields, then retire alias by controlled upgrade."
sc.fund.account.operation,p1_visible_43f67c096554,账户号码,DISPLAY_SEARCH_EXPORT_COMPATIBILITY,fund_account_id;source_account_id;target_account_id,true,true,false,false,false,HIGH_GLOBAL_DEFINITION,"Migrate display/view identity to formal fields, then retire alias by controlled upgrade."
sc.fund.account.operation,p1_visible_49a5d541678c,收款账户,DISPLAY_SEARCH_EXPORT_COMPATIBILITY,target_account_id,true,true,false,false,false,HIGH_GLOBAL_DEFINITION,"Migrate display/view identity to formal fields, then retire alias by controlled upgrade."
sc.fund.account.operation,p1_visible_51f85a78cac4,发生时间,DISPLAY_SEARCH_EXPORT_COMPATIBILITY,operation_date;created_time,true,true,false,false,false,HIGH_GLOBAL_DEFINITION,"Migrate display/view identity to formal fields, then retire alias by controlled upgrade."
sc.fund.account.operation,p1_visible_8fa8662ad38f,单据编号,DISPLAY_SEARCH_EXPORT_COMPATIBILITY,name,true,true,false,false,false,HIGH_GLOBAL_DEFINITION,"Migrate display/view identity to formal fields, then retire alias by controlled upgrade."
sc.fund.account.operation,p1_visible_99f6fe6c41ad,附件,DISPLAY_SEARCH_EXPORT_COMPATIBILITY,attachment_ids;message_attachment_count,true,true,false,false,false,HIGH_GLOBAL_DEFINITION,"Migrate display/view identity to formal fields, then retire alias by controlled upgrade."
sc.fund.account.operation,p1_visible_df6e7b1e9eac,转账类别,DISPLAY_SEARCH_EXPORT_COMPATIBILITY,operation_type,true,true,false,false,false,HIGH_GLOBAL_DEFINITION,"Migrate display/view identity to formal fields, then retire alias by controlled upgrade."
sc.fund.account.operation,p1_visible_dfc25d77dc39,录入时间,DISPLAY_SEARCH_EXPORT_COMPATIBILITY,created_time,true,true,false,false,false,HIGH_GLOBAL_DEFINITION,"Migrate display/view identity to formal fields, then retire alias by controlled upgrade."
sc.fund.account.operation,p1_visible_e0361480e3a5,备注,DISPLAY_SEARCH_EXPORT_COMPATIBILITY,note,true,true,false,false,false,HIGH_GLOBAL_DEFINITION,"Migrate display/view identity to formal fields, then retire alias by controlled upgrade."
sc.fund.account.operation,p1_visible_ee6a4d9e2956,录入人,DISPLAY_SEARCH_EXPORT_COMPATIBILITY,creator_name,true,true,false,false,false,HIGH_GLOBAL_DEFINITION,"Migrate display/view identity to formal fields, then retire alias by controlled upgrade."
sc.hr.payroll.document,p1_visible_06fa8c6f628f,单据状态,DISPLAY_SEARCH_EXPORT_COMPATIBILITY,state,true,true,false,false,false,HIGH_GLOBAL_DEFINITION,"Migrate display/view identity to formal fields, then retire alias by controlled upgrade."
sc.hr.payroll.document,p1_visible_0e251e3ec516,人员状态,DISPLAY_SEARCH_EXPORT_COMPATIBILITY,employee_status,true,true,false,false,false,HIGH_GLOBAL_DEFINITION,"Migrate display/view identity to formal fields, then retire alias by controlled upgrade."
sc.hr.payroll.document,p1_visible_1329bae177ec,财务支出登记状态,DISPLAY_SEARCH_EXPORT_COMPATIBILITY,state,true,true,false,false,false,HIGH_GLOBAL_DEFINITION,"Migrate display/view identity to formal fields, then retire alias by controlled upgrade."
sc.hr.payroll.document,p1_visible_1e62803e196c,单据日期,DISPLAY_SEARCH_EXPORT_COMPATIBILITY,business_date,true,true,false,false,false,HIGH_GLOBAL_DEFINITION,"Migrate display/view identity to formal fields, then retire alias by controlled upgrade."
sc.hr.payroll.document,p1_visible_3e7255522b33,项目名称,DISPLAY_SEARCH_EXPORT_COMPATIBILITY,project_id;payer_unit;payout_unit,true,true,false,false,false,HIGH_GLOBAL_DEFINITION,"Migrate display/view identity to formal fields, then retire alias by controlled upgrade."
sc.hr.payroll.document,p1_visible_3f253e92f54e,人员类型,DISPLAY_SEARCH_EXPORT_COMPATIBILITY,employee_type,true,true,false,false,false,HIGH_GLOBAL_DEFINITION,"Migrate display/view identity to formal fields, then retire alias by controlled upgrade."
sc.hr.payroll.document,p1_visible_3f2c92346bec,登记时间,DISPLAY_SEARCH_EXPORT_COMPATIBILITY,business_date;source_created_at;create_date,true,true,false,false,false,HIGH_GLOBAL_DEFINITION,"Migrate display/view identity to formal fields, then retire alias by controlled upgrade."
sc.hr.payroll.document,p1_visible_4b4bd90c12ba,补助事由,DISPLAY_SEARCH_EXPORT_COMPATIBILITY,item_type,true,true,false,false,false,HIGH_GLOBAL_DEFINITION,"Migrate display/view identity to formal fields, then retire alias by controlled upgrade."
sc.hr.payroll.document,p1_visible_4fdb9ce5c61b,证书费用,DISPLAY_SEARCH_EXPORT_COMPATIBILITY,certificate_fee,true,true,false,false,false,HIGH_GLOBAL_DEFINITION,"Migrate display/view identity to formal fields, then retire alias by controlled upgrade."
sc.hr.payroll.document,p1_visible_51d806399a4e,月份,DISPLAY_SEARCH_EXPORT_COMPATIBILITY,period_month,true,true,false,false,false,HIGH_GLOBAL_DEFINITION,"Migrate display/view identity to formal fields, then retire alias by controlled upgrade."
sc.hr.payroll.document,p1_visible_57301575f310,购买人数,DISPLAY_SEARCH_EXPORT_COMPATIBILITY,people_count,true,true,false,false,false,HIGH_GLOBAL_DEFINITION,"Migrate display/view identity to formal fields, then retire alias by controlled upgrade."
sc.hr.payroll.document,p1_visible_60beedc8f22b,联系方式,DISPLAY_SEARCH_EXPORT_COMPATIBILITY,contact_phone,true,true,false,false,false,HIGH_GLOBAL_DEFINITION,"Migrate display/view identity to formal fields, then retire alias by controlled upgrade."
sc.hr.payroll.document,p1_visible_62e951a692ff,状态,DISPLAY_SEARCH_EXPORT_COMPATIBILITY,state,true,true,false,false,false,HIGH_GLOBAL_DEFINITION,"Migrate display/view identity to formal fields, then retire alias by controlled upgrade."
sc.hr.payroll.document,p1_visible_66819a676970,发放单位,DISPLAY_SEARCH_EXPORT_COMPATIBILITY,payout_unit;payer_unit,true,true,false,false,false,HIGH_GLOBAL_DEFINITION,"Migrate display/view identity to formal fields, then retire alias by controlled upgrade."
sc.hr.payroll.document,p1_visible_67d4f7d4cc3e,补助金额,DISPLAY_SEARCH_EXPORT_COMPATIBILITY,amount,true,true,false,false,false,HIGH_GLOBAL_DEFINITION,"Migrate display/view identity to formal fields, then retire alias by controlled upgrade."
sc.hr.payroll.document,p1_visible_6b7f34b5b51c,发放人数,DISPLAY_SEARCH_EXPORT_COMPATIBILITY,people_count,true,true,false,false,false,HIGH_GLOBAL_DEFINITION,"Migrate display/view identity to formal fields, then retire alias by controlled upgrade."
sc.hr.payroll.document,p1_visible_70a7654ea9fc,奖金金额,DISPLAY_SEARCH_EXPORT_COMPATIBILITY,amount,true,true,false,false,false,HIGH_GLOBAL_DEFINITION,"Migrate display/view identity to formal fields, then retire alias by controlled upgrade."
sc.hr.payroll.document,p1_visible_748d7dc7e321,标题,DISPLAY_SEARCH_EXPORT_COMPATIBILITY,name;description,true,true,false,false,false,HIGH_GLOBAL_DEFINITION,"Migrate display/view identity to formal fields, then retire alias by controlled upgrade."
sc.hr.payroll.document,p1_visible_74ba6d25c64e,年度,DISPLAY_SEARCH_EXPORT_COMPATIBILITY,period_year,true,true,false,false,false,HIGH_GLOBAL_DEFINITION,"Migrate display/view identity to formal fields, then retire alias by controlled upgrade."
sc.hr.payroll.document,p1_visible_74cf2fb16ad9,实发工资,DISPLAY_SEARCH_EXPORT_COMPATIBILITY,net_salary,true,true,false,false,false,HIGH_GLOBAL_DEFINITION,"Migrate display/view identity to formal fields, then retire alias by controlled upgrade."
sc.hr.payroll.document,p1_visible_7afa7e3935c5,登记人,DISPLAY_SEARCH_EXPORT_COMPATIBILITY,requester_id;handler_id;source_created_by,true,true,false,false,false,HIGH_GLOBAL_DEFINITION,"Migrate display/view identity to formal fields, then retire alias by controlled upgrade."
sc.hr.payroll.document,p1_visible_80e04d40f1d5,社保购买单位,DISPLAY_SEARCH_EXPORT_COMPATIBILITY,payer_unit,true,true,false,false,false,HIGH_GLOBAL_DEFINITION,"Migrate display/view identity to formal fields, then retire alias by controlled upgrade."
sc.hr.payroll.document,p1_visible_84622b941985,个人证书,DISPLAY_SEARCH_EXPORT_COMPATIBILITY,certificate_fee,true,true,false,false,false,HIGH_GLOBAL_DEFINITION,"Migrate display/view identity to formal fields, then retire alias by controlled upgrade."
sc.hr.payroll.document,p1_visible_8c47a7ab1349,缴费金额,DISPLAY_SEARCH_EXPORT_COMPATIBILITY,amount;company_amount;individual_amount,true,true,false,false,false,HIGH_GLOBAL_DEFINITION,"Migrate display/view identity to formal fields, then retire alias by controlled upgrade."
sc.hr.payroll.document,p1_visible_8fa8662ad38f,单据编号,DISPLAY_SEARCH_EXPORT_COMPATIBILITY,document_no;name,true,true,false,false,false,HIGH_GLOBAL_DEFINITION,"Migrate display/view identity to formal fields, then retire alias by controlled upgrade."
sc.hr.payroll.document,p1_visible_91061a56c00f,部门,DISPLAY_SEARCH_EXPORT_COMPATIBILITY,department_id,true,true,false,false,false,HIGH_GLOBAL_DEFINITION,"Migrate display/view identity to formal fields, then retire alias by controlled upgrade."
sc.hr.payroll.document,p1_visible_9713a701b3c6,部门岗位,DISPLAY_SEARCH_EXPORT_COMPATIBILITY,department_id,true,true,false,false,false,HIGH_GLOBAL_DEFINITION,"Migrate display/view identity to formal fields, then retire alias by controlled upgrade."
sc.hr.payroll.document,p1_visible_99f6fe6c41ad,附件,DISPLAY_SEARCH_EXPORT_COMPATIBILITY,attachment_ids;message_attachment_count,true,true,false,false,false,HIGH_GLOBAL_DEFINITION,"Migrate display/view identity to formal fields, then retire alias by controlled upgrade."
sc.hr.payroll.document,p1_visible_9c56d919cf1c,身份证号码,DISPLAY_SEARCH_EXPORT_COMPATIBILITY,id_number,true,true,false,false,false,HIGH_GLOBAL_DEFINITION,"Migrate display/view identity to formal fields, then retire alias by controlled upgrade."
sc.hr.payroll.document,p1_visible_b4226e43b871,应发工资,DISPLAY_SEARCH_EXPORT_COMPATIBILITY,gross_amount,true,true,false,false,false,HIGH_GLOBAL_DEFINITION,"Migrate display/view identity to formal fields, then retire alias by controlled upgrade."
sc.hr.payroll.document,p1_visible_be4c2616b177,姓名,DISPLAY_SEARCH_EXPORT_COMPATIBILITY,employee_name;employee_user_id,true,true,false,false,false,HIGH_GLOBAL_DEFINITION,"Migrate display/view identity to formal fields, then retire alias by controlled upgrade."
sc.hr.payroll.document,p1_visible_be515165d80b,补助人,DISPLAY_SEARCH_EXPORT_COMPATIBILITY,employee_name;employee_user_id,true,true,false,false,false,HIGH_GLOBAL_DEFINITION,"Migrate display/view identity to formal fields, then retire alias by controlled upgrade."
sc.hr.payroll.document,p1_visible_c668c7a28f7c,年份,DISPLAY_SEARCH_EXPORT_COMPATIBILITY,period_year,true,true,false,false,false,HIGH_GLOBAL_DEFINITION,"Migrate display/view identity to formal fields, then retire alias by controlled upgrade."
sc.hr.payroll.document,p1_visible_ca67e373988f,社保基数,DISPLAY_SEARCH_EXPORT_COMPATIBILITY,social_security_base,true,true,false,false,false,HIGH_GLOBAL_DEFINITION,"Migrate display/view identity to formal fields, then retire alias by controlled upgrade."
sc.hr.payroll.document,p1_visible_dfc25d77dc39,录入时间,DISPLAY_SEARCH_EXPORT_COMPATIBILITY,business_date;source_created_at,true,true,false,false,false,HIGH_GLOBAL_DEFINITION,"Migrate display/view identity to formal fields, then retire alias by controlled upgrade."
sc.hr.payroll.document,p1_visible_e0361480e3a5,备注,DISPLAY_SEARCH_EXPORT_COMPATIBILITY,result_note;description,true,true,false,false,false,HIGH_GLOBAL_DEFINITION,"Migrate display/view identity to formal fields, then retire alias by controlled upgrade."
sc.hr.payroll.document,p1_visible_e20f6452c86b,奖金事由,DISPLAY_SEARCH_EXPORT_COMPATIBILITY,item_type;result_note;description,true,true,false,false,false,HIGH_GLOBAL_DEFINITION,"Migrate display/view identity to formal fields, then retire alias by controlled upgrade."
sc.hr.payroll.document,p1_visible_e4e46c7235d1,类型,DISPLAY_SEARCH_EXPORT_COMPATIBILITY,employee_type,true,true,false,false,false,HIGH_GLOBAL_DEFINITION,"Migrate display/view identity to formal fields, then retire alias by controlled upgrade."
sc.hr.payroll.document,p1_visible_ee6a4d9e2956,录入人,DISPLAY_SEARCH_EXPORT_COMPATIBILITY,requester_id;handler_id;source_created_by,true,true,false,false,false,HIGH_GLOBAL_DEFINITION,"Migrate display/view identity to formal fields, then retire alias by controlled upgrade."
sc.invoice.registration,p1_visible_007363f27191,不含税金额,DISPLAY_SEARCH_EXPORT_COMPATIBILITY,amount_no_tax,true,true,false,false,false,HIGH_GLOBAL_DEFINITION,"Migrate display/view identity to formal fields, then retire alias by controlled upgrade."
sc.invoice.registration,p1_visible_06fa8c6f628f,单据状态,DISPLAY_SEARCH_EXPORT_COMPATIBILITY,state,true,true,false,false,false,HIGH_GLOBAL_DEFINITION,"Migrate display/view identity to formal fields, then retire alias by controlled upgrade."
sc.invoice.registration,p1_visible_0d8979d08c09,累计开票金额,DISPLAY_SEARCH_EXPORT_COMPATIBILITY,amount_total,true,true,false,false,false,HIGH_GLOBAL_DEFINITION,"Migrate display/view identity to formal fields, then retire alias by controlled upgrade."
sc.invoice.registration,p1_visible_0e2126d6cf82,开票张数,DISPLAY_SEARCH_EXPORT_COMPATIBILITY,invoice_count,true,true,false,false,false,HIGH_GLOBAL_DEFINITION,"Migrate display/view identity to formal fields, then retire alias by controlled upgrade."
sc.invoice.registration,p1_visible_17b341733b7b,合同编号,DISPLAY_SEARCH_EXPORT_COMPATIBILITY,contract_id;name;document_no,true,true,false,false,false,HIGH_GLOBAL_DEFINITION,"Migrate display/view identity to formal fields, then retire alias by controlled upgrade."
sc.invoice.registration,p1_visible_296ce5fc1ed1,实开总金额,DISPLAY_SEARCH_EXPORT_COMPATIBILITY,actual_invoice_amount;amount_total,true,true,false,false,false,HIGH_GLOBAL_DEFINITION,"Migrate display/view identity to formal fields, then retire alias by controlled upgrade."
sc.invoice.registration,p1_visible_2c346345746e,申请日期,DISPLAY_SEARCH_EXPORT_COMPATIBILITY,application_date;document_date;create_date,true,true,false,false,false,HIGH_GLOBAL_DEFINITION,"Migrate display/view identity to formal fields, then retire alias by controlled upgrade."
sc.invoice.registration,p1_visible_34943c40c9af,金额,DISPLAY_SEARCH_EXPORT_COMPATIBILITY,amount_total,true,true,false,false,false,HIGH_GLOBAL_DEFINITION,"Migrate display/view identity to formal fields, then retire alias by controlled upgrade."
sc.invoice.registration,p1_visible_37d56ad493cf,税率,DISPLAY_SEARCH_EXPORT_COMPATIBILITY,tax_rate,true,true,false,false,false,HIGH_GLOBAL_DEFINITION,"Migrate display/view identity to formal fields, then retire alias by controlled upgrade."
sc.invoice.registration,p1_visible_3b66293fbe70,开票状态,DISPLAY_SEARCH_EXPORT_COMPATIBILITY,invoice_state;state,true,true,false,false,false,HIGH_GLOBAL_DEFINITION,"Migrate display/view identity to formal fields, then retire alias by controlled upgrade."
sc.invoice.registration,p1_visible_3d0afdf3736d,发票类型,DISPLAY_SEARCH_EXPORT_COMPATIBILITY,invoice_type,true,true,false,false,false,HIGH_GLOBAL_DEFINITION,"Migrate display/view identity to formal fields, then retire alias by controlled upgrade."
sc.invoice.registration,p1_visible_3e7255522b33,项目名称,DISPLAY_SEARCH_EXPORT_COMPATIBILITY,project_id,true,true,false,false,false,HIGH_GLOBAL_DEFINITION,"Migrate display/view identity to formal fields, then retire alias by controlled upgrade."
sc.invoice.registration,p1_visible_4f43764bd23d,本次开票张数,DISPLAY_SEARCH_EXPORT_COMPATIBILITY,invoice_count,true,true,false,false,false,HIGH_GLOBAL_DEFINITION,"Migrate display/view identity to formal fields, then retire alias by controlled upgrade."
sc.invoice.registration,p1_visible_61b3896f8414,交税类型,DISPLAY_SEARCH_EXPORT_COMPATIBILITY,tax_type;invoice_content;operation_strategy,true,true,false,false,false,HIGH_GLOBAL_DEFINITION,"Migrate display/view identity to formal fields, then retire alias by controlled upgrade."
sc.invoice.registration,p1_visible_62319711f425,预缴税款日期,DISPLAY_SEARCH_EXPORT_COMPATIBILITY,prepaid_tax_date;document_date,true,true,false,false,false,HIGH_GLOBAL_DEFINITION,"Migrate display/view identity to formal fields, then retire alias by controlled upgrade."
sc.invoice.registration,p1_visible_62e951a692ff,状态,DISPLAY_SEARCH_EXPORT_COMPATIBILITY,state,true,true,false,false,false,HIGH_GLOBAL_DEFINITION,"Migrate display/view identity to formal fields, then retire alias by controlled upgrade."
sc.invoice.registration,p1_visible_6514c1bee4d7,完税凭证号码,DISPLAY_SEARCH_EXPORT_COMPATIBILITY,tax_certificate_no;invoice_no,true,true,false,false,false,HIGH_GLOBAL_DEFINITION,"Migrate display/view identity to formal fields, then retire alias by controlled upgrade."
sc.invoice.registration,p1_visible_6bb76c93367b,受票单位,DISPLAY_SEARCH_EXPORT_COMPATIBILITY,recipient_unit_name;partner_id,true,true,false,false,false,HIGH_GLOBAL_DEFINITION,"Migrate display/view identity to formal fields, then retire alias by controlled upgrade."
sc.invoice.registration,p1_visible_7f5da566c14e,金蝶单据编号,DISPLAY_SEARCH_EXPORT_COMPATIBILITY,kingdee_document_no;document_no;name,true,true,false,false,false,HIGH_GLOBAL_DEFINITION,"Migrate display/view identity to formal fields, then retire alias by controlled upgrade."
sc.invoice.registration,p1_visible_83e1d169c7a2,合同额,DISPLAY_SEARCH_EXPORT_COMPATIBILITY,contract_amount,true,true,false,false,false,HIGH_GLOBAL_DEFINITION,"Migrate display/view identity to formal fields, then retire alias by controlled upgrade."
sc.invoice.registration,p1_visible_880ab989a872,申请人,DISPLAY_SEARCH_EXPORT_COMPATIBILITY,applicant_name;creator_name;source_created_by,true,true,false,false,false,HIGH_GLOBAL_DEFINITION,"Migrate display/view identity to formal fields, then retire alias by controlled upgrade."
sc.invoice.registration,p1_visible_8fa8662ad38f,单据编号,DISPLAY_SEARCH_EXPORT_COMPATIBILITY,document_no;name,true,true,false,false,false,HIGH_GLOBAL_DEFINITION,"Migrate display/view identity to formal fields, then retire alias by controlled upgrade."
sc.invoice.registration,p1_visible_964a2edc6942,关联回款金额,DISPLAY_SEARCH_EXPORT_COMPATIBILITY,related_receipt_amount,true,true,false,false,false,HIGH_GLOBAL_DEFINITION,"Migrate display/view identity to formal fields, then retire alias by controlled upgrade."
sc.invoice.registration,p1_visible_9769980c060d,发票备注,DISPLAY_SEARCH_EXPORT_COMPATIBILITY,note,true,true,false,false,false,HIGH_GLOBAL_DEFINITION,"Migrate display/view identity to formal fields, then retire alias by controlled upgrade."
sc.invoice.registration,p1_visible_99f6fe6c41ad,附件,DISPLAY_SEARCH_EXPORT_COMPATIBILITY,attachment_ids;message_attachment_count,true,true,false,false,false,HIGH_GLOBAL_DEFINITION,"Migrate display/view identity to formal fields, then retire alias by controlled upgrade."
sc.invoice.registration,p1_visible_99f753ed6262,税额,DISPLAY_SEARCH_EXPORT_COMPATIBILITY,tax_amount,true,true,false,false,false,HIGH_GLOBAL_DEFINITION,"Migrate display/view identity to formal fields, then retire alias by controlled upgrade."
sc.invoice.registration,p1_visible_a3c1a28bd34c,发票开具日期,DISPLAY_SEARCH_EXPORT_COMPATIBILITY,invoice_date;document_date,true,true,false,false,false,HIGH_GLOBAL_DEFINITION,"Migrate display/view identity to formal fields, then retire alias by controlled upgrade."
sc.invoice.registration,p1_visible_ada9a85eab00,发票号,DISPLAY_SEARCH_EXPORT_COMPATIBILITY,invoice_no,true,true,false,false,false,HIGH_GLOBAL_DEFINITION,"Migrate display/view identity to formal fields, then retire alias by controlled upgrade."
sc.invoice.registration,p1_visible_b031dc9a8507,数据类型,DISPLAY_SEARCH_EXPORT_COMPATIBILITY,caliber;source_kind,true,true,false,false,false,HIGH_GLOBAL_DEFINITION,"Migrate display/view identity to formal fields, then retire alias by controlled upgrade."
sc.invoice.registration,p1_visible_b9ae89319036,数量,DISPLAY_SEARCH_EXPORT_COMPATIBILITY,invoice_count,true,true,false,false,false,HIGH_GLOBAL_DEFINITION,"Migrate display/view identity to formal fields, then retire alias by controlled upgrade."
sc.invoice.registration,p1_visible_bbe7bbee241e,发票种类,DISPLAY_SEARCH_EXPORT_COMPATIBILITY,invoice_type,true,true,false,false,false,HIGH_GLOBAL_DEFINITION,"Migrate display/view identity to formal fields, then retire alias by controlled upgrade."
sc.invoice.registration,p1_visible_be5462bd6a62,开票单位,DISPLAY_SEARCH_EXPORT_COMPATIBILITY,invoice_issue_company;company_id;partner_id,true,true,false,false,false,HIGH_GLOBAL_DEFINITION,"Migrate display/view identity to formal fields, then retire alias by controlled upgrade."
sc.invoice.registration,p1_visible_c1b95b8ca332,附加税,DISPLAY_SEARCH_EXPORT_COMPATIBILITY,surcharge_amount;tax_amount,true,true,false,false,false,HIGH_GLOBAL_DEFINITION,"Migrate display/view identity to formal fields, then retire alias by controlled upgrade."
sc.invoice.registration,p1_visible_c5e161f03e08,本次开票金额,DISPLAY_SEARCH_EXPORT_COMPATIBILITY,actual_invoice_amount;amount_total,true,true,false,false,false,HIGH_GLOBAL_DEFINITION,"Migrate display/view identity to formal fields, then retire alias by controlled upgrade."
sc.invoice.registration,p1_visible_c73a8eab0d57,含税金额,DISPLAY_SEARCH_EXPORT_COMPATIBILITY,amount_total,true,true,false,false,false,HIGH_GLOBAL_DEFINITION,"Migrate display/view identity to formal fields, then retire alias by controlled upgrade."
sc.invoice.registration,p1_visible_d09b05103331,价税合计,DISPLAY_SEARCH_EXPORT_COMPATIBILITY,amount_total,true,true,false,false,false,HIGH_GLOBAL_DEFINITION,"Migrate display/view identity to formal fields, then retire alias by controlled upgrade."
sc.invoice.registration,p1_visible_d42c2d26610f,开票日期,DISPLAY_SEARCH_EXPORT_COMPATIBILITY,invoice_date;document_date,true,true,false,false,false,HIGH_GLOBAL_DEFINITION,"Migrate display/view identity to formal fields, then retire alias by controlled upgrade."
sc.invoice.registration,p1_visible_de695d830de1,口径,DISPLAY_SEARCH_EXPORT_COMPATIBILITY,caliber;source_kind,true,true,false,false,false,HIGH_GLOBAL_DEFINITION,"Migrate display/view identity to formal fields, then retire alias by controlled upgrade."
sc.invoice.registration,p1_visible_dfc25d77dc39,录入时间,DISPLAY_SEARCH_EXPORT_COMPATIBILITY,created_time;source_created_at,true,true,false,false,false,HIGH_GLOBAL_DEFINITION,"Migrate display/view identity to formal fields, then retire alias by controlled upgrade."
sc.invoice.registration,p1_visible_e0361480e3a5,备注,DISPLAY_SEARCH_EXPORT_COMPATIBILITY,note,true,true,false,false,false,HIGH_GLOBAL_DEFINITION,"Migrate display/view identity to formal fields, then retire alias by controlled upgrade."
sc.invoice.registration,p1_visible_ed582efc6e34,发票号码,DISPLAY_SEARCH_EXPORT_COMPATIBILITY,invoice_no,true,true,false,false,false,HIGH_GLOBAL_DEFINITION,"Migrate display/view identity to formal fields, then retire alias by controlled upgrade."
sc.invoice.registration,p1_visible_ed9ce3e5ab3c,预计回款日期,DISPLAY_SEARCH_EXPORT_COMPATIBILITY,expected_receipt_date,true,true,false,false,false,HIGH_GLOBAL_DEFINITION,"Migrate display/view identity to formal fields, then retire alias by controlled upgrade."
sc.invoice.registration,p1_visible_ee6a4d9e2956,录入人,DISPLAY_SEARCH_EXPORT_COMPATIBILITY,creator_name;source_created_by;handler_name,true,true,false,false,false,HIGH_GLOBAL_DEFINITION,"Migrate display/view identity to formal fields, then retire alias by controlled upgrade."
sc.invoice.registration,p1_visible_f22832ce4781,推送结果,DISPLAY_SEARCH_EXPORT_COMPATIBILITY,push_result;state,true,true,false,false,false,HIGH_GLOBAL_DEFINITION,"Migrate display/view identity to formal fields, then retire alias by controlled upgrade."
sc.invoice.registration,p1_visible_f286b41bd7f0,实际开票单位,DISPLAY_SEARCH_EXPORT_COMPATIBILITY,actual_invoice_issue_company;invoice_issue_company;partner_id,true,true,false,false,false,HIGH_GLOBAL_DEFINITION,"Migrate display/view identity to formal fields, then retire alias by controlled upgrade."
sc.invoice.registration,p1_visible_f9cc22d53aff,受票方名称,DISPLAY_SEARCH_EXPORT_COMPATIBILITY,recipient_unit_name;partner_id,true,true,false,false,false,HIGH_GLOBAL_DEFINITION,"Migrate display/view identity to formal fields, then retire alias by controlled upgrade."
sc.labor.request,p1_visible_06fa8c6f628f,单据状态,DISPLAY_SEARCH_EXPORT_COMPATIBILITY,state,true,true,false,false,false,HIGH_GLOBAL_DEFINITION,"Migrate display/view identity to formal fields, then retire alias by controlled upgrade."
sc.labor.request,p1_visible_1546ed5e57bd,支付条款,DISPLAY_SEARCH_EXPORT_COMPATIBILITY,note,true,true,false,false,false,HIGH_GLOBAL_DEFINITION,"Migrate display/view identity to formal fields, then retire alias by controlled upgrade."
sc.labor.request,p1_visible_17b341733b7b,合同编号,DISPLAY_SEARCH_EXPORT_COMPATIBILITY,name,true,true,false,false,false,HIGH_GLOBAL_DEFINITION,"Migrate display/view identity to formal fields, then retire alias by controlled upgrade."
sc.labor.request,p1_visible_3b652b9864d4,已开票金额,DISPLAY_SEARCH_EXPORT_COMPATIBILITY,invoice_amount,true,true,false,false,false,HIGH_GLOBAL_DEFINITION,"Migrate display/view identity to formal fields, then retire alias by controlled upgrade."
sc.labor.request,p1_visible_3e7255522b33,项目名称,DISPLAY_SEARCH_EXPORT_COMPATIBILITY,project_id,true,true,false,false,false,HIGH_GLOBAL_DEFINITION,"Migrate display/view identity to formal fields, then retire alias by controlled upgrade."
sc.labor.request,p1_visible_462c614de6c7,未开票金额,DISPLAY_SEARCH_EXPORT_COMPATIBILITY,uninvoiced_amount,true,true,false,false,false,HIGH_GLOBAL_DEFINITION,"Migrate display/view identity to formal fields, then retire alias by controlled upgrade."
sc.labor.request,p1_visible_4f451f1752ff,签订日期,DISPLAY_SEARCH_EXPORT_COMPATIBILITY,request_date,true,true,false,false,false,HIGH_GLOBAL_DEFINITION,"Migrate display/view identity to formal fields, then retire alias by controlled upgrade."
sc.labor.request,p1_visible_5c9cf136f91e,劳务单位,DISPLAY_SEARCH_EXPORT_COMPATIBILITY,contractor_id,true,true,false,false,false,HIGH_GLOBAL_DEFINITION,"Migrate display/view identity to formal fields, then retire alias by controlled upgrade."
sc.labor.request,p1_visible_748d7dc7e321,标题,DISPLAY_SEARCH_EXPORT_COMPATIBILITY,name,true,true,false,false,false,HIGH_GLOBAL_DEFINITION,"Migrate display/view identity to formal fields, then retire alias by controlled upgrade."
sc.labor.request,p1_visible_8fa8662ad38f,单据编号,DISPLAY_SEARCH_EXPORT_COMPATIBILITY,name,true,true,false,false,false,HIGH_GLOBAL_DEFINITION,"Migrate display/view identity to formal fields, then retire alias by controlled upgrade."
sc.labor.request,p1_visible_98de2397eba2,推送项目名称,DISPLAY_SEARCH_EXPORT_COMPATIBILITY,project_id,true,true,false,false,false,HIGH_GLOBAL_DEFINITION,"Migrate display/view identity to formal fields, then retire alias by controlled upgrade."
sc.labor.request,p1_visible_99f6fe6c41ad,附件,DISPLAY_SEARCH_EXPORT_COMPATIBILITY,message_attachment_count,true,true,false,false,false,HIGH_GLOBAL_DEFINITION,"Migrate display/view identity to formal fields, then retire alias by controlled upgrade."
sc.labor.request,p1_visible_a22ecb7fab2f,未付款金额,DISPLAY_SEARCH_EXPORT_COMPATIBILITY,unpaid_amount,true,true,false,false,false,HIGH_GLOBAL_DEFINITION,"Migrate display/view identity to formal fields, then retire alias by controlled upgrade."
sc.labor.request,p1_visible_a4772564ef48,施工队负责人,DISPLAY_SEARCH_EXPORT_COMPATIBILITY,owner_id,true,true,false,false,false,HIGH_GLOBAL_DEFINITION,"Migrate display/view identity to formal fields, then retire alias by controlled upgrade."
sc.labor.request,p1_visible_ae8c5d45f392,施工部位,DISPLAY_SEARCH_EXPORT_COMPATIBILITY,construction_part,true,true,false,false,false,HIGH_GLOBAL_DEFINITION,"Migrate display/view identity to formal fields, then retire alias by controlled upgrade."
sc.labor.request,p1_visible_c501b294a595,计价方式,DISPLAY_SEARCH_EXPORT_COMPATIBILITY,pricing_method,true,true,false,false,false,HIGH_GLOBAL_DEFINITION,"Migrate display/view identity to formal fields, then retire alias by controlled upgrade."
sc.labor.request,p1_visible_d3ebd50d724b,已付款金额,DISPLAY_SEARCH_EXPORT_COMPATIBILITY,paid_amount,true,true,false,false,false,HIGH_GLOBAL_DEFINITION,"Migrate display/view identity to formal fields, then retire alias by controlled upgrade."
sc.labor.request,p1_visible_d4f294757227,结算比例,DISPLAY_SEARCH_EXPORT_COMPATIBILITY,settlement_ratio,true,true,false,false,false,HIGH_GLOBAL_DEFINITION,"Migrate display/view identity to formal fields, then retire alias by controlled upgrade."
sc.labor.request,p1_visible_ee6a4d9e2956,录入人,DISPLAY_SEARCH_EXPORT_COMPATIBILITY,source_created_by;requester_id;owner_id,true,true,false,false,false,HIGH_GLOBAL_DEFINITION,"Migrate display/view identity to formal fields, then retire alias by controlled upgrade."
sc.labor.request,p1_visible_fbc9dd74a2e6,总含税金额,DISPLAY_SEARCH_EXPORT_COMPATIBILITY,amount_total,true,true,false,false,false,HIGH_GLOBAL_DEFINITION,"Migrate display/view identity to formal fields, then retire alias by controlled upgrade."
sc.labor.settlement,p1_visible_17b341733b7b,合同编号,DISPLAY_SEARCH_EXPORT_COMPATIBILITY,name,true,true,false,false,false,HIGH_GLOBAL_DEFINITION,"Migrate display/view identity to formal fields, then retire alias by controlled upgrade."
sc.labor.settlement,p1_visible_1e62803e196c,单据日期,DISPLAY_SEARCH_EXPORT_COMPATIBILITY,settlement_date,true,true,false,false,false,HIGH_GLOBAL_DEFINITION,"Migrate display/view identity to formal fields, then retire alias by controlled upgrade."
sc.labor.settlement,p1_visible_36cae65ab40a,结算单位,DISPLAY_SEARCH_EXPORT_COMPATIBILITY,contractor_id,true,true,false,false,false,HIGH_GLOBAL_DEFINITION,"Migrate display/view identity to formal fields, then retire alias by controlled upgrade."
sc.labor.settlement,p1_visible_3e7255522b33,项目名称,DISPLAY_SEARCH_EXPORT_COMPATIBILITY,project_id,true,true,false,false,false,HIGH_GLOBAL_DEFINITION,"Migrate display/view identity to formal fields, then retire alias by controlled upgrade."
sc.labor.settlement,p1_visible_72cf58c14fc0,已申请金额,DISPLAY_SEARCH_EXPORT_COMPATIBILITY,payment_requested_amount,true,true,false,false,false,HIGH_GLOBAL_DEFINITION,"Migrate display/view identity to formal fields, then retire alias by controlled upgrade."
sc.labor.settlement,p1_visible_748d7dc7e321,标题,DISPLAY_SEARCH_EXPORT_COMPATIBILITY,name,true,true,false,false,false,HIGH_GLOBAL_DEFINITION,"Migrate display/view identity to formal fields, then retire alias by controlled upgrade."
sc.labor.settlement,p1_visible_816dc9f7b786,结算说明,DISPLAY_SEARCH_EXPORT_COMPATIBILITY,note,true,true,false,false,false,HIGH_GLOBAL_DEFINITION,"Migrate display/view identity to formal fields, then retire alias by controlled upgrade."
sc.labor.settlement,p1_visible_825a06905b09,未申请金额,DISPLAY_SEARCH_EXPORT_COMPATIBILITY,payment_unrequested_amount,true,true,false,false,false,HIGH_GLOBAL_DEFINITION,"Migrate display/view identity to formal fields, then retire alias by controlled upgrade."
sc.labor.settlement,p1_visible_8fa8662ad38f,单据编号,DISPLAY_SEARCH_EXPORT_COMPATIBILITY,name,true,true,false,false,false,HIGH_GLOBAL_DEFINITION,"Migrate display/view identity to formal fields, then retire alias by controlled upgrade."
sc.labor.settlement,p1_visible_99f6fe6c41ad,附件,DISPLAY_SEARCH_EXPORT_COMPATIBILITY,message_attachment_count,true,true,false,false,false,HIGH_GLOBAL_DEFINITION,"Migrate display/view identity to formal fields, then retire alias by controlled upgrade."
sc.labor.settlement,p1_visible_a22ecb7fab2f,未付款金额,DISPLAY_SEARCH_EXPORT_COMPATIBILITY,payment_unpaid_amount,true,true,false,false,false,HIGH_GLOBAL_DEFINITION,"Migrate display/view identity to formal fields, then retire alias by controlled upgrade."
sc.labor.settlement,p1_visible_b6959bb111d9,付款状态,DISPLAY_SEARCH_EXPORT_COMPATIBILITY,state,true,true,false,false,false,HIGH_GLOBAL_DEFINITION,"Migrate display/view identity to formal fields, then retire alias by controlled upgrade."
sc.labor.settlement,p1_visible_d3ebd50d724b,已付款金额,DISPLAY_SEARCH_EXPORT_COMPATIBILITY,payment_paid_amount,true,true,false,false,false,HIGH_GLOBAL_DEFINITION,"Migrate display/view identity to formal fields, then retire alias by controlled upgrade."
sc.labor.settlement,p1_visible_dfc25d77dc39,录入时间,DISPLAY_SEARCH_EXPORT_COMPATIBILITY,settlement_date;source_created_at,true,true,false,false,false,HIGH_GLOBAL_DEFINITION,"Migrate display/view identity to formal fields, then retire alias by controlled upgrade."
sc.labor.settlement,p1_visible_ec15903ded76,支付申请状态,DISPLAY_SEARCH_EXPORT_COMPATIBILITY,state,true,true,false,false,false,HIGH_GLOBAL_DEFINITION,"Migrate display/view identity to formal fields, then retire alias by controlled upgrade."
sc.labor.settlement,p1_visible_ee6a4d9e2956,录入人,DISPLAY_SEARCH_EXPORT_COMPATIBILITY,source_created_by;owner_id,true,true,false,false,false,HIGH_GLOBAL_DEFINITION,"Migrate display/view identity to formal fields, then retire alias by controlled upgrade."
sc.labor.usage,p1_visible_06fa8c6f628f,单据状态,DISPLAY_SEARCH_EXPORT_COMPATIBILITY,state,true,true,false,false,false,HIGH_GLOBAL_DEFINITION,"Migrate display/view identity to formal fields, then retire alias by controlled upgrade."
sc.labor.usage,p1_visible_1e62803e196c,单据日期,DISPLAY_SEARCH_EXPORT_COMPATIBILITY,document_date_text,true,true,false,false,false,HIGH_GLOBAL_DEFINITION,"Migrate display/view identity to formal fields, then retire alias by controlled upgrade."
sc.labor.usage,p1_visible_3e7255522b33,项目名称,DISPLAY_SEARCH_EXPORT_COMPATIBILITY,project_id,true,true,false,false,false,HIGH_GLOBAL_DEFINITION,"Migrate display/view identity to formal fields, then retire alias by controlled upgrade."
sc.labor.usage,p1_visible_523a114e3f97,结算状态,DISPLAY_SEARCH_EXPORT_COMPATIBILITY,state,true,true,false,false,false,HIGH_GLOBAL_DEFINITION,"Migrate display/view identity to formal fields, then retire alias by controlled upgrade."
sc.labor.usage,p1_visible_748d7dc7e321,标题,DISPLAY_SEARCH_EXPORT_COMPATIBILITY,name,true,true,false,false,false,HIGH_GLOBAL_DEFINITION,"Migrate display/view identity to formal fields, then retire alias by controlled upgrade."
sc.labor.usage,p1_visible_824168a11b21,总金额,DISPLAY_SEARCH_EXPORT_COMPATIBILITY,amount_total,true,true,false,false,false,HIGH_GLOBAL_DEFINITION,"Migrate display/view identity to formal fields, then retire alias by controlled upgrade."
sc.labor.usage,p1_visible_8fa8662ad38f,单据编号,DISPLAY_SEARCH_EXPORT_COMPATIBILITY,name,true,true,false,false,false,HIGH_GLOBAL_DEFINITION,"Migrate display/view identity to formal fields, then retire alias by controlled upgrade."
sc.labor.usage,p1_visible_99f6fe6c41ad,附件,DISPLAY_SEARCH_EXPORT_COMPATIBILITY,attachment_ids;message_attachment_count,true,true,false,false,false,HIGH_GLOBAL_DEFINITION,"Migrate display/view identity to formal fields, then retire alias by controlled upgrade."
sc.labor.usage,p1_visible_ae8c5d45f392,施工部位,DISPLAY_SEARCH_EXPORT_COMPATIBILITY,construction_part,true,true,false,false,false,HIGH_GLOBAL_DEFINITION,"Migrate display/view identity to formal fields, then retire alias by controlled upgrade."
sc.labor.usage,p1_visible_dfc25d77dc39,录入时间,DISPLAY_SEARCH_EXPORT_COMPATIBILITY,source_created_at,true,true,false,false,false,HIGH_GLOBAL_DEFINITION,"Migrate display/view identity to formal fields, then retire alias by controlled upgrade."
sc.labor.usage,p1_visible_e0361480e3a5,备注,DISPLAY_SEARCH_EXPORT_COMPATIBILITY,note,true,true,false,false,false,HIGH_GLOBAL_DEFINITION,"Migrate display/view identity to formal fields, then retire alias by controlled upgrade."
sc.labor.usage,p1_visible_ee6a4d9e2956,录入人,DISPLAY_SEARCH_EXPORT_COMPATIBILITY,source_created_by,true,true,false,false,false,HIGH_GLOBAL_DEFINITION,"Migrate display/view identity to formal fields, then retire alias by controlled upgrade."
sc.legacy.fund.confirmation.document,p1_visible_06fa8c6f628f,P1可见单据状态,STALE_VIEW_OR_REGISTRY_REFERENCE,,true,false,false,false,false,HIGH_STALE_GLOBAL_METADATA,"Prove zero references, then remove stale registry/view metadata in a reversible migration."
sc.legacy.fund.confirmation.document,p1_visible_0d8979d08c09,P1可见累计开票金额,STALE_VIEW_OR_REGISTRY_REFERENCE,,true,false,false,false,false,HIGH_STALE_GLOBAL_METADATA,"Prove zero references, then remove stale registry/view metadata in a reversible migration."
sc.legacy.fund.confirmation.document,p1_visible_17d0f48c07fb,P1可见施工单位,STALE_VIEW_OR_REGISTRY_REFERENCE,,true,false,false,false,false,HIGH_STALE_GLOBAL_METADATA,"Prove zero references, then remove stale registry/view metadata in a reversible migration."
sc.legacy.fund.confirmation.document,p1_visible_389372a58a16,P1可见期数,STALE_VIEW_OR_REGISTRY_REFERENCE,,true,false,false,false,false,HIGH_STALE_GLOBAL_METADATA,"Prove zero references, then remove stale registry/view metadata in a reversible migration."
sc.legacy.fund.confirmation.document,p1_visible_3e7255522b33,P1可见项目名称,STALE_VIEW_OR_REGISTRY_REFERENCE,,true,false,false,false,false,HIGH_STALE_GLOBAL_METADATA,"Prove zero references, then remove stale registry/view metadata in a reversible migration."
sc.legacy.fund.confirmation.document,p1_visible_50f529884746,P1可见本期拨付金额合计,STALE_VIEW_OR_REGISTRY_REFERENCE,,true,false,false,false,false,HIGH_STALE_GLOBAL_METADATA,"Prove zero references, then remove stale registry/view metadata in a reversible migration."
sc.legacy.fund.confirmation.document,p1_visible_689407e406ab,P1可见目前形象进度,STALE_VIEW_OR_REGISTRY_REFERENCE,,true,false,false,false,false,HIGH_STALE_GLOBAL_METADATA,"Prove zero references, then remove stale registry/view metadata in a reversible migration."
sc.legacy.fund.confirmation.document,p1_visible_75e856a13c7c,P1可见合同金额,STALE_VIEW_OR_REGISTRY_REFERENCE,,true,false,false,false,false,HIGH_STALE_GLOBAL_METADATA,"Prove zero references, then remove stale registry/view metadata in a reversible migration."
sc.legacy.fund.confirmation.document,p1_visible_89b4aa6364ce,P1可见时间,STALE_VIEW_OR_REGISTRY_REFERENCE,,true,false,false,false,false,HIGH_STALE_GLOBAL_METADATA,"Prove zero references, then remove stale registry/view metadata in a reversible migration."
sc.legacy.fund.confirmation.document,p1_visible_8fa8662ad38f,P1可见单据编号,STALE_VIEW_OR_REGISTRY_REFERENCE,,true,false,false,false,false,HIGH_STALE_GLOBAL_METADATA,"Prove zero references, then remove stale registry/view metadata in a reversible migration."
sc.legacy.fund.confirmation.document,p1_visible_99219180c1b9,P1可见本期代扣代缴合计,STALE_VIEW_OR_REGISTRY_REFERENCE,,true,false,false,false,false,HIGH_STALE_GLOBAL_METADATA,"Prove zero references, then remove stale registry/view metadata in a reversible migration."
sc.legacy.fund.confirmation.document,p1_visible_99f6fe6c41ad,P1可见附件,STALE_VIEW_OR_REGISTRY_REFERENCE,,true,false,false,false,false,HIGH_STALE_GLOBAL_METADATA,"Prove zero references, then remove stale registry/view metadata in a reversible migration."
sc.legacy.fund.confirmation.document,p1_visible_aa6152009ab0,P1可见上期留存余额,STALE_VIEW_OR_REGISTRY_REFERENCE,,true,false,false,false,false,HIGH_STALE_GLOBAL_METADATA,"Prove zero references, then remove stale registry/view metadata in a reversible migration."
sc.legacy.fund.confirmation.document,p1_visible_dfc25d77dc39,P1可见录入时间,STALE_VIEW_OR_REGISTRY_REFERENCE,,true,false,false,false,false,HIGH_STALE_GLOBAL_METADATA,"Prove zero references, then remove stale registry/view metadata in a reversible migration."
sc.legacy.fund.confirmation.document,p1_visible_ee6a4d9e2956,P1可见录入人,STALE_VIEW_OR_REGISTRY_REFERENCE,,true,false,false,false,false,HIGH_STALE_GLOBAL_METADATA,"Prove zero references, then remove stale registry/view metadata in a reversible migration."
sc.legacy.fund.confirmation.document,p1_visible_fc06f3f3d307,P1可见本期收款,STALE_VIEW_OR_REGISTRY_REFERENCE,,true,false,false,false,false,HIGH_STALE_GLOBAL_METADATA,"Prove zero references, then remove stale registry/view metadata in a reversible migration."
sc.legacy.fund.daily.line,p1_visible_0027be5d5d7e,P1可见账户往来,STALE_VIEW_OR_REGISTRY_REFERENCE,,true,false,false,false,false,HIGH_STALE_GLOBAL_METADATA,"Prove zero references, then remove stale registry/view metadata in a reversible migration."
sc.legacy.fund.daily.line,p1_visible_06fa8c6f628f,P1可见单据状态,STALE_VIEW_OR_REGISTRY_REFERENCE,,true,false,false,false,false,HIGH_STALE_GLOBAL_METADATA,"Prove zero references, then remove stale registry/view metadata in a reversible migration."
sc.legacy.fund.daily.line,p1_visible_1e62803e196c,P1可见单据日期,STALE_VIEW_OR_REGISTRY_REFERENCE,,true,false,false,false,false,HIGH_STALE_GLOBAL_METADATA,"Prove zero references, then remove stale registry/view metadata in a reversible migration."
sc.legacy.fund.daily.line,p1_visible_3f2da24264f0,P1可见账号名称,STALE_VIEW_OR_REGISTRY_REFERENCE,,true,false,false,false,false,HIGH_STALE_GLOBAL_METADATA,"Prove zero references, then remove stale registry/view metadata in a reversible migration."
sc.legacy.fund.daily.line,p1_visible_5b112952b526,P1可见当前账户银行余额,STALE_VIEW_OR_REGISTRY_REFERENCE,,true,false,false,false,false,HIGH_STALE_GLOBAL_METADATA,"Prove zero references, then remove stale registry/view metadata in a reversible migration."
sc.legacy.fund.daily.line,p1_visible_834c5de2f288,P1可见银行系统差额,STALE_VIEW_OR_REGISTRY_REFERENCE,,true,false,false,false,false,HIGH_STALE_GLOBAL_METADATA,"Prove zero references, then remove stale registry/view metadata in a reversible migration."
sc.legacy.fund.daily.line,p1_visible_8fa8662ad38f,P1可见单据编号,STALE_VIEW_OR_REGISTRY_REFERENCE,,true,false,false,false,false,HIGH_STALE_GLOBAL_METADATA,"Prove zero references, then remove stale registry/view metadata in a reversible migration."
sc.legacy.fund.daily.line,p1_visible_af4cdd8ce788,P1可见当日累计支出,STALE_VIEW_OR_REGISTRY_REFERENCE,,true,false,false,false,false,HIGH_STALE_GLOBAL_METADATA,"Prove zero references, then remove stale registry/view metadata in a reversible migration."
sc.legacy.fund.daily.line,p1_visible_bed51835debf,P1可见当前账户余额,STALE_VIEW_OR_REGISTRY_REFERENCE,,true,false,false,false,false,HIGH_STALE_GLOBAL_METADATA,"Prove zero references, then remove stale registry/view metadata in a reversible migration."
sc.legacy.fund.daily.line,p1_visible_dfc25d77dc39,P1可见录入时间,STALE_VIEW_OR_REGISTRY_REFERENCE,,true,false,false,false,false,HIGH_STALE_GLOBAL_METADATA,"Prove zero references, then remove stale registry/view metadata in a reversible migration."
sc.legacy.fund.daily.line,p1_visible_e0361480e3a5,P1可见备注,STALE_VIEW_OR_REGISTRY_REFERENCE,,true,false,false,false,false,HIGH_STALE_GLOBAL_METADATA,"Prove zero references, then remove stale registry/view metadata in a reversible migration."
sc.legacy.fund.daily.line,p1_visible_e5bf37733141,P1可见当日累计收入,STALE_VIEW_OR_REGISTRY_REFERENCE,,true,false,false,false,false,HIGH_STALE_GLOBAL_METADATA,"Prove zero references, then remove stale registry/view metadata in a reversible migration."
sc.legacy.fund.daily.line,p1_visible_ecaf440fd399,P1可见银行账号,STALE_VIEW_OR_REGISTRY_REFERENCE,,true,false,false,false,false,HIGH_STALE_GLOBAL_METADATA,"Prove zero references, then remove stale registry/view metadata in a reversible migration."
sc.legacy.fund.daily.line,p1_visible_ee6a4d9e2956,P1可见录入人,STALE_VIEW_OR_REGISTRY_REFERENCE,,true,false,false,false,false,HIGH_STALE_GLOBAL_METADATA,"Prove zero references, then remove stale registry/view metadata in a reversible migration."
sc.legacy.fund.daily.snapshot.fact,p1_visible_0027be5d5d7e,P1可见账户往来,STALE_VIEW_OR_REGISTRY_REFERENCE,,true,false,false,false,false,HIGH_STALE_GLOBAL_METADATA,"Prove zero references, then remove stale registry/view metadata in a reversible migration."
sc.legacy.fund.daily.snapshot.fact,p1_visible_06fa8c6f628f,P1可见单据状态,STALE_VIEW_OR_REGISTRY_REFERENCE,,true,false,false,false,false,HIGH_STALE_GLOBAL_METADATA,"Prove zero references, then remove stale registry/view metadata in a reversible migration."
sc.legacy.fund.daily.snapshot.fact,p1_visible_1e62803e196c,P1可见单据日期,STALE_VIEW_OR_REGISTRY_REFERENCE,,true,false,false,false,false,HIGH_STALE_GLOBAL_METADATA,"Prove zero references, then remove stale registry/view metadata in a reversible migration."
sc.legacy.fund.daily.snapshot.fact,p1_visible_3f2da24264f0,P1可见账号名称,STALE_VIEW_OR_REGISTRY_REFERENCE,,false,false,false,false,false,HIGH_STALE_GLOBAL_METADATA,"Prove zero references, then remove stale registry/view metadata in a reversible migration."
sc.legacy.fund.daily.snapshot.fact,p1_visible_5b112952b526,P1可见当前账户银行余额,STALE_VIEW_OR_REGISTRY_REFERENCE,,true,false,false,false,false,HIGH_STALE_GLOBAL_METADATA,"Prove zero references, then remove stale registry/view metadata in a reversible migration."
sc.legacy.fund.daily.snapshot.fact,p1_visible_834c5de2f288,P1可见银行系统差额,STALE_VIEW_OR_REGISTRY_REFERENCE,,true,false,false,false,false,HIGH_STALE_GLOBAL_METADATA,"Prove zero references, then remove stale registry/view metadata in a reversible migration."
sc.legacy.fund.daily.snapshot.fact,p1_visible_8fa8662ad38f,P1可见单据编号,STALE_VIEW_OR_REGISTRY_REFERENCE,,true,false,false,false,false,HIGH_STALE_GLOBAL_METADATA,"Prove zero references, then remove stale registry/view metadata in a reversible migration."
sc.legacy.fund.daily.snapshot.fact,p1_visible_af4cdd8ce788,P1可见当日累计支出,STALE_VIEW_OR_REGISTRY_REFERENCE,,false,false,false,false,false,HIGH_STALE_GLOBAL_METADATA,"Prove zero references, then remove stale registry/view metadata in a reversible migration."
sc.legacy.fund.daily.snapshot.fact,p1_visible_bed51835debf,P1可见当前账户余额,STALE_VIEW_OR_REGISTRY_REFERENCE,,true,false,false,false,false,HIGH_STALE_GLOBAL_METADATA,"Prove zero references, then remove stale registry/view metadata in a reversible migration."
sc.legacy.fund.daily.snapshot.fact,p1_visible_dfc25d77dc39,P1可见录入时间,STALE_VIEW_OR_REGISTRY_REFERENCE,,false,false,false,false,false,HIGH_STALE_GLOBAL_METADATA,"Prove zero references, then remove stale registry/view metadata in a reversible migration."
sc.legacy.fund.daily.snapshot.fact,p1_visible_e0361480e3a5,P1可见备注,STALE_VIEW_OR_REGISTRY_REFERENCE,,true,false,false,false,false,HIGH_STALE_GLOBAL_METADATA,"Prove zero references, then remove stale registry/view metadata in a reversible migration."
sc.legacy.fund.daily.snapshot.fact,p1_visible_e5bf37733141,P1可见当日累计收入,STALE_VIEW_OR_REGISTRY_REFERENCE,,false,false,false,false,false,HIGH_STALE_GLOBAL_METADATA,"Prove zero references, then remove stale registry/view metadata in a reversible migration."
sc.legacy.fund.daily.snapshot.fact,p1_visible_ecaf440fd399,P1可见银行账号,STALE_VIEW_OR_REGISTRY_REFERENCE,,false,false,false,false,false,HIGH_STALE_GLOBAL_METADATA,"Prove zero references, then remove stale registry/view metadata in a reversible migration."
sc.legacy.fund.daily.snapshot.fact,p1_visible_ee6a4d9e2956,P1可见录入人,STALE_VIEW_OR_REGISTRY_REFERENCE,,false,false,false,false,false,HIGH_STALE_GLOBAL_METADATA,"Prove zero references, then remove stale registry/view metadata in a reversible migration."
sc.legacy.invoice.tax.fact,p1_visible_007363f27191,P1可见不含税金额,STALE_VIEW_OR_REGISTRY_REFERENCE,,true,false,false,false,false,HIGH_STALE_GLOBAL_METADATA,"Prove zero references, then remove stale registry/view metadata in a reversible migration."
sc.legacy.invoice.tax.fact,p1_visible_22ebb0de8297,P1可见发票公司类型,STALE_VIEW_OR_REGISTRY_REFERENCE,,true,false,false,false,false,HIGH_STALE_GLOBAL_METADATA,"Prove zero references, then remove stale registry/view metadata in a reversible migration."
sc.legacy.invoice.tax.fact,p1_visible_3d0afdf3736d,P1可见发票类型,STALE_VIEW_OR_REGISTRY_REFERENCE,,true,false,false,false,false,HIGH_STALE_GLOBAL_METADATA,"Prove zero references, then remove stale registry/view metadata in a reversible migration."
sc.legacy.invoice.tax.fact,p1_visible_3e7255522b33,P1可见项目名称,STALE_VIEW_OR_REGISTRY_REFERENCE,,true,false,false,false,false,HIGH_STALE_GLOBAL_METADATA,"Prove zero references, then remove stale registry/view metadata in a reversible migration."
sc.legacy.invoice.tax.fact,p1_visible_4e657cdb9d10,P1可见发票提供人/单位,STALE_VIEW_OR_REGISTRY_REFERENCE,,true,false,false,false,false,HIGH_STALE_GLOBAL_METADATA,"Prove zero references, then remove stale registry/view metadata in a reversible migration."
sc.legacy.invoice.tax.fact,p1_visible_62e951a692ff,P1可见状态,STALE_VIEW_OR_REGISTRY_REFERENCE,,true,false,false,false,false,HIGH_STALE_GLOBAL_METADATA,"Prove zero references, then remove stale registry/view metadata in a reversible migration."
sc.legacy.invoice.tax.fact,p1_visible_7f5da566c14e,P1可见金蝶单据编号,STALE_VIEW_OR_REGISTRY_REFERENCE,,true,false,false,false,false,HIGH_STALE_GLOBAL_METADATA,"Prove zero references, then remove stale registry/view metadata in a reversible migration."
sc.legacy.invoice.tax.fact,p1_visible_8fa8662ad38f,P1可见单据编号,STALE_VIEW_OR_REGISTRY_REFERENCE,,true,false,false,false,false,HIGH_STALE_GLOBAL_METADATA,"Prove zero references, then remove stale registry/view metadata in a reversible migration."
sc.legacy.invoice.tax.fact,p1_visible_9769980c060d,P1可见发票备注,STALE_VIEW_OR_REGISTRY_REFERENCE,,true,false,false,false,false,HIGH_STALE_GLOBAL_METADATA,"Prove zero references, then remove stale registry/view metadata in a reversible migration."
sc.legacy.invoice.tax.fact,p1_visible_99f6fe6c41ad,P1可见附件,STALE_VIEW_OR_REGISTRY_REFERENCE,,true,false,false,false,false,HIGH_STALE_GLOBAL_METADATA,"Prove zero references, then remove stale registry/view metadata in a reversible migration."
sc.legacy.invoice.tax.fact,p1_visible_99f753ed6262,P1可见税额,STALE_VIEW_OR_REGISTRY_REFERENCE,,true,false,false,false,false,HIGH_STALE_GLOBAL_METADATA,"Prove zero references, then remove stale registry/view metadata in a reversible migration."
sc.legacy.invoice.tax.fact,p1_visible_a3c1a28bd34c,P1可见发票开具日期,STALE_VIEW_OR_REGISTRY_REFERENCE,,true,false,false,false,false,HIGH_STALE_GLOBAL_METADATA,"Prove zero references, then remove stale registry/view metadata in a reversible migration."
sc.legacy.invoice.tax.fact,p1_visible_be5462bd6a62,P1可见开票单位,STALE_VIEW_OR_REGISTRY_REFERENCE,,true,false,false,false,false,HIGH_STALE_GLOBAL_METADATA,"Prove zero references, then remove stale registry/view metadata in a reversible migration."
sc.legacy.invoice.tax.fact,p1_visible_d09b05103331,P1可见价税合计,STALE_VIEW_OR_REGISTRY_REFERENCE,,true,false,false,false,false,HIGH_STALE_GLOBAL_METADATA,"Prove zero references, then remove stale registry/view metadata in a reversible migration."
sc.legacy.invoice.tax.fact,p1_visible_dfc25d77dc39,P1可见录入时间,STALE_VIEW_OR_REGISTRY_REFERENCE,,true,false,false,false,false,HIGH_STALE_GLOBAL_METADATA,"Prove zero references, then remove stale registry/view metadata in a reversible migration."
sc.legacy.invoice.tax.fact,p1_visible_ed582efc6e34,P1可见发票号码,STALE_VIEW_OR_REGISTRY_REFERENCE,,true,false,false,false,false,HIGH_STALE_GLOBAL_METADATA,"Prove zero references, then remove stale registry/view metadata in a reversible migration."
sc.legacy.invoice.tax.fact,p1_visible_ee6a4d9e2956,P1可见录入人,STALE_VIEW_OR_REGISTRY_REFERENCE,,true,false,false,false,false,HIGH_STALE_GLOBAL_METADATA,"Prove zero references, then remove stale registry/view metadata in a reversible migration."
sc.legacy.invoice.tax.fact,p1_visible_f22832ce4781,P1可见推送结果,STALE_VIEW_OR_REGISTRY_REFERENCE,,true,false,false,false,false,HIGH_STALE_GLOBAL_METADATA,"Prove zero references, then remove stale registry/view metadata in a reversible migration."
sc.legacy.payment.residual.fact,p1_visible_00be183a4b2a,P1可见合同相对方名称编号,STALE_VIEW_OR_REGISTRY_REFERENCE,,true,false,false,false,false,HIGH_STALE_GLOBAL_METADATA,"Prove zero references, then remove stale registry/view metadata in a reversible migration."
sc.legacy.payment.residual.fact,p1_visible_026768aaad3c,P1可见跨区域经营地址,STALE_VIEW_OR_REGISTRY_REFERENCE,,true,false,false,false,false,HIGH_STALE_GLOBAL_METADATA,"Prove zero references, then remove stale registry/view metadata in a reversible migration."
sc.legacy.payment.residual.fact,p1_visible_06fa8c6f628f,P1可见单据状态,STALE_VIEW_OR_REGISTRY_REFERENCE,,true,false,false,false,false,HIGH_STALE_GLOBAL_METADATA,"Prove zero references, then remove stale registry/view metadata in a reversible migration."
sc.legacy.payment.residual.fact,p1_visible_099c01b9d72a,P1可见区域涉税事项联系人座机手机,STALE_VIEW_OR_REGISTRY_REFERENCE,,true,false,false,false,false,HIGH_STALE_GLOBAL_METADATA,"Prove zero references, then remove stale registry/view metadata in a reversible migration."
sc.legacy.payment.residual.fact,p1_visible_3e7255522b33,P1可见项目名称,STALE_VIEW_OR_REGISTRY_REFERENCE,,true,false,false,false,false,HIGH_STALE_GLOBAL_METADATA,"Prove zero references, then remove stale registry/view metadata in a reversible migration."
sc.legacy.payment.residual.fact,p1_visible_43c2e2732d0a,P1可见合同结束日期,STALE_VIEW_OR_REGISTRY_REFERENCE,,true,false,false,false,false,HIGH_STALE_GLOBAL_METADATA,"Prove zero references, then remove stale registry/view metadata in a reversible migration."
sc.legacy.payment.residual.fact,p1_visible_46c54c70dedb,P1可见跨区域涉税事项报验管理编号,STALE_VIEW_OR_REGISTRY_REFERENCE,,true,false,false,false,false,HIGH_STALE_GLOBAL_METADATA,"Prove zero references, then remove stale registry/view metadata in a reversible migration."
sc.legacy.payment.residual.fact,p1_visible_75e856a13c7c,P1可见合同金额,STALE_VIEW_OR_REGISTRY_REFERENCE,,true,false,false,false,false,HIGH_STALE_GLOBAL_METADATA,"Prove zero references, then remove stale registry/view metadata in a reversible migration."
sc.legacy.payment.residual.fact,p1_visible_764d417cabd2,P1可见经营方式,STALE_VIEW_OR_REGISTRY_REFERENCE,,true,false,false,false,false,HIGH_STALE_GLOBAL_METADATA,"Prove zero references, then remove stale registry/view metadata in a reversible migration."
sc.legacy.payment.residual.fact,p1_visible_8fa8662ad38f,P1可见单据编号,STALE_VIEW_OR_REGISTRY_REFERENCE,,true,false,false,false,false,HIGH_STALE_GLOBAL_METADATA,"Prove zero references, then remove stale registry/view metadata in a reversible migration."
sc.legacy.payment.residual.fact,p1_visible_99f6fe6c41ad,P1可见附件,STALE_VIEW_OR_REGISTRY_REFERENCE,,true,false,false,false,false,HIGH_STALE_GLOBAL_METADATA,"Prove zero references, then remove stale registry/view metadata in a reversible migration."
sc.legacy.payment.residual.fact,p1_visible_a81dc7a3d1c9,P1可见经办人手机,STALE_VIEW_OR_REGISTRY_REFERENCE,,true,false,false,false,false,HIGH_STALE_GLOBAL_METADATA,"Prove zero references, then remove stale registry/view metadata in a reversible migration."
sc.legacy.payment.residual.fact,p1_visible_a943bac2de74,P1可见合同相对方名称,STALE_VIEW_OR_REGISTRY_REFERENCE,,true,false,false,false,false,HIGH_STALE_GLOBAL_METADATA,"Prove zero references, then remove stale registry/view metadata in a reversible migration."
sc.legacy.payment.residual.fact,p1_visible_b8fbf277a7b1,P1可见合同名称,STALE_VIEW_OR_REGISTRY_REFERENCE,,true,false,false,false,false,HIGH_STALE_GLOBAL_METADATA,"Prove zero references, then remove stale registry/view metadata in a reversible migration."
sc.legacy.payment.residual.fact,p1_visible_ba13d5091f9a,P1可见合同开始日期,STALE_VIEW_OR_REGISTRY_REFERENCE,,true,false,false,false,false,HIGH_STALE_GLOBAL_METADATA,"Prove zero references, then remove stale registry/view metadata in a reversible migration."
sc.legacy.payment.residual.fact,p1_visible_c1947c4b9d4a,P1可见纳税人名称,STALE_VIEW_OR_REGISTRY_REFERENCE,,true,false,false,false,false,HIGH_STALE_GLOBAL_METADATA,"Prove zero references, then remove stale registry/view metadata in a reversible migration."
sc.legacy.payment.residual.fact,p1_visible_c237c1b31858,P1可见纳税人识别号,STALE_VIEW_OR_REGISTRY_REFERENCE,,true,false,false,false,false,HIGH_STALE_GLOBAL_METADATA,"Prove zero references, then remove stale registry/view metadata in a reversible migration."
sc.legacy.payment.residual.fact,p1_visible_d2f17f6ee06c,P1可见区域涉税事项联系人,STALE_VIEW_OR_REGISTRY_REFERENCE,,true,false,false,false,false,HIGH_STALE_GLOBAL_METADATA,"Prove zero references, then remove stale registry/view metadata in a reversible migration."
sc.legacy.payment.residual.fact,p1_visible_dfc25d77dc39,P1可见录入时间,STALE_VIEW_OR_REGISTRY_REFERENCE,,true,false,false,false,false,HIGH_STALE_GLOBAL_METADATA,"Prove zero references, then remove stale registry/view metadata in a reversible migration."
sc.legacy.payment.residual.fact,p1_visible_ee6a4d9e2956,P1可见录入人,STALE_VIEW_OR_REGISTRY_REFERENCE,,true,false,false,false,false,HIGH_STALE_GLOBAL_METADATA,"Prove zero references, then remove stale registry/view metadata in a reversible migration."
sc.legacy.user.profile,p1_visible_11e70a588ac6,P1可见毕业院校,STALE_VIEW_OR_REGISTRY_REFERENCE,,true,false,false,false,false,HIGH_STALE_GLOBAL_METADATA,"Prove zero references, then remove stale registry/view metadata in a reversible migration."
sc.legacy.user.profile,p1_visible_1f45acad0522,P1可见证件类型,STALE_VIEW_OR_REGISTRY_REFERENCE,,true,false,false,false,false,HIGH_STALE_GLOBAL_METADATA,"Prove zero references, then remove stale registry/view metadata in a reversible migration."
sc.legacy.user.profile,p1_visible_227aa7349ee6,P1可见政治面貌,STALE_VIEW_OR_REGISTRY_REFERENCE,,true,false,false,false,false,HIGH_STALE_GLOBAL_METADATA,"Prove zero references, then remove stale registry/view metadata in a reversible migration."
sc.legacy.user.profile,p1_visible_24d16fdd11e9,P1可见是否购买社保,STALE_VIEW_OR_REGISTRY_REFERENCE,,true,false,false,false,false,HIGH_STALE_GLOBAL_METADATA,"Prove zero references, then remove stale registry/view metadata in a reversible migration."
sc.legacy.user.profile,p1_visible_2934a0209489,P1可见籍贯,STALE_VIEW_OR_REGISTRY_REFERENCE,,true,false,false,false,false,HIGH_STALE_GLOBAL_METADATA,"Prove zero references, then remove stale registry/view metadata in a reversible migration."
sc.legacy.user.profile,p1_visible_3ac5adffdcf6,P1可见民族,STALE_VIEW_OR_REGISTRY_REFERENCE,,true,false,false,false,false,HIGH_STALE_GLOBAL_METADATA,"Prove zero references, then remove stale registry/view metadata in a reversible migration."
sc.legacy.user.profile,p1_visible_3b60c4db720a,P1可见毕业时间,STALE_VIEW_OR_REGISTRY_REFERENCE,,true,false,false,false,false,HIGH_STALE_GLOBAL_METADATA,"Prove zero references, then remove stale registry/view metadata in a reversible migration."
sc.legacy.user.profile,p1_visible_3f253e92f54e,P1可见人员类型,STALE_VIEW_OR_REGISTRY_REFERENCE,,true,false,false,false,false,HIGH_STALE_GLOBAL_METADATA,"Prove zero references, then remove stale registry/view metadata in a reversible migration."
sc.legacy.user.profile,p1_visible_4ffe06c7ad15,P1可见职务,STALE_VIEW_OR_REGISTRY_REFERENCE,,true,false,false,false,false,HIGH_STALE_GLOBAL_METADATA,"Prove zero references, then remove stale registry/view metadata in a reversible migration."
sc.legacy.user.profile,p1_visible_5c44c9fc30d5,P1可见所学专业,STALE_VIEW_OR_REGISTRY_REFERENCE,,true,false,false,false,false,HIGH_STALE_GLOBAL_METADATA,"Prove zero references, then remove stale registry/view metadata in a reversible migration."
sc.legacy.user.profile,p1_visible_6fa4ff6b5525,P1可见证件号,STALE_VIEW_OR_REGISTRY_REFERENCE,,true,false,false,false,false,HIGH_STALE_GLOBAL_METADATA,"Prove zero references, then remove stale registry/view metadata in a reversible migration."
sc.legacy.user.profile,p1_visible_8673de005959,P1可见是否测试账号,STALE_VIEW_OR_REGISTRY_REFERENCE,,true,false,false,false,false,HIGH_STALE_GLOBAL_METADATA,"Prove zero references, then remove stale registry/view metadata in a reversible migration."
sc.legacy.user.profile,p1_visible_88a0e7c9869e,P1可见学历,STALE_VIEW_OR_REGISTRY_REFERENCE,,true,false,false,false,false,HIGH_STALE_GLOBAL_METADATA,"Prove zero references, then remove stale registry/view metadata in a reversible migration."
sc.legacy.user.profile,p1_visible_8d45eb63982a,P1可见居住地址,STALE_VIEW_OR_REGISTRY_REFERENCE,,true,false,false,false,false,HIGH_STALE_GLOBAL_METADATA,"Prove zero references, then remove stale registry/view metadata in a reversible migration."
sc.legacy.user.profile,p1_visible_91061a56c00f,P1可见部门,STALE_VIEW_OR_REGISTRY_REFERENCE,,true,false,false,false,false,HIGH_STALE_GLOBAL_METADATA,"Prove zero references, then remove stale registry/view metadata in a reversible migration."
sc.legacy.user.profile,p1_visible_9bf4a979d81d,P1可见入职日期,STALE_VIEW_OR_REGISTRY_REFERENCE,,true,false,false,false,false,HIGH_STALE_GLOBAL_METADATA,"Prove zero references, then remove stale registry/view metadata in a reversible migration."
sc.legacy.user.profile,p1_visible_a1aaf352cb07,P1可见用户名,STALE_VIEW_OR_REGISTRY_REFERENCE,,true,false,false,false,false,HIGH_STALE_GLOBAL_METADATA,"Prove zero references, then remove stale registry/view metadata in a reversible migration."
sc.legacy.user.profile,p1_visible_a1cd13bcc550,P1可见出生日期,STALE_VIEW_OR_REGISTRY_REFERENCE,,true,false,false,false,false,HIGH_STALE_GLOBAL_METADATA,"Prove zero references, then remove stale registry/view metadata in a reversible migration."
sc.legacy.user.profile,p1_visible_be4c2616b177,P1可见姓名,STALE_VIEW_OR_REGISTRY_REFERENCE,,true,false,false,false,false,HIGH_STALE_GLOBAL_METADATA,"Prove zero references, then remove stale registry/view metadata in a reversible migration."
sc.legacy.user.profile,p1_visible_df36a836d415,P1可见电话号码,STALE_VIEW_OR_REGISTRY_REFERENCE,,true,false,false,false,false,HIGH_STALE_GLOBAL_METADATA,"Prove zero references, then remove stale registry/view metadata in a reversible migration."
sc.legacy.user.profile,p1_visible_dfc25d77dc39,P1可见录入时间,STALE_VIEW_OR_REGISTRY_REFERENCE,,true,false,false,false,false,HIGH_STALE_GLOBAL_METADATA,"Prove zero references, then remove stale registry/view metadata in a reversible migration."
sc.legacy.user.profile,p1_visible_ee6a4d9e2956,P1可见录入人,STALE_VIEW_OR_REGISTRY_REFERENCE,,true,false,false,false,false,HIGH_STALE_GLOBAL_METADATA,"Prove zero references, then remove stale registry/view metadata in a reversible migration."
sc.legacy.user.profile,p1_visible_f0f3e908c213,P1可见岗位,STALE_VIEW_OR_REGISTRY_REFERENCE,,true,false,false,false,false,HIGH_STALE_GLOBAL_METADATA,"Prove zero references, then remove stale registry/view metadata in a reversible migration."
sc.legacy.user.profile,p1_visible_f3ea6d345e2a,P1可见操作,STALE_VIEW_OR_REGISTRY_REFERENCE,,true,false,false,false,false,HIGH_STALE_GLOBAL_METADATA,"Prove zero references, then remove stale registry/view metadata in a reversible migration."
sc.legacy.user.profile,p1_visible_f63da5b6950e,P1可见账号类型,STALE_VIEW_OR_REGISTRY_REFERENCE,,true,false,false,false,false,HIGH_STALE_GLOBAL_METADATA,"Prove zero references, then remove stale registry/view metadata in a reversible migration."
sc.legacy.user.profile,p1_visible_f6db3f132d90,P1可见员工工号,STALE_VIEW_OR_REGISTRY_REFERENCE,,true,false,false,false,false,HIGH_STALE_GLOBAL_METADATA,"Prove zero references, then remove stale registry/view metadata in a reversible migration."
sc.legacy.user.profile,p1_visible_fe8aa4ef93bd,P1可见性别,STALE_VIEW_OR_REGISTRY_REFERENCE,,true,false,false,false,false,HIGH_STALE_GLOBAL_METADATA,"Prove zero references, then remove stale registry/view metadata in a reversible migration."
sc.material.inbound,p1_visible_06fa8c6f628f,单据状态,DISPLAY_SEARCH_EXPORT_COMPATIBILITY,state,true,true,false,false,false,HIGH_GLOBAL_DEFINITION,"Migrate display/view identity to formal fields, then retire alias by controlled upgrade."
sc.material.inbound,p1_visible_1e62803e196c,单据日期,DISPLAY_SEARCH_EXPORT_COMPATIBILITY,inbound_date,true,true,false,false,false,HIGH_GLOBAL_DEFINITION,"Migrate display/view identity to formal fields, then retire alias by controlled upgrade."
sc.material.inbound,p1_visible_37d56ad493cf,税率,DISPLAY_SEARCH_EXPORT_COMPATIBILITY,tax_rate_text,true,true,false,false,false,HIGH_GLOBAL_DEFINITION,"Migrate display/view identity to formal fields, then retire alias by controlled upgrade."
sc.material.inbound,p1_visible_3e7255522b33,项目名称,DISPLAY_SEARCH_EXPORT_COMPATIBILITY,project_id,true,true,false,false,false,HIGH_GLOBAL_DEFINITION,"Migrate display/view identity to formal fields, then retire alias by controlled upgrade."
sc.material.inbound,p1_visible_523a114e3f97,结算状态,DISPLAY_SEARCH_EXPORT_COMPATIBILITY,state,true,true,false,false,false,HIGH_GLOBAL_DEFINITION,"Migrate display/view identity to formal fields, then retire alias by controlled upgrade."
sc.material.inbound,p1_visible_7037fe48a39a,入库总数量,DISPLAY_SEARCH_EXPORT_COMPATIBILITY,total_qty,true,true,false,false,false,HIGH_GLOBAL_DEFINITION,"Migrate display/view identity to formal fields, then retire alias by controlled upgrade."
sc.material.inbound,p1_visible_7588602fb22d,采购人,DISPLAY_SEARCH_EXPORT_COMPATIBILITY,source_created_by,true,true,false,false,false,HIGH_GLOBAL_DEFINITION,"Migrate display/view identity to formal fields, then retire alias by controlled upgrade."
sc.material.inbound,p1_visible_99f6fe6c41ad,附件,DISPLAY_SEARCH_EXPORT_COMPATIBILITY,attachment_ids;message_attachment_count,true,true,false,false,false,HIGH_GLOBAL_DEFINITION,"Migrate display/view identity to formal fields, then retire alias by controlled upgrade."
sc.material.inbound,p1_visible_a22ecb7fab2f,未付款金额,DISPLAY_SEARCH_EXPORT_COMPATIBILITY,payment_unpaid_amount,true,true,false,false,false,HIGH_GLOBAL_DEFINITION,"Migrate display/view identity to formal fields, then retire alias by controlled upgrade."
sc.material.inbound,p1_visible_ae142ac27fe4,已结算金额,DISPLAY_SEARCH_EXPORT_COMPATIBILITY,settlement_settled_amount,true,true,false,false,false,HIGH_GLOBAL_DEFINITION,"Migrate display/view identity to formal fields, then retire alias by controlled upgrade."
sc.material.inbound,p1_visible_b6959bb111d9,付款状态,DISPLAY_SEARCH_EXPORT_COMPATIBILITY,state,true,true,false,false,false,HIGH_GLOBAL_DEFINITION,"Migrate display/view identity to formal fields, then retire alias by controlled upgrade."
sc.material.inbound,p1_visible_b9ae89319036,数量,DISPLAY_SEARCH_EXPORT_COMPATIBILITY,total_qty,true,true,false,false,false,HIGH_GLOBAL_DEFINITION,"Migrate display/view identity to formal fields, then retire alias by controlled upgrade."
sc.material.inbound,p1_visible_c73a8eab0d57,含税金额,DISPLAY_SEARCH_EXPORT_COMPATIBILITY,tax_included_amount;amount_total,true,true,false,false,false,HIGH_GLOBAL_DEFINITION,"Migrate display/view identity to formal fields, then retire alias by controlled upgrade."
sc.material.inbound,p1_visible_cf44ec3f55f9,供应商名称,DISPLAY_SEARCH_EXPORT_COMPATIBILITY,supplier_id,true,true,false,false,false,HIGH_GLOBAL_DEFINITION,"Migrate display/view identity to formal fields, then retire alias by controlled upgrade."
sc.material.inbound,p1_visible_d3ebd50d724b,已付款金额,DISPLAY_SEARCH_EXPORT_COMPATIBILITY,payment_paid_amount,true,true,false,false,false,HIGH_GLOBAL_DEFINITION,"Migrate display/view identity to formal fields, then retire alias by controlled upgrade."
sc.material.inbound,p1_visible_dfc25d77dc39,录入时间,DISPLAY_SEARCH_EXPORT_COMPATIBILITY,inbound_date;source_created_at,true,true,false,false,false,HIGH_GLOBAL_DEFINITION,"Migrate display/view identity to formal fields, then retire alias by controlled upgrade."
sc.material.inbound,p1_visible_ee6a4d9e2956,录入人,DISPLAY_SEARCH_EXPORT_COMPATIBILITY,keeper_id;source_created_by,true,true,false,false,false,HIGH_GLOBAL_DEFINITION,"Migrate display/view identity to formal fields, then retire alias by controlled upgrade."
sc.material.purchase.request,p1_visible_06fa8c6f628f,单据状态,DISPLAY_SEARCH_EXPORT_COMPATIBILITY,state,true,true,false,false,false,HIGH_GLOBAL_DEFINITION,"Migrate display/view identity to formal fields, then retire alias by controlled upgrade."
sc.material.purchase.request,p1_visible_17b341733b7b,合同编号,DISPLAY_SEARCH_EXPORT_COMPATIBILITY,name,true,true,false,false,false,HIGH_GLOBAL_DEFINITION,"Migrate display/view identity to formal fields, then retire alias by controlled upgrade."
sc.material.purchase.request,p1_visible_37d56ad493cf,税率,DISPLAY_SEARCH_EXPORT_COMPATIBILITY,tax_rate_text,true,true,false,false,false,HIGH_GLOBAL_DEFINITION,"Migrate display/view identity to formal fields, then retire alias by controlled upgrade."
sc.material.purchase.request,p1_visible_3b652b9864d4,已开票金额,DISPLAY_SEARCH_EXPORT_COMPATIBILITY,invoice_amount,true,true,false,false,false,HIGH_GLOBAL_DEFINITION,"Migrate display/view identity to formal fields, then retire alias by controlled upgrade."
sc.material.purchase.request,p1_visible_3e7255522b33,项目名称,DISPLAY_SEARCH_EXPORT_COMPATIBILITY,project_id,true,true,false,false,false,HIGH_GLOBAL_DEFINITION,"Migrate display/view identity to formal fields, then retire alias by controlled upgrade."
sc.material.purchase.request,p1_visible_462c614de6c7,未开票金额,DISPLAY_SEARCH_EXPORT_COMPATIBILITY,uninvoiced_amount,true,true,false,false,false,HIGH_GLOBAL_DEFINITION,"Migrate display/view identity to formal fields, then retire alias by controlled upgrade."
sc.material.purchase.request,p1_visible_703c9eb0f092,供应商,DISPLAY_SEARCH_EXPORT_COMPATIBILITY,supplier_id,true,true,false,false,false,HIGH_GLOBAL_DEFINITION,"Migrate display/view identity to formal fields, then retire alias by controlled upgrade."
sc.material.purchase.request,p1_visible_748d7dc7e321,标题,DISPLAY_SEARCH_EXPORT_COMPATIBILITY,name,true,true,false,false,false,HIGH_GLOBAL_DEFINITION,"Migrate display/view identity to formal fields, then retire alias by controlled upgrade."
sc.material.purchase.request,p1_visible_824168a11b21,总金额,DISPLAY_SEARCH_EXPORT_COMPATIBILITY,amount_total,true,true,false,false,false,HIGH_GLOBAL_DEFINITION,"Migrate display/view identity to formal fields, then retire alias by controlled upgrade."
sc.material.purchase.request,p1_visible_99f6fe6c41ad,附件,DISPLAY_SEARCH_EXPORT_COMPATIBILITY,attachment_ids;message_attachment_count,true,true,false,false,false,HIGH_GLOBAL_DEFINITION,"Migrate display/view identity to formal fields, then retire alias by controlled upgrade."
sc.material.purchase.request,p1_visible_a22ecb7fab2f,未付款金额,DISPLAY_SEARCH_EXPORT_COMPATIBILITY,payment_unpaid_amount,true,true,false,false,false,HIGH_GLOBAL_DEFINITION,"Migrate display/view identity to formal fields, then retire alias by controlled upgrade."
sc.material.purchase.request,p1_visible_d3ebd50d724b,已付款金额,DISPLAY_SEARCH_EXPORT_COMPATIBILITY,payment_paid_amount,true,true,false,false,false,HIGH_GLOBAL_DEFINITION,"Migrate display/view identity to formal fields, then retire alias by controlled upgrade."
sc.material.purchase.request,p1_visible_dfc25d77dc39,录入时间,DISPLAY_SEARCH_EXPORT_COMPATIBILITY,request_date;source_created_at,true,true,false,false,false,HIGH_GLOBAL_DEFINITION,"Migrate display/view identity to formal fields, then retire alias by controlled upgrade."
sc.material.purchase.request,p1_visible_ee6a4d9e2956,录入人,DISPLAY_SEARCH_EXPORT_COMPATIBILITY,source_created_by;requester_id,true,true,false,false,false,HIGH_GLOBAL_DEFINITION,"Migrate display/view identity to formal fields, then retire alias by controlled upgrade."
sc.material.purchase.request,p1_visible_fb3fb348357f,购货单位,DISPLAY_SEARCH_EXPORT_COMPATIBILITY,project_id,true,true,false,false,false,HIGH_GLOBAL_DEFINITION,"Migrate display/view identity to formal fields, then retire alias by controlled upgrade."
sc.material.rental.order,p1_visible_06fa8c6f628f,单据状态,DISPLAY_SEARCH_EXPORT_COMPATIBILITY,state,true,true,false,false,false,HIGH_GLOBAL_DEFINITION,"Migrate display/view identity to formal fields, then retire alias by controlled upgrade."
sc.material.rental.order,p1_visible_0b370511a765,单价,DISPLAY_SEARCH_EXPORT_COMPATIBILITY,rental_unit_price_text,true,true,false,false,false,HIGH_GLOBAL_DEFINITION,"Migrate display/view identity to formal fields, then retire alias by controlled upgrade."
sc.material.rental.order,p1_visible_139909c2662e,开户人姓名,DISPLAY_SEARCH_EXPORT_COMPATIBILITY,account_holder,true,true,false,false,false,HIGH_GLOBAL_DEFINITION,"Migrate display/view identity to formal fields, then retire alias by controlled upgrade."
sc.material.rental.order,p1_visible_17b341733b7b,合同编号,DISPLAY_SEARCH_EXPORT_COMPATIBILITY,contract_id;name,true,true,false,false,false,HIGH_GLOBAL_DEFINITION,"Migrate display/view identity to formal fields, then retire alias by controlled upgrade."
sc.material.rental.order,p1_visible_1e62803e196c,单据日期,DISPLAY_SEARCH_EXPORT_COMPATIBILITY,rental_date,true,true,false,false,false,HIGH_GLOBAL_DEFINITION,"Migrate display/view identity to formal fields, then retire alias by controlled upgrade."
sc.material.rental.order,p1_visible_3b652b9864d4,已开票金额,DISPLAY_SEARCH_EXPORT_COMPATIBILITY,invoiced_amount_text,true,true,false,false,false,HIGH_GLOBAL_DEFINITION,"Migrate display/view identity to formal fields, then retire alias by controlled upgrade."
sc.material.rental.order,p1_visible_3c6524d108d5,租赁押金,DISPLAY_SEARCH_EXPORT_COMPATIBILITY,rental_deposit_amount_text,true,true,false,false,false,HIGH_GLOBAL_DEFINITION,"Migrate display/view identity to formal fields, then retire alias by controlled upgrade."
sc.material.rental.order,p1_visible_3e7255522b33,项目名称,DISPLAY_SEARCH_EXPORT_COMPATIBILITY,project_id,true,true,false,false,false,HIGH_GLOBAL_DEFINITION,"Migrate display/view identity to formal fields, then retire alias by controlled upgrade."
sc.material.rental.order,p1_visible_3ec01dd569e2,合同标题,DISPLAY_SEARCH_EXPORT_COMPATIBILITY,name,true,true,false,false,false,HIGH_GLOBAL_DEFINITION,"Migrate display/view identity to formal fields, then retire alias by controlled upgrade."
sc.material.rental.order,p1_visible_43f2759419f3,使用单位名称,DISPLAY_SEARCH_EXPORT_COMPATIBILITY,project_id,true,true,false,false,false,HIGH_GLOBAL_DEFINITION,"Migrate display/view identity to formal fields, then retire alias by controlled upgrade."
sc.material.rental.order,p1_visible_462c614de6c7,未开票金额,DISPLAY_SEARCH_EXPORT_COMPATIBILITY,uninvoiced_amount_text,true,true,false,false,false,HIGH_GLOBAL_DEFINITION,"Migrate display/view identity to formal fields, then retire alias by controlled upgrade."
sc.material.rental.order,p1_visible_48a64eb40c71,开户行,DISPLAY_SEARCH_EXPORT_COMPATIBILITY,bank_name,true,true,false,false,false,HIGH_GLOBAL_DEFINITION,"Migrate display/view identity to formal fields, then retire alias by controlled upgrade."
sc.material.rental.order,p1_visible_567b97eff5bc,材料名称,DISPLAY_SEARCH_EXPORT_COMPATIBILITY,rental_material_name,true,true,false,false,false,HIGH_GLOBAL_DEFINITION,"Migrate display/view identity to formal fields, then retire alias by controlled upgrade."
sc.material.rental.order,p1_visible_62e951a692ff,状态,DISPLAY_SEARCH_EXPORT_COMPATIBILITY,state,true,true,false,false,false,HIGH_GLOBAL_DEFINITION,"Migrate display/view identity to formal fields, then retire alias by controlled upgrade."
sc.material.rental.order,p1_visible_6a92ad6d5d73,规格型号,DISPLAY_SEARCH_EXPORT_COMPATIBILITY,rental_material_spec,true,true,false,false,false,HIGH_GLOBAL_DEFINITION,"Migrate display/view identity to formal fields, then retire alias by controlled upgrade."
sc.material.rental.order,p1_visible_7c5dccd62b11,单据金额,DISPLAY_SEARCH_EXPORT_COMPATIBILITY,amount_total,true,true,false,false,false,HIGH_GLOBAL_DEFINITION,"Migrate display/view identity to formal fields, then retire alias by controlled upgrade."
sc.material.rental.order,p1_visible_824168a11b21,总金额,DISPLAY_SEARCH_EXPORT_COMPATIBILITY,amount_total,true,true,false,false,false,HIGH_GLOBAL_DEFINITION,"Migrate display/view identity to formal fields, then retire alias by controlled upgrade."
sc.material.rental.order,p1_visible_8fa8662ad38f,单据编号,DISPLAY_SEARCH_EXPORT_COMPATIBILITY,name,true,true,false,false,false,HIGH_GLOBAL_DEFINITION,"Migrate display/view identity to formal fields, then retire alias by controlled upgrade."
sc.material.rental.order,p1_visible_99f6fe6c41ad,附件,DISPLAY_SEARCH_EXPORT_COMPATIBILITY,message_attachment_count,true,true,false,false,false,HIGH_GLOBAL_DEFINITION,"Migrate display/view identity to formal fields, then retire alias by controlled upgrade."
sc.material.rental.order,p1_visible_a22ecb7fab2f,未付款金额,DISPLAY_SEARCH_EXPORT_COMPATIBILITY,unpaid_amount_text,true,true,false,false,false,HIGH_GLOBAL_DEFINITION,"Migrate display/view identity to formal fields, then retire alias by controlled upgrade."
sc.material.rental.order,p1_visible_a2cf2d1a84c3,租赁单位,DISPLAY_SEARCH_EXPORT_COMPATIBILITY,supplier_id;owner_id,true,true,false,false,false,HIGH_GLOBAL_DEFINITION,"Migrate display/view identity to formal fields, then retire alias by controlled upgrade."
sc.material.rental.order,p1_visible_b9ae89319036,数量,DISPLAY_SEARCH_EXPORT_COMPATIBILITY,rental_quantity_text,true,true,false,false,false,HIGH_GLOBAL_DEFINITION,"Migrate display/view identity to formal fields, then retire alias by controlled upgrade."
sc.material.rental.order,p1_visible_c88947435308,签订时间,DISPLAY_SEARCH_EXPORT_COMPATIBILITY,contract_sign_date_text,true,true,false,false,false,HIGH_GLOBAL_DEFINITION,"Migrate display/view identity to formal fields, then retire alias by controlled upgrade."
sc.material.rental.order,p1_visible_d1d932d7d9f5,租赁内容,DISPLAY_SEARCH_EXPORT_COMPATIBILITY,note;line_ids,true,true,false,false,false,HIGH_GLOBAL_DEFINITION,"Migrate display/view identity to formal fields, then retire alias by controlled upgrade."
sc.material.rental.order,p1_visible_d3ebd50d724b,已付款金额,DISPLAY_SEARCH_EXPORT_COMPATIBILITY,paid_amount_text,true,true,false,false,false,HIGH_GLOBAL_DEFINITION,"Migrate display/view identity to formal fields, then retire alias by controlled upgrade."
sc.material.rental.order,p1_visible_dfc25d77dc39,录入时间,DISPLAY_SEARCH_EXPORT_COMPATIBILITY,source_created_at,true,true,false,false,false,HIGH_GLOBAL_DEFINITION,"Migrate display/view identity to formal fields, then retire alias by controlled upgrade."
sc.material.rental.order,p1_visible_e0361480e3a5,备注,DISPLAY_SEARCH_EXPORT_COMPATIBILITY,note,true,true,false,false,false,HIGH_GLOBAL_DEFINITION,"Migrate display/view identity to formal fields, then retire alias by controlled upgrade."
sc.material.rental.order,p1_visible_ecaf440fd399,银行账号,DISPLAY_SEARCH_EXPORT_COMPATIBILITY,bank_account,true,true,false,false,false,HIGH_GLOBAL_DEFINITION,"Migrate display/view identity to formal fields, then retire alias by controlled upgrade."
sc.material.rental.order,p1_visible_ee6a4d9e2956,录入人,DISPLAY_SEARCH_EXPORT_COMPATIBILITY,source_created_by;owner_id,true,true,false,false,false,HIGH_GLOBAL_DEFINITION,"Migrate display/view identity to formal fields, then retire alias by controlled upgrade."
sc.material.rental.settlement,p1_visible_06fa8c6f628f,单据状态,DISPLAY_SEARCH_EXPORT_COMPATIBILITY,state,true,true,false,false,false,HIGH_GLOBAL_DEFINITION,"Migrate display/view identity to formal fields, then retire alias by controlled upgrade."
sc.material.rental.settlement,p1_visible_36cae65ab40a,结算单位,DISPLAY_SEARCH_EXPORT_COMPATIBILITY,supplier_id,true,true,false,false,false,HIGH_GLOBAL_DEFINITION,"Migrate display/view identity to formal fields, then retire alias by controlled upgrade."
sc.material.rental.settlement,p1_visible_3e7255522b33,项目名称,DISPLAY_SEARCH_EXPORT_COMPATIBILITY,project_id,true,true,false,false,false,HIGH_GLOBAL_DEFINITION,"Migrate display/view identity to formal fields, then retire alias by controlled upgrade."
sc.material.rental.settlement,p1_visible_8fa8662ad38f,单据编号,DISPLAY_SEARCH_EXPORT_COMPATIBILITY,name,true,true,false,false,false,HIGH_GLOBAL_DEFINITION,"Migrate display/view identity to formal fields, then retire alias by controlled upgrade."
sc.material.rental.settlement,p1_visible_99f6fe6c41ad,附件,DISPLAY_SEARCH_EXPORT_COMPATIBILITY,message_attachment_count,true,true,false,false,false,HIGH_GLOBAL_DEFINITION,"Migrate display/view identity to formal fields, then retire alias by controlled upgrade."
sc.material.rental.settlement,p1_visible_dfc25d77dc39,录入时间,DISPLAY_SEARCH_EXPORT_COMPATIBILITY,settlement_date;source_created_at,true,true,false,false,false,HIGH_GLOBAL_DEFINITION,"Migrate display/view identity to formal fields, then retire alias by controlled upgrade."
sc.material.rental.settlement,p1_visible_ee6a4d9e2956,录入人,DISPLAY_SEARCH_EXPORT_COMPATIBILITY,owner_id;source_created_by,true,true,false,false,false,HIGH_GLOBAL_DEFINITION,"Migrate display/view identity to formal fields, then retire alias by controlled upgrade."
sc.material.settlement,p1_visible_06fa8c6f628f,单据状态,DISPLAY_SEARCH_EXPORT_COMPATIBILITY,state,true,true,false,false,false,HIGH_GLOBAL_DEFINITION,"Migrate display/view identity to formal fields, then retire alias by controlled upgrade."
sc.material.settlement,p1_visible_36cae65ab40a,结算单位,DISPLAY_SEARCH_EXPORT_COMPATIBILITY,supplier_id,true,true,false,false,false,HIGH_GLOBAL_DEFINITION,"Migrate display/view identity to formal fields, then retire alias by controlled upgrade."
sc.material.settlement,p1_visible_3e7255522b33,项目名称,DISPLAY_SEARCH_EXPORT_COMPATIBILITY,project_id,true,true,false,false,false,HIGH_GLOBAL_DEFINITION,"Migrate display/view identity to formal fields, then retire alias by controlled upgrade."
sc.material.settlement,p1_visible_72cf58c14fc0,已申请金额,DISPLAY_SEARCH_EXPORT_COMPATIBILITY,payment_requested_amount,true,true,false,false,false,HIGH_GLOBAL_DEFINITION,"Migrate display/view identity to formal fields, then retire alias by controlled upgrade."
sc.material.settlement,p1_visible_748d7dc7e321,标题,DISPLAY_SEARCH_EXPORT_COMPATIBILITY,name,true,true,false,false,false,HIGH_GLOBAL_DEFINITION,"Migrate display/view identity to formal fields, then retire alias by controlled upgrade."
sc.material.settlement,p1_visible_816dc9f7b786,结算说明,DISPLAY_SEARCH_EXPORT_COMPATIBILITY,note,true,true,false,false,false,HIGH_GLOBAL_DEFINITION,"Migrate display/view identity to formal fields, then retire alias by controlled upgrade."
sc.material.settlement,p1_visible_825a06905b09,未申请金额,DISPLAY_SEARCH_EXPORT_COMPATIBILITY,payment_remaining_amount,true,true,false,false,false,HIGH_GLOBAL_DEFINITION,"Migrate display/view identity to formal fields, then retire alias by controlled upgrade."
sc.material.settlement,p1_visible_8fa8662ad38f,单据编号,DISPLAY_SEARCH_EXPORT_COMPATIBILITY,name,true,true,false,false,false,HIGH_GLOBAL_DEFINITION,"Migrate display/view identity to formal fields, then retire alias by controlled upgrade."
sc.material.settlement,p1_visible_99f6fe6c41ad,附件,DISPLAY_SEARCH_EXPORT_COMPATIBILITY,attachment_ids;message_attachment_count,true,true,false,false,false,HIGH_GLOBAL_DEFINITION,"Migrate display/view identity to formal fields, then retire alias by controlled upgrade."
sc.material.settlement,p1_visible_a22ecb7fab2f,未付款金额,DISPLAY_SEARCH_EXPORT_COMPATIBILITY,payment_remaining_amount,true,true,false,false,false,HIGH_GLOBAL_DEFINITION,"Migrate display/view identity to formal fields, then retire alias by controlled upgrade."
sc.material.settlement,p1_visible_b6959bb111d9,付款状态,DISPLAY_SEARCH_EXPORT_COMPATIBILITY,state,true,true,false,false,false,HIGH_GLOBAL_DEFINITION,"Migrate display/view identity to formal fields, then retire alias by controlled upgrade."
sc.material.settlement,p1_visible_d3ebd50d724b,已付款金额,DISPLAY_SEARCH_EXPORT_COMPATIBILITY,payment_paid_amount,true,true,false,false,false,HIGH_GLOBAL_DEFINITION,"Migrate display/view identity to formal fields, then retire alias by controlled upgrade."
sc.material.settlement,p1_visible_dfc25d77dc39,录入时间,DISPLAY_SEARCH_EXPORT_COMPATIBILITY,settlement_date;source_created_at,true,true,false,false,false,HIGH_GLOBAL_DEFINITION,"Migrate display/view identity to formal fields, then retire alias by controlled upgrade."
sc.material.settlement,p1_visible_ec15903ded76,支付申请状态,DISPLAY_SEARCH_EXPORT_COMPATIBILITY,state,true,true,false,false,false,HIGH_GLOBAL_DEFINITION,"Migrate display/view identity to formal fields, then retire alias by controlled upgrade."
sc.material.settlement,p1_visible_ee6a4d9e2956,录入人,DISPLAY_SEARCH_EXPORT_COMPATIBILITY,source_created_by;owner_id,true,true,false,false,false,HIGH_GLOBAL_DEFINITION,"Migrate display/view identity to formal fields, then retire alias by controlled upgrade."
sc.office.admin.document,p1_visible_06fa8c6f628f,单据状态,DISPLAY_SEARCH_EXPORT_COMPATIBILITY,state,true,true,false,false,false,HIGH_GLOBAL_DEFINITION,"Migrate display/view identity to formal fields, then retire alias by controlled upgrade."
sc.office.admin.document,p1_visible_1509ea5aa328,请假类型,DISPLAY_SEARCH_EXPORT_COMPATIBILITY,leave_type,true,true,false,false,false,HIGH_GLOBAL_DEFINITION,"Migrate display/view identity to formal fields, then retire alias by controlled upgrade."
sc.office.admin.document,p1_visible_17b341733b7b,合同编号,DISPLAY_SEARCH_EXPORT_COMPATIBILITY,seal_contract_no;name;document_no,true,true,false,false,false,HIGH_GLOBAL_DEFINITION,"Migrate display/view identity to formal fields, then retire alias by controlled upgrade."
sc.office.admin.document,p1_visible_2559d3f7672e,所属公司,DISPLAY_SEARCH_EXPORT_COMPATIBILITY,seal_company_name,true,true,false,false,false,HIGH_GLOBAL_DEFINITION,"Migrate display/view identity to formal fields, then retire alias by controlled upgrade."
sc.office.admin.document,p1_visible_2715f827834b,用印申请人,DISPLAY_SEARCH_EXPORT_COMPATIBILITY,seal_applicant_name;requester_id,true,true,false,false,false,HIGH_GLOBAL_DEFINITION,"Migrate display/view identity to formal fields, then retire alias by controlled upgrade."
sc.office.admin.document,p1_visible_2d158ad0c744,份数,DISPLAY_SEARCH_EXPORT_COMPATIBILITY,seal_copy_count,true,true,false,false,false,HIGH_GLOBAL_DEFINITION,"Migrate display/view identity to formal fields, then retire alias by controlled upgrade."
sc.office.admin.document,p1_visible_2d3cea857f5c,归还时间,DISPLAY_SEARCH_EXPORT_COMPATIBILITY,seal_return_date;return_date,true,true,false,false,false,HIGH_GLOBAL_DEFINITION,"Migrate display/view identity to formal fields, then retire alias by controlled upgrade."
sc.office.admin.document,p1_visible_324929811990,经办人签字,DISPLAY_SEARCH_EXPORT_COMPATIBILITY,seal_handler_sign,true,true,false,false,false,HIGH_GLOBAL_DEFINITION,"Migrate display/view identity to formal fields, then retire alias by controlled upgrade."
sc.office.admin.document,p1_visible_342372602a87,申请人姓名,DISPLAY_SEARCH_EXPORT_COMPATIBILITY,office_admin_applicant_name,true,true,false,false,false,HIGH_GLOBAL_DEFINITION,"Migrate display/view identity to formal fields, then retire alias by controlled upgrade."
sc.office.admin.document,p1_visible_39169745e6a4,用印文本名称及文号,DISPLAY_SEARCH_EXPORT_COMPATIBILITY,seal_text;use_purpose,true,true,false,false,false,HIGH_GLOBAL_DEFINITION,"Migrate display/view identity to formal fields, then retire alias by controlled upgrade."
sc.office.admin.document,p1_visible_3e7255522b33,项目名称,DISPLAY_SEARCH_EXPORT_COMPATIBILITY,project_id,true,true,false,false,false,HIGH_GLOBAL_DEFINITION,"Migrate display/view identity to formal fields, then retire alias by controlled upgrade."
sc.office.admin.document,p1_visible_3f36b5502196,请假时间,DISPLAY_SEARCH_EXPORT_COMPATIBILITY,office_admin_leave_time,true,true,false,false,false,HIGH_GLOBAL_DEFINITION,"Migrate display/view identity to formal fields, then retire alias by controlled upgrade."
sc.office.admin.document,p1_visible_4f1b37216d49,销假时间,DISPLAY_SEARCH_EXPORT_COMPATIBILITY,office_admin_cancel_time,true,true,false,false,false,HIGH_GLOBAL_DEFINITION,"Migrate display/view identity to formal fields, then retire alias by controlled upgrade."
sc.office.admin.document,p1_visible_6c35ddfb6034,用印部门负责人签字,DISPLAY_SEARCH_EXPORT_COMPATIBILITY,seal_department_manager_sign,true,true,false,false,false,HIGH_GLOBAL_DEFINITION,"Migrate display/view identity to formal fields, then retire alias by controlled upgrade."
sc.office.admin.document,p1_visible_75e856a13c7c,合同金额,DISPLAY_SEARCH_EXPORT_COMPATIBILITY,seal_contract_amount;amount,true,true,false,false,false,HIGH_GLOBAL_DEFINITION,"Migrate display/view identity to formal fields, then retire alias by controlled upgrade."
sc.office.admin.document,p1_visible_7abb0844fb4c,用印部门,DISPLAY_SEARCH_EXPORT_COMPATIBILITY,seal_department_name;department_id,true,true,false,false,false,HIGH_GLOBAL_DEFINITION,"Migrate display/view identity to formal fields, then retire alias by controlled upgrade."
sc.office.admin.document,p1_visible_88c9f74d6c60,领导签字,DISPLAY_SEARCH_EXPORT_COMPATIBILITY,seal_leader_sign,true,true,false,false,false,HIGH_GLOBAL_DEFINITION,"Migrate display/view identity to formal fields, then retire alias by controlled upgrade."
sc.office.admin.document,p1_visible_8fa8662ad38f,单据编号,DISPLAY_SEARCH_EXPORT_COMPATIBILITY,name;document_no,true,true,false,false,false,HIGH_GLOBAL_DEFINITION,"Migrate display/view identity to formal fields, then retire alias by controlled upgrade."
sc.office.admin.document,p1_visible_99f6fe6c41ad,附件,DISPLAY_SEARCH_EXPORT_COMPATIBILITY,attachment_ids;message_attachment_count,true,true,false,false,false,HIGH_GLOBAL_DEFINITION,"Migrate display/view identity to formal fields, then retire alias by controlled upgrade."
sc.office.admin.document,p1_visible_9be1ef3a84d7,是否外带,DISPLAY_SEARCH_EXPORT_COMPATIBILITY,seal_take_out_flag,true,true,false,false,false,HIGH_GLOBAL_DEFINITION,"Migrate display/view identity to formal fields, then retire alias by controlled upgrade."
sc.office.admin.document,p1_visible_a8b6e96c9036,用印时间,DISPLAY_SEARCH_EXPORT_COMPATIBILITY,seal_use_date;use_date,true,true,false,false,false,HIGH_GLOBAL_DEFINITION,"Migrate display/view identity to formal fields, then retire alias by controlled upgrade."
sc.office.admin.document,p1_visible_a8e78b10a188,所在部门,DISPLAY_SEARCH_EXPORT_COMPATIBILITY,office_admin_department_name,true,true,false,false,false,HIGH_GLOBAL_DEFINITION,"Migrate display/view identity to formal fields, then retire alias by controlled upgrade."
sc.office.admin.document,p1_visible_b03bc1337add,请假时长,DISPLAY_SEARCH_EXPORT_COMPATIBILITY,office_admin_leave_duration,true,true,false,false,false,HIGH_GLOBAL_DEFINITION,"Migrate display/view identity to formal fields, then retire alias by controlled upgrade."
sc.office.admin.document,p1_visible_b56f68e8a4db,请假天数,DISPLAY_SEARCH_EXPORT_COMPATIBILITY,office_admin_leave_days,true,true,false,false,false,HIGH_GLOBAL_DEFINITION,"Migrate display/view identity to formal fields, then retire alias by controlled upgrade."
sc.office.admin.document,p1_visible_b74d956638f0,用印种类,DISPLAY_SEARCH_EXPORT_COMPATIBILITY,seal_type_name;seal_type,true,true,false,false,false,HIGH_GLOBAL_DEFINITION,"Migrate display/view identity to formal fields, then retire alias by controlled upgrade."
sc.office.admin.document,p1_visible_dfc25d77dc39,录入时间,DISPLAY_SEARCH_EXPORT_COMPATIBILITY,source_created_at,true,true,false,false,false,HIGH_GLOBAL_DEFINITION,"Migrate display/view identity to formal fields, then retire alias by controlled upgrade."
sc.office.admin.document,p1_visible_e0361480e3a5,备注,DISPLAY_SEARCH_EXPORT_COMPATIBILITY,description,true,true,false,false,false,HIGH_GLOBAL_DEFINITION,"Migrate display/view identity to formal fields, then retire alias by controlled upgrade."
sc.office.admin.document,p1_visible_e8f87f5bc217,使用印章公司,DISPLAY_SEARCH_EXPORT_COMPATIBILITY,seal_using_company_name,true,true,false,false,false,HIGH_GLOBAL_DEFINITION,"Migrate display/view identity to formal fields, then retire alias by controlled upgrade."
sc.office.admin.document,p1_visible_ee6a4d9e2956,录入人,DISPLAY_SEARCH_EXPORT_COMPATIBILITY,source_created_by;requester_id,true,true,false,false,false,HIGH_GLOBAL_DEFINITION,"Migrate display/view identity to formal fields, then retire alias by controlled upgrade."
sc.payment.execution,p1_visible_058f511c98cf,付款日期,DISPLAY_SEARCH_EXPORT_COMPATIBILITY,partner_payment_date_display;date_payment,true,true,false,false,false,HIGH_GLOBAL_DEFINITION,"Migrate display/view identity to formal fields, then retire alias by controlled upgrade."
sc.payment.execution,p1_visible_06fa8c6f628f,单据状态,DISPLAY_SEARCH_EXPORT_COMPATIBILITY,partner_payment_status_display;state,true,true,false,false,false,HIGH_GLOBAL_DEFINITION,"Migrate display/view identity to formal fields, then retire alias by controlled upgrade."
sc.payment.execution,p1_visible_3e7255522b33,项目名称,DISPLAY_SEARCH_EXPORT_COMPATIBILITY,partner_payment_project_name;project_id,true,true,false,false,false,HIGH_GLOBAL_DEFINITION,"Migrate display/view identity to formal fields, then retire alias by controlled upgrade."
sc.payment.execution,p1_visible_48312867161c,录入日期,DISPLAY_SEARCH_EXPORT_COMPATIBILITY,created_time,true,true,false,false,false,HIGH_GLOBAL_DEFINITION,"Migrate display/view identity to formal fields, then retire alias by controlled upgrade."
sc.payment.execution,p1_visible_48a64eb40c71,开户行,DISPLAY_SEARCH_EXPORT_COMPATIBILITY,receipt_bank_name;payment_bank_name,true,true,false,false,false,HIGH_GLOBAL_DEFINITION,"Migrate display/view identity to formal fields, then retire alias by controlled upgrade."
sc.payment.execution,p1_visible_48eb67df430f,付款账户,DISPLAY_SEARCH_EXPORT_COMPATIBILITY,payment_account_no;bank_account,true,true,false,false,false,HIGH_GLOBAL_DEFINITION,"Migrate display/view identity to formal fields, then retire alias by controlled upgrade."
sc.payment.execution,p1_visible_514ce8cde553,其他备注,DISPLAY_SEARCH_EXPORT_COMPATIBILITY,note,true,true,false,false,false,HIGH_GLOBAL_DEFINITION,"Migrate display/view identity to formal fields, then retire alias by controlled upgrade."
sc.payment.execution,p1_visible_6c5a21ae4538,凭证号,DISPLAY_SEARCH_EXPORT_COMPATIBILITY,partner_payment_voucher_no;kingdee_document_no,true,true,false,false,false,HIGH_GLOBAL_DEFINITION,"Migrate display/view identity to formal fields, then retire alias by controlled upgrade."
sc.payment.execution,p1_visible_71e47f617269,填写人,DISPLAY_SEARCH_EXPORT_COMPATIBILITY,partner_payment_writer;handler_name;creator_name,true,true,false,false,false,HIGH_GLOBAL_DEFINITION,"Migrate display/view identity to formal fields, then retire alias by controlled upgrade."
sc.payment.execution,p1_visible_7f5da566c14e,金蝶单据编号,DISPLAY_SEARCH_EXPORT_COMPATIBILITY,kingdee_document_no;document_no;name,true,true,false,false,false,HIGH_GLOBAL_DEFINITION,"Migrate display/view identity to formal fields, then retire alias by controlled upgrade."
sc.payment.execution,p1_visible_80f75ce4d56c,項目名称,DISPLAY_SEARCH_EXPORT_COMPATIBILITY,partner_payment_project_name;project_id,true,true,false,false,false,HIGH_GLOBAL_DEFINITION,"Migrate display/view identity to formal fields, then retire alias by controlled upgrade."
sc.payment.execution,p1_visible_876617c2cb2b,付款单关联来源,DISPLAY_SEARCH_EXPORT_COMPATIBILITY,partner_payment_source_text;payment_request_id;document_no;name,true,true,false,false,false,HIGH_GLOBAL_DEFINITION,"Migrate display/view identity to formal fields, then retire alias by controlled upgrade."
sc.payment.execution,p1_visible_8fa8662ad38f,单据编号,DISPLAY_SEARCH_EXPORT_COMPATIBILITY,partner_payment_document_no;document_no;name,true,true,false,false,false,HIGH_GLOBAL_DEFINITION,"Migrate display/view identity to formal fields, then retire alias by controlled upgrade."
sc.payment.execution,p1_visible_99f6fe6c41ad,附件,DISPLAY_SEARCH_EXPORT_COMPATIBILITY,partner_payment_attachment_text;attachment_ids;message_attachment_count,true,true,false,false,false,HIGH_GLOBAL_DEFINITION,"Migrate display/view identity to formal fields, then retire alias by controlled upgrade."
sc.payment.execution,p1_visible_9b388243bdd8,支付类别,DISPLAY_SEARCH_EXPORT_COMPATIBILITY,partner_payment_category_display;payment_family;source_kind;payment_method,true,true,false,false,false,HIGH_GLOBAL_DEFINITION,"Migrate display/view identity to formal fields, then retire alias by controlled upgrade."
sc.payment.execution,p1_visible_a4aa6578aa87,支付申请单号,DISPLAY_SEARCH_EXPORT_COMPATIBILITY,payment_request_id;document_no,true,true,false,false,false,HIGH_GLOBAL_DEFINITION,"Migrate display/view identity to formal fields, then retire alias by controlled upgrade."
sc.payment.execution,p1_visible_c3d92b20c8a3,账户,DISPLAY_SEARCH_EXPORT_COMPATIBILITY,receipt_account_no;payment_account_no;bank_account;name,true,true,false,false,false,HIGH_GLOBAL_DEFINITION,"Migrate display/view identity to formal fields, then retire alias by controlled upgrade."
sc.payment.execution,p1_visible_c7133de10947,付款内容,DISPLAY_SEARCH_EXPORT_COMPATIBILITY,partner_payment_content_display;note,true,true,false,false,false,HIGH_GLOBAL_DEFINITION,"Migrate display/view identity to formal fields, then retire alias by controlled upgrade."
sc.payment.execution,p1_visible_ccfa1326c88f,收款单位,DISPLAY_SEARCH_EXPORT_COMPATIBILITY,partner_payment_payee_unit;partner_id;receipt_account_name,true,true,false,false,false,HIGH_GLOBAL_DEFINITION,"Migrate display/view identity to formal fields, then retire alias by controlled upgrade."
sc.payment.execution,p1_visible_cdac00d3097d,类型（成本）,DISPLAY_SEARCH_EXPORT_COMPATIBILITY,partner_payment_cost_type_display;business_category_id;payment_family;payment_method,true,true,false,false,false,HIGH_GLOBAL_DEFINITION,"Migrate display/view identity to formal fields, then retire alias by controlled upgrade."
sc.payment.execution,p1_visible_cf2988988f42,实际收款单位,DISPLAY_SEARCH_EXPORT_COMPATIBILITY,partner_payment_actual_payee_unit;receipt_account_name;partner_id,true,true,false,false,false,HIGH_GLOBAL_DEFINITION,"Migrate display/view identity to formal fields, then retire alias by controlled upgrade."
sc.payment.execution,p1_visible_cf44ec3f55f9,供应商名称,DISPLAY_SEARCH_EXPORT_COMPATIBILITY,partner_payment_payee_unit;partner_id,true,true,false,false,false,HIGH_GLOBAL_DEFINITION,"Migrate display/view identity to formal fields, then retire alias by controlled upgrade."
sc.payment.execution,p1_visible_d890d302f7f7,付款金额,DISPLAY_SEARCH_EXPORT_COMPATIBILITY,paid_amount,true,true,false,false,false,HIGH_GLOBAL_DEFINITION,"Migrate display/view identity to formal fields, then retire alias by controlled upgrade."
sc.payment.execution,p1_visible_dacbd33c31fd,付款账户名称,DISPLAY_SEARCH_EXPORT_COMPATIBILITY,partner_payment_account_name_display;payment_account_name,true,true,false,false,false,HIGH_GLOBAL_DEFINITION,"Migrate display/view identity to formal fields, then retire alias by controlled upgrade."
sc.payment.execution,p1_visible_e0361480e3a5,备注,DISPLAY_SEARCH_EXPORT_COMPATIBILITY,note,true,true,false,false,false,HIGH_GLOBAL_DEFINITION,"Migrate display/view identity to formal fields, then retire alias by controlled upgrade."
sc.payment.execution,p1_visible_e560f90bd049,其它备注,DISPLAY_SEARCH_EXPORT_COMPATIBILITY,note,true,true,false,false,false,HIGH_GLOBAL_DEFINITION,"Migrate display/view identity to formal fields, then retire alias by controlled upgrade."
sc.payment.execution,p1_visible_ee6a4d9e2956,录入人,DISPLAY_SEARCH_EXPORT_COMPATIBILITY,partner_payment_source_created_by;creator_name;handler_name,true,true,false,false,false,HIGH_GLOBAL_DEFINITION,"Migrate display/view identity to formal fields, then retire alias by controlled upgrade."
sc.payment.execution,p1_visible_f22832ce4781,推送结果,DISPLAY_SEARCH_EXPORT_COMPATIBILITY,push_result;state,true,true,false,false,false,HIGH_GLOBAL_DEFINITION,"Migrate display/view identity to formal fields, then retire alias by controlled upgrade."
sc.payment.execution,p1_visible_f35ba3fab897,付款方式名称,DISPLAY_SEARCH_EXPORT_COMPATIBILITY,partner_payment_method_display;payment_family;payment_method,true,true,false,false,false,HIGH_GLOBAL_DEFINITION,"Migrate display/view identity to formal fields, then retire alias by controlled upgrade."
sc.receipt.income,p1_visible_00381a68b952,往来单位,DISPLAY_SEARCH_EXPORT_COMPATIBILITY,partner_id,true,true,false,false,false,HIGH_GLOBAL_DEFINITION,"Migrate display/view identity to formal fields, then retire alias by controlled upgrade."
sc.receipt.income,p1_visible_06fa8c6f628f,单据状态,DISPLAY_SEARCH_EXPORT_COMPATIBILITY,state,true,true,false,false,false,HIGH_GLOBAL_DEFINITION,"Migrate display/view identity to formal fields, then retire alias by controlled upgrade."
sc.receipt.income,p1_visible_0d20172efa91,收款时间,DISPLAY_SEARCH_EXPORT_COMPATIBILITY,date_receipt,true,true,false,false,false,HIGH_GLOBAL_DEFINITION,"Migrate display/view identity to formal fields, then retire alias by controlled upgrade."
sc.receipt.income,p1_visible_0d8979d08c09,累计开票金额,UNRESOLVED_DISPLAY_COMPATIBILITY,,true,true,false,false,false,CRITICAL_UNRESOLVED_FORMAL_SOURCE,"Obtain business decision; do not infer a target, sort, aggregate or migrate automatically."
sc.receipt.income,p1_visible_17d0f48c07fb,施工单位,DISPLAY_SEARCH_EXPORT_COMPATIBILITY,partner_id,true,true,false,false,false,HIGH_GLOBAL_DEFINITION,"Migrate display/view identity to formal fields, then retire alias by controlled upgrade."
sc.receipt.income,p1_visible_205fcc1bc5d4,施工管理合同,DISPLAY_SEARCH_EXPORT_COMPATIBILITY,contract_id,true,true,false,false,false,HIGH_GLOBAL_DEFINITION,"Migrate display/view identity to formal fields, then retire alias by controlled upgrade."
sc.receipt.income,p1_visible_2ff90909b29b,进账金额,DISPLAY_SEARCH_EXPORT_COMPATIBILITY,amount,true,true,false,false,false,HIGH_GLOBAL_DEFINITION,"Migrate display/view identity to formal fields, then retire alias by controlled upgrade."
sc.receipt.income,p1_visible_389372a58a16,期数,UNRESOLVED_DISPLAY_COMPATIBILITY,,true,true,false,false,false,CRITICAL_UNRESOLVED_FORMAL_SOURCE,"Obtain business decision; do not infer a target, sort, aggregate or migrate automatically."
sc.receipt.income,p1_visible_3e7255522b33,项目名称,DISPLAY_SEARCH_EXPORT_COMPATIBILITY,project_id,true,true,false,false,false,HIGH_GLOBAL_DEFINITION,"Migrate display/view identity to formal fields, then retire alias by controlled upgrade."
sc.receipt.income,p1_visible_49a5d541678c,收款账户,DISPLAY_SEARCH_EXPORT_COMPATIBILITY,receiving_account_name;receiving_account;receiving_account_no,true,true,false,false,false,HIGH_GLOBAL_DEFINITION,"Migrate display/view identity to formal fields, then retire alias by controlled upgrade."
sc.receipt.income,p1_visible_50f529884746,本期拨付金额合计,DISPLAY_SEARCH_EXPORT_COMPATIBILITY,amount,true,true,false,false,false,HIGH_GLOBAL_DEFINITION,"Migrate display/view identity to formal fields, then retire alias by controlled upgrade."
sc.receipt.income,p1_visible_689407e406ab,目前形象进度,UNRESOLVED_DISPLAY_COMPATIBILITY,,true,true,false,false,false,CRITICAL_UNRESOLVED_FORMAL_SOURCE,"Obtain business decision; do not infer a target, sort, aggregate or migrate automatically."
sc.receipt.income,p1_visible_71e47f617269,填写人,DISPLAY_SEARCH_EXPORT_COMPATIBILITY,creator_name,true,true,false,false,false,HIGH_GLOBAL_DEFINITION,"Migrate display/view identity to formal fields, then retire alias by controlled upgrade."
sc.receipt.income,p1_visible_75e856a13c7c,合同金额,DISPLAY_SEARCH_EXPORT_COMPATIBILITY,amount,true,true,false,false,false,HIGH_GLOBAL_DEFINITION,"Migrate display/view identity to formal fields, then retire alias by controlled upgrade."
sc.receipt.income,p1_visible_807b71479e35,收入类别,DISPLAY_SEARCH_EXPORT_COMPATIBILITY,income_category,true,true,false,false,false,HIGH_GLOBAL_DEFINITION,"Migrate display/view identity to formal fields, then retire alias by controlled upgrade."
sc.receipt.income,p1_visible_89b4aa6364ce,时间,DISPLAY_SEARCH_EXPORT_COMPATIBILITY,date_receipt;created_time,true,true,false,false,false,HIGH_GLOBAL_DEFINITION,"Migrate display/view identity to formal fields, then retire alias by controlled upgrade."
sc.receipt.income,p1_visible_8cd973ab9373,承包单位,DISPLAY_SEARCH_EXPORT_COMPATIBILITY,company_id,true,true,false,false,false,HIGH_GLOBAL_DEFINITION,"Migrate display/view identity to formal fields, then retire alias by controlled upgrade."
sc.receipt.income,p1_visible_8fa8662ad38f,单据编号,DISPLAY_SEARCH_EXPORT_COMPATIBILITY,document_no;name,true,true,false,false,false,HIGH_GLOBAL_DEFINITION,"Migrate display/view identity to formal fields, then retire alias by controlled upgrade."
sc.receipt.income,p1_visible_99219180c1b9,本期代扣代缴合计,DISPLAY_SEARCH_EXPORT_COMPATIBILITY,deducted_invoice_amount,true,true,false,false,false,HIGH_GLOBAL_DEFINITION,"Migrate display/view identity to formal fields, then retire alias by controlled upgrade."
sc.receipt.income,p1_visible_99f6fe6c41ad,附件,DISPLAY_SEARCH_EXPORT_COMPATIBILITY,attachment_ids;message_attachment_count,true,true,false,false,false,HIGH_GLOBAL_DEFINITION,"Migrate display/view identity to formal fields, then retire alias by controlled upgrade."
sc.receipt.income,p1_visible_aa6152009ab0,上期留存余额,UNRESOLVED_DISPLAY_COMPATIBILITY,,true,true,false,false,false,CRITICAL_UNRESOLVED_FORMAL_SOURCE,"Obtain business decision; do not infer a target, sort, aggregate or migrate automatically."
sc.receipt.income,p1_visible_dfc25d77dc39,录入时间,DISPLAY_SEARCH_EXPORT_COMPATIBILITY,created_time,true,true,false,false,false,HIGH_GLOBAL_DEFINITION,"Migrate display/view identity to formal fields, then retire alias by controlled upgrade."
sc.receipt.income,p1_visible_e0361480e3a5,备注,DISPLAY_SEARCH_EXPORT_COMPATIBILITY,note,true,true,false,false,false,HIGH_GLOBAL_DEFINITION,"Migrate display/view identity to formal fields, then retire alias by controlled upgrade."
sc.receipt.income,p1_visible_ee6a4d9e2956,录入人,DISPLAY_SEARCH_EXPORT_COMPATIBILITY,creator_name,true,true,false,false,false,HIGH_GLOBAL_DEFINITION,"Migrate display/view identity to formal fields, then retire alias by controlled upgrade."
sc.receipt.income,p1_visible_fc06f3f3d307,本期收款,DISPLAY_SEARCH_EXPORT_COMPATIBILITY,amount,true,true,false,false,false,HIGH_GLOBAL_DEFINITION,"Migrate display/view identity to formal fields, then retire alias by controlled upgrade."
sc.receipt.invoice.line,p1_visible_00381a68b952,往来单位,DISPLAY_SEARCH_EXPORT_COMPATIBILITY,partner_id,true,true,false,false,false,HIGH_GLOBAL_DEFINITION,"Migrate display/view identity to formal fields, then retire alias by controlled upgrade."
sc.receipt.invoice.line,p1_visible_0d8979d08c09,累计开票金额,DISPLAY_SEARCH_EXPORT_COMPATIBILITY,invoiced_before_amount;invoice_amount,true,true,false,false,false,HIGH_GLOBAL_DEFINITION,"Migrate display/view identity to formal fields, then retire alias by controlled upgrade."
sc.receipt.invoice.line,p1_visible_17b341733b7b,合同编号,DISPLAY_SEARCH_EXPORT_COMPATIBILITY,contract_id,true,true,false,false,false,HIGH_GLOBAL_DEFINITION,"Migrate display/view identity to formal fields, then retire alias by controlled upgrade."
sc.receipt.invoice.line,p1_visible_3362368978f0,发票金额,DISPLAY_SEARCH_EXPORT_COMPATIBILITY,invoice_amount,true,true,false,false,false,HIGH_GLOBAL_DEFINITION,"Migrate display/view identity to formal fields, then retire alias by controlled upgrade."
sc.receipt.invoice.line,p1_visible_3e7255522b33,项目名称,DISPLAY_SEARCH_EXPORT_COMPATIBILITY,project_id,true,true,false,false,false,HIGH_GLOBAL_DEFINITION,"Migrate display/view identity to formal fields, then retire alias by controlled upgrade."
sc.receipt.invoice.line,p1_visible_4bf07688dedc,开票登记单号,DISPLAY_SEARCH_EXPORT_COMPATIBILITY,invoice_document_no,true,true,false,false,false,HIGH_GLOBAL_DEFINITION,"Migrate display/view identity to formal fields, then retire alias by controlled upgrade."
sc.receipt.invoice.line,p1_visible_68fa54544e2f,开票登记状态,DISPLAY_SEARCH_EXPORT_COMPATIBILITY,invoice_document_state,true,true,false,false,false,HIGH_GLOBAL_DEFINITION,"Migrate display/view identity to formal fields, then retire alias by controlled upgrade."
sc.receipt.invoice.line,p1_visible_764d417cabd2,经营方式,DISPLAY_SEARCH_EXPORT_COMPATIBILITY,operation_strategy,true,true,false,false,false,HIGH_GLOBAL_DEFINITION,"Migrate display/view identity to formal fields, then retire alias by controlled upgrade."
sc.receipt.invoice.line,p1_visible_8fa8662ad38f,单据编号,DISPLAY_SEARCH_EXPORT_COMPATIBILITY,source_document_no;invoice_document_no;request_id,true,true,false,false,false,HIGH_GLOBAL_DEFINITION,"Migrate display/view identity to formal fields, then retire alias by controlled upgrade."
sc.receipt.invoice.line,p1_visible_99f6fe6c41ad,附件,DISPLAY_SEARCH_EXPORT_COMPATIBILITY,visible_attachment_count;attachment_count,true,true,false,false,false,HIGH_GLOBAL_DEFINITION,"Migrate display/view identity to formal fields, then retire alias by controlled upgrade."
sc.receipt.invoice.line,p1_visible_ada9a85eab00,发票号,DISPLAY_SEARCH_EXPORT_COMPATIBILITY,invoice_no,true,true,false,false,false,HIGH_GLOBAL_DEFINITION,"Migrate display/view identity to formal fields, then retire alias by controlled upgrade."
sc.receipt.invoice.line,p1_visible_be5462bd6a62,开票单位,DISPLAY_SEARCH_EXPORT_COMPATIBILITY,invoice_issue_company;partner_id,true,true,false,false,false,HIGH_GLOBAL_DEFINITION,"Migrate display/view identity to formal fields, then retire alias by controlled upgrade."
sc.receipt.invoice.line,p1_visible_c1b95b8ca332,附加税,DISPLAY_SEARCH_EXPORT_COMPATIBILITY,surcharge_amount,true,true,false,false,false,HIGH_GLOBAL_DEFINITION,"Migrate display/view identity to formal fields, then retire alias by controlled upgrade."
sc.receipt.invoice.line,p1_visible_c3aef70a75e6,本次收款,DISPLAY_SEARCH_EXPORT_COMPATIBILITY,current_receipt_amount,true,true,false,false,false,HIGH_GLOBAL_DEFINITION,"Migrate display/view identity to formal fields, then retire alias by controlled upgrade."
sc.receipt.invoice.line,p1_visible_d42c2d26610f,开票日期,DISPLAY_SEARCH_EXPORT_COMPATIBILITY,invoice_date,true,true,false,false,false,HIGH_GLOBAL_DEFINITION,"Migrate display/view identity to formal fields, then retire alias by controlled upgrade."
sc.receipt.invoice.line,p1_visible_f9cc22d53aff,受票方名称,DISPLAY_SEARCH_EXPORT_COMPATIBILITY,invoice_party_name;partner_id,true,true,false,false,false,HIGH_GLOBAL_DEFINITION,"Migrate display/view identity to formal fields, then retire alias by controlled upgrade."
sc.subcontract.register,p1_visible_17b341733b7b,合同编号,DISPLAY_SEARCH_EXPORT_COMPATIBILITY,contract_id;name,true,true,false,false,false,HIGH_GLOBAL_DEFINITION,"Migrate display/view identity to formal fields, then retire alias by controlled upgrade."
sc.subcontract.register,p1_visible_34943c40c9af,金额,DISPLAY_SEARCH_EXPORT_COMPATIBILITY,amount_total;paid_amount,true,true,false,false,false,HIGH_GLOBAL_DEFINITION,"Migrate display/view identity to formal fields, then retire alias by controlled upgrade."
sc.subcontract.register,p1_visible_3b652b9864d4,已开票金额,DISPLAY_SEARCH_EXPORT_COMPATIBILITY,invoice_amount,true,true,false,false,false,HIGH_GLOBAL_DEFINITION,"Migrate display/view identity to formal fields, then retire alias by controlled upgrade."
sc.subcontract.register,p1_visible_3e7255522b33,项目名称,DISPLAY_SEARCH_EXPORT_COMPATIBILITY,project_id,true,true,false,false,false,HIGH_GLOBAL_DEFINITION,"Migrate display/view identity to formal fields, then retire alias by controlled upgrade."
sc.subcontract.register,p1_visible_462c614de6c7,未开票金额,DISPLAY_SEARCH_EXPORT_COMPATIBILITY,uninvoiced_amount,true,true,false,false,false,HIGH_GLOBAL_DEFINITION,"Migrate display/view identity to formal fields, then retire alias by controlled upgrade."
sc.subcontract.register,p1_visible_6b40af3eee21,分包内容,DISPLAY_SEARCH_EXPORT_COMPATIBILITY,subcontract_scope;note,true,true,false,false,false,HIGH_GLOBAL_DEFINITION,"Migrate display/view identity to formal fields, then retire alias by controlled upgrade."
sc.subcontract.register,p1_visible_748d7dc7e321,标题,DISPLAY_SEARCH_EXPORT_COMPATIBILITY,name,true,true,false,false,false,HIGH_GLOBAL_DEFINITION,"Migrate display/view identity to formal fields, then retire alias by controlled upgrade."
sc.subcontract.register,p1_visible_8fa8662ad38f,单据编号,DISPLAY_SEARCH_EXPORT_COMPATIBILITY,name,true,true,false,false,false,HIGH_GLOBAL_DEFINITION,"Migrate display/view identity to formal fields, then retire alias by controlled upgrade."
sc.subcontract.register,p1_visible_99f6fe6c41ad,附件,DISPLAY_SEARCH_EXPORT_COMPATIBILITY,message_attachment_count,true,true,false,false,false,HIGH_GLOBAL_DEFINITION,"Migrate display/view identity to formal fields, then retire alias by controlled upgrade."
sc.subcontract.register,p1_visible_a22ecb7fab2f,未付款金额,DISPLAY_SEARCH_EXPORT_COMPATIBILITY,unpaid_amount,true,true,false,false,false,HIGH_GLOBAL_DEFINITION,"Migrate display/view identity to formal fields, then retire alias by controlled upgrade."
sc.subcontract.register,p1_visible_c2bdcf08e8a5,总数量,DISPLAY_SEARCH_EXPORT_COMPATIBILITY,quantity_total,true,true,false,false,false,HIGH_GLOBAL_DEFINITION,"Migrate display/view identity to formal fields, then retire alias by controlled upgrade."
sc.subcontract.register,p1_visible_c88947435308,签订时间,DISPLAY_SEARCH_EXPORT_COMPATIBILITY,sign_date,true,true,false,false,false,HIGH_GLOBAL_DEFINITION,"Migrate display/view identity to formal fields, then retire alias by controlled upgrade."
sc.subcontract.register,p1_visible_d3ebd50d724b,已付款金额,DISPLAY_SEARCH_EXPORT_COMPATIBILITY,paid_amount,true,true,false,false,false,HIGH_GLOBAL_DEFINITION,"Migrate display/view identity to formal fields, then retire alias by controlled upgrade."
sc.subcontract.register,p1_visible_dfc25d77dc39,录入时间,DISPLAY_SEARCH_EXPORT_COMPATIBILITY,register_date;source_created_at,true,true,false,false,false,HIGH_GLOBAL_DEFINITION,"Migrate display/view identity to formal fields, then retire alias by controlled upgrade."
sc.subcontract.register,p1_visible_e0361480e3a5,备注,DISPLAY_SEARCH_EXPORT_COMPATIBILITY,note,true,true,false,false,false,HIGH_GLOBAL_DEFINITION,"Migrate display/view identity to formal fields, then retire alias by controlled upgrade."
sc.subcontract.register,p1_visible_ee6a4d9e2956,录入人,DISPLAY_SEARCH_EXPORT_COMPATIBILITY,responsible_id;source_created_by,true,true,false,false,false,HIGH_GLOBAL_DEFINITION,"Migrate display/view identity to formal fields, then retire alias by controlled upgrade."
sc.subcontract.request,p1_visible_06fa8c6f628f,单据状态,DISPLAY_SEARCH_EXPORT_COMPATIBILITY,state,true,true,false,false,false,HIGH_GLOBAL_DEFINITION,"Migrate display/view identity to formal fields, then retire alias by controlled upgrade."
sc.subcontract.request,p1_visible_0b370511a765,单价,DISPLAY_SEARCH_EXPORT_COMPATIBILITY,price_unit,true,true,false,false,false,HIGH_GLOBAL_DEFINITION,"Migrate display/view identity to formal fields, then retire alias by controlled upgrade."
sc.subcontract.request,p1_visible_34943c40c9af,金额,DISPLAY_SEARCH_EXPORT_COMPATIBILITY,amount_total,true,true,false,false,false,HIGH_GLOBAL_DEFINITION,"Migrate display/view identity to formal fields, then retire alias by controlled upgrade."
sc.subcontract.request,p1_visible_3e7255522b33,项目名称,DISPLAY_SEARCH_EXPORT_COMPATIBILITY,project_id,true,true,false,false,false,HIGH_GLOBAL_DEFINITION,"Migrate display/view identity to formal fields, then retire alias by controlled upgrade."
sc.subcontract.request,p1_visible_6b40af3eee21,分包内容,DISPLAY_SEARCH_EXPORT_COMPATIBILITY,subcontract_scope;note,true,true,false,false,false,HIGH_GLOBAL_DEFINITION,"Migrate display/view identity to formal fields, then retire alias by controlled upgrade."
sc.subcontract.request,p1_visible_748d7dc7e321,标题,DISPLAY_SEARCH_EXPORT_COMPATIBILITY,name,true,true,false,false,false,HIGH_GLOBAL_DEFINITION,"Migrate display/view identity to formal fields, then retire alias by controlled upgrade."
sc.subcontract.request,p1_visible_8fa8662ad38f,单据编号,DISPLAY_SEARCH_EXPORT_COMPATIBILITY,name,true,true,false,false,false,HIGH_GLOBAL_DEFINITION,"Migrate display/view identity to formal fields, then retire alias by controlled upgrade."
sc.subcontract.request,p1_visible_99f6fe6c41ad,附件,DISPLAY_SEARCH_EXPORT_COMPATIBILITY,attachment_ids;message_attachment_count,true,true,false,false,false,HIGH_GLOBAL_DEFINITION,"Migrate display/view identity to formal fields, then retire alias by controlled upgrade."
sc.subcontract.request,p1_visible_ac666c1a3967,本月合价,DISPLAY_SEARCH_EXPORT_COMPATIBILITY,monthly_amount_total;amount_total,true,true,false,false,false,HIGH_GLOBAL_DEFINITION,"Migrate display/view identity to formal fields, then retire alias by controlled upgrade."
sc.subcontract.request,p1_visible_b9ae89319036,数量,DISPLAY_SEARCH_EXPORT_COMPATIBILITY,quantity_total,true,true,false,false,false,HIGH_GLOBAL_DEFINITION,"Migrate display/view identity to formal fields, then retire alias by controlled upgrade."
sc.subcontract.request,p1_visible_c2183068c097,分包商,DISPLAY_SEARCH_EXPORT_COMPATIBILITY,suggested_subcontractor_id,true,true,false,false,false,HIGH_GLOBAL_DEFINITION,"Migrate display/view identity to formal fields, then retire alias by controlled upgrade."
sc.subcontract.request,p1_visible_cd47577e8847,分包类型,DISPLAY_SEARCH_EXPORT_COMPATIBILITY,subcontract_type_text,true,true,false,false,false,HIGH_GLOBAL_DEFINITION,"Migrate display/view identity to formal fields, then retire alias by controlled upgrade."
sc.subcontract.request,p1_visible_dfc25d77dc39,录入时间,DISPLAY_SEARCH_EXPORT_COMPATIBILITY,source_created_at,true,true,false,false,false,HIGH_GLOBAL_DEFINITION,"Migrate display/view identity to formal fields, then retire alias by controlled upgrade."
sc.subcontract.request,p1_visible_e0361480e3a5,备注,DISPLAY_SEARCH_EXPORT_COMPATIBILITY,note;request_reason,true,true,false,false,false,HIGH_GLOBAL_DEFINITION,"Migrate display/view identity to formal fields, then retire alias by controlled upgrade."
sc.subcontract.request,p1_visible_ee6a4d9e2956,录入人,DISPLAY_SEARCH_EXPORT_COMPATIBILITY,source_created_by,true,true,false,false,false,HIGH_GLOBAL_DEFINITION,"Migrate display/view identity to formal fields, then retire alias by controlled upgrade."
sc.subcontract.settlement,p1_visible_17b341733b7b,合同编号,DISPLAY_SEARCH_EXPORT_COMPATIBILITY,contract_id;name,true,true,false,false,false,HIGH_GLOBAL_DEFINITION,"Migrate display/view identity to formal fields, then retire alias by controlled upgrade."
sc.subcontract.settlement,p1_visible_2e2adb177c13,终止结算日期,DISPLAY_SEARCH_EXPORT_COMPATIBILITY,settlement_date,true,true,false,false,false,HIGH_GLOBAL_DEFINITION,"Migrate display/view identity to formal fields, then retire alias by controlled upgrade."
sc.subcontract.settlement,p1_visible_3684e69e670b,起始结算日期,DISPLAY_SEARCH_EXPORT_COMPATIBILITY,settlement_date,true,true,false,false,false,HIGH_GLOBAL_DEFINITION,"Migrate display/view identity to formal fields, then retire alias by controlled upgrade."
sc.subcontract.settlement,p1_visible_36cae65ab40a,结算单位,DISPLAY_SEARCH_EXPORT_COMPATIBILITY,subcontractor_id,true,true,false,false,false,HIGH_GLOBAL_DEFINITION,"Migrate display/view identity to formal fields, then retire alias by controlled upgrade."
sc.subcontract.settlement,p1_visible_3e7255522b33,项目名称,DISPLAY_SEARCH_EXPORT_COMPATIBILITY,project_id,true,true,false,false,false,HIGH_GLOBAL_DEFINITION,"Migrate display/view identity to formal fields, then retire alias by controlled upgrade."
sc.subcontract.settlement,p1_visible_72cf58c14fc0,已申请金额,DISPLAY_SEARCH_EXPORT_COMPATIBILITY,payment_requested_amount,true,true,false,false,false,HIGH_GLOBAL_DEFINITION,"Migrate display/view identity to formal fields, then retire alias by controlled upgrade."
sc.subcontract.settlement,p1_visible_748d7dc7e321,标题,DISPLAY_SEARCH_EXPORT_COMPATIBILITY,name,true,true,false,false,false,HIGH_GLOBAL_DEFINITION,"Migrate display/view identity to formal fields, then retire alias by controlled upgrade."
sc.subcontract.settlement,p1_visible_816dc9f7b786,结算说明,DISPLAY_SEARCH_EXPORT_COMPATIBILITY,note,true,true,false,false,false,HIGH_GLOBAL_DEFINITION,"Migrate display/view identity to formal fields, then retire alias by controlled upgrade."
sc.subcontract.settlement,p1_visible_825a06905b09,未申请金额,DISPLAY_SEARCH_EXPORT_COMPATIBILITY,payment_unrequested_amount,true,true,false,false,false,HIGH_GLOBAL_DEFINITION,"Migrate display/view identity to formal fields, then retire alias by controlled upgrade."
sc.subcontract.settlement,p1_visible_8fa8662ad38f,单据编号,DISPLAY_SEARCH_EXPORT_COMPATIBILITY,name,true,true,false,false,false,HIGH_GLOBAL_DEFINITION,"Migrate display/view identity to formal fields, then retire alias by controlled upgrade."
sc.subcontract.settlement,p1_visible_99f6fe6c41ad,附件,DISPLAY_SEARCH_EXPORT_COMPATIBILITY,message_attachment_count,true,true,false,false,false,HIGH_GLOBAL_DEFINITION,"Migrate display/view identity to formal fields, then retire alias by controlled upgrade."
sc.subcontract.settlement,p1_visible_a22ecb7fab2f,未付款金额,DISPLAY_SEARCH_EXPORT_COMPATIBILITY,payment_unpaid_amount,true,true,false,false,false,HIGH_GLOBAL_DEFINITION,"Migrate display/view identity to formal fields, then retire alias by controlled upgrade."
sc.subcontract.settlement,p1_visible_b6959bb111d9,付款状态,DISPLAY_SEARCH_EXPORT_COMPATIBILITY,state,true,true,false,false,false,HIGH_GLOBAL_DEFINITION,"Migrate display/view identity to formal fields, then retire alias by controlled upgrade."
sc.subcontract.settlement,p1_visible_d3ebd50d724b,已付款金额,DISPLAY_SEARCH_EXPORT_COMPATIBILITY,payment_paid_amount,true,true,false,false,false,HIGH_GLOBAL_DEFINITION,"Migrate display/view identity to formal fields, then retire alias by controlled upgrade."
sc.subcontract.settlement,p1_visible_dfc25d77dc39,录入时间,DISPLAY_SEARCH_EXPORT_COMPATIBILITY,settlement_date;source_created_at,true,true,false,false,false,HIGH_GLOBAL_DEFINITION,"Migrate display/view identity to formal fields, then retire alias by controlled upgrade."
sc.subcontract.settlement,p1_visible_ec15903ded76,支付申请状态,DISPLAY_SEARCH_EXPORT_COMPATIBILITY,state,true,true,false,false,false,HIGH_GLOBAL_DEFINITION,"Migrate display/view identity to formal fields, then retire alias by controlled upgrade."
sc.subcontract.settlement,p1_visible_ee6a4d9e2956,录入人,DISPLAY_SEARCH_EXPORT_COMPATIBILITY,source_created_by;owner_id,true,true,false,false,false,HIGH_GLOBAL_DEFINITION,"Migrate display/view identity to formal fields, then retire alias by controlled upgrade."
sc.tax.deduction.registration,p1_visible_007363f27191,不含税金额,DISPLAY_SEARCH_EXPORT_COMPATIBILITY,invoice_amount_untaxed,true,true,false,false,false,HIGH_GLOBAL_DEFINITION,"Migrate display/view identity to formal fields, then retire alias by controlled upgrade."
sc.tax.deduction.registration,p1_visible_06fa8c6f628f,单据状态,DISPLAY_SEARCH_EXPORT_COMPATIBILITY,state,true,true,false,false,false,HIGH_GLOBAL_DEFINITION,"Migrate display/view identity to formal fields, then retire alias by controlled upgrade."
sc.tax.deduction.registration,p1_visible_16e91e3d2738,扣款事由,DISPLAY_SEARCH_EXPORT_COMPATIBILITY,deduction_reason;note,true,true,false,false,false,HIGH_GLOBAL_DEFINITION,"Migrate display/view identity to formal fields, then retire alias by controlled upgrade."
sc.tax.deduction.registration,p1_visible_1da8ed2551df,是否退回,DISPLAY_SEARCH_EXPORT_COMPATIBILITY,state,true,true,false,false,false,HIGH_GLOBAL_DEFINITION,"Migrate display/view identity to formal fields, then retire alias by controlled upgrade."
sc.tax.deduction.registration,p1_visible_1e62803e196c,单据日期,DISPLAY_SEARCH_EXPORT_COMPATIBILITY,document_date,true,true,false,false,false,HIGH_GLOBAL_DEFINITION,"Migrate display/view identity to formal fields, then retire alias by controlled upgrade."
sc.tax.deduction.registration,p1_visible_34943c40c9af,金额,DISPLAY_SEARCH_EXPORT_COMPATIBILITY,invoice_amount_total,true,true,false,false,false,HIGH_GLOBAL_DEFINITION,"Migrate display/view identity to formal fields, then retire alias by controlled upgrade."
sc.tax.deduction.registration,p1_visible_3540b47897be,是否转出,DISPLAY_SEARCH_EXPORT_COMPATIBILITY,is_transfer_out;state,true,true,false,false,false,HIGH_GLOBAL_DEFINITION,"Migrate display/view identity to formal fields, then retire alias by controlled upgrade."
sc.tax.deduction.registration,p1_visible_37d56ad493cf,税率,DISPLAY_SEARCH_EXPORT_COMPATIBILITY,tax_rate_text,true,true,false,false,false,HIGH_GLOBAL_DEFINITION,"Migrate display/view identity to formal fields, then retire alias by controlled upgrade."
sc.tax.deduction.registration,p1_visible_3ade9df90bf8,本次退回数,DISPLAY_SEARCH_EXPORT_COMPATIBILITY,deduction_amount,true,true,false,false,false,HIGH_GLOBAL_DEFINITION,"Migrate display/view identity to formal fields, then retire alias by controlled upgrade."
sc.tax.deduction.registration,p1_visible_3d0afdf3736d,发票类型,UNRESOLVED_DISPLAY_COMPATIBILITY,,true,true,false,false,false,CRITICAL_UNRESOLVED_FORMAL_SOURCE,"Obtain business decision; do not infer a target, sort, aggregate or migrate automatically."
sc.tax.deduction.registration,p1_visible_3e7255522b33,项目名称,DISPLAY_SEARCH_EXPORT_COMPATIBILITY,project_id,true,true,false,false,false,HIGH_GLOBAL_DEFINITION,"Migrate display/view identity to formal fields, then retire alias by controlled upgrade."
sc.tax.deduction.registration,p1_visible_61b3896f8414,交税类型,DISPLAY_SEARCH_EXPORT_COMPATIBILITY,operation_strategy,true,true,false,false,false,HIGH_GLOBAL_DEFINITION,"Migrate display/view identity to formal fields, then retire alias by controlled upgrade."
sc.tax.deduction.registration,p1_visible_62319711f425,预缴税款日期,DISPLAY_SEARCH_EXPORT_COMPATIBILITY,document_date,true,true,false,false,false,HIGH_GLOBAL_DEFINITION,"Migrate display/view identity to formal fields, then retire alias by controlled upgrade."
sc.tax.deduction.registration,p1_visible_62e5cf441092,本次实缴数,DISPLAY_SEARCH_EXPORT_COMPATIBILITY,deduction_amount,true,true,false,false,false,HIGH_GLOBAL_DEFINITION,"Migrate display/view identity to formal fields, then retire alias by controlled upgrade."
sc.tax.deduction.registration,p1_visible_62e951a692ff,状态,DISPLAY_SEARCH_EXPORT_COMPATIBILITY,state,true,true,false,false,false,HIGH_GLOBAL_DEFINITION,"Migrate display/view identity to formal fields, then retire alias by controlled upgrade."
sc.tax.deduction.registration,p1_visible_6514c1bee4d7,完税凭证号码,DISPLAY_SEARCH_EXPORT_COMPATIBILITY,invoice_no,true,true,false,false,false,HIGH_GLOBAL_DEFINITION,"Migrate display/view identity to formal fields, then retire alias by controlled upgrade."
sc.tax.deduction.registration,p1_visible_6bb76c93367b,受票单位,DISPLAY_SEARCH_EXPORT_COMPATIBILITY,partner_id,true,true,false,false,false,HIGH_GLOBAL_DEFINITION,"Migrate display/view identity to formal fields, then retire alias by controlled upgrade."
sc.tax.deduction.registration,p1_visible_748d7dc7e321,标题,DISPLAY_SEARCH_EXPORT_COMPATIBILITY,name,true,true,false,false,false,HIGH_GLOBAL_DEFINITION,"Migrate display/view identity to formal fields, then retire alias by controlled upgrade."
sc.tax.deduction.registration,p1_visible_8acf4918f1f1,抵扣税额,DISPLAY_SEARCH_EXPORT_COMPATIBILITY,deduction_tax_amount,true,true,false,false,false,HIGH_GLOBAL_DEFINITION,"Migrate display/view identity to formal fields, then retire alias by controlled upgrade."
sc.tax.deduction.registration,p1_visible_8fa8662ad38f,单据编号,DISPLAY_SEARCH_EXPORT_COMPATIBILITY,document_no;name,true,true,false,false,false,HIGH_GLOBAL_DEFINITION,"Migrate display/view identity to formal fields, then retire alias by controlled upgrade."
sc.tax.deduction.registration,p1_visible_99f6fe6c41ad,附件,DISPLAY_SEARCH_EXPORT_COMPATIBILITY,attachment_ids;message_attachment_count,true,true,false,false,false,HIGH_GLOBAL_DEFINITION,"Migrate display/view identity to formal fields, then retire alias by controlled upgrade."
sc.tax.deduction.registration,p1_visible_99f753ed6262,税额,DISPLAY_SEARCH_EXPORT_COMPATIBILITY,invoice_tax_amount,true,true,false,false,false,HIGH_GLOBAL_DEFINITION,"Migrate display/view identity to formal fields, then retire alias by controlled upgrade."
sc.tax.deduction.registration,p1_visible_9b5c1b5cbd69,扣款金额,DISPLAY_SEARCH_EXPORT_COMPATIBILITY,withholding_amount;deduction_amount,true,true,false,false,false,HIGH_GLOBAL_DEFINITION,"Migrate display/view identity to formal fields, then retire alias by controlled upgrade."
sc.tax.deduction.registration,p1_visible_a3c1a28bd34c,发票开具日期,DISPLAY_SEARCH_EXPORT_COMPATIBILITY,invoice_date;document_date,true,true,false,false,false,HIGH_GLOBAL_DEFINITION,"Migrate display/view identity to formal fields, then retire alias by controlled upgrade."
sc.tax.deduction.registration,p1_visible_ada9a85eab00,发票号,DISPLAY_SEARCH_EXPORT_COMPATIBILITY,invoice_no,true,true,false,false,false,HIGH_GLOBAL_DEFINITION,"Migrate display/view identity to formal fields, then retire alias by controlled upgrade."
sc.tax.deduction.registration,p1_visible_b0bff5c45de7,本次计划已缴数,DISPLAY_SEARCH_EXPORT_COMPATIBILITY,deduction_amount,true,true,false,false,false,HIGH_GLOBAL_DEFINITION,"Migrate display/view identity to formal fields, then retire alias by controlled upgrade."
sc.tax.deduction.registration,p1_visible_b9ae89319036,数量,UNRESOLVED_DISPLAY_COMPATIBILITY,,true,true,false,false,false,CRITICAL_UNRESOLVED_FORMAL_SOURCE,"Obtain business decision; do not infer a target, sort, aggregate or migrate automatically."
sc.tax.deduction.registration,p1_visible_be5462bd6a62,开票单位,DISPLAY_SEARCH_EXPORT_COMPATIBILITY,partner_name;partner_id;company_id,true,true,false,false,false,HIGH_GLOBAL_DEFINITION,"Migrate display/view identity to formal fields, then retire alias by controlled upgrade."
sc.tax.deduction.registration,p1_visible_d09b05103331,价税合计,DISPLAY_SEARCH_EXPORT_COMPATIBILITY,invoice_amount_total,true,true,false,false,false,HIGH_GLOBAL_DEFINITION,"Migrate display/view identity to formal fields, then retire alias by controlled upgrade."
sc.tax.deduction.registration,p1_visible_dbbcd74271cd,上缴内容,DISPLAY_SEARCH_EXPORT_COMPATIBILITY,note,true,true,false,false,false,HIGH_GLOBAL_DEFINITION,"Migrate display/view identity to formal fields, then retire alias by controlled upgrade."
sc.tax.deduction.registration,p1_visible_dfc25d77dc39,录入时间,DISPLAY_SEARCH_EXPORT_COMPATIBILITY,created_time;source_created_at,true,true,false,false,false,HIGH_GLOBAL_DEFINITION,"Migrate display/view identity to formal fields, then retire alias by controlled upgrade."
sc.tax.deduction.registration,p1_visible_e0361480e3a5,备注,DISPLAY_SEARCH_EXPORT_COMPATIBILITY,note,true,true,false,false,false,HIGH_GLOBAL_DEFINITION,"Migrate display/view identity to formal fields, then retire alias by controlled upgrade."
sc.tax.deduction.registration,p1_visible_ea75d3bba41c,扣款单位,DISPLAY_SEARCH_EXPORT_COMPATIBILITY,deduction_unit_name;partner_name;partner_id,true,true,false,false,false,HIGH_GLOBAL_DEFINITION,"Migrate display/view identity to formal fields, then retire alias by controlled upgrade."
sc.tax.deduction.registration,p1_visible_eaa05c7105f7,抵扣附加税,DISPLAY_SEARCH_EXPORT_COMPATIBILITY,deduction_surcharge_amount,true,true,false,false,false,HIGH_GLOBAL_DEFINITION,"Migrate display/view identity to formal fields, then retire alias by controlled upgrade."
sc.tax.deduction.registration,p1_visible_ed582efc6e34,发票号码,DISPLAY_SEARCH_EXPORT_COMPATIBILITY,invoice_no,true,true,false,false,false,HIGH_GLOBAL_DEFINITION,"Migrate display/view identity to formal fields, then retire alias by controlled upgrade."
sc.tax.deduction.registration,p1_visible_ee19dd75350c,抵扣总额,DISPLAY_SEARCH_EXPORT_COMPATIBILITY,deduction_amount;invoice_amount_total,true,true,false,false,false,HIGH_GLOBAL_DEFINITION,"Migrate display/view identity to formal fields, then retire alias by controlled upgrade."
sc.tax.deduction.registration,p1_visible_ee6a4d9e2956,录入人,DISPLAY_SEARCH_EXPORT_COMPATIBILITY,creator_name;source_created_by,true,true,false,false,false,HIGH_GLOBAL_DEFINITION,"Migrate display/view identity to formal fields, then retire alias by controlled upgrade."
sc.tax.deduction.registration,p1_visible_f286b41bd7f0,实际开票单位,DISPLAY_SEARCH_EXPORT_COMPATIBILITY,partner_id,true,true,false,false,false,HIGH_GLOBAL_DEFINITION,"Migrate display/view identity to formal fields, then retire alias by controlled upgrade."
sc.tax.deduction.registration,p1_visible_f9cc22d53aff,受票方名称,DISPLAY_SEARCH_EXPORT_COMPATIBILITY,partner_id,true,true,false,false,false,HIGH_GLOBAL_DEFINITION,"Migrate display/view identity to formal fields, then retire alias by controlled upgrade."
tender.bid,p1_visible_06fa8c6f628f,单据状态,DISPLAY_SEARCH_EXPORT_COMPATIBILITY,tender_bid_status_display;state,true,true,false,false,false,HIGH_GLOBAL_DEFINITION,"Migrate display/view identity to formal fields, then retire alias by controlled upgrade."
tender.bid,p1_visible_2c346345746e,申请日期,DISPLAY_SEARCH_EXPORT_COMPATIBILITY,apply_date;create_date,true,true,false,false,false,HIGH_GLOBAL_DEFINITION,"Migrate display/view identity to formal fields, then retire alias by controlled upgrade."
tender.bid,p1_visible_34943c40c9af,金额,DISPLAY_SEARCH_EXPORT_COMPATIBILITY,bid_amount;amount_total,true,true,false,false,false,HIGH_GLOBAL_DEFINITION,"Migrate display/view identity to formal fields, then retire alias by controlled upgrade."
tender.bid,p1_visible_3e5fd432c9df,收款账号,UNRESOLVED_DISPLAY_COMPATIBILITY,,true,true,false,false,false,CRITICAL_UNRESOLVED_FORMAL_SOURCE,"Obtain business decision; do not infer a target, sort, aggregate or migrate automatically."
tender.bid,p1_visible_3e7255522b33,项目名称,DISPLAY_SEARCH_EXPORT_COMPATIBILITY,tender_bid_project_name;project_id,true,true,false,false,false,HIGH_GLOBAL_DEFINITION,"Migrate display/view identity to formal fields, then retire alias by controlled upgrade."
tender.bid,p1_visible_3f2c92346bec,登记时间,DISPLAY_SEARCH_EXPORT_COMPATIBILITY,tender_bid_registration_time;created_time;source_created_at;create_date,true,true,false,false,false,HIGH_GLOBAL_DEFINITION,"Migrate display/view identity to formal fields, then retire alias by controlled upgrade."
tender.bid,p1_visible_48a64eb40c71,开户行,UNRESOLVED_DISPLAY_COMPATIBILITY,,true,true,false,false,false,CRITICAL_UNRESOLVED_FORMAL_SOURCE,"Obtain business decision; do not infer a target, sort, aggregate or migrate automatically."
tender.bid,p1_visible_7ebedce2d014,开标时间,DISPLAY_SEARCH_EXPORT_COMPATIBILITY,open_date,true,true,false,false,false,HIGH_GLOBAL_DEFINITION,"Migrate display/view identity to formal fields, then retire alias by controlled upgrade."
tender.bid,p1_visible_880ab989a872,申请人,DISPLAY_SEARCH_EXPORT_COMPATIBILITY,applicant_name;source_created_by,true,true,false,false,false,HIGH_GLOBAL_DEFINITION,"Migrate display/view identity to formal fields, then retire alias by controlled upgrade."
tender.bid,p1_visible_8fa8662ad38f,单据编号,DISPLAY_SEARCH_EXPORT_COMPATIBILITY,tender_bid_document_no;name,true,true,false,false,false,HIGH_GLOBAL_DEFINITION,"Migrate display/view identity to formal fields, then retire alias by controlled upgrade."
tender.bid,p1_visible_99f6fe6c41ad,附件,DISPLAY_SEARCH_EXPORT_COMPATIBILITY,tech_attachment_ids;biz_attachment_ids;message_attachment_count,true,true,false,false,false,HIGH_GLOBAL_DEFINITION,"Migrate display/view identity to formal fields, then retire alias by controlled upgrade."
tender.bid,p1_visible_bb7c7aeff3e4,收款人,UNRESOLVED_DISPLAY_COMPATIBILITY,,true,true,false,false,false,CRITICAL_UNRESOLVED_FORMAL_SOURCE,"Obtain business decision; do not infer a target, sort, aggregate or migrate automatically."
tender.bid,p1_visible_c6b9a8cfdb21,付款方式,UNRESOLVED_DISPLAY_COMPATIBILITY,,true,true,false,false,false,CRITICAL_UNRESOLVED_FORMAL_SOURCE,"Obtain business decision; do not infer a target, sort, aggregate or migrate automatically."
tender.bid,p1_visible_dfc25d77dc39,录入时间,DISPLAY_SEARCH_EXPORT_COMPATIBILITY,created_time;source_created_at,true,true,false,false,false,HIGH_GLOBAL_DEFINITION,"Migrate display/view identity to formal fields, then retire alias by controlled upgrade."
tender.bid,p1_visible_e0361480e3a5,备注,DISPLAY_SEARCH_EXPORT_COMPATIBILITY,note,true,true,false,false,false,HIGH_GLOBAL_DEFINITION,"Migrate display/view identity to formal fields, then retire alias by controlled upgrade."
tender.bid,p1_visible_ee6a4d9e2956,录入人,DISPLAY_SEARCH_EXPORT_COMPATIBILITY,tender_bid_source_created_by;applicant_name;source_created_by;owner_id,true,true,false,false,false,HIGH_GLOBAL_DEFINITION,"Migrate display/view identity to formal fields, then retire alias by controlled upgrade."
tender.bid,p1_visible_f22832ce4781,推送结果,DISPLAY_SEARCH_EXPORT_COMPATIBILITY,tender_bid_push_result;state,true,true,false,false,false,HIGH_GLOBAL_DEFINITION,"Migrate display/view identity to formal fields, then retire alias by controlled upgrade."
tender.doc.purchase,p1_visible_06fa8c6f628f,单据状态,DISPLAY_SEARCH_EXPORT_COMPATIBILITY,state,true,true,false,false,false,HIGH_GLOBAL_DEFINITION,"Migrate display/view identity to formal fields, then retire alias by controlled upgrade."
tender.doc.purchase,p1_visible_2c346345746e,申请日期,DISPLAY_SEARCH_EXPORT_COMPATIBILITY,apply_date;create_date,true,true,false,false,false,HIGH_GLOBAL_DEFINITION,"Migrate display/view identity to formal fields, then retire alias by controlled upgrade."
tender.doc.purchase,p1_visible_34943c40c9af,金额,DISPLAY_SEARCH_EXPORT_COMPATIBILITY,amount,true,true,false,false,false,HIGH_GLOBAL_DEFINITION,"Migrate display/view identity to formal fields, then retire alias by controlled upgrade."
tender.doc.purchase,p1_visible_3e5fd432c9df,收款账号,DISPLAY_SEARCH_EXPORT_COMPATIBILITY,receipt_bank_account,true,true,false,false,false,HIGH_GLOBAL_DEFINITION,"Migrate display/view identity to formal fields, then retire alias by controlled upgrade."
tender.doc.purchase,p1_visible_3e7255522b33,项目名称,DISPLAY_SEARCH_EXPORT_COMPATIBILITY,project_id,true,true,false,false,false,HIGH_GLOBAL_DEFINITION,"Migrate display/view identity to formal fields, then retire alias by controlled upgrade."
tender.doc.purchase,p1_visible_48a64eb40c71,开户行,DISPLAY_SEARCH_EXPORT_COMPATIBILITY,receipt_bank_name,true,true,false,false,false,HIGH_GLOBAL_DEFINITION,"Migrate display/view identity to formal fields, then retire alias by controlled upgrade."
tender.doc.purchase,p1_visible_880ab989a872,申请人,DISPLAY_SEARCH_EXPORT_COMPATIBILITY,applicant_id,true,true,false,false,false,HIGH_GLOBAL_DEFINITION,"Migrate display/view identity to formal fields, then retire alias by controlled upgrade."
tender.doc.purchase,p1_visible_8fa8662ad38f,单据编号,DISPLAY_SEARCH_EXPORT_COMPATIBILITY,invoice_no,true,true,false,false,false,HIGH_GLOBAL_DEFINITION,"Migrate display/view identity to formal fields, then retire alias by controlled upgrade."
tender.doc.purchase,p1_visible_99f6fe6c41ad,附件,DISPLAY_SEARCH_EXPORT_COMPATIBILITY,attachment_ids;message_attachment_count,true,true,false,false,false,HIGH_GLOBAL_DEFINITION,"Migrate display/view identity to formal fields, then retire alias by controlled upgrade."
tender.doc.purchase,p1_visible_bb7c7aeff3e4,收款人,DISPLAY_SEARCH_EXPORT_COMPATIBILITY,receipt_payee_name;receipt_partner_name,true,true,false,false,false,HIGH_GLOBAL_DEFINITION,"Migrate display/view identity to formal fields, then retire alias by controlled upgrade."
tender.doc.purchase,p1_visible_c6b9a8cfdb21,付款方式,DISPLAY_SEARCH_EXPORT_COMPATIBILITY,payment_method,true,true,false,false,false,HIGH_GLOBAL_DEFINITION,"Migrate display/view identity to formal fields, then retire alias by controlled upgrade."
tender.doc.purchase,p1_visible_dfc25d77dc39,录入时间,DISPLAY_SEARCH_EXPORT_COMPATIBILITY,apply_date,true,true,false,false,false,HIGH_GLOBAL_DEFINITION,"Migrate display/view identity to formal fields, then retire alias by controlled upgrade."
tender.doc.purchase,p1_visible_e0361480e3a5,备注,DISPLAY_SEARCH_EXPORT_COMPATIBILITY,remark,true,true,false,false,false,HIGH_GLOBAL_DEFINITION,"Migrate display/view identity to formal fields, then retire alias by controlled upgrade."
tender.doc.purchase,p1_visible_ee6a4d9e2956,录入人,DISPLAY_SEARCH_EXPORT_COMPATIBILITY,applicant_id,true,true,false,false,false,HIGH_GLOBAL_DEFINITION,"Migrate display/view identity to formal fields, then retire alias by controlled upgrade."
tender.guarantee,p1_visible_1484fc99a1d3,支付账户,DISPLAY_SEARCH_EXPORT_COMPATIBILITY,deposit_payment_account;bank_account_id,true,true,false,false,false,HIGH_GLOBAL_DEFINITION,"Migrate display/view identity to formal fields, then retire alias by controlled upgrade."
tender.guarantee,p1_visible_1932637f45ee,收款账户名称,DISPLAY_SEARCH_EXPORT_COMPATIBILITY,deposit_receipt_account_name,true,true,false,false,false,HIGH_GLOBAL_DEFINITION,"Migrate display/view identity to formal fields, then retire alias by controlled upgrade."
tender.guarantee,p1_visible_1ccf3b6408df,收款开户行,DISPLAY_SEARCH_EXPORT_COMPATIBILITY,deposit_receipt_bank_name,true,true,false,false,false,HIGH_GLOBAL_DEFINITION,"Migrate display/view identity to formal fields, then retire alias by controlled upgrade."
tender.guarantee,p1_visible_2559d3f7672e,所属公司,DISPLAY_SEARCH_EXPORT_COMPATIBILITY,deposit_company_name,true,true,false,false,false,HIGH_GLOBAL_DEFINITION,"Migrate display/view identity to formal fields, then retire alias by controlled upgrade."
tender.guarantee,p1_visible_2f40d268a798,是否需要退回,DISPLAY_SEARCH_EXPORT_COMPATIBILITY,deposit_need_return_text,true,true,false,false,false,HIGH_GLOBAL_DEFINITION,"Migrate display/view identity to formal fields, then retire alias by controlled upgrade."
tender.guarantee,p1_visible_34943c40c9af,金额,DISPLAY_SEARCH_EXPORT_COMPATIBILITY,deposit_amount_display;amount,true,true,false,false,false,HIGH_GLOBAL_DEFINITION,"Migrate display/view identity to formal fields, then retire alias by controlled upgrade."
tender.guarantee,p1_visible_3e5fd432c9df,收款账号,DISPLAY_SEARCH_EXPORT_COMPATIBILITY,bank_account_id,true,true,false,false,false,HIGH_GLOBAL_DEFINITION,"Migrate display/view identity to formal fields, then retire alias by controlled upgrade."
tender.guarantee,p1_visible_3e7255522b33,项目名称,DISPLAY_SEARCH_EXPORT_COMPATIBILITY,deposit_engineering_project_name;project_id,true,true,false,false,false,HIGH_GLOBAL_DEFINITION,"Migrate display/view identity to formal fields, then retire alias by controlled upgrade."
tender.guarantee,p1_visible_488cfebeaf9d,收保证金单号,DISPLAY_SEARCH_EXPORT_COMPATIBILITY,deposit_document_no,true,true,false,false,false,HIGH_GLOBAL_DEFINITION,"Migrate display/view identity to formal fields, then retire alias by controlled upgrade."
tender.guarantee,p1_visible_49a5d541678c,收款账户,DISPLAY_SEARCH_EXPORT_COMPATIBILITY,receipt_bank_account_id,true,true,false,false,false,HIGH_GLOBAL_DEFINITION,"Migrate display/view identity to formal fields, then retire alias by controlled upgrade."
tender.guarantee,p1_visible_62e951a692ff,状态,DISPLAY_SEARCH_EXPORT_COMPATIBILITY,deposit_status_display;state,true,true,false,false,false,HIGH_GLOBAL_DEFINITION,"Migrate display/view identity to formal fields, then retire alias by controlled upgrade."
tender.guarantee,p1_visible_667eee716adf,投标项目,DISPLAY_SEARCH_EXPORT_COMPATIBILITY,deposit_bid_project_name;project_id,true,true,false,false,false,HIGH_GLOBAL_DEFINITION,"Migrate display/view identity to formal fields, then retire alias by controlled upgrade."
tender.guarantee,p1_visible_6b05c4e240c0,退回金额,DISPLAY_SEARCH_EXPORT_COMPATIBILITY,amount,true,true,false,false,false,HIGH_GLOBAL_DEFINITION,"Migrate display/view identity to formal fields, then retire alias by controlled upgrade."
tender.guarantee,p1_visible_6eceee6e57dd,保证金金额,DISPLAY_SEARCH_EXPORT_COMPATIBILITY,deposit_amount_display;amount,true,true,false,false,false,HIGH_GLOBAL_DEFINITION,"Migrate display/view identity to formal fields, then retire alias by controlled upgrade."
tender.guarantee,p1_visible_6ef508189cc0,退还开户行,DISPLAY_SEARCH_EXPORT_COMPATIBILITY,deposit_refund_bank_name,true,true,false,false,false,HIGH_GLOBAL_DEFINITION,"Migrate display/view identity to formal fields, then retire alias by controlled upgrade."
tender.guarantee,p1_visible_7f5da566c14e,金蝶单据编号,DISPLAY_SEARCH_EXPORT_COMPATIBILITY,deposit_kingdee_document_no,true,true,false,false,false,HIGH_GLOBAL_DEFINITION,"Migrate display/view identity to formal fields, then retire alias by controlled upgrade."
tender.guarantee,p1_visible_87fa6ef6554a,汇款方式,DISPLAY_SEARCH_EXPORT_COMPATIBILITY,deposit_remittance_method,true,true,false,false,false,HIGH_GLOBAL_DEFINITION,"Migrate display/view identity to formal fields, then retire alias by controlled upgrade."
tender.guarantee,p1_visible_8ec8c8c712be,单位,DISPLAY_SEARCH_EXPORT_COMPATIBILITY,deposit_unit_name,true,true,false,false,false,HIGH_GLOBAL_DEFINITION,"Migrate display/view identity to formal fields, then retire alias by controlled upgrade."
tender.guarantee,p1_visible_8fa8662ad38f,单据编号,DISPLAY_SEARCH_EXPORT_COMPATIBILITY,deposit_document_no,true,true,false,false,false,HIGH_GLOBAL_DEFINITION,"Migrate display/view identity to formal fields, then retire alias by controlled upgrade."
tender.guarantee,p1_visible_93997ec88a8a,退还金额,DISPLAY_SEARCH_EXPORT_COMPATIBILITY,amount,true,true,false,false,false,HIGH_GLOBAL_DEFINITION,"Migrate display/view identity to formal fields, then retire alias by controlled upgrade."
tender.guarantee,p1_visible_9664566d48ce,保证金类型,DISPLAY_SEARCH_EXPORT_COMPATIBILITY,deposit_type_display;type,true,true,false,false,false,HIGH_GLOBAL_DEFINITION,"Migrate display/view identity to formal fields, then retire alias by controlled upgrade."
tender.guarantee,p1_visible_9909f5df1a75,退回日期,DISPLAY_SEARCH_EXPORT_COMPATIBILITY,deposit_return_date,true,true,false,false,false,HIGH_GLOBAL_DEFINITION,"Migrate display/view identity to formal fields, then retire alias by controlled upgrade."
tender.guarantee,p1_visible_99f6fe6c41ad,附件,DISPLAY_SEARCH_EXPORT_COMPATIBILITY,deposit_attachment_text;attachment_ids;message_attachment_count,true,true,false,false,false,HIGH_GLOBAL_DEFINITION,"Migrate display/view identity to formal fields, then retire alias by controlled upgrade."
tender.guarantee,p1_visible_9ea4037225af,退回项目,DISPLAY_SEARCH_EXPORT_COMPATIBILITY,deposit_engineering_project_name;project_id,true,true,false,false,false,HIGH_GLOBAL_DEFINITION,"Migrate display/view identity to formal fields, then retire alias by controlled upgrade."
tender.guarantee,p1_visible_a0b2e8bb26c8,退回单编号,DISPLAY_SEARCH_EXPORT_COMPATIBILITY,deposit_document_no,true,true,false,false,false,HIGH_GLOBAL_DEFINITION,"Migrate display/view identity to formal fields, then retire alias by controlled upgrade."
tender.guarantee,p1_visible_af37d8d6ef07,转款单位,DISPLAY_SEARCH_EXPORT_COMPATIBILITY,deposit_transfer_unit,true,true,false,false,false,HIGH_GLOBAL_DEFINITION,"Migrate display/view identity to formal fields, then retire alias by controlled upgrade."
tender.guarantee,p1_visible_c6baf132e1dd,退回账户,DISPLAY_SEARCH_EXPORT_COMPATIBILITY,deposit_return_account,true,true,false,false,false,HIGH_GLOBAL_DEFINITION,"Migrate display/view identity to formal fields, then retire alias by controlled upgrade."
tender.guarantee,p1_visible_c8839fd18cdd,退还账号,DISPLAY_SEARCH_EXPORT_COMPATIBILITY,deposit_refund_account_no,true,true,false,false,false,HIGH_GLOBAL_DEFINITION,"Migrate display/view identity to formal fields, then retire alias by controlled upgrade."
tender.guarantee,p1_visible_ccfa1326c88f,收款单位,DISPLAY_SEARCH_EXPORT_COMPATIBILITY,deposit_payee_unit;receipt_bank_account_id,true,true,false,false,false,HIGH_GLOBAL_DEFINITION,"Migrate display/view identity to formal fields, then retire alias by controlled upgrade."
tender.guarantee,p1_visible_dfc25d77dc39,录入时间,DISPLAY_SEARCH_EXPORT_COMPATIBILITY,deposit_source_created_at;source_created_at,true,true,false,false,false,HIGH_GLOBAL_DEFINITION,"Migrate display/view identity to formal fields, then retire alias by controlled upgrade."
tender.guarantee,p1_visible_e0361480e3a5,备注,DISPLAY_SEARCH_EXPORT_COMPATIBILITY,deposit_note_display;remark,true,true,false,false,false,HIGH_GLOBAL_DEFINITION,"Migrate display/view identity to formal fields, then retire alias by controlled upgrade."
tender.guarantee,p1_visible_e1182de05c3f,已退保证金金额,DISPLAY_SEARCH_EXPORT_COMPATIBILITY,deposit_received_amount_display,true,true,false,false,false,HIGH_GLOBAL_DEFINITION,"Migrate display/view identity to formal fields, then retire alias by controlled upgrade."
tender.guarantee,p1_visible_e32341fe14e8,投标项目名称,DISPLAY_SEARCH_EXPORT_COMPATIBILITY,deposit_bid_project_name;project_id,true,true,false,false,false,HIGH_GLOBAL_DEFINITION,"Migrate display/view identity to formal fields, then retire alias by controlled upgrade."
tender.guarantee,p1_visible_e626b428509f,已退金额,DISPLAY_SEARCH_EXPORT_COMPATIBILITY,deposit_returned_amount_display,true,true,false,false,false,HIGH_GLOBAL_DEFINITION,"Migrate display/view identity to formal fields, then retire alias by controlled upgrade."
tender.guarantee,p1_visible_ee6a4d9e2956,录入人,DISPLAY_SEARCH_EXPORT_COMPATIBILITY,deposit_source_created_by;source_created_by,true,true,false,false,false,HIGH_GLOBAL_DEFINITION,"Migrate display/view identity to formal fields, then retire alias by controlled upgrade."
tender.guarantee,p1_visible_efb7cd864aa6,工程项目,DISPLAY_SEARCH_EXPORT_COMPATIBILITY,deposit_engineering_project_name;project_id,true,true,false,false,false,HIGH_GLOBAL_DEFINITION,"Migrate display/view identity to formal fields, then retire alias by controlled upgrade."
tender.guarantee,p1_visible_f22832ce4781,推送结果,DISPLAY_SEARCH_EXPORT_COMPATIBILITY,deposit_push_result;state,true,true,false,false,false,HIGH_GLOBAL_DEFINITION,"Migrate display/view identity to formal fields, then retire alias by controlled upgrade."
tender.guarantee,p1_visible_fff7e95a48d8,未退金额,DISPLAY_SEARCH_EXPORT_COMPATIBILITY,deposit_unreturned_amount_display,true,true,false,false,false,HIGH_GLOBAL_DEFINITION,"Migrate display/view identity to formal fields, then retire alias by controlled upgrade."
